Feature ID	Taxon	Confidence
b0e760471a5560679530bb56e2627da6	d__Bacteria; p__Firmicutes; c__Bacilli; o__Staphylococcales; f__Staphylococcaceae; g__Staphylococcus	0.9515489250805337
391af253e0ee30c08b32456e14192e52	d__Bacteria; p__Firmicutes; c__Bacilli; o__Staphylococcales; f__Staphylococcaceae; g__Staphylococcus	0.953303313677916
211d73c7f6d5c9b288819b53bd12a68a	d__Bacteria; p__Firmicutes; c__Bacilli; o__Staphylococcales; f__Staphylococcaceae; g__Staphylococcus	0.9563805446123076
70c24ed9d222945884a4aa87594d309a	d__Bacteria; p__Firmicutes; c__Bacilli; o__Staphylococcales; f__Staphylococcaceae; g__Staphylococcus	0.9582301157545278
17018f22b9058df8160ef45fa40c8f5b	d__Bacteria; p__Firmicutes; c__Bacilli; o__Staphylococcales; f__Staphylococcaceae; g__Staphylococcus	0.9610669359707061
ff038c868ef62b261b4c79dec3d7ab37	d__Bacteria; p__Firmicutes; c__Bacilli; o__Staphylococcales; f__Staphylococcaceae; g__Staphylococcus	0.9534342026357323
9d63181d340bc991811d84324e15742d	d__Bacteria; p__Firmicutes; c__Bacilli; o__Staphylococcales; f__Staphylococcaceae; g__Staphylococcus	0.9482124446218505
2cc6db17a94d5659e449f77b72c94c3d	d__Bacteria; p__Proteobacteria; c__Gammaproteobacteria; o__Xanthomonadales; f__Xanthomonadaceae; g__Stenotrophomonas; s__Stenotrophomonas_chelatiphaga	0.7067541258462747
9229c772680f81d63e43d1bc5e1f2e70	d__Bacteria; p__Proteobacteria; c__Gammaproteobacteria; o__Pseudomonadales; f__Pseudomonadaceae; g__Pseudomonas	0.9987782278629611
18a77a82b0dd7aefb02266d3dc3d0e61	d__Bacteria; p__Proteobacteria; c__Gammaproteobacteria; o__Xanthomonadales; f__Xanthomonadaceae; g__Stenotrophomonas; s__Stenotrophomonas_chelatiphaga	0.7146666458282522
72d6f1566064f5001c1cc85904c1a1e4	d__Bacteria; p__Proteobacteria; c__Gammaproteobacteria; o__Pseudomonadales; f__Pseudomonadaceae; g__Pseudomonas	0.8263989687448188
d1f27c0d5ab46fd5c6b4ec7fca4cad15	d__Bacteria; p__Proteobacteria; c__Gammaproteobacteria; o__Pseudomonadales; f__Pseudomonadaceae; g__Pseudomonas	0.8160937517638104
1ad002fda71e9982940b0892a661d914	d__Bacteria; p__Proteobacteria; c__Gammaproteobacteria; o__Pseudomonadales; f__Pseudomonadaceae; g__Pseudomonas	0.9991821140178273
4c6416a15e9006687c68f89308174953	d__Bacteria; p__Proteobacteria; c__Gammaproteobacteria; o__Pseudomonadales; f__Pseudomonadaceae; g__Pseudomonas	0.9982916196176049
1e53dca70fad8ae63014c83d6021a156	d__Bacteria; p__Proteobacteria; c__Gammaproteobacteria; o__Xanthomonadales; f__Xanthomonadaceae; g__Stenotrophomonas; s__Stenotrophomonas_chelatiphaga	0.7301577909373368
28c619b1caf64794ff0a9a03db279155	d__Bacteria; p__Proteobacteria; c__Gammaproteobacteria; o__Pseudomonadales; f__Pseudomonadaceae; g__Pseudomonas	0.9985753558637767
c4c51bce6c9c9b1f70bb65bdf2807061	d__Bacteria; p__Bacteroidota; c__Bacteroidia; o__Bacteroidales; f__Prevotellaceae; g__Prevotella; s__Prevotella_melaninogenica	0.9965675941530139
651afd0bd586707ff239dbddbe9bb5c5	d__Bacteria; p__Proteobacteria; c__Gammaproteobacteria; o__Xanthomonadales; f__Xanthomonadaceae; g__Stenotrophomonas	0.998279712041087
fe3a4eeedc56132553da9c1a93e87afa	d__Bacteria; p__Proteobacteria; c__Gammaproteobacteria; o__Xanthomonadales; f__Xanthomonadaceae; g__Stenotrophomonas; s__Stenotrophomonas_chelatiphaga	0.751892493083896
1ae74d32618b76ef4e00e39f89f5c4ec	d__Bacteria; p__Proteobacteria; c__Gammaproteobacteria; o__Pseudomonadales; f__Pseudomonadaceae; g__Pseudomonas	0.9992708349422292
23f0ee9adf7b59c326d2e01557804958	d__Bacteria; p__Bacteroidota; c__Bacteroidia; o__Bacteroidales; f__Prevotellaceae; g__Prevotella; s__Prevotella_melaninogenica	0.9968827922134527
56662fd6c5f9be95691c8aa592b0a6b8	d__Bacteria; p__Proteobacteria; c__Gammaproteobacteria; o__Xanthomonadales; f__Xanthomonadaceae; g__Stenotrophomonas; s__Stenotrophomonas_chelatiphaga	0.704720411850354
7032481341e4fdad2ad26e546ca3047d	d__Bacteria; p__Proteobacteria; c__Gammaproteobacteria; o__Pseudomonadales; f__Pseudomonadaceae	0.9999762372157588
e24c6ac3c58669e191ed5877d69b5780	d__Bacteria; p__Firmicutes; c__Bacilli; o__Staphylococcales; f__Staphylococcaceae; g__Staphylococcus	0.9973790795732181
2aa45fb841f791c44f3bd351e1ee47ea	d__Bacteria; p__Proteobacteria; c__Gammaproteobacteria; o__Pseudomonadales; f__Pseudomonadaceae; g__Pseudomonas	0.9988980566375223
2b425976fa1063b1d818daebf0a7267f	d__Bacteria; p__Proteobacteria; c__Gammaproteobacteria; o__Pseudomonadales; f__Pseudomonadaceae; g__Pseudomonas	0.8182321930252086
8684b2619776a1c08df8066ef2959e0d	d__Bacteria; p__Firmicutes; c__Negativicutes; o__Veillonellales-Selenomonadales; f__Veillonellaceae; g__Veillonella	0.9999999280009217
60a69d5573c29d9ce6af94988fbf5b3f	d__Bacteria; p__Firmicutes; c__Bacilli; o__Lactobacillales; f__Streptococcaceae; g__Streptococcus	0.9999993529500382
09eb04d8d37538963389817040681bd9	d__Bacteria; p__Bacteroidota; c__Bacteroidia; o__Bacteroidales; f__Prevotellaceae; g__Prevotella; s__Prevotella_melaninogenica	0.9972278170028742
a5e4189adb4c990997580dbaa3e51c70	d__Bacteria; p__Proteobacteria; c__Gammaproteobacteria; o__Pseudomonadales; f__Pseudomonadaceae; g__Pseudomonas	0.9998598826276276
1cf98ebf3b16754281e72a445f0f9694	d__Bacteria; p__Bacteroidota; c__Bacteroidia; o__Bacteroidales; f__Prevotellaceae; g__Prevotella; s__Prevotella_melaninogenica	0.9973824675408606
2536fe6826a116515f02eb67b582e35c	d__Bacteria; p__Firmicutes; c__Negativicutes; o__Veillonellales-Selenomonadales; f__Veillonellaceae; g__Veillonella	0.9999998446917053
d338518d0b3f02fd26445f8145f7d2c6	d__Bacteria; p__Firmicutes; c__Bacilli; o__Lactobacillales; f__Streptococcaceae; g__Streptococcus	0.9999993959126079
f2b5668809017824aa82874e0e9b0afa	d__Bacteria; p__Firmicutes; c__Bacilli; o__Lactobacillales; f__Streptococcaceae; g__Streptococcus	0.999999173737703
ebf9ea44f0b3b625e6c9dcd05122694e	d__Bacteria; p__Firmicutes; c__Bacilli; o__Staphylococcales; f__Staphylococcaceae; g__Staphylococcus	0.9973838641154278
79ef51256c9df9ae8fd539f5efe6487d	d__Bacteria; p__Proteobacteria; c__Gammaproteobacteria; o__Pseudomonadales; f__Pseudomonadaceae; g__Pseudomonas	0.9998639786802176
50eb4c96341b930aa5520794f572460a	d__Bacteria; p__Firmicutes; c__Bacilli; o__Staphylococcales; f__Staphylococcaceae; g__Staphylococcus	0.9549632032219262
fc47cfdc07660fb6c8193e50ca2db826	d__Bacteria; p__Proteobacteria; c__Gammaproteobacteria; o__Pseudomonadales; f__Pseudomonadaceae; g__Pseudomonas	0.9998775394333161
124ac6fdb76d7436aaa9b6dd1f963213	d__Bacteria; p__Firmicutes; c__Bacilli; o__Staphylococcales; f__Staphylococcaceae; g__Staphylococcus	0.9974609012956656
db2e3145de271bbe73c1153125c6e3fb	d__Bacteria; p__Firmicutes; c__Bacilli; o__Lactobacillales; f__Streptococcaceae; g__Streptococcus	0.9999991774525361
0331e34ceb71b8413cf14be4acd96c3a	d__Bacteria; p__Firmicutes; c__Bacilli; o__Staphylococcales; f__Staphylococcaceae; g__Staphylococcus	0.9974764718888391
69c13eaab2f265bc7bf106bf0fa57dae	d__Bacteria; p__Proteobacteria; c__Gammaproteobacteria; o__Pseudomonadales; f__Pseudomonadaceae; g__Pseudomonas	0.834608205428338
bd2ec7952bd66775667b005336a880a3	d__Bacteria; p__Bacteroidota; c__Bacteroidia; o__Bacteroidales; f__Prevotellaceae; g__Prevotella; s__Prevotella_melaninogenica	0.9974300272329633
7512c6f9ff52cec54d8cdf8cc0c409d5	d__Bacteria; p__Proteobacteria; c__Gammaproteobacteria; o__Pseudomonadales; f__Pseudomonadaceae; g__Pseudomonas	0.9998478887277522
2dbd4a2da3ee06450f6c1bfe9ff97546	d__Bacteria; p__Firmicutes; c__Bacilli; o__Staphylococcales; f__Staphylococcaceae; g__Staphylococcus	0.9524172938328399
66fac0b0dfa019b3cd6df2d0a53e3bdb	d__Bacteria; p__Firmicutes; c__Bacilli; o__Lactobacillales; f__Streptococcaceae; g__Streptococcus	0.9999992320170747
2bf22e7ce0e0fe46cafda73ab7c4f68c	d__Bacteria; p__Firmicutes; c__Bacilli; o__Staphylococcales; f__Staphylococcaceae; g__Staphylococcus	0.9540044224471637
a45d8270cbc500d9779dc9523ca866a8	d__Bacteria; p__Firmicutes; c__Negativicutes; o__Veillonellales-Selenomonadales; f__Veillonellaceae; g__Veillonella	0.9999999286639017
35b3a6a1c00893c8b14b8842146cb910	d__Bacteria; p__Proteobacteria; c__Gammaproteobacteria; o__Xanthomonadales; f__Xanthomonadaceae; g__Stenotrophomonas	0.998360470744131
d79d543d9a8e5aba74e4aa3add455173	d__Bacteria; p__Firmicutes; c__Bacilli; o__Lactobacillales; f__Streptococcaceae; g__Streptococcus	0.9999990283982481
28ff830d1513fa4ced56d7290ef8e342	d__Bacteria; p__Proteobacteria; c__Gammaproteobacteria; o__Pseudomonadales; f__Pseudomonadaceae; g__Pseudomonas	0.9998429709972635
bd508c472f1452583bc8b7d5f611a1a8	d__Bacteria; p__Firmicutes; c__Bacilli; o__Lactobacillales; f__Streptococcaceae; g__Streptococcus	0.9999993594322849
5e74b8c16ed8121be4819ede6abf40f0	d__Bacteria; p__Proteobacteria; c__Gammaproteobacteria; o__Pseudomonadales; f__Pseudomonadaceae; g__Pseudomonas	0.9998620397950397
bdad9af8417ba3f00cd45f1f4d715cf7	d__Bacteria; p__Proteobacteria; c__Gammaproteobacteria; o__Xanthomonadales; f__Xanthomonadaceae; g__Stenotrophomonas; s__Stenotrophomonas_chelatiphaga	0.744724031194205
4685c3d9673924e615c80d5e0f9cceec	d__Bacteria; p__Bacteroidota; c__Bacteroidia; o__Bacteroidales; f__Prevotellaceae; g__Prevotella; s__Prevotella_melaninogenica	0.9969244074995559
09a4d207f61927e9d519c7bd5e56285c	d__Bacteria; p__Proteobacteria; c__Gammaproteobacteria; o__Pseudomonadales; f__Pseudomonadaceae; g__Pseudomonas	0.8385636106378695
a23bda82977682c141706ce2e4357bc9	d__Bacteria; p__Proteobacteria; c__Gammaproteobacteria; o__Xanthomonadales; f__Xanthomonadaceae; g__Stenotrophomonas	0.9983956163492526
97a2f28f9201a6ffbc94edf212c022e1	d__Bacteria; p__Fusobacteriota; c__Fusobacteriia; o__Fusobacteriales; f__Fusobacteriaceae; g__Fusobacterium	0.9999998333950649
74f5ddc263d449b5b3ec16bcafc61173	d__Bacteria; p__Firmicutes; c__Negativicutes; o__Veillonellales-Selenomonadales; f__Veillonellaceae; g__Veillonella	0.9999998908877865
5531d890f918748385e86d7e5ff2ae15	d__Bacteria; p__Proteobacteria; c__Gammaproteobacteria; o__Pseudomonadales; f__Pseudomonadaceae; g__Pseudomonas	0.8485853115051142
786e20c49f785dc296ae4eb6152c63e5	d__Bacteria; p__Firmicutes; c__Negativicutes; o__Veillonellales-Selenomonadales; f__Veillonellaceae; g__Veillonella	0.9999997456241588
1438fee662f1feed089acc432f1d45f8	d__Bacteria; p__Firmicutes; c__Negativicutes; o__Veillonellales-Selenomonadales; f__Veillonellaceae; g__Veillonella	0.999999682276125
8ab0d6820f4ac45e9367ea9bf3d0498b	d__Bacteria; p__Firmicutes; c__Negativicutes; o__Veillonellales-Selenomonadales; f__Veillonellaceae; g__Veillonella	0.9999997133350622
a42699a0ed945a1ac81a13a2ac5e4652	d__Bacteria; p__Fusobacteriota; c__Fusobacteriia; o__Fusobacteriales; f__Fusobacteriaceae; g__Fusobacterium	0.9999997314083162
28d8382d8c2f59db7a8511484b2dad62	d__Bacteria; p__Proteobacteria; c__Gammaproteobacteria; o__Pseudomonadales; f__Pseudomonadaceae; g__Pseudomonas	0.9998754403406442
69520a6b26b4e88e9229d7f4465d26c3	d__Bacteria; p__Bacteroidota; c__Bacteroidia; o__Bacteroidales; f__Prevotellaceae; g__Prevotella; s__Prevotella_melaninogenica	0.996765965217271
1a0c5308a3bb5aab91986aa4646cd85b	d__Bacteria; p__Bacteroidota; c__Bacteroidia; o__Bacteroidales; f__Prevotellaceae; g__Prevotella; s__Prevotella_melaninogenica	0.9970340035586213
ab99cf154fd48d74a61bb5c0d1b7f9f0	d__Bacteria; p__Firmicutes; c__Negativicutes; o__Veillonellales-Selenomonadales; f__Veillonellaceae; g__Veillonella	0.999999932638817
6897eb2594a97819d18c1fd95d7fd197	d__Bacteria; p__Proteobacteria; c__Gammaproteobacteria; o__Pseudomonadales; f__Pseudomonadaceae; g__Pseudomonas	0.9998601868475312
92067cb3f916c6ed76a717652a61aaf7	d__Bacteria; p__Fusobacteriota; c__Fusobacteriia; o__Fusobacteriales; f__Fusobacteriaceae; g__Fusobacterium	0.999999875099649
52ac5c9fe8535c4ae97bf4bc5181f8de	d__Bacteria; p__Firmicutes; c__Negativicutes; o__Veillonellales-Selenomonadales; f__Veillonellaceae; g__Veillonella	0.9999996382196438
8f33d1f038f91302ce6e5c8e4319203e	d__Bacteria; p__Fusobacteriota; c__Fusobacteriia; o__Fusobacteriales; f__Fusobacteriaceae; g__Fusobacterium	0.9999998283326822
f3e4cbf7c42833910071db73f8b35fa6	d__Bacteria; p__Firmicutes; c__Negativicutes; o__Veillonellales-Selenomonadales; f__Veillonellaceae; g__Veillonella	0.9999998997717628
10ccc30f5c54ecc9ea4f44de1f1e36a4	d__Bacteria; p__Firmicutes; c__Bacilli; o__Lactobacillales; f__Streptococcaceae; g__Streptococcus	0.9999989511837257
fc2a939c3d9a80cae5b6143971b545d2	d__Bacteria; p__Proteobacteria; c__Gammaproteobacteria; o__Pseudomonadales; f__Pseudomonadaceae; g__Pseudomonas	0.9998797634772978
90baff9dc7270f7cd8e3bcf54138073b	d__Bacteria; p__Firmicutes; c__Negativicutes; o__Veillonellales-Selenomonadales; f__Veillonellaceae; g__Veillonella	0.9999997616177367
2707a5259df0bbf977adf07d3b08ad5b	d__Bacteria; p__Firmicutes; c__Negativicutes; o__Veillonellales-Selenomonadales; f__Veillonellaceae; g__Veillonella	0.9999995914404028
480cc1738d7e78eb42bb60ee840a14a6	d__Bacteria; p__Firmicutes; c__Bacilli; o__Lactobacillales; f__Streptococcaceae; g__Streptococcus	0.9999990966825606
328f12fcc502a95b29dac5566016775d	d__Bacteria; p__Firmicutes; c__Negativicutes; o__Veillonellales-Selenomonadales; f__Veillonellaceae; g__Veillonella	0.9999998731746746
a8b6d56ed44588e16974f7c182b2f9fa	d__Bacteria; p__Proteobacteria; c__Gammaproteobacteria; o__Pasteurellales; f__Pasteurellaceae; g__Haemophilus	0.9487693090282783
ccadfe5df8d5116a5f57f90304876347	d__Bacteria; p__Proteobacteria; c__Gammaproteobacteria; o__Pasteurellales; f__Pasteurellaceae; g__Haemophilus	0.9210039726903301
53d8f03f05fa2cb8ef5b1cd337336cdd	d__Bacteria; p__Proteobacteria; c__Gammaproteobacteria; o__Pasteurellales; f__Pasteurellaceae; g__Haemophilus	0.9330140234461869
d3ce577c40b7ad677a6692c2a8860946	d__Bacteria; p__Proteobacteria; c__Gammaproteobacteria; o__Pasteurellales; f__Pasteurellaceae; g__Haemophilus	0.9317526701877629
26c98e07aad8521334c29af703be06ac	d__Bacteria; p__Firmicutes; c__Negativicutes; o__Veillonellales-Selenomonadales; f__Veillonellaceae; g__Veillonella	0.9999996366579863
aed5f7221029a917356063ddf737fb15	d__Bacteria; p__Bacteroidota; c__Bacteroidia; o__Bacteroidales; f__Prevotellaceae; g__Alloprevotella; s__uncultured_Bacteroidetes	0.9956501675569625
33b0108df50b4e900540e2066500542a	d__Bacteria; p__Firmicutes; c__Bacilli; o__Lactobacillales; f__Streptococcaceae; g__Streptococcus	0.9999986501786642
8d9558629f79b2de48ee2b1f60e80f70	d__Bacteria; p__Actinobacteriota; c__Actinobacteria; o__Corynebacteriales; f__Corynebacteriaceae; g__Corynebacterium	0.9891227761173812
324bffde8e6f5593707e5f66d968280b	d__Bacteria; p__Bacteroidota; c__Bacteroidia; o__Bacteroidales; f__Prevotellaceae; g__Prevotella; s__Prevotella_salivae	0.9994628712217865
6dba8df26f867b1ba0fd25f4dc87d3c3	d__Bacteria; p__Firmicutes; c__Bacilli; o__Lactobacillales; f__Streptococcaceae; g__Streptococcus; s__Streptococcus_salivarius	0.7158617701837329
2d9e95f4e56f47f79ab771c460353638	d__Bacteria; p__Proteobacteria; c__Gammaproteobacteria; o__Pasteurellales; f__Pasteurellaceae; g__Haemophilus	0.9497599137628824
539841bdc37f183003d2452682d6b4d0	d__Bacteria; p__Proteobacteria; c__Gammaproteobacteria; o__Pasteurellales; f__Pasteurellaceae; g__Haemophilus	0.9406931348685789
a173cfadef923ba3f4c44f7ee848aaab	d__Bacteria; p__Fusobacteriota; c__Fusobacteriia; o__Fusobacteriales; f__Fusobacteriaceae; g__Fusobacterium	0.9999997798788468
a30483ba2adbeb5d8f1206dda3e9a37e	d__Bacteria; p__Firmicutes; c__Negativicutes; o__Veillonellales-Selenomonadales; f__Veillonellaceae; g__Veillonella	0.9999998290359597
ce27b48cf832f3c07c41670a523bb65c	d__Bacteria; p__Firmicutes; c__Clostridia; o__Lachnospirales; f__Lachnospiraceae; g__Stomatobaculum	0.9973144116646915
c1b9b9b4fc5c7a0ac4872925822ba596	d__Bacteria; p__Proteobacteria; c__Gammaproteobacteria; o__Burkholderiales; f__Neisseriaceae; g__Neisseria	0.9999733993117407
e85ffec0edf98d2dda3307ed43af5b4e	d__Bacteria; p__Proteobacteria; c__Gammaproteobacteria; o__Burkholderiales; f__Neisseriaceae; g__Neisseria	0.9999771368078807
78154450f66d341ba0eb44c64754d3de	d__Bacteria; p__Firmicutes; c__Negativicutes; o__Veillonellales-Selenomonadales; f__Veillonellaceae; g__Veillonella	0.9999998005175835
9ce8a8614bb1949eea639aeb2f9cd8a0	d__Bacteria; p__Firmicutes; c__Bacilli; o__Bacillales; f__Bacillaceae; g__Bacillus	0.9996130106080426
181aca94735ab72a049c759951bb5ae1	d__Bacteria; p__Fusobacteriota; c__Fusobacteriia; o__Fusobacteriales; f__Leptotrichiaceae; g__Leptotrichia	0.9999998965456499
abcc939a55afc8b6498d84dcd01d738c	d__Bacteria; p__Firmicutes; c__Clostridia; o__Lachnospirales; f__Lachnospiraceae; g__Lachnoanaerobaculum	0.999559881001918
454687699cf947aa6f218207f8a666e3	d__Bacteria; p__Firmicutes; c__Negativicutes; o__Veillonellales-Selenomonadales; f__Veillonellaceae; g__Veillonella	0.9999999140408624
00d740ca680497a87708d7379bcd73bf	d__Bacteria; p__Proteobacteria; c__Gammaproteobacteria; o__Burkholderiales; f__Neisseriaceae; g__Neisseria	0.9999680126321814
991ad81ae08343e22e228686abb79e22	d__Bacteria; p__Proteobacteria; c__Gammaproteobacteria; o__Pseudomonadales; f__Pseudomonadaceae; g__Pseudomonas	0.9999367855354733
ca42e86ba1ed3ffd635019a5c9e445a8	d__Bacteria; p__Firmicutes; c__Negativicutes; o__Veillonellales-Selenomonadales; f__Veillonellaceae; g__Veillonella	0.9999998188560971
6f9171aa8f43e87ec80c111fd2b0bd5a	d__Bacteria; p__Proteobacteria; c__Gammaproteobacteria; o__Pseudomonadales; f__Pseudomonadaceae; g__Pseudomonas	0.9999541179342106
dc1cae988368df8609d3760dee1816f3	d__Bacteria; p__Fusobacteriota; c__Fusobacteriia; o__Fusobacteriales; f__Leptotrichiaceae; g__Leptotrichia	0.9999998956835042
61e0f78bdf45e7e3f533199a74fffd2a	d__Bacteria; p__Fusobacteriota; c__Fusobacteriia; o__Fusobacteriales; f__Leptotrichiaceae; g__Leptotrichia	0.9999998848200347
0128f5359fb777b0918f9172dd9d92ea	d__Bacteria; p__Bacteroidota; c__Bacteroidia; o__Bacteroidales; f__Prevotellaceae; g__Prevotella; s__Prevotella_salivae	0.9993494840220112
1568f866b6aa24847d8f7700dac95629	d__Bacteria; p__Actinobacteriota; c__Actinobacteria; o__Actinomycetales; f__Actinomycetaceae; g__Actinomyces; s__Schaalia_odontolytica	0.7413090358524367
cf17266f3cceb2b4b675fdc87264e10b	d__Bacteria; p__Proteobacteria; c__Gammaproteobacteria; o__Pasteurellales; f__Pasteurellaceae; g__Actinobacillus; s__Haemophilus_parahaemolyticus	0.8370071327464773
e4d7cff3ed8ac9688be38ae47c829c44	d__Bacteria; p__Proteobacteria; c__Gammaproteobacteria; o__Burkholderiales; f__Comamonadaceae; g__Variovorax	0.8249102077923531
95c19905dc4919683f088229e6c7bf81	d__Bacteria; p__Proteobacteria; c__Gammaproteobacteria; o__Burkholderiales; f__Neisseriaceae; g__Neisseria; s__Neisseria_perflava	0.7178486718254473
eaf5e17aaff825a8571abd856d53eed0	d__Bacteria; p__Actinobacteriota; c__Coriobacteriia; o__Coriobacteriales; f__Atopobiaceae; g__Atopobium	0.9977496441971914
5ba60d152f090e7fcd04d0969ea0ada0	d__Bacteria; p__Proteobacteria; c__Gammaproteobacteria; o__Pasteurellales; f__Pasteurellaceae; g__Haemophilus	0.9491701917430811
c42e282763ecc54f8abea61f1ab02249	d__Bacteria; p__Firmicutes; c__Negativicutes; o__Veillonellales-Selenomonadales; f__Veillonellaceae; g__Veillonella	0.9999996367069766
1a80188f07742b539966b7b3f1de61d0	d__Bacteria; p__Firmicutes; c__Bacilli; o__Lactobacillales; f__Carnobacteriaceae; g__Granulicatella	0.8870198024988529
715e5e95d26407b9f04b42e9ccd94c7b	d__Bacteria; p__Proteobacteria; c__Gammaproteobacteria; o__Burkholderiales; f__Comamonadaceae	0.9999992831846864
20339da98ac515f4ec99a3d338c0d214	d__Bacteria; p__Proteobacteria; c__Gammaproteobacteria; o__Burkholderiales; f__Neisseriaceae; g__Neisseria	0.999816683148973
df9fdb59f562d37e3fcaf0cf5277f292	d__Bacteria; p__Proteobacteria; c__Gammaproteobacteria; o__Pasteurellales; f__Pasteurellaceae; g__Actinobacillus; s__Haemophilus_parahaemolyticus	0.8513816218556867
c7a7ffe9cc98010eee49cfd2210a6da4	d__Bacteria; p__Proteobacteria; c__Gammaproteobacteria; o__Burkholderiales; f__Neisseriaceae; g__Neisseria	0.9999619229542971
8825e3e293747577060beab9ee84913b	d__Bacteria; p__Firmicutes; c__Bacilli; o__Lactobacillales; f__Carnobacteriaceae; g__Granulicatella	0.9158349238534689
c0c8085608591c74638c273ece6a6c5d	d__Bacteria; p__Bacteroidota; c__Bacteroidia; o__Bacteroidales; f__Prevotellaceae; g__Prevotella; s__Prevotella_jejuni	0.9369096120461354
c3d03da9bd457701d4578242e49cb3cf	d__Bacteria; p__Bacteroidota; c__Bacteroidia; o__Bacteroidales; f__Prevotellaceae; g__Prevotella; s__Prevotella_jejuni	0.924262937643403
e42472492782a07ab595e56a31c4af12	d__Bacteria; p__Bacteroidota; c__Bacteroidia; o__Bacteroidales; f__Prevotellaceae; g__Prevotella; s__Prevotella_jejuni	0.9083651725253692
4975a9c583a3bcbcdc3f352157a57e79	d__Bacteria; p__Actinobacteriota; c__Actinobacteria; o__Micrococcales; f__Microbacteriaceae; g__Leifsonia	0.9556547328424168
9ad93c6bf8743babf2c10f8df5d8d813	d__Bacteria; p__Proteobacteria; c__Gammaproteobacteria; o__Burkholderiales; f__Comamonadaceae	0.9999993248617982
07384d444404374546245d35f7d05181	d__Bacteria; p__Firmicutes; c__Clostridia; o__Peptostreptococcales-Tissierellales; f__Peptostreptococcaceae; g__Peptostreptococcus	0.999983761395006
1a4e0f16b5bf169da126a844da228391	d__Bacteria; p__Proteobacteria; c__Gammaproteobacteria; o__Pseudomonadales; f__Moraxellaceae; g__Acinetobacter	0.9999963781655756
02b1f592d67f4073e88c59bf548399a8	d__Bacteria; p__Actinobacteriota; c__Actinobacteria; o__Micrococcales; f__Micrococcaceae; g__Rothia	0.99977034905201
0121f9516b7962b52de07d85a557a78f	d__Bacteria; p__Firmicutes; c__Bacilli; o__Lactobacillales; f__Streptococcaceae; g__Streptococcus	0.9999998478058895
05cf1567586facb197252c00c4b51016	d__Bacteria; p__Proteobacteria; c__Gammaproteobacteria; o__Pseudomonadales; f__Moraxellaceae; g__Acinetobacter	0.9999968830865384
cec5461f315aa5c23ac42167ae78d3a7	d__Bacteria; p__Proteobacteria; c__Gammaproteobacteria; o__Burkholderiales; f__Neisseriaceae; g__Neisseria	0.9999368840687612
8bd387166333bdca6c1e6fc41880e284	d__Bacteria; p__Proteobacteria; c__Gammaproteobacteria; o__Pasteurellales; f__Pasteurellaceae; g__Actinobacillus; s__Haemophilus_parahaemolyticus	0.8420698020066799
13d20ed37bf06a4fea949861e7cf3273	d__Bacteria; p__Proteobacteria; c__Gammaproteobacteria; o__Pseudomonadales; f__Moraxellaceae; g__Acinetobacter; s__Acinetobacter_ursingii	0.7875819265687659
5001cb5ce1bbd41106eb0dcf5dab5db0	d__Bacteria; p__Firmicutes; c__Bacilli; o__Lactobacillales; f__Carnobacteriaceae; g__Granulicatella	0.8596953944488032
1b12e0a94818b9be86223feb4f0a4df6	d__Bacteria; p__Proteobacteria; c__Gammaproteobacteria; o__Burkholderiales; f__Neisseriaceae; g__Neisseria; s__Neisseria_perflava	0.7729459821255837
40c244fab656114b5280d05274fbd781	d__Bacteria; p__Firmicutes; c__Negativicutes; o__Veillonellales-Selenomonadales; f__Selenomonadaceae; g__Selenomonas; s__Selenomonas_sp.	0.7506076248860488
95b939dfcd879a57fa0b7dd359cfec54	d__Bacteria; p__Bacteroidota; c__Bacteroidia; o__Bacteroidales; f__Prevotellaceae; g__Alloprevotella; s__uncultured_Bacteroidetes	0.9948910198893584
60bbab387d1ab7f9ebe545f58ce9c6d4	d__Bacteria; p__Proteobacteria; c__Gammaproteobacteria; o__Burkholderiales; f__Neisseriaceae; g__Neisseria	0.9999155757094366
80c30d562533b75014fc961843b9762c	d__Bacteria; p__Bacteroidota; c__Bacteroidia; o__Bacteroidales; f__Prevotellaceae; g__Prevotella; s__Prevotella_jejuni	0.953306835924691
9b1a915193f3d32d5d0cc910f63fb7f4	d__Bacteria; p__Proteobacteria; c__Gammaproteobacteria; o__Pasteurellales; f__Pasteurellaceae; g__Actinobacillus; s__Haemophilus_parahaemolyticus	0.8419357272766601
af3e664d82c596cdf9f57f966ac6991d	d__Bacteria; p__Proteobacteria; c__Gammaproteobacteria; o__Pasteurellales; f__Pasteurellaceae; g__Actinobacillus; s__Haemophilus_parahaemolyticus	0.8561947108675585
ebb78bbc781b7015764b1ea7da8379c0	d__Bacteria; p__Firmicutes; c__Bacilli; o__Lactobacillales; f__Streptococcaceae; g__Streptococcus	0.9999989635842511
79dd8b4044254496624d45330860edf2	d__Bacteria; p__Firmicutes; c__Clostridia; o__Peptostreptococcales-Tissierellales; f__Peptostreptococcaceae; g__Peptostreptococcus	0.9999884868846324
2c855577a9b99cc69ca4243837e89adf	d__Bacteria; p__Proteobacteria; c__Alphaproteobacteria; o__Sphingomonadales; f__Sphingomonadaceae; g__Sphingomonas	0.9987728719447193
b417237e4f981526ac3424d1ebc4d8d9	d__Bacteria; p__Firmicutes; c__Clostridia; o__Peptostreptococcales-Tissierellales; f__Peptostreptococcales-Tissierellales; g__Peptoniphilus	0.9999999964421713
c0b1086af8195da9351fe42dddedc6f2	d__Bacteria; p__Proteobacteria; c__Gammaproteobacteria; o__Burkholderiales; f__Comamonadaceae	0.9999992656911559
f371e652617202ff2fdd2188bd578ba6	d__Bacteria; p__Bacteroidota; c__Bacteroidia; o__Bacteroidales; f__Prevotellaceae; g__Prevotella; s__Prevotella_salivae	0.9994773192549208
c0e350656b282f56ac650e2732675988	d__Bacteria; p__Firmicutes; c__Negativicutes; o__Veillonellales-Selenomonadales; f__Veillonellaceae; g__Veillonella	0.9999997730065353
8cb99f111771a8af8dd3aeea70527b36	d__Bacteria; p__Proteobacteria; c__Gammaproteobacteria; o__Pseudomonadales; f__Moraxellaceae; g__Psychrobacter	0.9999979133845188
63abd6e8e952fbc9ddbaab7fa750e132	d__Bacteria; p__Bacteroidota; c__Bacteroidia; o__Bacteroidales; f__Prevotellaceae; g__Prevotella; s__Prevotella_jejuni	0.9284675158311468
1daa21770429a67a75cdfe8455fe7b62	d__Bacteria; p__Firmicutes; c__Bacilli; o__Lactobacillales; f__Streptococcaceae; g__Streptococcus	0.9999997650261689
2a63b0de170f73bf0786cd64a2b90e7c	d__Bacteria; p__Firmicutes; c__Clostridia; o__Lachnospirales; f__Lachnospiraceae; g__Lachnoanaerobaculum	0.9997138968047273
d5f2b80556f9fab4be8b889c3850172d	d__Bacteria; p__Bacteroidota; c__Bacteroidia; o__Bacteroidales; f__Prevotellaceae; g__Prevotella	0.9997192862284688
985065e342370b14c80ca4a215d610be	d__Bacteria; p__Actinobacteriota; c__Actinobacteria; o__Micrococcales; f__Micrococcaceae; g__Rothia	0.999850458588184
cb7a5ee6c805bc5f98c9deef0b29212b	d__Bacteria; p__Proteobacteria; c__Gammaproteobacteria; o__Pasteurellales; f__Pasteurellaceae; g__Actinobacillus; s__Haemophilus_parahaemolyticus	0.839869732460704
a8b7232d9252566a0ffa5579d625b16a	d__Bacteria; p__Firmicutes; c__Bacilli; o__Lactobacillales; f__Carnobacteriaceae; g__Granulicatella	0.8942996832833611
d5fd8f7f55ad7a1d5a2728597e2d0a81	d__Bacteria; p__Firmicutes; c__Bacilli; o__Staphylococcales; f__Staphylococcaceae; g__Staphylococcus	0.9488698719472539
0aebc766427a6621efcbc3bfd68d4e84	d__Bacteria; p__Firmicutes; c__Bacilli; o__Lactobacillales; f__Streptococcaceae; g__Streptococcus	0.9999996958614875
f78ecb1a14d3586e246a605577bd9a5b	d__Bacteria; p__Bacteroidota; c__Bacteroidia; o__Bacteroidales; f__Prevotellaceae; g__Prevotella; s__Prevotella_jejuni	0.930094097564721
29400f7ea8ab738a8aeabdebbc0c5e5b	d__Bacteria; p__Firmicutes; c__Clostridia; o__Peptostreptococcales-Tissierellales; f__Anaerovoracaceae; g__[Eubacterium]_nodatum_group	0.9999434242365318
bf219e2d50179a968bf32d3562abd007	d__Bacteria; p__Proteobacteria; c__Gammaproteobacteria; o__Burkholderiales; f__Neisseriaceae; g__Neisseria	0.9998414532480141
c1ac21c9a8e00baaeec71214c615dd23	d__Bacteria; p__Proteobacteria; c__Gammaproteobacteria; o__Burkholderiales; f__Comamonadaceae; g__Variovorax	0.7962402282352405
2eea22eff8f008b318c00c26597ee545	d__Bacteria; p__Firmicutes; c__Clostridia; o__Peptostreptococcales-Tissierellales; f__Anaerovoracaceae; g__[Eubacterium]_nodatum_group	0.999944438147188
18f4a9bcf7d554498d4c673603fb2a63	d__Bacteria; p__Proteobacteria; c__Gammaproteobacteria; o__Burkholderiales; f__Neisseriaceae; g__Neisseria	0.999944670321008
4c9771f7fb65b0a3ebabc1bfc7bfc978	d__Bacteria; p__Proteobacteria; c__Gammaproteobacteria; o__Burkholderiales; f__Neisseriaceae; g__Neisseria	0.9999702977081824
d8e820620ee11800cb7968e42c4f87d7	d__Bacteria; p__Fusobacteriota; c__Fusobacteriia; o__Fusobacteriales; f__Leptotrichiaceae; g__Leptotrichia	0.9999998577194128
0941f9e16c9c79ec7321352b3702959c	d__Bacteria; p__Firmicutes; c__Bacilli; o__Bacillales; f__Bacillaceae; g__Bacillus	0.9997021545027813
7295db787ca6dd262d806120307d60f6	d__Bacteria; p__Actinobacteriota; c__Actinobacteria; o__Corynebacteriales; f__Corynebacteriaceae; g__Corynebacterium; s__Corynebacterium_propinquum	0.7943139772732318
1390da123462ca647767100f0bdaf970	d__Bacteria; p__Bacteroidota; c__Bacteroidia; o__Bacteroidales; f__Porphyromonadaceae; g__Porphyromonas; s__Porphyromonas_pasteri	0.7686992271495502
2efc65d7a5ed363e4cf8abfe3d613ab2	d__Bacteria; p__Firmicutes; c__Bacilli; o__Staphylococcales; f__Gemellaceae; g__Gemella	0.9999979009710813
4cf7384a30e8054818d6f36f9e9ef7c0	d__Bacteria; p__Actinobacteriota; c__Actinobacteria; o__Corynebacteriales; f__Corynebacteriaceae; g__Corynebacterium	0.8029533282445613
c49da43f95212b859a871a03245abcfe	d__Bacteria; p__Bacteroidota; c__Bacteroidia; o__Bacteroidales; f__Prevotellaceae; g__Prevotella	0.9997820827932704
82ac99a60375034d14fa023b8f746a61	d__Bacteria; p__Proteobacteria; c__Gammaproteobacteria; o__Pseudomonadales; f__Moraxellaceae; g__Acinetobacter	0.9999986402493095
3e97d7e0c55acc7fd6e5dcbc3d4a511f	d__Bacteria; p__Proteobacteria; c__Gammaproteobacteria; o__Pseudomonadales; f__Pseudomonadaceae; g__Pseudomonas	0.9998290878138244
6d365274bf7308314e5bfa4728e4ed8c	d__Bacteria; p__Firmicutes; c__Bacilli; o__Staphylococcales; f__Gemellaceae; g__Gemella; s__uncultured_bacterium	0.7156810526495717
35c4a9a60a710924e85cec59b82f0b62	d__Bacteria; p__Proteobacteria; c__Gammaproteobacteria; o__Burkholderiales; f__Neisseriaceae; g__Neisseria	0.9998961509996956
f759633f0a82e539759a0d2e42c7f8de	d__Bacteria; p__Proteobacteria; c__Gammaproteobacteria; o__Pseudomonadales; f__Pseudomonadaceae; g__Pseudomonas	0.9998917828922282
92854fc3a45fd536141bf850a9256322	d__Bacteria; p__Proteobacteria; c__Gammaproteobacteria; o__Pseudomonadales; f__Pseudomonadaceae; g__Pseudomonas	0.9998746193443229
8de238e3e5e132e3e5dfe322ae9d7228	d__Bacteria; p__Proteobacteria; c__Gammaproteobacteria; o__Pseudomonadales; f__Moraxellaceae; g__Psychrobacter	0.9999980989170059
00cabb025e2317c58b72e889ff057320	d__Bacteria; p__Proteobacteria; c__Gammaproteobacteria; o__Burkholderiales; f__Neisseriaceae; g__Neisseria; s__Neisseria_perflava	0.7400332075370554
70c856a62db0bc73e07e1b272577f371	d__Bacteria; p__Actinobacteriota; c__Coriobacteriia; o__Coriobacteriales; f__Atopobiaceae; g__Atopobium	0.9986526514249977
6c542182fd8df8f901f919035b5dbabd	d__Bacteria; p__Proteobacteria; c__Alphaproteobacteria; o__Sphingomonadales; f__Sphingomonadaceae; g__Sphingomonas	0.9585326565550141
bfa6664e88ca1c79734df6545a270960	d__Bacteria; p__Campilobacterota; c__Campylobacteria; o__Campylobacterales; f__Campylobacteraceae; g__Campylobacter	0.999999936026739
10a2d3e9624b03e83f042f3c3f3fc773	d__Bacteria; p__Actinobacteriota; c__Actinobacteria; o__Corynebacteriales; f__Corynebacteriaceae; g__Corynebacterium	0.7940467032497789
01148b66efe23be95c6bc510bbb64da1	d__Bacteria; p__Bacteroidota; c__Bacteroidia; o__Bacteroidales; f__Prevotellaceae; g__Prevotella; s__Prevotella_pallens	0.9999966805376018
ec502cfc997ade354c88f1cd05f09c77	d__Bacteria; p__Firmicutes; c__Clostridia; o__Lachnospirales; f__Lachnospiraceae; g__Oribacterium	0.999696994941706
d282e14eb06d840bd17fb69a9896b1ec	d__Bacteria; p__Actinobacteriota; c__Actinobacteria; o__Actinomycetales; f__Actinomycetaceae; g__Actinomyces; s__Schaalia_odontolytica	0.7315815319779664
54cf93ae94a5b32743d27f4106a6624d	d__Bacteria; p__Proteobacteria; c__Alphaproteobacteria; o__Sphingomonadales; f__Sphingomonadaceae; g__Sphingomonas	0.9590143252243205
829b027aaf8349deccca4988c4bcab3e	d__Bacteria; p__Firmicutes; c__Negativicutes; o__Veillonellales-Selenomonadales; f__Veillonellaceae; g__Veillonella	0.9999994537986243
bbed381b344b40ada9aa34438e61ff00	d__Bacteria; p__Firmicutes; c__Bacilli; o__Lactobacillales; f__Streptococcaceae; g__Streptococcus	0.9999997782103762
927fbccafde95ead9c5ae213385fd8e7	d__Bacteria; p__Proteobacteria; c__Gammaproteobacteria; o__Pasteurellales; f__Pasteurellaceae; g__Haemophilus	0.974547820417081
9da33b0194fb5810d0dad1011ade3f26	d__Bacteria; p__Proteobacteria; c__Gammaproteobacteria; o__Pseudomonadales; f__Pseudomonadaceae; g__Pseudomonas	0.9999194976816218
43c10b1c0eb42973a7f24ae2abaf7acf	d__Bacteria; p__Firmicutes; c__Clostridia; o__Lachnospirales; f__Lachnospiraceae; g__Stomatobaculum	0.997607821656867
59673d5fd6068891df3f851a8905c7cd	d__Bacteria; p__Campilobacterota; c__Campylobacteria; o__Campylobacterales; f__Campylobacteraceae; g__Campylobacter; s__Campylobacter_concisus	0.7036068079320061
3cdabafe7771cde5874f32b6e8290336	d__Bacteria; p__Proteobacteria; c__Gammaproteobacteria; o__Pseudomonadales; f__Pseudomonadaceae; g__Pseudomonas	0.9998332213811992
f5fa8f0b76fbe689fb81f36b8994d9c5	d__Bacteria; p__Proteobacteria; c__Gammaproteobacteria; o__Pseudomonadales; f__Moraxellaceae; g__Psychrobacter	0.9999984503583269
7b1c1fb734bae6550ad3872fe92250c7	d__Bacteria; p__Proteobacteria; c__Gammaproteobacteria; o__Pseudomonadales; f__Moraxellaceae; g__Psychrobacter	0.9999987869050728
c85c2aebbc95ed1f2bbf9640205e4585	d__Bacteria; p__Proteobacteria; c__Gammaproteobacteria; o__Pseudomonadales; f__Moraxellaceae; g__Psychrobacter	0.999997195001545
2a3dbc22db644afeddffd6265fc28d43	d__Bacteria; p__Bacteroidota; c__Bacteroidia; o__Bacteroidales; f__Prevotellaceae; g__Prevotella; s__Prevotella_histicola	0.8708111453639151
1dd8f0cdead8dad36a348511722e5a51	d__Bacteria; p__Proteobacteria; c__Gammaproteobacteria; o__Pseudomonadales; f__Moraxellaceae; g__Acinetobacter	0.9999964076634986
c4c4e0bbb6e3f356f48dd96d739791ae	d__Bacteria; p__Campilobacterota; c__Campylobacteria; o__Campylobacterales; f__Campylobacteraceae; g__Campylobacter; s__Campylobacter_concisus	0.7482035003480081
b834ee109f8df0bfc003687742c08184	d__Bacteria; p__Firmicutes; c__Negativicutes; o__Veillonellales-Selenomonadales; f__Veillonellaceae; g__Veillonella	0.9999997638256373
87c29d1470b5193dad1a44e8b066bad2	d__Bacteria; p__Proteobacteria; c__Alphaproteobacteria; o__Rhizobiales; f__Xanthobacteraceae	0.9999959790035104
f11dda632570e4d517d908e860c19456	d__Bacteria; p__Proteobacteria; c__Gammaproteobacteria; o__Pseudomonadales; f__Moraxellaceae; g__Psychrobacter	0.9999986831608303
31e19c795efe571d65bf4bb371c9f943	d__Bacteria; p__Firmicutes; c__Bacilli; o__Staphylococcales; f__Gemellaceae; g__Gemella; s__uncultured_bacterium	0.7416682360823225
ce5c9f3ea9fa772d3e93f3d4b26c7b8b	d__Bacteria; p__Proteobacteria; c__Gammaproteobacteria; o__Pasteurellales; f__Pasteurellaceae; g__Actinobacillus; s__Haemophilus_parahaemolyticus	0.8699793381395079
6f0fcbe262f4a12f5105f147091335da	d__Bacteria; p__Firmicutes; c__Negativicutes; o__Veillonellales-Selenomonadales; f__Veillonellaceae; g__Veillonella	0.9999993582449875
069d55c1a5c8cbe6ecc29b4d758642e9	d__Bacteria; p__Firmicutes; c__Bacilli; o__Lactobacillales; f__Carnobacteriaceae; g__Granulicatella	0.8437626439192356
d721873d5a1d5c3484a1b8c17beb292a	d__Bacteria; p__Firmicutes; c__Negativicutes; o__Veillonellales-Selenomonadales; f__Veillonellaceae; g__Megasphaera; s__Megasphaera_micronuciformis	0.9996961799767513
1a6ce6425883bdf371810999eeb22b24	d__Bacteria; p__Proteobacteria; c__Alphaproteobacteria; o__Sphingomonadales; f__Sphingomonadaceae; g__Sphingomonas	0.9629731502418555
b3e33cacaac9b40be6c5273d0fb77e90	d__Bacteria; p__Actinobacteriota; c__Actinobacteria; o__Micrococcales; f__Micrococcaceae; g__Arthrobacter	0.77326265106215
9ffebf65d82a1fd22306c0cf354c00a8	d__Bacteria; p__Firmicutes; c__Negativicutes; o__Veillonellales-Selenomonadales; f__Veillonellaceae; g__Veillonella; s__Veillonella_atypica	0.7656373214184533
670e7058a04ab2d4dc516174228d1dc2	d__Bacteria; p__Proteobacteria; c__Gammaproteobacteria; o__Burkholderiales; f__Comamonadaceae; g__Variovorax	0.8050197857086344
0c268ae06face904588b7e77b979b5a8	d__Bacteria; p__Proteobacteria; c__Gammaproteobacteria; o__Pasteurellales; f__Pasteurellaceae; g__Actinobacillus; s__Haemophilus_parahaemolyticus	0.8615639283201892
0c3443f2c08045761461829a5a896b07	d__Bacteria; p__Firmicutes; c__Clostridia; o__Lachnospirales; f__Lachnospiraceae; g__Catonella; s__uncultured_bacterium	0.7543830356540185
e1bdb41d68a9c8bc39e3999892dfaefd	d__Bacteria; p__Patescibacteria; c__Saccharimonadia; o__Saccharimonadales; f__Saccharimonadaceae; g__TM7x; s__uncultured_bacterium	0.9629611576859846
15049168613e9a0534e913f92023de9c	d__Bacteria; p__Proteobacteria; c__Gammaproteobacteria; o__Pseudomonadales; f__Moraxellaceae; g__Acinetobacter	0.9999991985303502
880229f7d5a56ae2e49868c09e9944a9	d__Bacteria; p__Bacteroidota; c__Bacteroidia; o__Bacteroidales; f__Prevotellaceae; g__Prevotella; s__Prevotella_histicola	0.8361351623282901
c278d4714c7fc6abc83d9cf89accd42c	d__Bacteria; p__Proteobacteria; c__Gammaproteobacteria; o__Pseudomonadales; f__Pseudomonadaceae; g__Pseudomonas	0.9997838897565559
5a54b99388cf9b151eddc72be0f120b7	d__Bacteria; p__Bacteroidota; c__Bacteroidia; o__Bacteroidales; f__Prevotellaceae; g__Prevotella; s__Prevotella_histicola	0.8646379376009983
7950b2d9ecdda762cf14f35434ef5c8b	d__Bacteria; p__Firmicutes; c__Bacilli; o__Bacillales; f__Bacillaceae; g__Bacillus	0.9996895514837956
0d5767bd6130db397696cfc4f9556b7f	d__Bacteria; p__Proteobacteria; c__Gammaproteobacteria; o__Pseudomonadales; f__Moraxellaceae; g__Psychrobacter	0.9999981320868976
8f754d6f651d930252a89c7b8f2900b0	d__Bacteria; p__Firmicutes; c__Bacilli; o__Lactobacillales; f__Streptococcaceae; g__Streptococcus	0.9999995707167479
c329f46a904f8753632ce06a6d9019f2	d__Bacteria; p__Firmicutes; c__Bacilli; o__Staphylococcales; f__Gemellaceae; g__Gemella	0.9999980162907028
affa09b798ae299a15c87fac005c703b	d__Bacteria; p__Firmicutes; c__Negativicutes; o__Veillonellales-Selenomonadales; f__Selenomonadaceae; g__Selenomonas; s__Selenomonas_sp.	0.7795788489514958
186499003622305b097910472c1999f4	d__Bacteria; p__Proteobacteria; c__Alphaproteobacteria; o__Sphingomonadales; f__Sphingomonadaceae; g__Sphingomonas	0.9987010373877303
768f6cfc6f6f7757ee797f26776b9d70	d__Bacteria; p__Firmicutes; c__Bacilli; o__Staphylococcales; f__Gemellaceae; g__Gemella	0.999992494495401
97ae1288623d3ee0b8b383af2a11e873	d__Bacteria; p__Bacteroidota; c__Bacteroidia; o__Bacteroidales; f__Prevotellaceae; g__Prevotella; s__Prevotella_shahii	0.999473065180221
36647de635d31608bbb7a6e6b1a9a4b9	d__Bacteria; p__Firmicutes; c__Bacilli; o__Staphylococcales; f__Gemellaceae; g__Gemella; s__uncultured_bacterium	0.7004916184212469
b444dc8cae98b6803fb8d92417bdbc59	d__Bacteria; p__Actinobacteriota; c__Actinobacteria; o__Corynebacteriales; f__Corynebacteriaceae; g__Lawsonella	0.9999958419083224
8a32f5ebec6a2a9c6d63b7d6666d4921	d__Bacteria; p__Actinobacteriota; c__Coriobacteriia; o__Coriobacteriales; f__Atopobiaceae; g__Atopobium	0.9982306495674922
15454be27882baf03176c067524ba68f	d__Bacteria; p__Firmicutes; c__Clostridia; o__Lachnospirales; f__Lachnospiraceae; g__Stomatobaculum; s__uncultured_bacterium	0.7942975361652777
0b19f9de6fcdc54bdbf4ce41a4ebf5d5	d__Bacteria; p__Proteobacteria; c__Gammaproteobacteria; o__Pseudomonadales; f__Moraxellaceae; g__Psychrobacter	0.9999970001677151
7d379e7c2a1e4d1f3a51a4597ed83d98	d__Bacteria; p__Actinobacteriota; c__Actinobacteria; o__Actinomycetales; f__Actinomycetaceae; g__Actinomyces; s__Schaalia_odontolytica	0.7676534859071057
56eeedc078534a1bcb7bbe83d4a37b36	d__Bacteria; p__Firmicutes; c__Clostridia; o__Lachnospirales; f__Lachnospiraceae; g__Stomatobaculum	0.9985538043288702
61189a636ec7feb33400f13b20aab337	d__Bacteria; p__Proteobacteria; c__Gammaproteobacteria; o__Pseudomonadales; f__Moraxellaceae; g__Acinetobacter	0.99999299640586
19673eec2eec0a29f2d3b23cf4cad686	d__Bacteria; p__Bacteroidota; c__Bacteroidia; o__Bacteroidales; f__Porphyromonadaceae; g__Porphyromonas	0.9999983631045267
d9a2d5c957afbf7a452bd9cd06b404c9	d__Bacteria; p__Bacteroidota; c__Bacteroidia; o__Bacteroidales; f__Prevotellaceae; g__Prevotella; s__Prevotella_salivae	0.9995958456075792
ab99c898bcb653bfb13949a8297c0122	d__Bacteria; p__Actinobacteriota; c__Actinobacteria; o__Micrococcales; f__Micrococcaceae; g__Rothia	0.9998624564289122
2f23ccc8da90b00bdcfb06728aed87dc	d__Bacteria; p__Firmicutes; c__Bacilli; o__Staphylococcales; f__Staphylococcaceae; g__Staphylococcus	0.9970324734702396
ccf9b8c414d3917039ffa1f1503dd3f3	d__Bacteria; p__Fusobacteriota; c__Fusobacteriia; o__Fusobacteriales; f__Leptotrichiaceae; g__Leptotrichia	0.9999998768881706
d2b5c65d06d906dd84420374f1f6dd7a	d__Bacteria; p__Campilobacterota; c__Campylobacteria; o__Campylobacterales; f__Campylobacteraceae; g__Campylobacter	0.9999999476618552
ef8c9c86b57c18fdc775eacb98137f21	d__Bacteria; p__Bacteroidota; c__Bacteroidia; o__Bacteroidales; f__Prevotellaceae; g__Prevotella; s__Prevotella_nanceiensis	0.9999707212134623
ebb6c9c0f557f0360a3a0af878600e04	d__Bacteria; p__Proteobacteria; c__Gammaproteobacteria; o__Burkholderiales; f__Neisseriaceae; g__Neisseria	0.9996727630962537
fc63a0702f72162004dd3738eac7e3aa	d__Bacteria; p__Firmicutes; c__Bacilli; o__Erysipelotrichales; f__Erysipelotrichaceae; g__Solobacterium; s__uncultured_organism	0.8705127718136122
64c4016ebf6269b53cbc2d3295258052	d__Bacteria; p__Bacteroidota; c__Bacteroidia; o__Bacteroidales; f__Prevotellaceae; g__Alloprevotella; s__uncultured_Bacteroidetes	0.99605594102224
bdd50c64a0512aaa1187ad3abd28935c	d__Bacteria; p__Bacteroidota; c__Bacteroidia; o__Bacteroidales; f__Porphyromonadaceae; g__Porphyromonas	0.9999982255685537
1dc07c8ad09d80a0afec3c5ed2847ff6	d__Bacteria; p__Proteobacteria; c__Gammaproteobacteria; o__Burkholderiales; f__Neisseriaceae; g__Neisseria	0.9999241763327645
e01c7140f5508f39811a5318a00384b2	d__Bacteria; p__Proteobacteria; c__Gammaproteobacteria; o__Pseudomonadales; f__Moraxellaceae; g__Acinetobacter; s__Acinetobacter_ursingii	0.8442620693160872
a961bcfdebaef9905ea94a107c491a70	d__Bacteria; p__Proteobacteria; c__Gammaproteobacteria; o__Pseudomonadales; f__Moraxellaceae; g__Acinetobacter; s__Acinetobacter_ursingii	0.818488963114141
55d4027e780771d8b359a3e34b33ff07	d__Bacteria; p__Bacteroidota; c__Bacteroidia; o__Bacteroidales; f__Prevotellaceae; g__Alloprevotella; s__uncultured_Bacteroidetes	0.9961854236320994
53d33295a9a1b5b51673fadc6f0f5628	d__Bacteria; p__Fusobacteriota; c__Fusobacteriia; o__Fusobacteriales; f__Leptotrichiaceae; g__Leptotrichia; s__Leptotrichia_sp.	0.8886720055786873
3f1626a1546e5d61bbe5d0c09e9f626b	d__Bacteria; p__Actinobacteriota; c__Actinobacteria; o__Micrococcales; f__Micrococcaceae; g__Rothia	0.9998582513267663
59fe56ee9a4550691bc06592c8d83e78	d__Bacteria; p__Firmicutes; c__Negativicutes; o__Veillonellales-Selenomonadales; f__Veillonellaceae; g__Veillonella	0.9999997005536573
f7ec9b4a2c4bbac8f6aa082ddf307c2b	d__Bacteria; p__Firmicutes; c__Bacilli; o__Staphylococcales; f__Gemellaceae; g__Gemella	0.9999980472634465
73a2d2a056478bb8318aee8348aae81f	d__Bacteria; p__Proteobacteria; c__Gammaproteobacteria; o__Pseudomonadales; f__Pseudomonadaceae; g__Pseudomonas	0.9999008684123081
2307acb3bc4f5b893409b9bfcdf47fb0	d__Bacteria; p__Proteobacteria; c__Gammaproteobacteria; o__Pseudomonadales; f__Moraxellaceae; g__Psychrobacter	0.9999977563110195
337406f52cc66f51e15ff7c154891bc7	d__Bacteria; p__Firmicutes; c__Negativicutes; o__Veillonellales-Selenomonadales; f__Veillonellaceae; g__Veillonella	0.9999993990009303
70e9a1abf0cc0a5f26a6579518e81cf7	d__Bacteria; p__Proteobacteria; c__Gammaproteobacteria; o__Pseudomonadales; f__Moraxellaceae; g__Acinetobacter; s__Acinetobacter_ursingii	0.8563000638213555
6fd78bc42b4fa13e9914fa8311609a3f	d__Bacteria; p__Firmicutes; c__Clostridia; o__Lachnospirales; f__Lachnospiraceae; g__Oribacterium	0.9996828243896207
094a7fab2d18cc0c4a0cb5bd2bf05b77	d__Bacteria; p__Bacteroidota; c__Bacteroidia; o__Bacteroidales; f__Porphyromonadaceae; g__Porphyromonas; s__uncultured_bacterium	0.7186256189740291
99fd6c4d2ee110568650578b039b3b7c	d__Bacteria; p__Proteobacteria; c__Gammaproteobacteria; o__Pseudomonadales; f__Moraxellaceae; g__Acinetobacter; s__Acinetobacter_ursingii	0.8031518902943983
1523d170b621bd1a870f856a88239a8a	d__Bacteria; p__Firmicutes; c__Clostridia; o__Peptostreptococcales-Tissierellales; f__Peptostreptococcales-Tissierellales; g__Peptoniphilus	0.9999999976593451
ee2a4077045f95bf171020cc4aec8c79	d__Bacteria; p__Patescibacteria; c__Saccharimonadia; o__Saccharimonadales; f__Saccharimonadaceae; g__TM7x; s__uncultured_bacterium	0.953403627191097
f9d15dc8f6296d8111e4d2747234ee7b	d__Bacteria; p__Actinobacteriota; c__Actinobacteria; o__Actinomycetales; f__Actinomycetaceae; g__Actinomyces; s__Actinomyces_graevenitzii	0.9999619391061072
4b5e75f14df9c34b0a29fd6309ced358	d__Bacteria; p__Actinobacteriota; c__Actinobacteria; o__Corynebacteriales; f__Corynebacteriaceae; g__Lawsonella	0.9999970703865309
563a756d4a46035dd619313ae11b438f	d__Bacteria; p__Firmicutes; c__Clostridia; o__Lachnospirales; f__Lachnospiraceae; g__Stomatobaculum; s__uncultured_bacterium	0.8284550834065587
be925c9a4aae232fbca6ae90f8e42d8c	d__Bacteria; p__Bacteroidota; c__Bacteroidia; o__Bacteroidales; f__Prevotellaceae; g__Prevotella; s__Prevotella_histicola	0.8648019096815746
6b651c5c0f9a36e8d66d08652441b870	d__Bacteria; p__Bacteroidota; c__Bacteroidia; o__Bacteroidales; f__Prevotellaceae; g__Alloprevotella; s__uncultured_Bacteroidetes	0.9943344495547105
bd0db804fb29b813536386213dd33cf4	d__Bacteria; p__Firmicutes; c__Clostridia; o__Peptostreptococcales-Tissierellales; f__Peptostreptococcaceae; g__Peptostreptococcus	0.9999822563548066
50cbbe533e4f26ebf43d70f0ee57497a	d__Bacteria; p__Actinobacteriota; c__Actinobacteria; o__Actinomycetales; f__Actinomycetaceae; g__Actinomyces; s__Actinomyces_graevenitzii	0.9999449813201542
e81a2f7a594d704a593baab064b4e540	d__Bacteria; p__Bacteroidota; c__Bacteroidia; o__Bacteroidales; f__Prevotellaceae; g__Prevotella; s__Prevotella_pallens	0.9999977383841094
7c216941cb79192bc6833e6c2f2e7534	d__Bacteria; p__Proteobacteria; c__Gammaproteobacteria; o__Pasteurellales; f__Pasteurellaceae; g__Haemophilus	0.9533124748372974
5a69315741c4acc2ae0a184f28076c6d	d__Bacteria; p__Bacteroidota; c__Bacteroidia; o__Bacteroidales; f__Prevotellaceae; g__Alloprevotella	0.9999999784964403
e282ce1b4a0130d7f567c4b1dc07ecaa	d__Bacteria; p__Firmicutes; c__Bacilli; o__Staphylococcales; f__Staphylococcaceae; g__Staphylococcus	0.9971850177408673
eb9965f91bcf194b53141d8ddb8504b7	d__Bacteria; p__Firmicutes; c__Clostridia; o__Lachnospirales; f__Lachnospiraceae; g__Oribacterium	0.9990675717938448
17669460ab531b53c4489ffbdb72bcb2	d__Bacteria; p__Firmicutes; c__Bacilli; o__Erysipelotrichales; f__Erysipelotrichaceae; g__Solobacterium; s__uncultured_organism	0.818474341014295
e573be9d506b342c456115164e2f2c65	d__Bacteria; p__Patescibacteria; c__Gracilibacteria; o__Absconditabacteriales_(SR1); f__Absconditabacteriales_(SR1); g__Absconditabacteriales_(SR1); s__SR1_bacterium	0.9851594045278188
5e29b41988eb72a28bc8a1f5b6864182	d__Bacteria; p__Proteobacteria; c__Gammaproteobacteria; o__Pasteurellales; f__Pasteurellaceae; g__Haemophilus	0.9564661098089389
a1beb2d613e13c423bf8230822fc939b	d__Bacteria; p__Bacteroidota; c__Bacteroidia; o__Bacteroidales; f__Prevotellaceae; g__Prevotella; s__Prevotella_salivae	0.9996786620711283
7c8908781583d6c4e828aabc3d04a05e	d__Bacteria; p__Bacteroidota; c__Bacteroidia; o__Bacteroidales; f__Prevotellaceae; g__Prevotella; s__Prevotella_pallens	0.9999963546208273
91dd9ce324224ae5d47226bfd4dc43d4	d__Bacteria; p__Bacteroidota; c__Bacteroidia; o__Bacteroidales; f__Prevotellaceae; g__Alloprevotella; s__Alloprevotella_tannerae	0.7833762977437838
ff5182f317c4645a40ae34d37864acf7	d__Bacteria; p__Proteobacteria; c__Alphaproteobacteria; o__Sphingomonadales; f__Sphingomonadaceae; g__Sphingomonas	0.9991275297476335
4bab9d7463dd3f2dbac6fade3f16dddb	d__Bacteria; p__Bacteroidota; c__Bacteroidia; o__Bacteroidales; f__Prevotellaceae; g__Prevotella; s__Prevotella_histicola	0.8434421793159685
46ec9902c8047d4a57cb1536879cbaf1	d__Bacteria; p__Firmicutes; c__Negativicutes; o__Veillonellales-Selenomonadales; f__Veillonellaceae; g__Megasphaera; s__Megasphaera_micronuciformis	0.9996251308914584
536fb870d50fe2df6381e90970c29e84	d__Bacteria; p__Firmicutes; c__Clostridia; o__Peptostreptococcales-Tissierellales; f__Anaerovoracaceae; g__[Eubacterium]_nodatum_group	0.9999433042800443
8d5d546941a85d3ceec1c69aca553ed7	d__Bacteria; p__Proteobacteria; c__Gammaproteobacteria; o__Pasteurellales; f__Pasteurellaceae; g__Haemophilus	0.9454225470787685
0dd9c6e8ee24e6f578d4a87762dd3281	d__Bacteria; p__Fusobacteriota; c__Fusobacteriia; o__Fusobacteriales; f__Leptotrichiaceae; g__Leptotrichia; s__uncultured_bacterium	0.9268082012795342
27c0c38fc22aff095f98db245abfe61c	d__Bacteria; p__Patescibacteria; c__Saccharimonadia; o__Saccharimonadales; f__Saccharimonadaceae; g__TM7x; s__uncultured_bacterium	0.9630767046319221
4d1dee94f8838dbe8b648b9d1488e726	d__Bacteria; p__Firmicutes; c__Clostridia; o__Lachnospirales; f__Lachnospiraceae; g__Stomatobaculum	0.9984567310575135
495f9e77d391f98db29b8570ea0a3b11	d__Bacteria; p__Proteobacteria; c__Gammaproteobacteria; o__Pasteurellales; f__Pasteurellaceae; g__Actinobacillus; s__Haemophilus_parahaemolyticus	0.9030893126559505
073350661066143fdeece03ad6f7f21d	d__Bacteria; p__Proteobacteria; c__Gammaproteobacteria; o__Pasteurellales; f__Pasteurellaceae; g__Haemophilus	0.9507045304625023
4a66f366910893cf1210eedc525c2a9e	d__Bacteria; p__Bacteroidota; c__Bacteroidia; o__Bacteroidales; f__Porphyromonadaceae; g__Porphyromonas; s__Porphyromonas_pasteri	0.7588249680159288
426290955a60b2bec70cc46e662fd2fe	d__Bacteria; p__Proteobacteria; c__Gammaproteobacteria; o__Pasteurellales; f__Pasteurellaceae; g__Haemophilus	0.9580376506281993
89e325d1145abe7dd00f21191ea39bce	d__Bacteria; p__Proteobacteria; c__Gammaproteobacteria; o__Pseudomonadales; f__Pseudomonadaceae; g__Pseudomonas	0.9998386108890924
6b174745e586da2ea9ec01bd4444f64f	d__Bacteria; p__Firmicutes; c__Negativicutes; o__Veillonellales-Selenomonadales; f__Veillonellaceae; g__Veillonella	0.999999226800109
5669f6da7ca554b1f22d2cc0633280fc	d__Bacteria; p__Campilobacterota; c__Campylobacteria; o__Campylobacterales; f__Campylobacteraceae; g__Campylobacter; s__Campylobacter_concisus	0.7500315308463571
77d3687d32ec68b74f7800416c1304b7	d__Bacteria; p__Proteobacteria; c__Gammaproteobacteria; o__Pseudomonadales; f__Pseudomonadaceae; g__Pseudomonas	0.9998215607705714
4d7261cb87132ec6da5e001c10424f60	d__Bacteria; p__Bacteroidota; c__Bacteroidia; o__Bacteroidales; f__Prevotellaceae; g__Prevotella; s__Prevotella_nanceiensis	0.9999980982611767
3e88f19e88fb306f1d12601ce3f5540a	d__Bacteria; p__Firmicutes; c__Negativicutes; o__Veillonellales-Selenomonadales; f__Veillonellaceae; g__Megasphaera; s__Megasphaera_micronuciformis	0.9995977980259565
9abb343c5c8f3de821b86ed263a6041c	d__Bacteria; p__Proteobacteria; c__Gammaproteobacteria; o__Pseudomonadales; f__Moraxellaceae; g__Acinetobacter	0.9999990838558175
8889b83aa3b7ab952071bebf18a657da	d__Bacteria; p__Firmicutes; c__Clostridia; o__Lachnospirales; f__Lachnospiraceae; g__Lachnoanaerobaculum	0.9992581538518703
346e1a1f1ecff6327cfd40562d2cb804	d__Bacteria; p__Bacteroidota; c__Bacteroidia; o__Bacteroidales; f__Porphyromonadaceae; g__Porphyromonas	0.9999967681823828
70b459128be15f09e144d5f116766ec8	d__Bacteria; p__Proteobacteria; c__Gammaproteobacteria; o__Pseudomonadales; f__Moraxellaceae; g__Acinetobacter; s__Acinetobacter_ursingii	0.8011836034744881
aa8ba5a463c3dd0e71aea444b090572c	d__Bacteria; p__Proteobacteria; c__Alphaproteobacteria; o__Rhizobiales; f__Rhizobiaceae; g__Allorhizobium-Neorhizobium-Pararhizobium-Rhizobium	0.9581101460465922
c02141dc6a878168827872dd68ef301b	d__Bacteria; p__Bacteroidota; c__Bacteroidia; o__Bacteroidales; f__Prevotellaceae; g__Prevotella; s__unidentified_eubacterium	0.7223779137447857
75700502fd57b1d0ff4a453c3716debe	d__Bacteria; p__Bacteroidota; c__Bacteroidia; o__Bacteroidales; f__Prevotellaceae; g__Prevotella; s__Prevotella_histicola	0.9777296619982088
d06e28cbc9f2042cdddc82c4cab09e1f	d__Bacteria; p__Actinobacteriota; c__Actinobacteria; o__Corynebacteriales; f__Corynebacteriaceae; g__Lawsonella	0.9999979918243851
a0bac484a1417fa6978a85d64f288677	d__Bacteria; p__Proteobacteria; c__Alphaproteobacteria; o__Rhizobiales; f__Rhizobiaceae; g__Allorhizobium-Neorhizobium-Pararhizobium-Rhizobium	0.9586819066564811
8d8d83db2f69359621c94e39d0c99b5f	d__Bacteria; p__Firmicutes; c__Clostridia; o__Peptostreptococcales-Tissierellales; f__Anaerovoracaceae; g__[Eubacterium]_nodatum_group	0.9999051254899635
3a9bd739e20f7c6630466f455f539902	d__Bacteria; p__Bacteroidota; c__Bacteroidia; o__Bacteroidales; f__Prevotellaceae; g__Prevotella; s__Prevotella_nanceiensis	0.9999912922623062
3e910ba8008884fdd6ab50b3910ea88e	d__Bacteria; p__Firmicutes; c__Negativicutes; o__Veillonellales-Selenomonadales; f__Veillonellaceae; g__Veillonella	0.999998075198957
fbbd666dc4bcf2f24f12bfb7afc62567	d__Bacteria; p__Proteobacteria; c__Gammaproteobacteria; o__Pasteurellales; f__Pasteurellaceae; g__Haemophilus	0.9446127964056829
2f5641cd7c15cc883ee5748ea2f752f8	d__Bacteria; p__Bacteroidota; c__Bacteroidia; o__Bacteroidales; f__Prevotellaceae; g__Prevotella; s__Prevotella_histicola	0.9736890597671373
1c36238765bd3faf3cd46b3d0b2390f4	d__Bacteria; p__Proteobacteria; c__Gammaproteobacteria; o__Burkholderiales; f__Neisseriaceae; g__Neisseria	0.9996470872068322
5cca85625720e3395923b17c2725af65	d__Bacteria; p__Firmicutes; c__Negativicutes; o__Veillonellales-Selenomonadales; f__Selenomonadaceae; g__Selenomonas	0.9940553042756012
659627a8a44b2e2faa0e531c4c233a92	d__Bacteria; p__Proteobacteria; c__Gammaproteobacteria; o__Pasteurellales; f__Pasteurellaceae; g__Aggregatibacter	0.9777762332357403
23380ebdf9ec13d51db40ac83b71becf	d__Bacteria; p__Patescibacteria; c__Saccharimonadia; o__Saccharimonadales; f__Saccharimonadaceae; g__TM7x; s__uncultured_bacterium	0.9268894097529641
89b3e96d0a6ccbe1a39c15f65d35b4c9	d__Bacteria; p__Firmicutes; c__Clostridia; o__Peptostreptococcales-Tissierellales; f__Peptostreptococcales-Tissierellales; g__Finegoldia; s__uncultured_bacterium	0.8649254840883474
314c5df2ff66175615fb025ff572d808	d__Bacteria; p__Proteobacteria; c__Alphaproteobacteria; o__Rhizobiales; f__Rhizobiaceae; g__Allorhizobium-Neorhizobium-Pararhizobium-Rhizobium	0.9623924614496906
f014e34e8fe4177d8fd3b2749d31668f	d__Bacteria; p__Firmicutes; c__Negativicutes; o__Veillonellales-Selenomonadales; f__Selenomonadaceae; g__Selenomonas; s__Selenomonas_sp.	0.7978399849385435
580d2523c440d1352d9818f98aa8b271	d__Bacteria; p__Bacteroidota; c__Bacteroidia; o__Bacteroidales; f__Prevotellaceae; g__Prevotella	0.9988555511897307
eee07ccc24b488439f02d8e396f3256b	d__Bacteria; p__Bacteroidota; c__Bacteroidia; o__Flavobacteriales; f__Weeksellaceae; g__Bergeyella; s__uncultured_bacterium	0.9621109416272553
8445db8ce9e6700eb26656b21cd6dadc	d__Bacteria; p__Bacteroidota; c__Bacteroidia; o__Bacteroidales; f__Prevotellaceae; g__Prevotella; s__Prevotella_histicola	0.8695410763986015
005b115b6957efe9208e9097d778092a	d__Bacteria; p__Bacteroidota; c__Bacteroidia; o__Bacteroidales; f__Prevotellaceae; g__Alloprevotella; s__uncultured_Bacteroidetes	0.9950288247255434
cfde10cb63928a2f224162bcc94e2880	d__Bacteria; p__Firmicutes; c__Clostridia; o__Lachnospirales; f__Lachnospiraceae; g__Butyrivibrio	0.999608376543349
90cb1be1b477a5226f57114a48abfdc5	d__Bacteria; p__Actinobacteriota; c__Actinobacteria; o__Actinomycetales; f__Actinomycetaceae; g__Actinomyces; s__Schaalia_odontolytica	0.7958809387412483
b4dd68cd1a8ee277e2ad6290d36f6821	d__Bacteria; p__Firmicutes; c__Bacilli; o__Staphylococcales; f__Gemellaceae; g__Gemella	0.999992738321015
7a4fa57afbc040d5f2c74dea53eb557f	d__Bacteria; p__Fusobacteriota; c__Fusobacteriia; o__Fusobacteriales; f__Leptotrichiaceae; g__Leptotrichia; s__uncultured_bacterium	0.8783996171001767
66dc240e658687cfda55db15eeb3c8ed	d__Bacteria; p__Firmicutes; c__Clostridia; o__Lachnospirales; f__Lachnospiraceae; g__Oribacterium; s__uncultured_organism	0.8270816512066268
2907b71af0bf2ad4b983fc4609768aed	d__Bacteria; p__Firmicutes; c__Clostridia; o__Peptostreptococcales-Tissierellales; f__Peptostreptococcales-Tissierellales; g__Anaerococcus	0.9999999996289326
84678c6a40e406c83d25b0302ef69158	d__Bacteria; p__Actinobacteriota; c__Actinobacteria; o__Corynebacteriales; f__Corynebacteriaceae; g__Corynebacterium	0.7937321301327589
3443326eb417cd7f1e72521f08af0315	d__Bacteria; p__Bacteroidota; c__Bacteroidia; o__Bacteroidales; f__Prevotellaceae; g__Alloprevotella	0.9999998940220528
025543889ba9dc5aa5395e756d778bde	d__Bacteria; p__Patescibacteria; c__Saccharimonadia; o__Saccharimonadales; f__Saccharimonadaceae; g__TM7x; s__uncultured_bacterium	0.9238085034188144
881138fde84d6869b329b673a4660cf6	d__Bacteria; p__Firmicutes; c__Clostridia; o__Peptostreptococcales-Tissierellales; f__Anaerovoracaceae; g__[Eubacterium]_nodatum_group	0.999858346820326
ff5ac474dad31582a7e6b90ffd0da273	d__Bacteria; p__Bacteroidota; c__Bacteroidia; o__Flavobacteriales; f__Flavobacteriaceae; g__Capnocytophaga; s__Capnocytophaga_gingivalis	0.9044569415823468
0f8143f992efa48fabb4f9f8fe651a72	d__Bacteria; p__Firmicutes; c__Negativicutes; o__Veillonellales-Selenomonadales; f__Selenomonadaceae; g__Selenomonas	0.9717142955471069
99d9802079ef89c8a7bcebfea56b708d	d__Bacteria; p__Firmicutes; c__Clostridia; o__Lachnospirales; f__Lachnospiraceae; g__Oribacterium	0.9996498454778543
6177ef83ecb7e73509a70bd7e9825ed3	d__Bacteria; p__Actinobacteriota; c__Actinobacteria; o__Corynebacteriales; f__Corynebacteriaceae; g__Corynebacterium	0.9904500637051102
9395c17bf6da675e93580466287f119d	d__Bacteria; p__Fusobacteriota; c__Fusobacteriia; o__Fusobacteriales; f__Leptotrichiaceae; g__Leptotrichia; s__Leptotrichia_sp.	0.8324564174757882
73b9aa3eebd7900842eabb44194b8342	d__Bacteria; p__Proteobacteria; c__Gammaproteobacteria; o__Burkholderiales; f__Neisseriaceae; g__Neisseria	0.9997269976902
7162d43fbb68beb2d5f49a73361d16b7	d__Bacteria; p__Firmicutes; c__Clostridia; o__Lachnospirales; f__Lachnospiraceae; g__Stomatobaculum	0.9983544667205929
7f8d73cab7dc6b8c1e44cdd2ced7f008	d__Bacteria; p__Firmicutes; c__Clostridia; o__Lachnospirales; f__Lachnospiraceae; g__Stomatobaculum; s__uncultured_bacterium	0.7712364333341573
6ca0ee87530e791180f2a79306ffa8eb	d__Bacteria; p__Proteobacteria; c__Alphaproteobacteria; o__Rhizobiales; f__Rhizobiaceae; g__Allorhizobium-Neorhizobium-Pararhizobium-Rhizobium	0.9583083719705188
c98a31c55de01bda07a48894f382d19d	d__Bacteria; p__Proteobacteria; c__Alphaproteobacteria; o__Rhizobiales; f__Rhizobiaceae; g__Allorhizobium-Neorhizobium-Pararhizobium-Rhizobium	0.9568190340856289
729ced85de37f6c825bc666078a2ceed	d__Bacteria; p__Proteobacteria; c__Alphaproteobacteria; o__Rhizobiales; f__Rhizobiaceae; g__Allorhizobium-Neorhizobium-Pararhizobium-Rhizobium	0.9620806993954081
600bc7787b3d2703c95a1d0b7600502a	d__Bacteria; p__Bacteroidota; c__Bacteroidia; o__Bacteroidales; f__Porphyromonadaceae; g__Porphyromonas	0.999998625663191
50434337834edd0c930472da4ba166f5	d__Bacteria; p__Actinobacteriota; c__Actinobacteria; o__Micrococcales; f__Micrococcaceae; g__Rothia	0.9998440171052757
80e87da9a69496aec93e0eb7dc4c44f1	d__Bacteria; p__Bacteroidota; c__Bacteroidia; o__Flavobacteriales; f__Flavobacteriaceae; g__Capnocytophaga; s__Capnocytophaga_gingivalis	0.9057565459969877
f337fbf337f22383bcd3f990e0b4f2c6	d__Bacteria; p__Proteobacteria; c__Alphaproteobacteria; o__Rhizobiales; f__Rhizobiaceae; g__Allorhizobium-Neorhizobium-Pararhizobium-Rhizobium	0.9671903115324181
df6a03c2244382759b1fe72f24d56762	d__Bacteria; p__Firmicutes; c__Clostridia; o__Lachnospirales; f__Lachnospiraceae; g__Stomatobaculum	0.9981699477457362
4710273d5b302fa4af64251f6a33266e	d__Bacteria; p__Proteobacteria; c__Gammaproteobacteria; o__Pseudomonadales; f__Moraxellaceae; g__Acinetobacter	0.9999993106355662
992d04764865b7d18fc3db10a8d831e0	d__Bacteria; p__Firmicutes; c__Bacilli; o__Staphylococcales; f__Gemellaceae; g__Gemella	0.999990367814581
a14c622d05946cb2726f30891960a91b	d__Bacteria; p__Proteobacteria; c__Gammaproteobacteria; o__Pasteurellales; f__Pasteurellaceae; g__Actinobacillus; s__Haemophilus_parahaemolyticus	0.7837596328595805
89ea81aa24b9577702c8e30afabb198a	d__Bacteria; p__Bacteroidota; c__Bacteroidia; o__Bacteroidales; f__Prevotellaceae; g__Alloprevotella	0.9999996552784102
cb22e25d03607853a644d2ee4bd5b209	d__Bacteria; p__Bacteroidota; c__Bacteroidia; o__Bacteroidales; f__Porphyromonadaceae; g__Porphyromonas	0.9999999954566294
ca7806f9d9c13da971cef8be9a9052d6	d__Bacteria; p__Patescibacteria; c__Gracilibacteria; o__Absconditabacteriales_(SR1); f__Absconditabacteriales_(SR1); g__Absconditabacteriales_(SR1); s__SR1_bacterium	0.9982697983991964
b6c72601092287020f33f10ea1615f36	d__Bacteria; p__Firmicutes; c__Bacilli; o__Staphylococcales; f__Staphylococcaceae; g__Staphylococcus	0.9961805241353562
6e77fdcc483f3f56274b2056c21dd8e0	d__Bacteria; p__Firmicutes; c__Bacilli; o__Lactobacillales	0.9999881026404583
41adadfd5944f020ee95838ced736e5b	d__Bacteria; p__Bacteroidota; c__Bacteroidia; o__Bacteroidales; f__Prevotellaceae; g__Prevotella; s__Prevotella_shahii	0.9993116372908014
f64ab0913676c3d03fa36785430c8e44	d__Bacteria; p__Bacteroidota; c__Bacteroidia; o__Flavobacteriales; f__Flavobacteriaceae; g__Capnocytophaga; s__Capnocytophaga_leadbetteri	0.7694017920920191
76a2a9854a9bb1eb91c9ca3b2c830b79	d__Bacteria; p__Firmicutes; c__Negativicutes; o__Veillonellales-Selenomonadales; f__Selenomonadaceae; g__uncultured; s__Mitsuokella_sp.	0.9945265171993909
59c582dc3526fc81db5451cb9a92855b	d__Bacteria; p__Actinobacteriota; c__Coriobacteriia; o__Coriobacteriales; f__Atopobiaceae; g__Atopobium	0.9981595833750457
75cb2dea48bd47816140b9058de3c06c	d__Bacteria; p__Bacteroidota; c__Bacteroidia; o__Bacteroidales; f__Prevotellaceae; g__Prevotella; s__Prevotella_pallens	0.9999974948679665
f5b28e9a1adfecaabdadd2a6179d45b6	d__Bacteria; p__Fusobacteriota; c__Fusobacteriia; o__Fusobacteriales; f__Leptotrichiaceae; g__Leptotrichia; s__Leptotrichia_sp.	0.8552066965380027
dd2209e1654a80e810898fdc627eafeb	d__Bacteria; p__Proteobacteria; c__Gammaproteobacteria; o__Pasteurellales; f__Pasteurellaceae; g__Haemophilus	0.9724436323274265
f6dfd9997afe87910f54519aeccce14a	d__Bacteria; p__Fusobacteriota; c__Fusobacteriia; o__Fusobacteriales; f__Leptotrichiaceae; g__Leptotrichia	0.9997229023627213
ed5d403682c628ffb61c8a6a6e27b74a	d__Bacteria; p__Bacteroidota; c__Bacteroidia; o__Bacteroidales; f__Prevotellaceae; g__Prevotella; s__Prevotella_oulorum	0.9797145785403936
f01a619565e5e73eafa8a9c45bd79b15	d__Bacteria; p__Firmicutes; c__Negativicutes; o__Veillonellales-Selenomonadales; f__Selenomonadaceae; g__Selenomonas; s__Selenomonas_sp.	0.7185483909900975
682d1f422d4688a0fe75d40a3d4d8d40	d__Bacteria; p__Proteobacteria; c__Gammaproteobacteria; o__Pasteurellales; f__Pasteurellaceae; g__Actinobacillus; s__Haemophilus_parahaemolyticus	0.8979898792808504
0478b98115a879567c36f772cb403b54	d__Bacteria; p__Firmicutes; c__Clostridia; o__Peptostreptococcales-Tissierellales; f__Peptostreptococcales-Tissierellales; g__Anaerococcus	0.9999999995408558
c6ac5d58d8e9e60b8937379f3ace2e6c	d__Bacteria; p__Actinobacteriota; c__Actinobacteria; o__Actinomycetales; f__Actinomycetaceae; g__Actinomyces; s__Schaalia_odontolytica	0.8156010308873392
ac387ebd9a7a024ae0b71767e5fb3672	d__Bacteria; p__Proteobacteria; c__Gammaproteobacteria; o__Pasteurellales; f__Pasteurellaceae; g__Haemophilus; s__Haemophilus_aegyptius	0.7583177140305414
74e837e9569be5863df7daf06e9f8c2b	d__Bacteria; p__Fusobacteriota; c__Fusobacteriia; o__Fusobacteriales; f__Fusobacteriaceae; g__Fusobacterium	0.9999999399676379
fcf0ea279aecf6341a2fc95f7cbf9177	d__Bacteria; p__Proteobacteria; c__Alphaproteobacteria; o__Rhodobacterales; f__Rhodobacteraceae; g__Paracoccus	0.9913467805479532
b266aa77986977386a4ba5965377f65c	d__Bacteria; p__Bacteroidota; c__Bacteroidia; o__Bacteroidales; f__Prevotellaceae; g__Prevotella; s__Prevotella_histicola	0.9709869752858903
68dc82b1c1c9e2ef5bea605642b0c37d	d__Bacteria; p__Firmicutes; c__Negativicutes; o__Veillonellales-Selenomonadales; f__Veillonellaceae; g__Megasphaera; s__Megasphaera_micronuciformis	0.999760234442899
ef13edf69d3d97634fa92390125a85cc	d__Bacteria; p__Bacteroidota; c__Bacteroidia; o__Bacteroidales; f__Porphyromonadaceae; g__Porphyromonas	0.9999984231275363
d4927c73f3d01a9c1e1c320d00d71336	d__Bacteria; p__Bacteroidota; c__Bacteroidia; o__Bacteroidales; f__Porphyromonadaceae; g__Porphyromonas	0.9999973358310034
136987b3ce865403503e5344ccb108b2	d__Bacteria; p__Actinobacteriota; c__Actinobacteria; o__Actinomycetales; f__Actinomycetaceae; g__Actinomyces; s__Actinomyces_graevenitzii	0.9999672904914831
7bd0c6373ee55df553cf3dd7ca6319d0	d__Bacteria; p__Firmicutes; c__Clostridia; o__Lachnospirales; f__Lachnospiraceae; g__Oribacterium; s__uncultured_organism	0.7966251697236444
da01f7d313b8ec01c42be8631b6da53f	d__Bacteria; p__Actinobacteriota; c__Actinobacteria; o__Actinomycetales; f__Actinomycetaceae; g__Actinomyces; s__Schaalia_odontolytica	0.7587654786632898
9e4736e3d870c2a99b3940261787bee1	d__Bacteria; p__Patescibacteria; c__Saccharimonadia; o__Saccharimonadales; f__Saccharimonadaceae; g__Candidatus_Saccharimonas; s__uncultured_bacterium	0.8739032462169491
418b432c57982e2b7d8de703834f15eb	d__Bacteria; p__Actinobacteriota; c__Actinobacteria; o__Corynebacteriales; f__Corynebacteriaceae; g__Corynebacterium	0.9914704740503129
418530b2e0b9144d62382b913507ba6e	d__Bacteria; p__Firmicutes; c__Clostridia; o__Peptostreptococcales-Tissierellales; f__Peptostreptococcales-Tissierellales; g__Anaerococcus; s__Anaerococcus_octavius	0.8140193699742876
c018605c9a3112fa4cd5438bada582da	d__Bacteria; p__Firmicutes; c__Clostridia; o__Lachnospirales; f__Lachnospiraceae; g__Oribacterium	0.9997672188309668
6b2ced8745a04c27a0fcc525efd71f72	d__Bacteria; p__Firmicutes; c__Bacilli; o__Staphylococcales; f__Staphylococcaceae; g__Staphylococcus	0.9971675632849784
cf348e14f6c06174aeadf25bd4817f89	d__Bacteria; p__Firmicutes; c__Clostridia; o__Peptostreptococcales-Tissierellales; f__Peptostreptococcaceae; g__Peptostreptococcus	0.999991232776648
0b9baf427c152fae2d3af98827235b41	d__Bacteria; p__Firmicutes; c__Clostridia; o__Lachnospirales; f__Lachnospiraceae; g__Oribacterium; s__uncultured_organism	0.7927564783872396
e612729e449de020230123919ea5bb65	d__Bacteria; p__Actinobacteriota; c__Actinobacteria; o__Corynebacteriales; f__Corynebacteriaceae; g__Corynebacterium	0.9902383462714548
b4b93a356892a941b59cac27eb9d4d1e	d__Bacteria; p__Bacteroidota; c__Bacteroidia; o__Bacteroidales; f__Prevotellaceae; g__Prevotella; s__Prevotella_pallens	0.9999974672937199
9681e2f14cde26fedae1b4a21c3acb2a	d__Bacteria; p__Firmicutes; c__Clostridia; o__Lachnospirales; f__Lachnospiraceae; g__Oribacterium	0.9990624535470805
9f3f5260efe7aa1fc79f0ccfa08d3747	d__Bacteria; p__Firmicutes; c__Bacilli; o__Erysipelotrichales; f__Erysipelotrichaceae; g__Solobacterium; s__uncultured_organism	0.87658674639813
8fecfc6f6c631b15a9379008beec2454	d__Bacteria; p__Bacteroidota; c__Bacteroidia; o__Bacteroidales; f__Prevotellaceae; g__Prevotella; s__Prevotella_oulorum	0.9813183242786211
b70ba43e9967deab55f6eee2d156affe	d__Bacteria; p__Fusobacteriota; c__Fusobacteriia; o__Fusobacteriales; f__Leptotrichiaceae; g__Leptotrichia; s__uncultured_bacterium	0.7951461838106633
91f937b3685709669a585a06f769fc14	d__Bacteria; p__Fusobacteriota; c__Fusobacteriia; o__Fusobacteriales; f__Leptotrichiaceae; g__Leptotrichia; s__Leptotrichia_trevisanii	0.7562674890089156
0e971ffafe54cdf796ff4eb675744be8	d__Bacteria; p__Patescibacteria; c__Gracilibacteria; o__Absconditabacteriales_(SR1); f__Absconditabacteriales_(SR1); g__Absconditabacteriales_(SR1); s__SR1_bacterium	0.985710540422143
783cf905724889dff684f1f9bcf92bb2	d__Bacteria; p__Firmicutes; c__Clostridia; o__Lachnospirales; f__Lachnospiraceae; g__Oribacterium	0.9991755725289531
e4dac62b4befa8bd2cbc1abc095063f4	d__Bacteria; p__Firmicutes; c__Bacilli; o__Staphylococcales; f__Gemellaceae; g__Gemella	0.9999928106339052
f91479997ba6350156cbd1ac2442749f	d__Bacteria; p__Bacteroidota; c__Bacteroidia; o__Bacteroidales; f__Prevotellaceae; g__Prevotella; s__Prevotella_pallens	0.9999969641836552
308ef5ae48edee94980916ef5db4a9d0	d__Bacteria; p__Firmicutes; c__Clostridia; o__Lachnospirales; f__Lachnospiraceae; g__Catonella; s__uncultured_bacterium	0.7807439619264993
487e1119adfe24de75597c8cba9beaff	d__Bacteria; p__Fusobacteriota; c__Fusobacteriia; o__Fusobacteriales; f__Fusobacteriaceae; g__Fusobacterium	0.999999958656503
4bd8fdef824a5434a3d6102af840a7c7	d__Bacteria; p__Patescibacteria; c__Saccharimonadia; o__Saccharimonadales; f__Saccharimonadaceae; g__TM7x; s__uncultured_bacterium	0.9534022279195541
3add70749a8d0fbc3a81297ae298a223	d__Bacteria; p__Fusobacteriota; c__Fusobacteriia; o__Fusobacteriales; f__Leptotrichiaceae; g__Leptotrichia; s__uncultured_bacterium	0.923504259593054
a42f8e09f362ae23c6a21f45c62965c4	d__Bacteria; p__Proteobacteria; c__Gammaproteobacteria; o__Pseudomonadales; f__Pseudomonadaceae; g__Pseudomonas	0.9983801161082428
05c6ec2cca147e28865400e1a7c20dda	d__Bacteria; p__Firmicutes; c__Clostridia; o__Peptostreptococcales-Tissierellales; f__Peptostreptococcales-Tissierellales; g__Anaerococcus; s__Anaerococcus_octavius	0.869056899433109
f85833b69a46701345027cf0ce624d49	d__Bacteria; p__Bacteroidota; c__Bacteroidia; o__Bacteroidales; f__Prevotellaceae; g__Prevotella	0.9973742967742135
6ea93176915a61aff7e8704951d0586f	d__Bacteria; p__Patescibacteria; c__Saccharimonadia; o__Saccharimonadales; f__Saccharimonadaceae; g__Candidatus_Saccharimonas	0.999953358534284
85bb88b3c40be88b80755b755e3123f0	d__Bacteria; p__Actinobacteriota; c__Actinobacteria; o__Actinomycetales; f__Actinomycetaceae; g__Actinomyces; s__Actinomyces_graevenitzii	0.999925305949382
985097e155adb712d201b3dca7aa8364	d__Bacteria; p__Proteobacteria; c__Gammaproteobacteria; o__Enterobacterales; f__Enterobacteriaceae	0.9791597320110853
8b700349c97dabc20c51f6cbc58aa125	d__Bacteria; p__Actinobacteriota; c__Actinobacteria; o__Actinomycetales; f__Actinomycetaceae; g__Actinomyces; s__Actinomyces_graevenitzii	0.9999702682071484
127b615ba6093917586af09a9a17f156	d__Bacteria; p__Proteobacteria; c__Alphaproteobacteria; o__Rhizobiales; f__Xanthobacteraceae; g__Bradyrhizobium	0.7080219807457284
fa64096e4e99639ca69553de57852236	d__Bacteria; p__Firmicutes; c__Clostridia; o__Peptostreptococcales-Tissierellales; f__Peptostreptococcales-Tissierellales; g__Finegoldia; s__uncultured_bacterium	0.8841919599045934
4f7112005a4b67f34f226c5793208ca3	d__Bacteria; p__Firmicutes; c__Clostridia; o__Lachnospirales; f__Lachnospiraceae; g__Butyrivibrio	0.9997738253839891
e3c9bc3667d529b2c7eb0764621d048b	d__Bacteria; p__Actinobacteriota; c__Actinobacteria; o__Actinomycetales; f__Actinomycetaceae; g__Actinomyces; s__Actinomyces_graevenitzii	0.9999569420788981
cd3f0914128532fb72b15ddad0f3cb22	d__Bacteria; p__Fusobacteriota; c__Fusobacteriia; o__Fusobacteriales; f__Leptotrichiaceae; g__Leptotrichia; s__uncultured_bacterium	0.9491814546775704
d1cee8a3a0bab1a8a951830941957384	d__Bacteria; p__Actinobacteriota; c__Actinobacteria; o__Micrococcales; f__Micrococcaceae; g__Rothia	0.9998704543252295
2f762d2c3ee7fb01689a92387b732d92	d__Bacteria; p__Bacteroidota; c__Bacteroidia; o__Bacteroidales; f__Porphyromonadaceae; g__Porphyromonas	0.9999981222405654
0fb4a7cde6343a01ca21b2c898626e61	d__Bacteria; p__Fusobacteriota; c__Fusobacteriia; o__Fusobacteriales; f__Leptotrichiaceae; g__Leptotrichia; s__uncultured_bacterium	0.9399947898376221
1248132441cc99fa1a32b72d72495e53	d__Bacteria; p__Campilobacterota; c__Campylobacteria; o__Campylobacterales; f__Campylobacteraceae; g__Campylobacter; s__Campylobacter_concisus	0.7036321653207419
142076e128265b064f08619afe18f49d	d__Bacteria; p__Firmicutes; c__Clostridia; o__Lachnospirales; f__Lachnospiraceae; g__Lachnoanaerobaculum	0.9993318277662679
8b4644b09da91f4673e4717e86e623bc	d__Bacteria; p__Bacteroidota; c__Bacteroidia; o__Bacteroidales; f__Prevotellaceae; g__Alloprevotella; s__uncultured_Bacteroidetes	0.9955926000880624
33c7ddccb154b57bf3db94b6a071fe3d	d__Bacteria; p__Campilobacterota; c__Campylobacteria; o__Campylobacterales; f__Campylobacteraceae; g__Campylobacter; s__Campylobacter_concisus	0.7165629512744056
daa179d749b8e604e06a5a1e04d57c79	d__Bacteria; p__Fusobacteriota; c__Fusobacteriia; o__Fusobacteriales; f__Leptotrichiaceae; g__Leptotrichia	0.9994765588109487
fe998cd341a1b3f22bd8a704ca2363a8	d__Bacteria; p__Fusobacteriota; c__Fusobacteriia; o__Fusobacteriales; f__Leptotrichiaceae; g__Leptotrichia; s__uncultured_bacterium	0.9578928090682269
3a797029855730bd518023a3441e0b5d	d__Bacteria; p__Bacteroidota; c__Bacteroidia; o__Bacteroidales; f__Prevotellaceae; g__Prevotella; s__Prevotella_jejuni	0.8392597524717708
cf9521667795dd659473fbf6468a4aae	d__Bacteria; p__Bacteroidota; c__Bacteroidia; o__Bacteroidales; f__Prevotellaceae; g__Alloprevotella	0.999999837416441
a6feac36b99d97bc3737ec2fbae85665	d__Bacteria; p__Bacteroidota; c__Bacteroidia; o__Bacteroidales; f__Prevotellaceae; g__Prevotella; s__Prevotella_histicola	0.9773280778276139
296b7193106d077841d14a5d37f8fa6b	d__Bacteria; p__Bacteroidota; c__Bacteroidia; o__Bacteroidales; f__Prevotellaceae; g__Prevotella; s__Prevotella_nanceiensis	0.9999672506493875
53db791d6dd9c8f2f47f612dd05925d1	d__Bacteria; p__Actinobacteriota; c__Actinobacteria; o__Actinomycetales; f__Actinomycetaceae; g__Actinomyces; s__Actinomyces_graevenitzii	0.9999384986060644
ab0b174c50cc26bc06c4d5993f1c0e06	d__Bacteria; p__Bacteroidota; c__Bacteroidia; o__Bacteroidales; f__Porphyromonadaceae; g__Porphyromonas	0.9999990968247974
2756aa54e623b796bacea09b0bd5f408	d__Bacteria; p__Proteobacteria; c__Gammaproteobacteria; o__Pseudomonadales; f__Moraxellaceae; g__Acinetobacter	0.9999938752135182
5182a2efeccda87682ac3d18a3b6bddb	d__Bacteria; p__Actinobacteriota; c__Actinobacteria; o__Corynebacteriales; f__Corynebacteriaceae; g__Corynebacterium	0.993776440498465
6c4fab0be0348a49ae09e7476d04af7e	d__Bacteria; p__Firmicutes; c__Negativicutes; o__Veillonellales-Selenomonadales; f__Selenomonadaceae; g__Selenomonas	0.9849277321019928
2debabcebf88183ac31685779eb04324	d__Bacteria; p__Spirochaetota; c__Spirochaetia; o__Spirochaetales; f__Spirochaetaceae; g__Treponema; s__Treponema_denticola	0.970203175159162
06f91809646e68eec9ed50029b03255b	d__Bacteria; p__Actinobacteriota; c__Actinobacteria; o__Corynebacteriales; f__Mycobacteriaceae; g__Mycobacterium	0.9999869324360435
fa681eb755b630e5eda504da6cec2967	d__Bacteria; p__Bacteroidota; c__Bacteroidia; o__Bacteroidales; f__Prevotellaceae; g__Prevotella; s__Prevotella_histicola	0.9763261791269939
a94ee5bfb9e0428dacf3b126051abed9	d__Bacteria; p__Firmicutes; c__Clostridia; o__Lachnospirales; f__Lachnospiraceae; g__Lachnoanaerobaculum	0.9990755286436848
0b4d083171ca4bc6526cb2df6e5e6e6c	d__Bacteria; p__Firmicutes; c__Bacilli; o__Staphylococcales; f__Staphylococcaceae; g__Staphylococcus	0.9496077198779469
83bb69ea1ed67498d185898467cb8b55	d__Bacteria; p__Firmicutes; c__Bacilli; o__Lactobacillales; f__Streptococcaceae; g__Streptococcus; s__Streptococcus_anginosus	0.9386926758055576
3978179fb9219ec3a27268e51837ffa1	d__Bacteria; p__Actinobacteriota; c__Actinobacteria; o__Corynebacteriales; f__Corynebacteriaceae; g__Corynebacterium	0.9916138969049941
f2239f57c077a860f1503a0d55cce16f	d__Bacteria; p__Firmicutes; c__Clostridia; o__Peptostreptococcales-Tissierellales; f__Peptostreptococcales-Tissierellales; g__Anaerococcus	0.999999999684424
793bdfb610d1d7f287a4f83bca652988	d__Bacteria; p__Firmicutes; c__Bacilli; o__Staphylococcales; f__Staphylococcaceae; g__Staphylococcus	0.9962286399406101
0406374487b919a9bb957f666c41dd0f	d__Bacteria; p__Proteobacteria; c__Gammaproteobacteria; o__Pseudomonadales; f__Pseudomonadaceae; g__Pseudomonas	0.9985066752902739
b4808caabaf62b1b92078c83cbc59364	d__Bacteria; p__Actinobacteriota; c__Actinobacteria; o__Propionibacteriales; f__Propionibacteriaceae; g__Cutibacterium	0.9999692812429538
4d3185279ddeafa5b6cbb911466a9258	d__Bacteria; p__Firmicutes; c__Clostridia; o__Peptostreptococcales-Tissierellales; f__Peptostreptococcales-Tissierellales; g__Anaerococcus	0.9999999997439986
a7ce4d7bc67c13768fc1ca22e6a96b5d	d__Bacteria; p__Actinobacteriota; c__Actinobacteria; o__Actinomycetales; f__Actinomycetaceae; g__Actinomyces; s__Schaalia_odontolytica	0.9081084449311766
d646fffe06349cefc8114cbd807f3011	d__Bacteria; p__Proteobacteria; c__Gammaproteobacteria; o__Burkholderiales; f__Neisseriaceae; g__Neisseria	0.9998499607914513
60e48490215e4569cbd33e98df3afcee	d__Bacteria; p__Bacteroidota; c__Bacteroidia; o__Bacteroidales; f__Prevotellaceae; g__Prevotella	0.9954153713694258
4503e57111144bb0f007bb0bd7bea99b	d__Bacteria; p__Firmicutes; c__Clostridia; o__Peptostreptococcales-Tissierellales; f__Peptostreptococcales-Tissierellales; g__Anaerococcus; s__Anaerococcus_octavius	0.8562077079744602
ce199d0ae82acce12edff00de9b191c4	d__Bacteria; p__Firmicutes; c__Clostridia; o__Lachnospirales; f__Lachnospiraceae; g__uncultured; s__Eubacterium_sp.	0.7736322053977562
f5d1a4c3165ba3e7d1fb08eeece760ad	d__Bacteria; p__Actinobacteriota; c__Actinobacteria; o__Actinomycetales; f__Actinomycetaceae; g__Actinomyces	0.9999992616674074
4206aa6713477de874fb094e0ec33df2	d__Bacteria; p__Actinobacteriota; c__Actinobacteria; o__Corynebacteriales; f__Nocardiaceae; g__Rhodococcus	0.9999006185649745
d6fdecc364f13fb04270f6652e36df42	d__Bacteria; p__Actinobacteriota; c__Actinobacteria; o__Actinomycetales; f__Actinomycetaceae; g__Actinomyces; s__Schaalia_odontolytica	0.7618823500043027
4be735cc9c086502c9bec1727e188096	d__Bacteria; p__Bacteroidota; c__Bacteroidia; o__Bacteroidales; f__Porphyromonadaceae; g__Porphyromonas	0.999998657198128
d37a795eff8e5f3ac4953f2fdfcf24f5	d__Bacteria; p__Proteobacteria; c__Gammaproteobacteria; o__Burkholderiales; f__Neisseriaceae; g__Neisseria	0.999855920923082
b6a8328a4a9d79f4c0e10956369f8b26	d__Bacteria; p__Firmicutes; c__Negativicutes; o__Veillonellales-Selenomonadales; f__Veillonellaceae; g__Megasphaera; s__Megasphaera_micronuciformis	0.9997265880054192
cb2eb9a1e4cf3562853fb884fbd8cb7c	d__Bacteria; p__Actinobacteriota; c__Actinobacteria; o__Actinomycetales; f__Actinomycetaceae; g__Actinomyces; s__Actinomyces_lingnae	0.7672912301785333
328b335336f941bd4866e5b0833e85a4	d__Bacteria; p__Firmicutes; c__Clostridia; o__Lachnospirales; f__Lachnospiraceae; g__Butyrivibrio	0.9996764528636898
728521cd0dc63dcb61657e8e53cba895	d__Bacteria; p__Bacteroidota; c__Bacteroidia; o__Bacteroidales; f__Prevotellaceae; g__Prevotella	0.9996855435498123
b0ea808514646ebac8dd5fecc6bb820b	d__Bacteria; p__Proteobacteria; c__Gammaproteobacteria; o__Pasteurellales; f__Pasteurellaceae; g__Actinobacillus; s__Haemophilus_parahaemolyticus	0.9312210915564016
7e40018fafd7d17ce5981a6417d7eaab	d__Bacteria; p__Firmicutes; c__Bacilli; o__Lactobacillales; f__Streptococcaceae; g__Streptococcus	0.9999993576056623
35118beed5fcc1d1bb0b24400cb2a6aa	d__Bacteria; p__Bacteroidota; c__Bacteroidia; o__Bacteroidales; f__Prevotellaceae; g__Prevotella	0.9999911524758176
fa044efc2431108a57df1c587cf8a7d8	d__Bacteria; p__Proteobacteria; c__Alphaproteobacteria; o__Rhizobiales; f__Xanthobacteraceae; g__Bradyrhizobium	0.7196555237022375
cdfc332ab2eb06e8bbb59f7c6517352e	d__Bacteria; p__Proteobacteria; c__Gammaproteobacteria; o__Burkholderiales; f__Neisseriaceae; g__uncultured; s__uncultured_bacterium	0.9999297470956147
a68821dcf9b13f4559afad9b7859e222	d__Bacteria; p__Proteobacteria; c__Alphaproteobacteria; o__Rhizobiales; f__Rhizobiaceae; g__Allorhizobium-Neorhizobium-Pararhizobium-Rhizobium	0.952274531456391
f2677ba40afdd8cc2c89d373e3c58c4c	d__Bacteria; p__Fusobacteriota; c__Fusobacteriia; o__Fusobacteriales; f__Fusobacteriaceae; g__Fusobacterium	0.9999999508658564
1279bc0fa48a0cf40c33d4984032531b	d__Bacteria; p__Proteobacteria; c__Gammaproteobacteria; o__Pseudomonadales; f__Moraxellaceae; g__Faucicola; s__Faucicola_mancuniensis	0.9995785349081528
c69401dd7a2214adc8c4d5d63ee34396	d__Bacteria; p__Firmicutes; c__Clostridia; o__Peptostreptococcales-Tissierellales; f__Peptostreptococcales-Tissierellales; g__Parvimonas	0.9999991897427768
9a7313856e19da4ffb9b322a1f0f4535	d__Bacteria; p__Bacteroidota; c__Bacteroidia; o__Flavobacteriales; f__Weeksellaceae; g__Bergeyella; s__uncultured_bacterium	0.9999007099586453
a3d63fe862498216b9d33df18f2bb173	d__Bacteria; p__Bacteroidota; c__Bacteroidia; o__Bacteroidales; f__Prevotellaceae; g__Alloprevotella; s__Alloprevotella_tannerae	0.8790963887895126
9dd6d1a64faf42637be2cab16b386002	d__Bacteria; p__Bacteroidota; c__Bacteroidia; o__Bacteroidales; f__Prevotellaceae; g__Prevotella; s__Prevotella_oulorum	0.9718985381744024
786da531ff331e21ec26bd34a7a10c2e	d__Bacteria; p__Firmicutes; c__Bacilli; o__Staphylococcales; f__Staphylococcaceae; g__Staphylococcus	0.9345849815329288
15a773388aea09e580204b2fae857a29	d__Bacteria; p__Bacteroidota; c__Bacteroidia; o__Flavobacteriales; f__Flavobacteriaceae; g__Capnocytophaga; s__Capnocytophaga_gingivalis	0.918179443669556
7bb1b904e782a144eb7a043128825131	d__Bacteria; p__Firmicutes; c__Clostridia; o__Peptostreptococcales-Tissierellales; f__Peptostreptococcales-Tissierellales; g__Anaerococcus	0.9999999997969358
232b4c52d080438380025eb85f53f03c	d__Bacteria; p__Bacteroidota; c__Bacteroidia; o__Bacteroidales; f__Prevotellaceae; g__Prevotella; s__Prevotella_sp.	0.7919584830326823
96b209d9be2e5bc85204ab0b4b6a760f	d__Bacteria; p__Firmicutes; c__Clostridia; o__Lachnospirales; f__Lachnospiraceae; g__Oribacterium	0.999128571863459
5950ad8847ab0ab39be977438672101c	d__Bacteria; p__Fusobacteriota; c__Fusobacteriia; o__Fusobacteriales; f__Leptotrichiaceae; g__Leptotrichia; s__Leptotrichia_sp.	0.8940857731738606
8ad77510b5d631056a1a197f16fe6764	d__Bacteria; p__Firmicutes; c__Bacilli; o__Staphylococcales; f__Staphylococcaceae; g__Staphylococcus	0.9425496589253176
daf13b829ccdadfffb38b0e3cc292fbb	d__Bacteria; p__Bacteroidota; c__Bacteroidia; o__Bacteroidales; f__Prevotellaceae; g__Alloprevotella	0.9999998418681572
6de95c4ee44a49b74bcd228c9342d36f	d__Bacteria; p__Proteobacteria; c__Gammaproteobacteria; o__Burkholderiales; f__Oxalobacteraceae; g__Massilia	0.99022680393863
5abeafaed225448837d8dde91144651d	d__Bacteria; p__Firmicutes; c__Clostridia; o__Peptostreptococcales-Tissierellales; f__Peptostreptococcales-Tissierellales; g__Anaerococcus	0.9999999996353066
9e025e8b9acb5625e4d698095c89a467	d__Bacteria; p__Bacteroidota; c__Bacteroidia; o__Bacteroidales; f__Prevotellaceae; g__Prevotella	0.9999878580082617
b258a25b6101f89792bcd95ffdea7bf9	d__Bacteria; p__Bacteroidota; c__Bacteroidia; o__Bacteroidales; f__Porphyromonadaceae; g__Porphyromonas	0.9999999946131715
e5a26a013edb171352857baeed62a40c	d__Bacteria; p__Proteobacteria; c__Alphaproteobacteria; o__Rhizobiales; f__Rhizobiaceae; g__Allorhizobium-Neorhizobium-Pararhizobium-Rhizobium	0.9552340320236199
16cd7c1f3f710b0c5d681335838dd399	d__Bacteria; p__Actinobacteriota; c__Actinobacteria; o__Micrococcales; f__Micrococcaceae; g__Rothia	0.9997985928968269
a71d2a364d1fe2d515fa8b2fb589c84b	d__Bacteria; p__Proteobacteria; c__Gammaproteobacteria; o__Enterobacterales; f__Enterobacteriaceae	0.9775502575240363
06cb79dba2e48229f21b6789e186ba60	d__Bacteria; p__Proteobacteria; c__Gammaproteobacteria; o__Pasteurellales; f__Pasteurellaceae; g__Haemophilus	0.9674091373185063
6404cae3d66a26fc9c6e83f3c4252c61	d__Bacteria; p__Firmicutes; c__Negativicutes; o__Veillonellales-Selenomonadales; f__Veillonellaceae; g__Veillonella	0.9999997665090029
3e0291079b48c7400a640a32d010a50e	d__Bacteria; p__Bacteroidota; c__Bacteroidia; o__Bacteroidales; f__Tannerellaceae; g__Tannerella	0.999977297456743
2147d3236550435e71311fa2a224eb15	d__Bacteria; p__Actinobacteriota; c__Actinobacteria; o__Corynebacteriales; f__Nocardiaceae; g__Rhodococcus	0.9999268936093397
70c67349c206ce95d107dc52034b0004	d__Bacteria; p__Proteobacteria; c__Gammaproteobacteria; o__Pseudomonadales; f__Moraxellaceae; g__Psychrobacter	0.9999973318675377
cebccbbd2fe4147bab61a401e6312cf0	d__Bacteria; p__Proteobacteria; c__Gammaproteobacteria; o__Burkholderiales; f__Neisseriaceae; g__Neisseria	0.9998899762185941
9772fe7012c722fbc987c76776d8d25f	d__Bacteria; p__Proteobacteria; c__Gammaproteobacteria; o__Burkholderiales; f__Neisseriaceae; g__Neisseria	0.9998210740135124
347ff08cc3d6951f8b05555fb22e44d8	d__Bacteria; p__Patescibacteria; c__Saccharimonadia; o__Saccharimonadales; f__Saccharimonadaceae; g__TM7x; s__uncultured_bacterium	0.9483139997901904
84a2984b2b5696ee7fd945e4f5c33dc5	d__Bacteria; p__Bacteroidota; c__Bacteroidia; o__Bacteroidales; f__Prevotellaceae; g__Prevotella; s__Prevotella_pallens	0.9999976510902133
770e4d1d35f1fed7fa00fe8836f1e031	d__Bacteria; p__Actinobacteriota; c__Actinobacteria; o__Actinomycetales; f__Actinomycetaceae; g__Actinomyces; s__Schaalia_odontolytica	0.881457081609915
569890ce9814e63872e2cc29016cddb8	d__Bacteria; p__Firmicutes; c__Clostridia; o__Lachnospirales; f__Lachnospiraceae; g__Oribacterium	0.9996302179694879
334ce56f7c87069609b0b801d864efd3	d__Bacteria; p__Fusobacteriota; c__Fusobacteriia; o__Fusobacteriales; f__Leptotrichiaceae; g__Leptotrichia	0.9996199778707504
208698889812c33e491c84dff876cccc	d__Bacteria; p__Bacteroidota; c__Bacteroidia; o__Bacteroidales; f__Prevotellaceae; g__Prevotella	0.9958424304171447
f44d7a280ef12be5efc8d68c0625fb5e	d__Bacteria; p__Bacteroidota; c__Bacteroidia; o__Bacteroidales; f__Prevotellaceae; g__Prevotella; s__Prevotella_pallens	0.9999975688469073
1b4eb9162393e280fe63f3094b0d291e	d__Bacteria; p__Firmicutes; c__Clostridia; o__Lachnospirales; f__Lachnospiraceae; g__Oribacterium; s__uncultured_organism	0.7922222206796001
8c572f46dcda84357119d63607396063	d__Bacteria; p__Actinobacteriota; c__Actinobacteria; o__Corynebacteriales; f__Corynebacteriaceae; g__Corynebacterium	0.9559541640787037
9f540bad3ee9392ad2d9076ea8791df4	d__Bacteria; p__Firmicutes; c__Clostridia; o__Clostridia_UCG-014; f__Clostridia_UCG-014; g__Clostridia_UCG-014; s__uncultured_bacterium	0.7632275298269905
4ae0a48950357af99cb30ac518f0cf46	d__Bacteria; p__Bacteroidota; c__Bacteroidia; o__Bacteroidales; f__Prevotellaceae; g__Alloprevotella	0.9999996532555353
7da8ff7ecd3d467acd8da2b5b190fff8	d__Bacteria; p__Proteobacteria; c__Alphaproteobacteria; o__Rhizobiales; f__Rhizobiaceae; g__Allorhizobium-Neorhizobium-Pararhizobium-Rhizobium	0.9480856042805847
664bb3e84b89cd99a096e59c96265a6f	d__Bacteria; p__Firmicutes; c__Negativicutes; o__Veillonellales-Selenomonadales; f__Veillonellaceae; g__Dialister; s__Dialister_pneumosintes	0.9400965127753467
c2e323ea02f63af0aeda4027c81a2ae2	d__Bacteria; p__Firmicutes; c__Bacilli; o__Lactobacillales; f__Streptococcaceae; g__Streptococcus	0.9999992175969294
6d790cfd101322cadeee7faa8df83e0b	d__Bacteria; p__Proteobacteria; c__Gammaproteobacteria; o__Pseudomonadales; f__Moraxellaceae; g__Acinetobacter	0.9999903420592366
85568d1c679b32f540baa9b3dd3daa3d	d__Bacteria; p__Proteobacteria; c__Gammaproteobacteria; o__Pseudomonadales; f__Pseudomonadaceae; g__Pseudomonas	0.9998161623696169
fbfaea91a8b80ac247bee4cfa1e4cb95	d__Bacteria; p__Actinobacteriota; c__Actinobacteria; o__Actinomycetales; f__Actinomycetaceae; g__Actinomyces; s__Actinomyces_lingnae	0.8914969058940191
d8c732f327b621122cf52fec411fe7f1	d__Bacteria; p__Fusobacteriota; c__Fusobacteriia; o__Fusobacteriales; f__Fusobacteriaceae; g__Fusobacterium	0.9999998077441861
96135b8e2f831b67c55f36309453da52	d__Bacteria; p__Firmicutes; c__Negativicutes; o__Veillonellales-Selenomonadales; f__Veillonellaceae; g__Veillonella	0.999999255775665
a5ccfb897aee23968a9a108926fa8d17	d__Bacteria; p__Proteobacteria; c__Alphaproteobacteria; o__Sphingomonadales; f__Sphingomonadaceae; g__Sphingomonas	0.9662813347259747
5a04f1fefa22e7936c5f1b327cdb6175	d__Bacteria; p__Proteobacteria; c__Gammaproteobacteria; o__Pasteurellales; f__Pasteurellaceae; g__Haemophilus	0.8715768270348623
c6e3d946995bccf5468c2a096c7ad5fd	d__Bacteria; p__Spirochaetota; c__Spirochaetia; o__Spirochaetales; f__Spirochaetaceae; g__Treponema; s__uncultured_bacterium	0.9146900153349874
1f7237a06bcab9571580361e31f2eb12	d__Bacteria; p__Firmicutes; c__Clostridia; o__Lachnospirales; f__Lachnospiraceae; g__Oribacterium	0.9991796063328089
2d15c3351ebd5d1d2f66b084b15b2394	d__Bacteria; p__Actinobacteriota; c__Actinobacteria; o__Corynebacteriales; f__Corynebacteriaceae; g__Corynebacterium	0.905511572084154
24521d703d664903309e91e447dcdf67	d__Bacteria; p__Firmicutes; c__Bacilli; o__Lactobacillales; f__Streptococcaceae; g__Streptococcus	0.9999995244064109
bad32bb0cd0d9d42c4506f40ec3e3cde	d__Bacteria; p__Firmicutes; c__Bacilli; o__Lactobacillales; f__Streptococcaceae; g__Streptococcus	0.9999995049385693
52c4c1182e20fdec867f585c00f937a9	d__Bacteria; p__Bacteroidota; c__Bacteroidia; o__Bacteroidales; f__Prevotellaceae; g__Alloprevotella; s__uncultured_Bacteroidetes	0.7615868336045231
d2344cb6241f2dbda41ae446f005eee8	d__Bacteria; p__Firmicutes; c__Clostridia; o__Lachnospirales; f__Lachnospiraceae; g__Butyrivibrio	0.999652658110395
72fefe19291726345393b0994b0d8378	d__Bacteria; p__Bacteroidota; c__Bacteroidia; o__Bacteroidales; f__Porphyromonadaceae; g__Porphyromonas; s__Porphyromonas_bennonis	0.9173664728160635
d94a6cf80647aa1d78a7a4d5112ee493	d__Bacteria; p__Proteobacteria; c__Alphaproteobacteria; o__Rhizobiales; f__Rhizobiaceae; g__Mesorhizobium	0.8886013674492221
988f8589a50d5763eb5f9fb6568bb6d4	d__Bacteria; p__Fusobacteriota; c__Fusobacteriia; o__Fusobacteriales; f__Leptotrichiaceae; g__Leptotrichia; s__Leptotrichia_trevisanii	0.7460785246984609
d5241dec39968ef746388b285e188a50	d__Bacteria; p__Firmicutes; c__Clostridia; o__Peptostreptococcales-Tissierellales; f__Peptostreptococcaceae; g__Filifactor; s__Filifactor_alocis	0.8137845236592172
3a8d98e39e46aa56bc111f0f55baa049	d__Bacteria; p__Firmicutes; c__Clostridia; o__Lachnospirales; f__Lachnospiraceae; g__Butyrivibrio	0.9997116623381609
d8044c090c81c17882ad447e10324310	d__Bacteria; p__Bacteroidota; c__Bacteroidia; o__Bacteroidales; f__Prevotellaceae; g__Alloprevotella; s__uncultured_Bacteroidetes	0.7595880716217421
c6b9daa448ba02fffd892da560151882	d__Bacteria; p__Proteobacteria; c__Gammaproteobacteria; o__Pseudomonadales; f__Pseudomonadaceae; g__Pseudomonas	0.9984466891216515
1ab210b436834d9b23e29bfc4747df91	d__Bacteria; p__Firmicutes; c__Clostridia; o__Lachnospirales; f__Lachnospiraceae; g__Lachnoanaerobaculum	0.999318099430917
cf76d451abd3fceb8ad57c7bdc5a30b8	d__Bacteria; p__Bacteroidota; c__Bacteroidia; o__Bacteroidales; f__Tannerellaceae; g__Tannerella	0.9999750133249733
bb23844705c0e030094ec860f2c5c582	d__Bacteria; p__Firmicutes; c__Clostridia; o__Lachnospirales; f__Lachnospiraceae; g__Johnsonella	0.99990907839778
0c6bedaba415b264b2c5a69bf661b762	d__Bacteria; p__Firmicutes; c__Negativicutes; o__Veillonellales-Selenomonadales; f__Selenomonadaceae	0.9999999744086748
97693862dd5bde2fffcd44c7130083f8	d__Bacteria; p__Firmicutes; c__Clostridia; o__Peptostreptococcales-Tissierellales; f__Peptostreptococcales-Tissierellales; g__Peptoniphilus	0.9999999969379951
348912d483e2ba8dfe1061ce54363bda	d__Bacteria; p__Fusobacteriota; c__Fusobacteriia; o__Fusobacteriales; f__Fusobacteriaceae; g__Fusobacterium; s__uncultured_bacterium	0.7381761551293788
f220807c46245d62cfb16e65e4934275	d__Bacteria; p__Firmicutes; c__Clostridia; o__Peptostreptococcales-Tissierellales; f__Peptostreptococcaceae; g__[Eubacterium]_yurii_group	0.9999868645331869
4fb3658ff425748d6fbfd744a8c7fd39	d__Bacteria; p__Actinobacteriota; c__Actinobacteria; o__Actinomycetales; f__Actinomycetaceae; g__Actinomyces; s__Schaalia_odontolytica	0.913629047532485
6d2e01e36c9442d4764964154f6f4267	d__Bacteria; p__Proteobacteria; c__Gammaproteobacteria; o__Pseudomonadales; f__Moraxellaceae; g__Psychrobacter	0.999992085748629
a26d4822fbe123f8426f7a8e26388dfa	d__Bacteria; p__Firmicutes; c__Clostridia; o__Lachnospirales; f__Lachnospiraceae; g__Oribacterium	0.9997019622231875
4060e1cbb4a6c3888d4c92627652986d	d__Bacteria; p__Firmicutes; c__Clostridia; o__Lachnospirales; f__Lachnospiraceae; g__Catonella; s__uncultured_bacterium	0.7884938080466988
e8b5656dcc1640b35dfffef3bd824c85	d__Bacteria; p__Fusobacteriota; c__Fusobacteriia; o__Fusobacteriales; f__Leptotrichiaceae; g__Leptotrichia; s__uncultured_bacterium	0.9117504287209305
dca80ee1a609e8e39c16010899cce517	d__Bacteria; p__Bacteroidota; c__Bacteroidia; o__Flavobacteriales; f__Weeksellaceae; g__Bergeyella; s__uncultured_bacterium	0.9998980589703296
411c8cd0af45f725573e62e4455cbfd1	d__Bacteria; p__Bacteroidota; c__Bacteroidia; o__Bacteroidales; f__Prevotellaceae; g__Prevotella	0.9947706712785918
3d7f4c571649331aa73334445fd1fc67	d__Bacteria; p__Proteobacteria; c__Gammaproteobacteria; o__Pseudomonadales; f__Pseudomonadaceae; g__Pseudomonas	0.9976862342877537
b7be250f23666ad7f46c60df6da49e3f	d__Bacteria; p__Firmicutes; c__Negativicutes; o__Veillonellales-Selenomonadales; f__Selenomonadaceae; g__Selenomonas	0.7485744249493869
1dd0629f6c711e0decdaae2b72fbfad3	d__Bacteria; p__Proteobacteria; c__Gammaproteobacteria; o__Pasteurellales; f__Pasteurellaceae; g__Haemophilus	0.9597508786124486
a5f71222382df1930b9d36ac8b34bc63	d__Bacteria; p__Cyanobacteria; c__Cyanobacteriia; o__Chloroplast; f__Chloroplast; g__Chloroplast	0.9999999997793783
d24d97860834581aca867aa0cbbdc36d	d__Bacteria; p__Fusobacteriota; c__Fusobacteriia; o__Fusobacteriales; f__Fusobacteriaceae; g__Fusobacterium	0.9999998057745694
884c6079a380f52ef1ac9a35c7467b3f	d__Bacteria; p__Fusobacteriota; c__Fusobacteriia; o__Fusobacteriales; f__Leptotrichiaceae; g__Streptobacillus; s__uncultured_bacterium	0.9988181755050892
44a271981108c1a76bcfc08ac6a303ff	d__Bacteria; p__Bacteroidota; c__Bacteroidia; o__Bacteroidales; f__Porphyromonadaceae; g__Porphyromonas; s__Porphyromonas_endodontalis	0.7588808991388853
05e3a80018198a11043f9db0256f140e	d__Bacteria; p__Campilobacterota; c__Campylobacteria; o__Campylobacterales; f__Campylobacteraceae; g__Campylobacter; s__unidentified	0.9111701583870868
c4da97dea86830e855d78718ceaf2081	d__Bacteria; p__Actinobacteriota; c__Actinobacteria; o__Propionibacteriales; f__Propionibacteriaceae; g__Cutibacterium	0.9999631062377258
5286d97a4f00e52cb3a4b511e91f319e	d__Bacteria; p__Actinobacteriota; c__Actinobacteria; o__Actinomycetales; f__Actinomycetaceae; g__Actinomyces; s__Actinomyces_lingnae	0.8964488471078046
ba4fa225995b2aa6756a2aa2d51a57ea	d__Bacteria; p__Firmicutes; c__Clostridia; o__Lachnospirales; f__Lachnospiraceae; g__Catonella; s__uncultured_bacterium	0.7545921991296425
d13b81b967106139808e3e6aac900da1	d__Bacteria; p__Proteobacteria; c__Alphaproteobacteria; o__Rhizobiales; f__Xanthobacteraceae	0.9999960696394434
e95f2370ea336a73e20dca5fd6ab7673	d__Bacteria; p__Patescibacteria; c__Saccharimonadia; o__Saccharimonadales; f__Saccharimonadaceae; g__Candidatus_Saccharimonas; s__uncultured_bacterium	0.8617609400576848
0a519cb37f7959e3e1371b8ffd98ea36	d__Bacteria; p__Firmicutes; c__Clostridia; o__Peptostreptococcales-Tissierellales; f__Peptostreptococcaceae	0.999364224171478
a8e77f584a6c5a7988b4d30685918129	d__Bacteria; p__Bacteroidota; c__Bacteroidia; o__Bacteroidales; f__Prevotellaceae; g__Prevotella	0.9954663352075898
fee077870167286fcbff023e881c6c99	d__Bacteria; p__Bacteroidota; c__Bacteroidia; o__Bacteroidales; f__Prevotellaceae; g__Prevotella; s__Prevotella_shahii	0.998331597942318
c09a0bbd29fa5f551de5d8375525f9e5	d__Bacteria; p__Firmicutes; c__Clostridia; o__Lachnospirales; f__Lachnospiraceae; g__Catonella; s__uncultured_bacterium	0.7017894847835354
98f588531c97e704a3c1dc4e5ce74322	d__Bacteria; p__Proteobacteria; c__Gammaproteobacteria; o__Burkholderiales; f__Neisseriaceae; g__uncultured; s__uncultured_bacterium	0.9999324449403512
157ac87e8147014c6c6081854d093ef9	d__Bacteria; p__Proteobacteria; c__Alphaproteobacteria; o__Sphingomonadales; f__Sphingomonadaceae; g__Sphingobium; s__Sphingobium_xenophagum	0.9109321030130973
b2b5cd3b6ee6b4f3f334371ebd75b6a4	d__Bacteria; p__Firmicutes; c__Negativicutes; o__Veillonellales-Selenomonadales; f__Veillonellaceae; g__Veillonella; s__Veillonella_sp.	0.707399783683106
109822cbe3f4595f4810c37e39fcadb1	d__Bacteria; p__Fusobacteriota; c__Fusobacteriia; o__Fusobacteriales; f__Leptotrichiaceae; g__Leptotrichia; s__Leptotrichia_sp.	0.811310054103438
e1c85a43f2d38f437039e9d88155b1be	d__Bacteria; p__Fusobacteriota; c__Fusobacteriia; o__Fusobacteriales; f__Leptotrichiaceae; g__Leptotrichia; s__uncultured_bacterium	0.9249522727087348
6bb3dc460a8ac343017c77f08f8b397f	d__Bacteria; p__Firmicutes; c__Clostridia; o__Lachnospirales; f__Lachnospiraceae; g__Catonella; s__uncultured_bacterium	0.7954069904492911
32b6d8d3059bec43752f7076e9da8835	d__Bacteria; p__Firmicutes; c__Bacilli; o__Lactobacillales; f__Streptococcaceae; g__Streptococcus	0.9999979773797577
01256a4d28a6c3e74ad903fae2c02f7e	d__Bacteria; p__Firmicutes; c__Clostridia; o__Clostridia_UCG-014; f__Clostridia_UCG-014; g__Clostridia_UCG-014; s__Clostridiales_bacterium	0.9996378330183404
232fb544419e8e3e19ca7908e4b3864f	d__Bacteria; p__Bacteroidota; c__Bacteroidia; o__Bacteroidales; f__Prevotellaceae; g__Alloprevotella	0.9999997246493505
9130c5cd44cb5acf8cf0f9e079805bd2	d__Bacteria; p__Bacteroidota; c__Bacteroidia; o__Bacteroidales; f__Prevotellaceae; g__Prevotella	0.9992668196905727
1910b3739912a4fa6f850c5d4f6c4263	d__Bacteria; p__Firmicutes; c__Clostridia; o__Lachnospirales; f__Lachnospiraceae; g__uncultured; s__Eubacterium_sp.	0.7364013265821867
6d06e2e5a1ca5e25c8f26b777b432ef3	d__Bacteria; p__Bacteroidota; c__Bacteroidia; o__Flavobacteriales; f__Flavobacteriaceae; g__Capnocytophaga; s__Capnocytophaga_leadbetteri	0.7788570571792187
9341b3c52aa0126867f201ffea6f1263	d__Bacteria; p__Bacteroidota; c__Bacteroidia; o__Bacteroidales; f__Prevotellaceae; g__Prevotella	0.9962853851539306
a8156bda584732f5eb81b2503c39ffcf	d__Bacteria; p__Firmicutes; c__Clostridia; o__Clostridia_UCG-014; f__Clostridia_UCG-014; g__Clostridia_UCG-014; s__Clostridiales_bacterium	0.9996311063952824
7a9c6592640c89a5a111c3c2d5829ea4	d__Bacteria; p__Proteobacteria; c__Gammaproteobacteria; o__Pseudomonadales; f__Moraxellaceae; g__Enhydrobacter	0.9598903560151504
54d70626e58c903ba28ff57036dce273	d__Bacteria; p__Proteobacteria; c__Gammaproteobacteria; o__Enterobacterales; f__Enterobacteriaceae	0.9784241319610062
8377b379730acb5287c118fa80a92e71	d__Bacteria; p__Firmicutes; c__Bacilli; o__Lactobacillales; f__Streptococcaceae; g__Streptococcus	0.9999986836898634
0018a65b63e6eb19aa1530545374241b	d__Bacteria; p__Bacteroidota; c__Bacteroidia; o__Bacteroidales; f__Prevotellaceae; g__Alloprevotella; s__Alloprevotella_tannerae	0.8644450828762913
d9e6316b7a029174d6975a75803f8e5d	d__Bacteria; p__Bacteroidota; c__Bacteroidia; o__Bacteroidales; f__Prevotellaceae; g__Prevotella; s__Prevotella_oulorum	0.9684972195080835
94b1e590bca170ec016eb297b1a974ee	d__Bacteria; p__Firmicutes; c__Clostridia; o__Lachnospirales; f__Lachnospiraceae; g__Catonella; s__uncultured_bacterium	0.8255686356280723
1b6705ac9b62ec0d05646626d3b909cf	d__Bacteria; p__Bacteroidota; c__Bacteroidia; o__Flavobacteriales; f__Flavobacteriaceae; g__Capnocytophaga; s__Capnocytophaga_gingivalis	0.9724581404828756
9f494c9309f28cf6bacfb20499bef748	d__Bacteria; p__Proteobacteria; c__Gammaproteobacteria; o__Pasteurellales; f__Pasteurellaceae; g__Haemophilus	0.942772267448091
f28d0a74081b1985d5bb4322b80b60e7	d__Bacteria; p__Firmicutes; c__Clostridia; o__Peptostreptococcales-Tissierellales; f__Peptostreptococcales-Tissierellales; g__Anaerococcus; s__Anaerococcus_octavius	0.787892217380928
7403d9eadc02352acf5a1dd4d3058704	d__Bacteria; p__Firmicutes; c__Clostridia; o__Lachnospirales; f__Lachnospiraceae; g__uncultured; s__Eubacterium_sp.	0.8041934954831228
affcccbee896de8100e8f7c4dfe91066	d__Bacteria; p__Bacteroidota; c__Bacteroidia; o__Flavobacteriales; f__Weeksellaceae; g__Empedobacter	0.9974630919776861
25dcb3148e956194598fa928c953eb1e	d__Bacteria; p__Bacteroidota; c__Bacteroidia; o__Flavobacteriales; f__Weeksellaceae; g__Empedobacter	0.9980607394178318
8c01a0e9d976cadea061af4bdf52ab9d	d__Bacteria; p__Proteobacteria; c__Gammaproteobacteria; o__Burkholderiales; f__Oxalobacteraceae; g__Massilia	0.9917943625152927
34e01d56012b4a150181e64d67a262d5	d__Bacteria; p__Proteobacteria; c__Gammaproteobacteria; o__Burkholderiales; f__Neisseriaceae; g__Neisseria	0.9998471521923721
0fabfd4aed6d979e6b3239281f1f92e7	d__Bacteria; p__Firmicutes; c__Clostridia; o__Clostridia_UCG-014; f__Clostridia_UCG-014; g__Clostridia_UCG-014; s__uncultured_bacterium	0.7101990786665394
4169a7f9c13971be21285ac5185a006c	d__Bacteria; p__Proteobacteria; c__Gammaproteobacteria; o__Pseudomonadales; f__Pseudomonadaceae; g__Pseudomonas	0.8347936983683703
d4dabb59ad0cc2ee2621ac2e83ccc77c	d__Bacteria; p__Firmicutes; c__Clostridia; o__Lachnospirales; f__Lachnospiraceae; g__Oribacterium	0.9997096254124861
f73344ec29419921612e4efdf7415cb2	d__Bacteria; p__Firmicutes; c__Clostridia; o__Peptostreptococcales-Tissierellales; f__Peptostreptococcales-Tissierellales; g__Parvimonas	0.9999994259453474
32e984c5ebb0ccceecf1ee429bdb4279	d__Bacteria; p__Firmicutes; c__Clostridia; o__Lachnospirales; f__Lachnospiraceae; g__Catonella	0.9999944821374509
7e473e3982ba798bb5fe6277fe03dea5	d__Bacteria; p__Firmicutes; c__Bacilli; o__Lactobacillales; f__Streptococcaceae; g__Streptococcus	0.9999992578685402
142838c6097ff85c98a63fdc400bde61	d__Bacteria; p__Firmicutes; c__Clostridia; o__Lachnospirales; f__Lachnospiraceae; g__Lachnoanaerobaculum	0.9991289545631414
c586bdff0ddf118bf09a83f38fc8a70a	d__Bacteria; p__Proteobacteria; c__Gammaproteobacteria; o__Pseudomonadales; f__Moraxellaceae; g__Acinetobacter	0.999996551795327
b6fc1bfc966aeed74e90549e27fea81c	d__Bacteria; p__Firmicutes; c__Negativicutes; o__Veillonellales-Selenomonadales; f__Selenomonadaceae; g__Selenomonas; s__Selenomonas_sputigena	0.8190892396176661
f77bdba72d1d8544221fdc453f01aa7e	d__Bacteria; p__Firmicutes; c__Negativicutes; o__Veillonellales-Selenomonadales; f__Veillonellaceae	0.9999783693934166
d68ec034e7b4a71f812e4b46a4c8cb09	d__Bacteria; p__Firmicutes; c__Clostridia; o__Lachnospirales; f__Lachnospiraceae; g__Oribacterium	0.9997375862925164
8c65466254dd953618bad8bec236e3ea	d__Bacteria; p__Proteobacteria; c__Alphaproteobacteria; o__Rhizobiales; f__Xanthobacteraceae	0.9999955799927384
2d5dbf00b8a651e2afda116e028f5724	d__Bacteria; p__Firmicutes; c__Bacilli; o__Lactobacillales; f__Streptococcaceae; g__Streptococcus	0.9999958180908561
accba4e49775bd6d7ebdfed63bd70411	d__Bacteria; p__Actinobacteriota; c__Actinobacteria; o__Corynebacteriales; f__Nocardiaceae; g__Rhodococcus	0.999863220649904
9040cf3dad0015f7b6ef349ea0e7577a	d__Bacteria; p__Firmicutes; c__Clostridia; o__Peptostreptococcales-Tissierellales; f__Peptostreptococcales-Tissierellales; g__Anaerococcus; s__Anaerococcus_octavius	0.79601490872001
4e51890c585ad063570ea70edcd227f5	d__Bacteria; p__Proteobacteria; c__Gammaproteobacteria; o__Pseudomonadales; f__Pseudomonadaceae; g__Pseudomonas	0.9995983269742112
af43c1eee7113f714f9d60be266d76ef	d__Bacteria; p__Proteobacteria; c__Gammaproteobacteria; o__Pseudomonadales; f__Pseudomonadaceae; g__Pseudomonas	0.9998115861380065
7dc193a67958259cfd983df52e8a5910	d__Bacteria; p__Bacteroidota; c__Bacteroidia; o__Bacteroidales; f__Prevotellaceae; g__Prevotella	0.9964899326627326
77bc112af1ce3b15649ddaa7394d954e	d__Bacteria; p__Fusobacteriota; c__Fusobacteriia; o__Fusobacteriales; f__Leptotrichiaceae; g__Leptotrichia; s__Leptotrichia_sp.	0.8743457683677708
5d30004d7cda17c463b4e1e4201e51b2	d__Bacteria; p__Proteobacteria; c__Alphaproteobacteria; o__Caulobacterales; f__Caulobacteraceae; g__Brevundimonas	0.9978181222498951
3212fd93734e8d3e5bca0af85bbe5aac	d__Bacteria; p__Bacteroidota; c__Bacteroidia; o__Flavobacteriales; f__Flavobacteriaceae; g__Capnocytophaga; s__Capnocytophaga_leadbetteri	0.9588210572845501
217e11d66138191bf88969830f334181	d__Bacteria; p__Bacteroidota; c__Bacteroidia; o__Bacteroidales; f__Prevotellaceae; g__Prevotella; s__Prevotella_pallens	0.9999981882734159
885a002a1627206db071fb2c38607702	d__Bacteria; p__Patescibacteria; c__Saccharimonadia; o__Saccharimonadales; f__Saccharimonadales; g__Saccharimonadales; s__TM7_phylum	0.9761987850402624
e368e7d896424d49c9a7ad4a509904f2	d__Bacteria; p__Bacteroidota; c__Bacteroidia; o__Bacteroidales; f__Prevotellaceae; g__Alloprevotella	0.9999999893281368
0da242db1cf15f0444c7902bd379fbad	d__Bacteria; p__Bacteroidota; c__Bacteroidia; o__Flavobacteriales; f__Flavobacteriaceae; g__Capnocytophaga	0.9999997851273214
3ad9589d5485ab0ef3013642b513aae2	d__Bacteria; p__Actinobacteriota; c__Actinobacteria; o__Corynebacteriales; f__Corynebacteriaceae; g__Corynebacterium	0.9939538176432205
7bb2a95dfcf7f982d494462315d5a9ae	d__Bacteria; p__Proteobacteria; c__Alphaproteobacteria; o__Caulobacterales; f__Caulobacteraceae; g__Brevundimonas	0.9981055036145249
7c78a8a62e26fb3ba95cc3e9006a4c3b	d__Bacteria; p__Proteobacteria; c__Gammaproteobacteria; o__Pasteurellales; f__Pasteurellaceae; g__Haemophilus	0.9470601099122574
1dde2d65836661e20cec9f95dae3409c	d__Bacteria; p__Bacteroidota; c__Bacteroidia; o__Bacteroidales; f__Porphyromonadaceae; g__Porphyromonas	0.9999999731789228
2fdf2d1bc3a02c5409a66f22bbe8915a	d__Bacteria; p__Proteobacteria; c__Gammaproteobacteria; o__Pseudomonadales; f__Pseudomonadaceae; g__Pseudomonas	0.9982776303503351
2ce95ecd03cfce625fe439a1e0fe1d17	d__Bacteria; p__Proteobacteria; c__Gammaproteobacteria; o__Pseudomonadales; f__Pseudomonadaceae; g__Pseudomonas	0.9983309241137445
a926038a1e3fc5e7f49ac51104e16d27	d__Bacteria; p__Firmicutes; c__Bacilli; o__Lactobacillales; f__Carnobacteriaceae; g__Granulicatella	0.7253137790069627
b60660bf53e42191b22f47d77ae7d110	d__Bacteria; p__Bacteroidota; c__Bacteroidia; o__Bacteroidales; f__Prevotellaceae; g__Alloprevotella; s__Alloprevotella_rava	0.9353610392885808
5c51a9c338eece0ce5823953a05c5c94	d__Bacteria; p__Proteobacteria; c__Gammaproteobacteria; o__Burkholderiales; f__Neisseriaceae; g__Eikenella	0.9939414076048997
dacdbbea6a1dd6bdb3fe50306c93d4cd	d__Bacteria; p__Firmicutes; c__Clostridia; o__Lachnospirales; f__Lachnospiraceae; g__Oribacterium	0.9988110123471308
4bbeb1789824695c5cc75092a92fab94	d__Bacteria; p__Proteobacteria; c__Gammaproteobacteria; o__Burkholderiales; f__Oxalobacteraceae; g__Massilia	0.9918909425802565
520250a0565becdc40fed8a11ad8013d	d__Bacteria; p__Bacteroidota; c__Bacteroidia; o__Bacteroidales; f__Porphyromonadaceae; g__Porphyromonas	0.999999983975
2222cb5e04ddde7060543fbf2844d4ac	d__Bacteria; p__Firmicutes; c__Bacilli; o__Lactobacillales; f__Streptococcaceae; g__Streptococcus	0.9999992150879342
4507a58b3b3c170be9188e51df3a4868	d__Bacteria; p__Proteobacteria; c__Gammaproteobacteria; o__Pseudomonadales; f__Moraxellaceae; g__Acinetobacter	0.9999973906315275
c566352969050fe2965e109d1c5c0eba	d__Bacteria; p__Bacteroidota; c__Bacteroidia; o__Bacteroidales; f__Prevotellaceae; g__Prevotella	0.9933595260480191
55c1d74a6f1d8521583f2514a021d173	d__Bacteria; p__Bacteroidota; c__Bacteroidia; o__Flavobacteriales; f__Weeksellaceae; g__Bergeyella; s__uncultured_bacterium	0.9566164929140211
0d20cca5c86d5a19020c1484773ba349	d__Bacteria; p__Proteobacteria; c__Gammaproteobacteria; o__Pseudomonadales; f__Pseudomonadaceae; g__Pseudomonas	0.9996124507136686
867a1a286c4d058f07e7ff0a5638c856	d__Bacteria; p__Bacteroidota; c__Bacteroidia; o__Bacteroidales; f__Prevotellaceae; g__Prevotella; s__Prevotella_nanceiensis	0.9999932079100681
222374cefedaa89e0badb2260cd68042	d__Bacteria; p__Bacteroidota; c__Bacteroidia; o__Bacteroidales; f__Prevotellaceae; g__Prevotella	0.995776600238846
617770b60ea76fe0adacbf6a37ba4e81	d__Bacteria; p__Patescibacteria; c__Saccharimonadia; o__Saccharimonadales; f__Saccharimonadaceae; g__Candidatus_Saccharimonas; s__uncultured_bacterium	0.8965631149459379
09851ee71823001b0fb501ce509e224a	d__Bacteria; p__Bacteroidota; c__Bacteroidia; o__Bacteroidales; f__Prevotellaceae; g__Prevotella	0.999042342195427
1cc92bf8fcc4f3d859c307c487f6e36e	d__Bacteria; p__Firmicutes; c__Clostridia; o__Clostridia_UCG-014; f__Clostridia_UCG-014; g__Clostridia_UCG-014; s__uncultured_bacterium	0.7256005575546786
5b45afc504db4306aa0f7df3aa817b6e	d__Bacteria; p__Fusobacteriota; c__Fusobacteriia; o__Fusobacteriales; f__Leptotrichiaceae; g__Streptobacillus; s__uncultured_bacterium	0.9994619167293867
2b718db4cf89e63e808b718e2433576b	d__Bacteria; p__Bacteroidota; c__Bacteroidia; o__Bacteroidales; f__Prevotellaceae; g__Prevotella; s__Prevotella_aurantiaca	0.9999744371574469
d5dd49cd12da2d18b57eab83f1b216b5	d__Bacteria; p__Bacteroidota; c__Bacteroidia; o__Bacteroidales; f__Prevotellaceae; g__Prevotella	0.9861276042274263
bfdfa0f0bcd9fedaaeb1bea08d43654c	d__Bacteria; p__Actinobacteriota; c__Coriobacteriia; o__Coriobacteriales; f__Atopobiaceae; g__Atopobium	0.9965389903344611
d6a44f21a9993ef7cc8650fc070a5874	d__Bacteria; p__Proteobacteria; c__Gammaproteobacteria; o__Pseudomonadales; f__Moraxellaceae; g__Acinetobacter	0.9999905786148204
fe031e82f1fb8a436ed9a7cf6e0845fa	d__Bacteria; p__Firmicutes; c__Negativicutes; o__Veillonellales-Selenomonadales; f__Selenomonadaceae; g__Selenomonas; s__Selenomonas_sp.	0.7709860920353524
176fe7262d8c7da42ebc106bd9954bc7	d__Bacteria; p__Fusobacteriota; c__Fusobacteriia; o__Fusobacteriales; f__Fusobacteriaceae; g__Fusobacterium; s__uncultured_bacterium	0.712451025779301
93d54af7c5164deb1547b308b7a39489	d__Bacteria; p__Proteobacteria; c__Gammaproteobacteria; o__Enterobacterales; f__Erwiniaceae	0.8583778669154993
4e06c5677a85cc76f6da75b9e2a1825d	d__Bacteria; p__Proteobacteria; c__Gammaproteobacteria; o__Xanthomonadales; f__Xanthomonadaceae; g__Stenotrophomonas; s__Stenotrophomonas_chelatiphaga	0.7243756178018586
0620ee214b13998042ceabe010ed15df	d__Bacteria; p__Proteobacteria; c__Gammaproteobacteria; o__Pasteurellales; f__Pasteurellaceae; g__Aggregatibacter	0.9906703935342588
5e55f8ec5670ff71df7e067fd5d76528	d__Bacteria; p__Proteobacteria; c__Alphaproteobacteria; o__Rhizobiales; f__Rhizobiaceae; g__Mesorhizobium	0.8805407220619712
8c5936dfde875183bf3723cad2181dc1	d__Bacteria; p__Bacteroidota; c__Bacteroidia; o__Bacteroidales; f__Prevotellaceae; g__Prevotella	0.9999882649368499
f276b004f68b0ebd946056aa72a96cc1	d__Bacteria; p__Firmicutes; c__Negativicutes; o__Veillonellales-Selenomonadales; f__Veillonellaceae; g__Veillonella	0.999999707190264
29dcef4f9a5cb369f7f87c50d4bde375	d__Bacteria; p__Proteobacteria; c__Gammaproteobacteria; o__Pasteurellales; f__Pasteurellaceae; g__Haemophilus	0.9605279338338245
e3005f4c2c626bf187bdf4356e99d81f	d__Bacteria; p__Fusobacteriota; c__Fusobacteriia; o__Fusobacteriales; f__Leptotrichiaceae; g__Leptotrichia; s__uncultured_bacterium	0.9484022494124527
771c45e9eec8f60ba737afa80f689e72	d__Bacteria; p__Firmicutes; c__Bacilli; o__Bacillales; f__Bacillaceae; g__Bacillus	0.9895796776252005
3582536443afefc66cff936f6dff0f86	d__Bacteria; p__Proteobacteria; c__Alphaproteobacteria; o__Rhodobacterales; f__Rhodobacteraceae; g__Paracoccus	0.990819128568791
1f54a785991b1dad03606c8487de811d	d__Bacteria; p__Proteobacteria; c__Alphaproteobacteria; o__Rhizobiales; f__Xanthobacteraceae	0.9999951660587698
db5a8005828c70fb2b1c096f7278d570	d__Bacteria; p__Proteobacteria; c__Gammaproteobacteria; o__Pasteurellales; f__Pasteurellaceae; g__Haemophilus	0.9667304565250457
f2a95a8a175a24c55841d23e2373cb0b	d__Bacteria; p__Bacteroidota; c__Bacteroidia; o__Bacteroidales; f__Prevotellaceae; g__Prevotella	0.9993250266644844
3b3cb92f1bc08e50f26effa54044f0ca	d__Bacteria; p__Proteobacteria; c__Gammaproteobacteria; o__Xanthomonadales; f__Xanthomonadaceae; g__Stenotrophomonas; s__Stenotrophomonas_chelatiphaga	0.7439627235474299
ba52238ba828653d3fc2607ec45be8ca	d__Bacteria; p__Fusobacteriota; c__Fusobacteriia; o__Fusobacteriales; f__Leptotrichiaceae; g__Streptobacillus; s__uncultured_bacterium	0.9985811392642175
d0656ada6f40a5f5856995a3c0969d8d	d__Bacteria; p__Actinobacteriota; c__Actinobacteria; o__Actinomycetales; f__Actinomycetaceae; g__Actinomyces	0.9999704261236527
5c78d674ca3272c0ef8ce22f1b599afb	d__Bacteria; p__Firmicutes; c__Clostridia; o__Peptostreptococcales-Tissierellales; f__Peptostreptococcales-Tissierellales; g__Anaerococcus	0.9999999997203913
8f8d096b926406a0fc93811fa7ea7dc3	d__Bacteria; p__Actinobacteriota; c__Actinobacteria; o__Corynebacteriales; f__Corynebacteriaceae; g__Corynebacterium	0.9900339848607201
178fcf77034523c9a2a537ed074e4436	d__Bacteria; p__Bacteroidota; c__Bacteroidia; o__Bacteroidales; f__Prevotellaceae; g__Prevotella; s__Prevotella_pallens	0.9999294731769118
93c5736eb545ec918e7d27f4c2b4d9ff	d__Bacteria; p__Firmicutes; c__Negativicutes; o__Veillonellales-Selenomonadales; f__Veillonellaceae; g__Megasphaera; s__Megasphaera_micronuciformis	0.9994399044049034
afd15acf7b73c507b832511228c6dfed	d__Bacteria; p__Campilobacterota; c__Campylobacteria; o__Campylobacterales; f__Campylobacteraceae; g__Campylobacter; s__Campylobacter_concisus	0.8070106568828451
3af46718b79982c439264d02c354f50f	d__Bacteria; p__Proteobacteria; c__Alphaproteobacteria; o__Sphingomonadales; f__Sphingomonadaceae; g__Novosphingobium	0.9641413425197168
7544ebc12439b731bf777b2fe1158bea	d__Bacteria; p__Actinobacteriota; c__Actinobacteria; o__Corynebacteriales; f__Nocardiaceae; g__Rhodococcus	0.9998993474086001
a1c61afcbf28a3fe721ff603bbcfa953	d__Bacteria; p__Fusobacteriota; c__Fusobacteriia; o__Fusobacteriales; f__Leptotrichiaceae; g__Leptotrichia; s__uncultured_bacterium	0.9342211738900299
3c02d8366707cfa1a537473be6048958	d__Bacteria; p__Bacteroidota; c__Bacteroidia; o__Bacteroidales; f__Porphyromonadaceae; g__Porphyromonas	0.9999999397890672
c0af7092c174fb43397e23f6b3258033	d__Bacteria; p__Proteobacteria; c__Gammaproteobacteria; o__Pseudomonadales; f__Pseudomonadaceae; g__Pseudomonas	0.9985392730898819
21acb4bc9b17477e73f7dafae021f14b	d__Bacteria; p__Proteobacteria; c__Gammaproteobacteria; o__Pseudomonadales; f__Pseudomonadaceae; g__Pseudomonas	0.9990082867601806
c8fc5d03f0c9897df35308c24f26ebdf	d__Bacteria; p__Proteobacteria; c__Gammaproteobacteria; o__Pseudomonadales; f__Pseudomonadaceae; g__Pseudomonas	0.9986658104665918
117cafa7ad848bfd5adf72dfd530c7d0	d__Bacteria; p__Proteobacteria; c__Gammaproteobacteria; o__Pseudomonadales; f__Pseudomonadaceae; g__Pseudomonas	0.9981746797965957
1a23cf93bac847ca445be08871eb647d	d__Bacteria; p__Firmicutes; c__Bacilli; o__Lactobacillales; f__Lactobacillaceae; g__Lactobacillus	0.9999524355462269
ede5d35cb4e17e18e7b0a081da45cd5f	d__Bacteria; p__Proteobacteria; c__Gammaproteobacteria; o__Pseudomonadales; f__Moraxellaceae; g__Acinetobacter	0.9999916631296589
df928e700696d23e6187b867840d25b7	d__Bacteria; p__Actinobacteriota; c__Actinobacteria; o__Actinomycetales; f__Actinomycetaceae; g__Actinomyces; s__Schaalia_odontolytica	0.7921951402984796
b71aecd4621b78c841be8b41802e5c38	d__Bacteria; p__Proteobacteria; c__Gammaproteobacteria; o__Pseudomonadales; f__Moraxellaceae; g__Acinetobacter	0.9999989632395085
8a7f957140b1449ea4a25fb8720b99d5	d__Bacteria; p__Firmicutes; c__Clostridia; o__Clostridia_UCG-014; f__Clostridia_UCG-014; g__Clostridia_UCG-014; s__uncultured_bacterium	0.7767007462146434
bd4a11ffb51210c859c95a31d4730446	d__Bacteria; p__Actinobacteriota; c__Actinobacteria; o__Corynebacteriales; f__Corynebacteriaceae; g__Corynebacterium	0.9949690367664663
56504eea30c7f71939ab4c3a067077a9	d__Bacteria; p__Bacteroidota; c__Bacteroidia; o__Bacteroidales; f__Prevotellaceae; g__Prevotella	0.8323408175492055
bf2ed5a75eea4956a1e1538d2aa02240	d__Bacteria; p__Bacteroidota; c__Bacteroidia; o__Flavobacteriales; f__Flavobacteriaceae; g__Capnocytophaga; s__Capnocytophaga_leadbetteri	0.7490652089246845
4b26fe690d4e6cb7185f5eef649ba98b	d__Bacteria; p__Proteobacteria; c__Gammaproteobacteria; o__Pseudomonadales; f__Pseudomonadaceae; g__Pseudomonas	0.9998881995043584
541e7f387a3b87c81146ed7a8c8e55a8	d__Bacteria; p__Bacteroidota; c__Bacteroidia; o__Bacteroidales; f__Prevotellaceae; g__Alloprevotella	0.9999970474286762
0111c5f85b5b56585f61833ee99d3815	d__Bacteria; p__Bacteroidota; c__Bacteroidia; o__Flavobacteriales; f__Flavobacteriaceae; g__Capnocytophaga; s__Capnocytophaga_leadbetteri	0.8163387878145071
c8468d98dc39056e54b676b23bc3aaf1	d__Bacteria; p__Actinobacteriota; c__Actinobacteria; o__Micrococcales; f__Micrococcaceae; g__Rothia	0.9998693075707062
94967307f4100745e7c064c449b4b093	d__Bacteria; p__Fusobacteriota; c__Fusobacteriia; o__Fusobacteriales; f__Leptotrichiaceae; g__Leptotrichia; s__Leptotrichia_sp.	0.8636466651785663
955e21f8c95bcb5e4def7ecfb9138481	d__Bacteria; p__Proteobacteria; c__Gammaproteobacteria; o__Xanthomonadales; f__Xanthomonadaceae; g__Luteimonas	0.9540745706877496
08194fac40edcc95e717796ac234f405	d__Bacteria; p__Actinobacteriota; c__Actinobacteria; o__Micrococcales; f__Micrococcaceae; g__Kocuria; s__Kocuria_palustris	0.7241804828310644
7d8405f4e5adffafbbb1be7c0625ef69	d__Bacteria; p__Bacteroidota; c__Bacteroidia; o__Bacteroidales; f__Tannerellaceae; g__Tannerella	0.9999753453266997
24f23cb95e821161f7f84deec2afe3bb	d__Bacteria; p__Proteobacteria; c__Alphaproteobacteria; o__Rhizobiales; f__Xanthobacteraceae	0.9999943445337237
91a4f5ca7c588c17122031ebaf8c9d8b	d__Bacteria; p__Firmicutes; c__Clostridia; o__Peptostreptococcales-Tissierellales; f__Peptostreptococcaceae; g__Filifactor	0.9999998342416372
7dceecec2361b254d7219f92f5a3b3f0	d__Bacteria; p__Proteobacteria; c__Gammaproteobacteria; o__Burkholderiales; f__Neisseriaceae; g__Kingella; s__Kingella_kingae	0.8799330983893738
1c8c2aa97258bb8bd3236724b3765384	d__Bacteria; p__Actinobacteriota; c__Actinobacteria; o__Actinomycetales; f__Actinomycetaceae; g__Mobiluncus; s__uncultured_bacterium	0.997308127608775
9a376d9917a6e54ec3dd9e6220b7fabe	d__Bacteria; p__Firmicutes; c__Clostridia; o__Lachnospirales; f__Lachnospiraceae; g__Johnsonella	0.9998853716728296
cd73c69888a79e47b62fd06e5b9b8d8b	d__Bacteria; p__Bacteroidota; c__Bacteroidia; o__Bacteroidales; f__Prevotellaceae; g__Prevotella; s__Prevotella_oulorum	0.9721875257282117
b1a087e9fa96a42b00e402c899bd685f	d__Bacteria; p__Actinobacteriota; c__Actinobacteria; o__Actinomycetales; f__Actinomycetaceae; g__Actinomyces; s__Actinomyces_graevenitzii	0.9999563067053229
fa67b21c9a70fb73a4fc7b83435c6cb6	d__Bacteria; p__Fusobacteriota; c__Fusobacteriia; o__Fusobacteriales; f__Leptotrichiaceae; g__Leptotrichia	0.9997260685900282
fb32e8648cfafb9aa7f9c5a813422fda	d__Bacteria; p__Fusobacteriota; c__Fusobacteriia; o__Fusobacteriales; f__Leptotrichiaceae; g__Leptotrichia	0.9989743533788824
7eb6387b0e3c9fabcba67eb68ec1aceb	d__Bacteria; p__Proteobacteria; c__Alphaproteobacteria; o__Sphingomonadales; f__Sphingomonadaceae; g__Sphingomonas	0.9286464116890784
efc46ca6c61f479435042edd0e281120	d__Bacteria; p__Fusobacteriota; c__Fusobacteriia; o__Fusobacteriales; f__Leptotrichiaceae; g__Leptotrichia	0.9997983422852486
3b4e9903c6bc75a64aed7f21de2b595a	d__Bacteria; p__Bacteroidota; c__Bacteroidia; o__Bacteroidales; f__Prevotellaceae; g__Prevotella; s__Prevotella_nigrescens	0.9999976356691701
2dea3421bcadc354930f3c9f24fb22d3	d__Bacteria; p__Firmicutes; c__Clostridia; o__Lachnospirales; f__Lachnospiraceae; g__Butyrivibrio	0.9997692468175937
a65dae9c324703da23e0402a56932a4d	d__Bacteria; p__Proteobacteria; c__Gammaproteobacteria; o__Xanthomonadales; f__Xanthomonadaceae; g__Luteimonas	0.9693891841571444
e14d9bf050ef174c041fe51457f12a3f	d__Bacteria; p__Proteobacteria; c__Gammaproteobacteria; o__Pseudomonadales; f__Moraxellaceae; g__Acinetobacter	0.9999986777939618
550ab4f06b7df6d4fbd05ff20278755a	d__Bacteria; p__Bacteroidota; c__Bacteroidia; o__Bacteroidales; f__Prevotellaceae; g__Prevotella; s__Prevotella_sp.	0.8195218310575184
80a1aa97d9e078ae162d8e8832a8244d	d__Bacteria; p__Campilobacterota; c__Campylobacteria; o__Campylobacterales; f__Campylobacteraceae; g__Campylobacter; s__Campylobacter_showae	0.7860014987127915
ddd144a0932c0da7766eccfed8e1298d	d__Bacteria; p__Firmicutes; c__Clostridia; o__Peptococcales; f__Peptococcaceae; g__Peptococcus; s__uncultured_Peptococcus	0.7211313095373196
90edf3556e4068b2106aa977681e681d	d__Bacteria; p__Actinobacteriota; c__Actinobacteria; o__Micrococcales; f__Micrococcaceae	0.9998853470065782
4f86ef0baf24ff9e4bfc48d7d6dbb1f3	d__Bacteria; p__Bacteroidota; c__Bacteroidia; o__Bacteroidales; f__Prevotellaceae; g__Prevotella; s__Prevotella_sp.	0.7941911453516317
e3383233168cd7e2d128f349c8363708	d__Bacteria; p__Actinobacteriota; c__Actinobacteria; o__Actinomycetales; f__Actinomycetaceae; g__Actinomyces; s__Actinomyces_graevenitzii	0.9999581398350068
c998d1bbf6fda0456959736e978e872d	d__Bacteria; p__Firmicutes; c__Bacilli; o__Staphylococcales; f__Staphylococcaceae; g__Staphylococcus	0.9519293216917933
0c6470090e2b4d2d69a93be623bcf489	d__Bacteria; p__Proteobacteria; c__Gammaproteobacteria; o__Burkholderiales; f__Neisseriaceae; g__Neisseria	0.9998305325361959
42dd882100ba6988a59b1d25ec25e4d6	d__Bacteria; p__Proteobacteria; c__Gammaproteobacteria; o__Pseudomonadales; f__Pseudomonadaceae; g__Pseudomonas	0.9998571834723229
54386ade869a40b3d80766f1235153f4	d__Bacteria; p__Bacteroidota; c__Bacteroidia; o__Bacteroidales; f__Prevotellaceae; g__Alloprevotella; s__Alloprevotella_rava	0.8451801130516801
b7bff63b0b20722b9be0126c7715208f	d__Bacteria; p__Proteobacteria; c__Alphaproteobacteria; o__Caulobacterales; f__Caulobacteraceae; g__Brevundimonas	0.9962162555609769
16d9ea9a5c230c1e23994cda5863a1c1	d__Bacteria; p__Patescibacteria; c__Saccharimonadia; o__Saccharimonadales; f__Saccharimonadaceae; g__Candidatus_Saccharimonas; s__uncultured_bacterium	0.9260589553999127
c30c7c49b929f5c46ec2854f9dce38a9	d__Bacteria; p__Bacteroidota; c__Bacteroidia; o__Bacteroidales; f__Prevotellaceae; g__Prevotella	0.9949206991479358
78ac592817e57d3677f15e84bad618a1	d__Bacteria; p__Firmicutes; c__Clostridia; o__Peptococcales; f__Peptococcaceae; g__Peptococcus	0.9999999737609067
fb7226d7188b2f8c70d21f482c6072eb	d__Bacteria; p__Proteobacteria; c__Gammaproteobacteria; o__Pseudomonadales; f__Moraxellaceae; g__Acinetobacter	0.999999290185916
54675bea07ffe24889852cf9f6a05279	d__Bacteria; p__Bacteroidota; c__Bacteroidia; o__Bacteroidales; f__Porphyromonadaceae; g__Porphyromonas	0.9999999970971531
7ca8e13b10adea6a2b17a98dbd5847fe	d__Bacteria; p__Bacteroidota; c__Bacteroidia; o__Bacteroidales; f__Prevotellaceae; g__Alloprevotella	0.999999898381629
f0bc9470256cd74cba7786b3fd830457	d__Bacteria; p__Proteobacteria; c__Gammaproteobacteria; o__Pseudomonadales; f__Pseudomonadaceae; g__Pseudomonas	0.8362495881294895
422b3ce2da7f221803473d3a1889dc0f	d__Bacteria; p__Bacteroidota; c__Bacteroidia; o__Bacteroidales; f__Tannerellaceae; g__Tannerella	0.9999720414909162
3ea1d6d577a4a8c2987934d277719148	d__Bacteria; p__Proteobacteria; c__Gammaproteobacteria; o__Pseudomonadales; f__Pseudomonadaceae; g__Pseudomonas	0.9988657828921755
daf7b093eaf9d91fceb7b522b706c41b	d__Bacteria; p__Proteobacteria; c__Alphaproteobacteria; o__Rhizobiales; f__Rhizobiaceae; g__Mesorhizobium	0.8971563097167929
8d0e75882c854a5d24e3923b68ae8a97	d__Bacteria; p__Firmicutes; c__Clostridia; o__Lachnospirales; f__Lachnospiraceae; g__Blautia	0.965642033642137
c62725668fddc4c89f666ba5b89910db	d__Bacteria; p__Actinobacteriota; c__Actinobacteria; o__Corynebacteriales; f__Corynebacteriaceae; g__Corynebacterium	0.996008642722398
fa72e751308fb721fea3793137f03d2d	d__Bacteria; p__Actinobacteriota; c__Actinobacteria; o__Corynebacteriales; f__Corynebacteriaceae; g__Corynebacterium	0.9951478305444642
fb8ce42a9801f5349ec7d23c570fb3bf	d__Bacteria; p__Firmicutes; c__Negativicutes; o__Veillonellales-Selenomonadales; f__Veillonellaceae; g__Veillonella; s__uncultured_methanogenic	0.9513402649681275
e346877e3a2499852c925bddb0f1471d	d__Bacteria; p__Firmicutes; c__Clostridia; o__Lachnospirales; f__Lachnospiraceae; g__Lachnoanaerobaculum	0.9993012065259531
228faec4ddf5b9470b0fb7275e08f3f6	d__Bacteria; p__Actinobacteriota; c__Coriobacteriia; o__Coriobacteriales; f__Atopobiaceae; g__Atopobium	0.9982070233761775
89befefc74f2860f52e13e122210ad74	d__Bacteria; p__Proteobacteria; c__Gammaproteobacteria; o__Burkholderiales; f__Neisseriaceae; g__Neisseria	0.9998098615244284
b1aaa2386e2b6ec284d5c2011bcfe656	d__Bacteria; p__Bacteroidota; c__Bacteroidia; o__Flavobacteriales; f__Flavobacteriaceae; g__Capnocytophaga	0.9999994958940488
391a1a1264b2c7ecf39dbea267ab4b7b	d__Bacteria; p__Actinobacteriota; c__Actinobacteria; o__Actinomycetales; f__Actinomycetaceae; g__Actinomyces; s__Schaalia_odontolytica	0.8007333990157759
4532454904f8766744e3609dc379a048	d__Bacteria; p__Actinobacteriota; c__Actinobacteria; o__Propionibacteriales; f__Propionibacteriaceae; g__Cutibacterium	0.9999646220260983
a9a067cf080e39b95b15f820e4f1553c	d__Bacteria; p__Firmicutes; c__Clostridia; o__Lachnospirales; f__Lachnospiraceae; g__Agathobacter	0.8893288895944793
a151cdb9b0024a7200b4b1f0353c87a9	d__Bacteria; p__Proteobacteria; c__Alphaproteobacteria; o__Rhizobiales; f__Xanthobacteraceae	0.9999956679963027
80f3802062914607078b516c30b64497	d__Bacteria; p__Bacteroidota; c__Bacteroidia; o__Bacteroidales; f__Prevotellaceae; g__Alloprevotella; s__Alloprevotella_rava	0.9378813767190297
acac8116d046721657e102ac4b3126ab	d__Bacteria; p__Firmicutes; c__Negativicutes; o__Veillonellales-Selenomonadales; f__Selenomonadaceae; g__Selenomonas	0.9886299285874243
483a4526a7496bc8cfff500f5e962d2d	d__Bacteria; p__Spirochaetota; c__Spirochaetia; o__Spirochaetales; f__Spirochaetaceae; g__Treponema; s__Treponema_medium	0.9654971814407897
2d33ab0628dfd18b13db598c19c3c113	d__Bacteria; p__Fusobacteriota; c__Fusobacteriia; o__Fusobacteriales; f__Leptotrichiaceae; g__Leptotrichia	0.9999994306963436
ef37329d31caed6db06351e08795f182	d__Bacteria; p__Firmicutes; c__Negativicutes; o__Veillonellales-Selenomonadales; f__Veillonellaceae; g__Veillonella; s__Veillonella_sp.	0.8265494251933221
9aa616e78fd8d55d9799e1c8f311fdab	d__Bacteria; p__Campilobacterota; c__Campylobacteria; o__Campylobacterales; f__Campylobacteraceae; g__Campylobacter; s__Campylobacter_ureolyticus	0.9998306806897355
966f11e76b86dd3277f2e9a2705e43f3	d__Bacteria; p__Firmicutes; c__Bacilli; o__Staphylococcales; f__Gemellaceae; g__Gemella	0.9999934698970298
a1f2885b8812847778b704e9d5b2775d	d__Bacteria; p__Proteobacteria; c__Alphaproteobacteria; o__Rhizobiales; f__Rhizobiaceae; g__Mesorhizobium	0.8704512609082422
0243ae40a0497084fdfca6ea26ccc5b3	d__Bacteria; p__Bacteroidota; c__Bacteroidia; o__Bacteroidales; f__Tannerellaceae; g__Tannerella	0.9999743750241219
f6f55c59ba9d69cb35a6de9ec18c3e44	d__Bacteria; p__Firmicutes; c__Clostridia; o__Clostridia_UCG-014; f__Clostridia_UCG-014; g__Clostridia_UCG-014; s__uncultured_bacterium	0.7390168963404018
8cae04b018df80a6d728c7b72feafd9f	d__Bacteria; p__Bacteroidota; c__Bacteroidia; o__Bacteroidales; f__Prevotellaceae; g__Alloprevotella; s__uncultured_Bacteroidetes	0.8047739219060793
a719fe57603c4bf4826749d89fbb6e2c	d__Bacteria; p__Actinobacteriota; c__Actinobacteria; o__Micrococcales; f__Micrococcaceae; g__Rothia	0.9999875445387393
1f5e4e565e9e50e85cd6bbc4e512af42	d__Bacteria; p__Proteobacteria; c__Alphaproteobacteria; o__Rhizobiales; f__Xanthobacteraceae; g__Bradyrhizobium	0.7006207844998797
0ec36be79a763852d3931f6d5b75449c	d__Bacteria; p__Fusobacteriota; c__Fusobacteriia; o__Fusobacteriales; f__Leptotrichiaceae; g__Leptotrichia; s__uncultured_bacterium	0.9291788709595594
a9c57e070d351ece603920d9b33854a8	d__Bacteria; p__Bacteroidota; c__Bacteroidia; o__Flavobacteriales; f__Flavobacteriaceae; g__Capnocytophaga; s__Capnocytophaga_gingivalis	0.9583986444415552
9f213305c207d32e9080630a477b96f3	d__Eukaryota; p__Ascomycota	0.9990049286269053
bc709b1ca5dfcdcc129fc6dc9a2c068f	d__Bacteria; p__Firmicutes; c__Clostridia; o__Lachnospirales; f__Lachnospiraceae; g__Butyrivibrio	0.9997451817495021
3c8ff414f3189a2977e1ff97562527d3	d__Bacteria; p__Bacteroidota; c__Bacteroidia; o__Bacteroidales; f__Prevotellaceae; g__Prevotella; s__Prevotella_melaninogenica	0.9808484406645793
16f7dab42264bee53ac1ae051c1cf592	d__Bacteria; p__Firmicutes; c__Clostridia; o__Clostridia_UCG-014; f__Clostridia_UCG-014; g__Clostridia_UCG-014; s__Clostridiales_bacterium	0.9996576169363408
10983f49a14da3b63c020c64c68cf917	d__Bacteria; p__Fusobacteriota; c__Fusobacteriia; o__Fusobacteriales; f__Fusobacteriaceae; g__Fusobacterium	0.9999997904763196
18a49bbd42a018582f7f5bd38ba29b2d	d__Bacteria; p__Firmicutes; c__Negativicutes; o__Veillonellales-Selenomonadales; f__Veillonellaceae; g__Veillonella; s__Veillonella_sp.	0.729079226041154
72b985a13f02a0f426a484845abb438e	d__Bacteria; p__Firmicutes; c__Negativicutes; o__Veillonellales-Selenomonadales; f__Veillonellaceae; g__Megasphaera; s__Megasphaera_micronuciformis	0.9998132003204407
5019b972b3b995a1e1eed0b7afc67ce6	d__Bacteria; p__Proteobacteria; c__Alphaproteobacteria; o__Sphingomonadales; f__Sphingomonadaceae; g__Sphingomonas	0.9681216256567029
15693b2fe9e6b2bfd3a3176cccf02bdf	d__Bacteria; p__Cyanobacteria; c__Cyanobacteriia; o__Chloroplast; f__Chloroplast; g__Chloroplast	0.9999999999570289
5e1663785c39cf8d9a5fcf67a59e8d9d	d__Bacteria; p__Bacteroidota; c__Bacteroidia; o__Bacteroidales; f__Prevotellaceae; g__Prevotella; s__Prevotella_nigrescens	0.9999977542056435
895882991c9178e7e0f8810918952151	d__Bacteria; p__Bacteroidota; c__Bacteroidia; o__Bacteroidales; f__Porphyromonadaceae; g__Porphyromonas; s__unidentified	0.7885658479044356
a2ae22960ff16ea675dd8b2718dea75d	d__Bacteria; p__Firmicutes; c__Negativicutes; o__Veillonellales-Selenomonadales; f__Selenomonadaceae; g__Selenomonas	0.984892192093074
76cde3d7fa0ccaf847067445d29bf1d8	d__Bacteria; p__Bacteroidota; c__Bacteroidia; o__Bacteroidales; f__Porphyromonadaceae; g__Porphyromonas; s__unidentified	0.7879296035781318
8ea5fd2be1159c00e2fbbcb4dab15b41	d__Bacteria; p__Proteobacteria; c__Gammaproteobacteria; o__Burkholderiales; f__Burkholderiaceae; g__Cupriavidus; s__Cupriavidus_basilensis	0.830571988506505
6dc83080c90ff3775749bc7f2cc41100	d__Bacteria; p__Proteobacteria; c__Alphaproteobacteria; o__Rhodobacterales; f__Rhodobacteraceae; g__Paracoccus	0.9875065161413172
8d35a50683a9d3dc5dffde9e91399498	d__Bacteria; p__Proteobacteria; c__Gammaproteobacteria; o__Pseudomonadales; f__Pseudomonadaceae; g__Pseudomonas	0.9998708724447392
a6aa6143a289df6831e25a7a477890a6	d__Bacteria; p__Bacteroidota; c__Bacteroidia; o__Bacteroidales; f__Prevotellaceae	0.9991146582391266
81b46831ad012a71f8e511aeaa38d2c1	d__Bacteria; p__Firmicutes; c__Clostridia; o__Peptostreptococcales-Tissierellales; f__Peptostreptococcaceae; g__Filifactor; s__Filifactor_alocis	0.8464776878056764
c7d5c95bec20ea7d45bd051e1beac416	d__Bacteria; p__Bacteroidota; c__Bacteroidia; o__Bacteroidales; f__Prevotellaceae; g__Prevotella	0.9989144115608991
8aefca1fedb8a83fe7a3d215d13c7044	d__Bacteria; p__Proteobacteria; c__Gammaproteobacteria; o__Pseudomonadales; f__Moraxellaceae; g__Acinetobacter	0.9999945304475881
9ec73f8be46777a54a4d842cede809fa	d__Bacteria; p__Bacteroidota; c__Bacteroidia; o__Flavobacteriales; f__Flavobacteriaceae; g__Capnocytophaga; s__Capnocytophaga_leadbetteri	0.736540042708058
f4df60e27863108b499d94640e6d44ad	d__Bacteria; p__Firmicutes; c__Clostridia; o__Lachnospirales; f__Lachnospiraceae; g__uncultured; s__Eubacterium_sp.	0.7083848385382393
6839ae958e0bffd8017d55169c298fb4	d__Bacteria; p__Firmicutes; c__Bacilli; o__Lactobacillales; f__Streptococcaceae; g__Streptococcus	0.9999985083664671
009101df57047fafc8d0aa7b407220d4	d__Bacteria; p__Proteobacteria; c__Alphaproteobacteria; o__Caulobacterales; f__Caulobacteraceae; g__Brevundimonas	0.9959298172489054
b681f99fc178a775ad9965f1bbc8c728	d__Bacteria; p__Firmicutes; c__Clostridia; o__Oscillospirales; f__Ruminococcaceae; g__Faecalibacterium	0.9998817790040175
3b11074eb96cbd5820ca7f4e733b6a93	d__Bacteria; p__Firmicutes; c__Clostridia; o__Peptostreptococcales-Tissierellales; f__Peptostreptococcales-Tissierellales; g__Anaerococcus	0.9999999995717829
46bbc170d248496ba74546cbbea2baca	d__Bacteria; p__Proteobacteria; c__Gammaproteobacteria; o__Burkholderiales; f__Neisseriaceae; g__Eikenella	0.9819815446158174
1f76dea52932f6b2a0cb6438d9a39541	d__Bacteria; p__Proteobacteria; c__Gammaproteobacteria; o__Pasteurellales; f__Pasteurellaceae; g__Aggregatibacter	0.9934676738555692
a149f02aa7ba016f983575b6e5a413c6	d__Bacteria; p__Actinobacteriota; c__Actinobacteria; o__Corynebacteriales; f__Nocardiaceae; g__Rhodococcus	0.9999910761475773
2c85620ffdbe28f255c5bbc7aea647e0	d__Bacteria; p__Campilobacterota; c__Campylobacteria; o__Campylobacterales; f__Campylobacteraceae; g__Campylobacter; s__Campylobacter_showae	0.847228024770537
b97dd15ef641c203872f6efe61d2ac8c	d__Bacteria; p__Bacteroidota; c__Bacteroidia; o__Flavobacteriales; f__Flavobacteriaceae; g__Capnocytophaga; s__Capnocytophaga_gingivalis	0.9056417214674904
4e10d3c419b6691150e454de2458508c	d__Bacteria; p__Firmicutes; c__Bacilli; o__Lactobacillales; f__Streptococcaceae; g__Streptococcus	0.999999303043708
d77e5f88852f35b8d29c9777146db4b0	d__Bacteria; p__Firmicutes; c__Clostridia; o__Peptococcales; f__Peptococcaceae; g__Peptococcus; s__uncultured_Peptococcus	0.714452329426469
1001c6fb22ec37cfff71b4114b848770	d__Bacteria; p__Firmicutes; c__Clostridia; o__Lachnospirales; f__Lachnospiraceae; g__[Ruminococcus]_torques_group	0.9545023970998018
ae7f81c0cc7d1b43a08593c35784382b	d__Bacteria; p__Firmicutes; c__Bacilli; o__Bacillales; f__Bacillaceae; g__Bacillus	0.9881210237391352
c32ce1eddd139f994f628d34f1c4efdd	d__Bacteria; p__Proteobacteria; c__Gammaproteobacteria; o__Burkholderiales; f__Oxalobacteraceae; g__Massilia	0.9882527897127926
d80f0a8779491bdd47d899c0f8776f7a	d__Bacteria; p__Patescibacteria; c__Saccharimonadia; o__Saccharimonadales; f__Saccharimonadales; g__Saccharimonadales; s__TM7_phylum	0.9961317035362429
e3653d052e448b8541f7400e99122f2f	d__Bacteria; p__Actinobacteriota; c__Actinobacteria; o__Micrococcales; f__Micrococcaceae; g__Micrococcus	0.9846702027301337
f0abe7b6c9bff0afe15ae77140619d9a	d__Bacteria; p__Actinobacteriota; c__Actinobacteria; o__Micrococcales; f__Micrococcaceae; g__Kocuria	0.9889198369806326
4e446766df66360b0122cefdc216edf9	d__Bacteria; p__Bacteroidota; c__Bacteroidia; o__Bacteroidales; f__Prevotellaceae; g__Prevotella; s__Prevotella_baroniae	0.9999097649115278
f15ee9fa6b4bd8886898e4857324939a	d__Bacteria; p__Fusobacteriota; c__Fusobacteriia; o__Fusobacteriales; f__Leptotrichiaceae; g__Leptotrichia	0.9996335099842651
c088420a7fbb0b3135c3076ebd629991	d__Bacteria; p__Fusobacteriota; c__Fusobacteriia; o__Fusobacteriales; f__Fusobacteriaceae; g__Fusobacterium	0.9999999700309911
3a99ac8a3056f993fe8ed040472d41f8	d__Bacteria; p__Firmicutes; c__Negativicutes; o__Veillonellales-Selenomonadales; f__Veillonellaceae; g__Dialister	0.9999989851213218
39c8965921b973cfe8b71984be684078	d__Bacteria; p__Bacteroidota; c__Bacteroidia; o__Flavobacteriales; f__Flavobacteriaceae; g__Capnocytophaga; s__uncultured_Capnocytophaga	0.8263719699625163
04551427b2d82f37cc56bffd93d9415c	d__Bacteria; p__Proteobacteria; c__Gammaproteobacteria; o__Pasteurellales; f__Pasteurellaceae; g__Haemophilus	0.9890192697728989
822b19fdf8e1463d28b15adbf8a4df77	d__Bacteria; p__Proteobacteria; c__Gammaproteobacteria; o__Pseudomonadales; f__Pseudomonadaceae; g__Pseudomonas	0.9980444932850487
0f38edcb21bd439f39bb34b12514f6dc	d__Bacteria; p__Firmicutes; c__Clostridia; o__Clostridiales; f__Clostridiaceae; g__Clostridium_sensu_stricto_1	0.9995711834427202
093f7c878281f0d48a18187cd2de1504	d__Bacteria; p__Firmicutes; c__Negativicutes; o__Veillonellales-Selenomonadales; f__Veillonellaceae; g__Veillonella; s__Veillonella_sp.	0.7219134260942452
31262c1f99678b0d0b1a2ce8bb63d0cb	d__Bacteria; p__Actinobacteriota; c__Actinobacteria; o__Micrococcales; f__Micrococcaceae	0.9998004118304098
5006ad188dd138404e621259b2939e53	d__Bacteria; p__Fusobacteriota; c__Fusobacteriia; o__Fusobacteriales; f__Leptotrichiaceae; g__Leptotrichia; s__uncultured_bacterium	0.9369583853445933
0db317c09abb1a54c4b3fec94bb211b4	d__Bacteria; p__Firmicutes; c__Clostridia; o__Lachnospirales; f__Lachnospiraceae; g__Lachnoanaerobaculum	0.9994648929069665
aaa8b445a3b9b920687483140524702e	d__Bacteria; p__Bacteroidota; c__Bacteroidia; o__Flavobacteriales; f__Weeksellaceae; g__Bergeyella; s__uncultured_bacterium	0.9623463831280973
370d33eadc3670a8605b76d416f5228a	d__Bacteria; p__Actinobacteriota; c__Actinobacteria; o__Bifidobacteriales; f__Bifidobacteriaceae; g__Gardnerella; s__Gardnerella_vaginalis	0.7577698332278224
96ed18242505cc4dade7f2c97a53114a	d__Bacteria; p__Bacteroidota; c__Bacteroidia; o__Bacteroidales; f__Prevotellaceae; g__Prevotella	0.9998924028438154
1ccdeaa8e76566a771d6fe31551b1767	d__Bacteria; p__Bacteroidota; c__Bacteroidia; o__Bacteroidales; f__Tannerellaceae; g__Tannerella	0.9999823473452978
79f210ff990c9e38f44d642a8be4d547	d__Bacteria; p__Firmicutes; c__Clostridia; o__Lachnospirales; f__Lachnospiraceae; g__Butyrivibrio	0.999724031178066
9fc177305161ad1884379bae4f9c707c	d__Bacteria; p__Actinobacteriota; c__Actinobacteria; o__Corynebacteriales; f__Corynebacteriaceae; g__Lawsonella	0.9999962199914278
cfe21bdab056eba6894a69a2495c1f2f	d__Bacteria; p__Actinobacteriota; c__Actinobacteria; o__Propionibacteriales; f__Propionibacteriaceae; g__Cutibacterium	0.999965686334159
20f91a0395f904c5085720a31b764afd	d__Bacteria; p__Fusobacteriota; c__Fusobacteriia; o__Fusobacteriales; f__Leptotrichiaceae; g__Leptotrichia; s__uncultured_bacterium	0.9056507644133263
7b0c319ec7012ef830ea72c81c16e261	d__Bacteria; p__Firmicutes; c__Clostridia; o__Lachnospirales; f__Lachnospiraceae	0.9999847043445707
eef4a3e9054d55904365e295cf7989c9	d__Bacteria; p__Patescibacteria; c__Saccharimonadia; o__Saccharimonadales; f__Saccharimonadaceae; g__Candidatus_Saccharimonas; s__uncultured_bacterium	0.7375756342304808
c4803f64a4312970bc2f2274ec9bed69	d__Bacteria; p__Firmicutes; c__Clostridia; o__Peptococcales; f__Peptococcaceae; g__Peptococcus; s__uncultured_Peptococcus	0.7089919133172029
5ceb93b85cbc3a297b84d01986b7a302	d__Bacteria; p__Firmicutes; c__Clostridia; o__Lachnospirales; f__Lachnospiraceae; g__Johnsonella	0.9998939055802311
b447b73b7ae1478f662bacd191e56d57	d__Bacteria; p__Proteobacteria; c__Gammaproteobacteria; o__Pseudomonadales; f__Moraxellaceae; g__Moraxella	0.9983068641122627
4cb15ba10e7ed3e6f6faba3ce5e450f6	d__Bacteria; p__Proteobacteria; c__Gammaproteobacteria; o__Burkholderiales; f__Oxalobacteraceae; g__Massilia	0.991865669617013
8f32eb826b498ed3139b13fcc0488307	d__Bacteria; p__Proteobacteria; c__Gammaproteobacteria; o__Enterobacterales; f__Enterobacteriaceae	0.9690503041281228
c6890de8f9a1f262638346723e33df4c	d__Bacteria; p__Patescibacteria; c__Saccharimonadia; o__Saccharimonadales; f__Saccharimonadaceae; g__Candidatus_Saccharimonas; s__uncultured_bacterium	0.8773897286496972
e26cdf40da253b643852242ac4a723fe	d__Bacteria; p__Bacteroidota; c__Bacteroidia; o__Bacteroidales; f__Rikenellaceae; g__Rikenellaceae_RC9_gut_group; s__Bacteroidales_oral	0.9995280239626579
459248fda7e73a7aef6873ce66110eb7	d__Bacteria; p__Fusobacteriota; c__Fusobacteriia; o__Fusobacteriales; f__Leptotrichiaceae; g__Leptotrichia; s__uncultured_bacterium	0.9574215867510442
2631b8cd81479891745d1e2ff71d6431	d__Bacteria; p__Proteobacteria; c__Gammaproteobacteria; o__Burkholderiales; f__Neisseriaceae; g__Eikenella	0.9842068108541648
d28c6e0544fd9a9b15c9c10610bb439e	d__Bacteria; p__Bacteroidota; c__Bacteroidia; o__Bacteroidales; f__Prevotellaceae; g__Prevotella; s__Prevotella_intermedia	0.999353482980089
b73ee7818033f24f24ffe037a4e9870c	d__Bacteria; p__Firmicutes; c__Negativicutes; o__Veillonellales-Selenomonadales; f__Veillonellaceae; g__Veillonella	0.9999522504193057
0ccf213ba51d56b0e6c0a55a5c5dd775	d__Bacteria; p__Firmicutes; c__Negativicutes; o__Veillonellales-Selenomonadales; f__Selenomonadaceae; g__Selenomonas; s__Selenomonas_sputigena	0.9449418872196618
6b30d7eb1317d63b72c639531ed6000b	d__Bacteria; p__Firmicutes; c__Clostridia; o__Lachnospirales; f__Lachnospiraceae; g__Catonella; s__uncultured_bacterium	0.7862951762111753
118a278a7fbe99e86f473246966f82a7	d__Bacteria; p__Bacteroidota; c__Bacteroidia; o__Flavobacteriales; f__Flavobacteriaceae; g__Capnocytophaga; s__Capnocytophaga_gingivalis	0.9599410778364291
5fbc8f13db828cd80d7810dc09a38803	d__Bacteria; p__Bacteroidota; c__Bacteroidia; o__Bacteroidales; f__Prevotellaceae; g__Prevotella; s__Prevotella_pallens	0.999953618574299
c128aa2adda72e5b19576ee025b24808	d__Bacteria; p__Bacteroidota; c__Bacteroidia; o__Bacteroidales; f__Prevotellaceae; g__Prevotella	0.9999664104621284
b2fa4f6b1669d5efc9e0b042702afac2	d__Bacteria; p__Bacteroidota; c__Bacteroidia; o__Bacteroidales; f__Tannerellaceae; g__Tannerella	0.9999731658447435
109293494341d9466005f7f89fa7d4e4	d__Bacteria; p__Actinobacteriota; c__Actinobacteria; o__Propionibacteriales; f__Propionibacteriaceae; g__Cutibacterium	0.9999709203605343
bc4777d53b819be55593187977674885	d__Bacteria; p__Proteobacteria; c__Gammaproteobacteria; o__Pseudomonadales; f__Moraxellaceae; g__Psychrobacter	0.9999847733754624
48a6e5c8c4fc2b69e0a09796047dfb93	d__Bacteria; p__Proteobacteria; c__Alphaproteobacteria; o__Caulobacterales; f__Caulobacteraceae; g__Brevundimonas	0.9972791601878347
46bb569790f5cd7df2aaf4769dbd8c74	d__Bacteria; p__Firmicutes; c__Bacilli; o__Bacillales; f__Bacillaceae; g__Bacillus	0.9898430828377504
bb3470f3396b6f52d0f7eff0e8d8078e	d__Bacteria; p__Proteobacteria; c__Gammaproteobacteria; o__Pseudomonadales; f__Moraxellaceae; g__Acinetobacter	0.9999871649933906
d079bd7284fb94bf73427d5e4a51158e	d__Bacteria; p__Firmicutes; c__Bacilli; o__Staphylococcales; f__Staphylococcaceae; g__Staphylococcus	0.9452904791534944
af83dcc2e9aff8cb9f4dcfa3c675866d	d__Bacteria; p__Proteobacteria; c__Gammaproteobacteria; o__Burkholderiales; f__Neisseriaceae; g__Eikenella	0.9814544376892568
bafc36d0621416a8b0fc6048c03ed7ce	d__Bacteria; p__Firmicutes; c__Clostridia; o__Peptostreptococcales-Tissierellales; f__Peptostreptococcaceae; g__Filifactor; s__Filifactor_alocis	0.8186542172506569
5e08cf42e32083dd038a3bb5205399d4	d__Bacteria; p__Firmicutes; c__Clostridia; o__Lachnospirales; f__Lachnospiraceae; g__Johnsonella	0.9998906296843987
bd5bea1ecfe3b50e25f37e1bd27f489f	d__Bacteria; p__Actinobacteriota; c__Actinobacteria; o__Corynebacteriales; f__Corynebacteriaceae; g__Lawsonella	0.9999972095514517
bbf4380d053c205f0493f6e6b5037b35	d__Bacteria; p__Actinobacteriota; c__Actinobacteria; o__Corynebacteriales; f__Corynebacteriaceae; g__Corynebacterium	0.9909710473178541
e1dfab2ef0d5ab15790c23ec64f1ce1e	d__Bacteria; p__Actinobacteriota; c__Actinobacteria; o__Actinomycetales; f__Actinomycetaceae; g__Actinomyces; s__Schaalia_odontolytica	0.8637731776721056
752a30284c45f35e7824f72e6b7019f5	d__Bacteria; p__Actinobacteriota; c__Actinobacteria; o__Actinomycetales; f__Actinomycetaceae; g__Actinomyces	0.999997634330128
066bda77c212904c91765833cdd053fc	d__Bacteria; p__Actinobacteriota; c__Actinobacteria; o__Corynebacteriales; f__Corynebacteriaceae; g__Corynebacterium	0.9898813966590495
10bb9672da7cbf28b82c3b44ee244a1a	d__Bacteria; p__Bacteroidota; c__Bacteroidia; o__Bacteroidales; f__Prevotellaceae; g__Prevotella; s__Prevotella_salivae	0.9985375565345292
690c56d6ce49f9851e8f779842787e7d	d__Bacteria; p__Actinobacteriota; c__Actinobacteria; o__Actinomycetales; f__Actinomycetaceae; g__Actinomyces; s__Schaalia_odontolytica	0.8734162138148973
f9397cb450709d0928ee881391fa7a03	d__Bacteria; p__Firmicutes; c__Negativicutes; o__Veillonellales-Selenomonadales; f__Selenomonadaceae; g__Selenomonas; s__Selenomonas_sputigena	0.864767955622911
afe5a4bb2d2184d9c655b4fa577c2cfc	d__Bacteria; p__Bacteroidota; c__Bacteroidia; o__Bacteroidales; f__Prevotellaceae; g__Alloprevotella; s__uncultured_Prevotellaceae	0.8092373766380132
11ccfb1ba06dfb5b5097a8a09d2c063d	d__Bacteria; p__Proteobacteria; c__Gammaproteobacteria; o__Burkholderiales; f__Neisseriaceae; g__Neisseria	0.9998381773692372
d3dc7195402b32b9ebe29465e5023c3c	d__Bacteria; p__Firmicutes; c__Bacilli; o__Lactobacillales; f__Streptococcaceae; g__Streptococcus	0.999999122423993
b72b8ee47db3d2c80ac541eb435f6c6e	d__Bacteria; p__Actinobacteriota; c__Actinobacteria; o__Corynebacteriales; f__Corynebacteriaceae; g__Corynebacterium	0.9998999712268488
89f0799fd170398e9eb9e63f11a232d4	d__Bacteria; p__Proteobacteria; c__Gammaproteobacteria; o__Pseudomonadales; f__Pseudomonadaceae; g__Pseudomonas	0.9996157580610481
395bbab0a84c7dd7205568043b08eae5	d__Bacteria; p__Proteobacteria; c__Alphaproteobacteria; o__Sphingomonadales; f__Sphingomonadaceae; g__Sphingomonas	0.9670700070357828
b8593abd01fd410c6edff0cd86963bfd	d__Bacteria; p__Proteobacteria; c__Gammaproteobacteria; o__Pseudomonadales; f__Pseudomonadaceae; g__Pseudomonas	0.9998768039822645
b438176c4cd8cbec01f8115fcfec1f7c	d__Bacteria; p__Firmicutes; c__Clostridia; o__Clostridia_vadinBB60_group; f__Clostridia_vadinBB60_group; g__Clostridia_vadinBB60_group; s__Clostridiales_bacterium	0.9995832534171372
6f3f6842202a24bade53412bfd00a480	d__Bacteria; p__Patescibacteria; c__Saccharimonadia; o__Saccharimonadales; f__Saccharimonadales; g__Saccharimonadales; s__TM7_phylum	0.9415031602099037
178965d05586d524cbe294fd8eafddd4	d__Bacteria; p__Firmicutes; c__Negativicutes; o__Veillonellales-Selenomonadales; f__Veillonellaceae; g__Veillonella	0.9999556404060976
f346c3711670d32d593ccded7013ac44	d__Bacteria; p__Actinobacteriota; c__Actinobacteria; o__Micrococcales; f__Micrococcaceae; g__Kocuria	0.9870497314656969
a22d6e813f5ca4671a3d3e9f6a0b2e50	d__Bacteria; p__Firmicutes; c__Bacilli; o__Lactobacillales; f__Streptococcaceae; g__Streptococcus	0.9999949658844165
ea6a024c87ae9355a36450a7033e9a51	d__Bacteria; p__Firmicutes; c__Clostridia; o__Peptostreptococcales-Tissierellales; f__Peptostreptococcales-Tissierellales; g__Anaerococcus; s__Anaerococcus_octavius	0.705701077398475
a68a246a55b3e678c29bd595bc5a3965	d__Bacteria; p__Bacteroidota; c__Bacteroidia; o__Flavobacteriales; f__Weeksellaceae; g__Empedobacter	0.9981290737693935
6526a094e17cab08b57faa338f736cae	d__Bacteria; p__Bacteroidota; c__Bacteroidia; o__Bacteroidales; f__Prevotellaceae; g__Prevotella; s__Prevotella_pallens	0.9996565671853515
46f9028f425c51e561536aceab215428	d__Bacteria; p__Bacteroidota; c__Bacteroidia; o__Bacteroidales; f__Prevotellaceae; g__Prevotella; s__Prevotella_aurantiaca	0.9998854254273261
62ac87128dd3730a0f77de34883e5d6b	d__Bacteria; p__Actinobacteriota; c__Actinobacteria; o__Actinomycetales; f__Actinomycetaceae; g__Actinomyces; s__Schaalia_odontolytica	0.773714994604732
eb3c462fe3ad32f61735b3a83c30a25f	d__Bacteria; p__Bacteroidota; c__Bacteroidia; o__Flavobacteriales; f__Weeksellaceae; g__Empedobacter	0.9963492924889943
3a2990c761be073d8a7725e1e7d520e9	d__Bacteria; p__Proteobacteria; c__Gammaproteobacteria; o__Pseudomonadales; f__Moraxellaceae; g__Enhydrobacter	0.9632412721347642
f324a0ac651dfc7c13568ef9fd333b6b	d__Bacteria; p__Bacteroidota; c__Bacteroidia; o__Flavobacteriales; f__Weeksellaceae; g__Empedobacter	0.9967614564750582
9653ed5d3020b765998c4ed947814a79	d__Bacteria; p__Bacteroidota; c__Bacteroidia; o__Bacteroidales; f__Prevotellaceae; g__Prevotella; s__Prevotella_salivae	0.9743105354302108
d0a51cd48d20acbd2ed280a4ee003161	d__Bacteria; p__Firmicutes; c__Clostridia; o__Lachnospirales; f__Lachnospiraceae; g__Stomatobaculum; s__uncultured_bacterium	0.7413544769976149
e9799560406f68c85cd0c6b5ecc48219	d__Bacteria; p__Bacteroidota; c__Bacteroidia; o__Flavobacteriales; f__Weeksellaceae; g__Bergeyella; s__uncultured_bacterium	0.9206065679342975
06d44104e8b44fa9777e6038925e8840	d__Bacteria; p__Proteobacteria; c__Gammaproteobacteria; o__Pseudomonadales; f__Moraxellaceae; g__Acinetobacter	0.9999924667586906
6ffc731651faa4d0d9c2c8a56cf4b9e1	d__Bacteria; p__Firmicutes; c__Clostridia; o__Lachnospirales; f__Lachnospiraceae; g__Agathobacter	0.913933058089491
22760f2fd1337904c47244cfdcfb6a7f	d__Bacteria; p__Spirochaetota; c__Spirochaetia; o__Spirochaetales; f__Spirochaetaceae; g__Treponema; s__Treponema_medium	0.8287883383138539
e134c91916dcb2cfde4098ba6e7d89ae	d__Bacteria; p__Bacteroidota; c__Bacteroidia; o__Bacteroidales; f__Prevotellaceae; g__Prevotella; s__Prevotella_sp.	0.8221112573591862
7ed507680b0d71c42bc80127bf48beaa	d__Bacteria; p__Firmicutes; c__Bacilli; o__Lactobacillales; f__Carnobacteriaceae; g__Granulicatella	0.7197811455711023
de747e2721a221dcf62acbeec9a59b24	d__Bacteria; p__Proteobacteria; c__Gammaproteobacteria; o__Pseudomonadales; f__Moraxellaceae; g__Moraxella	0.9979147921273092
cf0799d88d3643eee595bfb9741ec78d	d__Bacteria; p__Proteobacteria; c__Gammaproteobacteria; o__Burkholderiales; f__Neisseriaceae; g__Alysiella	0.9972970856767769
6081bd7277380338e4d5534a92c14f95	d__Bacteria; p__Proteobacteria; c__Alphaproteobacteria; o__Sphingomonadales; f__Sphingomonadaceae; g__Novosphingobium	0.9243538393422952
eb83af23edf926bdde2875aa47a310f4	d__Bacteria; p__Bacteroidota; c__Bacteroidia; o__Flavobacteriales; f__Weeksellaceae; g__Empedobacter	0.9982606820165769
ce8d998003b2d9ffdd75066f996f03b6	d__Bacteria; p__Firmicutes; c__Negativicutes; o__Veillonellales-Selenomonadales; f__Veillonellaceae; g__Megasphaera; s__Megasphaera_micronuciformis	0.9997940691612328
3c9b783daf8e8cbd4b5b0e54a82b7453	d__Bacteria; p__Bacteroidota; c__Bacteroidia; o__Sphingobacteriales; f__Lentimicrobiaceae; g__Lentimicrobium; s__unidentified	0.9999043005790665
6cbb383707a05e8e5ec56e80e3d55f50	d__Bacteria; p__Firmicutes; c__Bacilli; o__Lactobacillales; f__Carnobacteriaceae; g__Granulicatella	0.8604001352706628
9eed7bc7290dbe32f93d28f824038d15	d__Bacteria; p__Bacteroidota; c__Bacteroidia; o__Bacteroidales; f__Prevotellaceae; g__Prevotella; s__Prevotella_nanceiensis	0.9999956504429071
b67446c6a695e185293c49b16726404c	d__Bacteria; p__Fusobacteriota; c__Fusobacteriia; o__Fusobacteriales; f__Leptotrichiaceae; g__Leptotrichia; s__uncultured_bacterium	0.9685679057711439
fa6d499819b7a0e6b3fb65d3dd570963	d__Bacteria; p__Bacteroidota; c__Bacteroidia; o__Bacteroidales; f__Prevotellaceae; g__Prevotella; s__Prevotella_sp.	0.8031544998483352
c80a97e01189307b752838a0683c2183	d__Bacteria; p__Actinobacteriota; c__Actinobacteria; o__Actinomycetales; f__Actinomycetaceae; g__Actinomyces	0.999999944979277
3f80dace60db866c691599e3acf5a15f	d__Bacteria; p__Proteobacteria; c__Alphaproteobacteria; o__Sphingomonadales; f__Sphingomonadaceae; g__Novosphingobium	0.9693857393287822
d4dcc49e862faae6737ef27ef6778394	d__Bacteria; p__Bacteroidota; c__Bacteroidia; o__Flavobacteriales; f__Weeksellaceae; g__Empedobacter	0.9966312276600098
09a813b6a3eb5344e32e504003cb1d69	d__Bacteria; p__Actinobacteriota; c__Actinobacteria; o__Micrococcales; f__Micrococcaceae; g__Rothia	0.9999620338124017
b17c5e53c89019adfaec847416d1128b	d__Bacteria; p__Firmicutes; c__Clostridia; o__Peptostreptococcales-Tissierellales; f__Peptostreptococcaceae	0.9999999781253605
1143e42eb94db60fae90cbf9e4428aa5	d__Bacteria; p__Firmicutes; c__Clostridia; o__Lachnospirales; f__Lachnospiraceae; g__Oribacterium	0.9992838184953169
74fd83020e6d74dabd4867a1e4bd4abd	d__Bacteria; p__Firmicutes; c__Clostridia; o__Clostridia_UCG-014; f__Clostridia_UCG-014; g__Clostridia_UCG-014; s__uncultured_bacterium	0.783625743192328
5519a55aae555bc04ac2a9a74a7b434f	d__Bacteria; p__Firmicutes; c__Clostridia; o__Clostridia_UCG-014; f__Clostridia_UCG-014; g__Clostridia_UCG-014; s__uncultured_bacterium	0.7334101463487025
d02b406fa967635c0dca76fff52fe0b4	d__Bacteria; p__Bacteroidota; c__Bacteroidia; o__Bacteroidales; f__Prevotellaceae; g__Alloprevotella; s__Alloprevotella_tannerae	0.9597266301783879
9ea05b40f2591f276379ef2d23afec20	d__Bacteria; p__Proteobacteria; c__Gammaproteobacteria; o__Pseudomonadales; f__Moraxellaceae; g__Moraxella	0.9999716114955983
f2b0ce6c2553e8b3a7600c1a3ab23406	d__Bacteria; p__Proteobacteria; c__Gammaproteobacteria; o__Pasteurellales; f__Pasteurellaceae; g__Haemophilus	0.9411319418009416
897c2fc60bbd76e075de8ce6d73b726c	d__Bacteria; p__Firmicutes; c__Clostridia; o__Peptostreptococcales-Tissierellales; f__Peptostreptococcales-Tissierellales; g__Anaerococcus; s__Anaerococcus_octavius	0.8097006547710024
b2ad775d80b8b9e19244d49e67e6133a	d__Bacteria; p__Actinobacteriota; c__Actinobacteria; o__Actinomycetales; f__Actinomycetaceae; g__Actinomyces; s__Schaalia_odontolytica	0.7949626483779878
2d6cf512ecb9b3ef2f377202e3120b1c	d__Bacteria; p__Firmicutes; c__Bacilli; o__Lactobacillales; f__Carnobacteriaceae; g__Granulicatella	0.7644297072806506
43dc686fd7461c78ee8f89db8b70b84e	d__Bacteria; p__Proteobacteria; c__Alphaproteobacteria; o__Rhodobacterales; f__Rhodobacteraceae; g__Paracoccus	0.9895932226367187
13f35aedef938444939f366201e05e6e	d__Bacteria; p__Proteobacteria; c__Gammaproteobacteria; o__Burkholderiales; f__Neisseriaceae	0.9999992016568121
8bb925f292e8b84f61b87641ae7587cb	d__Bacteria; p__Bacteroidota; c__Bacteroidia; o__Flavobacteriales; f__Weeksellaceae; g__Empedobacter	0.9978091947107623
e1744e809fb40b969646913601db4277	d__Bacteria; p__Fusobacteriota; c__Fusobacteriia; o__Fusobacteriales; f__Fusobacteriaceae; g__Fusobacterium	0.9999946154496324
dcecd8cce88e736967ac64c4596ed5e7	d__Bacteria; p__Firmicutes; c__Clostridia; o__Peptostreptococcales-Tissierellales; f__Peptostreptococcaceae	0.9992368577047034
b8bacf2738e2f5fcb0ef5ae3e97517a2	d__Bacteria; p__Firmicutes; c__Bacilli; o__Erysipelotrichales; f__Erysipelotrichaceae; g__Solobacterium; s__uncultured_organism	0.899647393634768
ce0e0605754d47f04883aee7fb00779b	d__Bacteria; p__Proteobacteria; c__Gammaproteobacteria; o__Pasteurellales; f__Pasteurellaceae; g__Haemophilus	0.9535294858717214
d7c4f1105a0bfec4588afadf8691f1b3	d__Bacteria; p__Bacteroidota; c__Bacteroidia; o__Flavobacteriales; f__Flavobacteriaceae; g__Capnocytophaga; s__Capnocytophaga_leadbetteri	0.708216986301396
8abe1f2c99e146d4a20870dd8c7c258b	d__Bacteria; p__Bacteroidota; c__Bacteroidia; o__Bacteroidales; f__Prevotellaceae; g__Alloprevotella; s__Alloprevotella_tannerae	0.9732139912506454
3056c5cc427af3e681168e24363effb9	d__Bacteria; p__Firmicutes; c__Bacilli; o__Bacillales; f__Bacillaceae; g__Bacillus	0.9902374600688544
05c380e0d850bea926879036f8305893	d__Bacteria; p__Proteobacteria; c__Alphaproteobacteria; o__Caulobacterales; f__Caulobacteraceae; g__Brevundimonas	0.9960466062913114
5f037dcfbd2767e91db76421269a8cf3	d__Bacteria; p__Firmicutes; c__Negativicutes; o__Veillonellales-Selenomonadales; f__Veillonellaceae; g__Megasphaera; s__Megasphaera_micronuciformis	0.9994474539411284
afc3b95018b2a987a49660b4e9a741ad	d__Bacteria; p__Proteobacteria; c__Gammaproteobacteria; o__Pseudomonadales; f__Pseudomonadaceae; g__Pseudomonas	0.9999384793988262
3bcb55866bdaff77b8a66febbd1eeb6e	d__Bacteria; p__Bacteroidota; c__Bacteroidia; o__Bacteroidales; f__Prevotellaceae; g__Prevotella; s__Prevotella_intermedia	0.9999209370038727
4081689bbf38d2353bb7f646a07a26ba	d__Bacteria; p__Firmicutes; c__Bacilli; o__Lactobacillales; f__Carnobacteriaceae; g__Granulicatella	0.7815424270056635
1a0e97818b165e8eed8ac2bc55f10718	d__Bacteria; p__Bacteroidota; c__Bacteroidia; o__Bacteroidales; f__Prevotellaceae; g__Prevotella; s__Prevotella_pallens	0.9866182037229386
49cacdc1c60b84bc4f7d18fa3c741982	d__Bacteria; p__Bacteroidota; c__Bacteroidia; o__Bacteroidales; f__Prevotellaceae; g__Prevotella	0.9997704022071413
2cf01ddb504faaaf16f08d3e30bf63a9	d__Bacteria; p__Proteobacteria; c__Gammaproteobacteria; o__Enterobacterales; f__Enterobacteriaceae	0.9422377816862058
a8f482585807ac285d744b0f9f3c066c	d__Bacteria; p__Proteobacteria; c__Alphaproteobacteria; o__Rhizobiales; f__Rhizobiaceae; g__Mesorhizobium	0.889109355883783
815b26bf532d4f2ad22148225b471468	d__Bacteria; p__Fusobacteriota; c__Fusobacteriia; o__Fusobacteriales; f__Leptotrichiaceae; g__Leptotrichia; s__Leptotrichia_sp.	0.8708064908624144
aa030c7de6b9584c37d9fa3b2fc64b0c	d__Bacteria; p__Proteobacteria; c__Alphaproteobacteria; o__Caulobacterales; f__Caulobacteraceae; g__Brevundimonas	0.9971236040893331
0579c3c05451c98a74b0843cd1e42420	d__Bacteria; p__Proteobacteria; c__Gammaproteobacteria; o__Enterobacterales; f__Enterobacteriaceae	0.9511817276650791
c34fb7012ccd0f0e56d9131241ab0ee5	d__Bacteria; p__Bacteroidota; c__Bacteroidia; o__Bacteroidales; f__Prevotellaceae; g__Prevotella; s__Prevotella_sp.	0.7915269168189578
34e1db35e19d606b498f541dfd47af32	d__Bacteria; p__Actinobacteriota; c__Actinobacteria; o__Bifidobacteriales; f__Bifidobacteriaceae; g__Alloscardovia; s__Alloscardovia_omnicolens	0.9814331515845238
5479738fdbd3766f7df267d852e9f3b0	d__Bacteria; p__Bacteroidota; c__Bacteroidia; o__Bacteroidales; f__Prevotellaceae; g__Alloprevotella; s__Alloprevotella_tannerae	0.7362360240444331
ba3a231c5c96c8fe363815bf92462b01	d__Bacteria; p__Bacteroidota; c__Bacteroidia; o__Bacteroidales; f__Prevotellaceae; g__Prevotella; s__Prevotella_baroniae	0.9999751493072425
6032393ad4b1d34fcb5a6862e28d5aa3	d__Bacteria; p__Firmicutes; c__Clostridia; o__Lachnospirales; f__Lachnospiraceae; g__Oribacterium	0.9990787184407836
8ffd66de43858fa05c7e2cc972b973eb	d__Bacteria; p__Bacteroidota; c__Bacteroidia; o__Flavobacteriales; f__Flavobacteriaceae; g__Capnocytophaga; s__Capnocytophaga_sputigena	0.8997541852609673
372fcbb88dd0680d588fdde96553fa57	d__Bacteria; p__Proteobacteria; c__Gammaproteobacteria; o__Pseudomonadales; f__Moraxellaceae; g__Acinetobacter	0.9999898131266477
ba7445141acd3699ea3f3e8269c638a6	d__Bacteria; p__Firmicutes; c__Negativicutes; o__Veillonellales-Selenomonadales; f__Veillonellaceae; g__Megasphaera; s__Megasphaera_micronuciformis	0.9997057405140437
6ec32114bfa4534bbbd953feb77e0aaf	d__Bacteria; p__Actinobacteriota; c__Actinobacteria; o__Actinomycetales; f__Actinomycetaceae; g__Actinomyces; s__Actinomyces_graevenitzii	0.9999416665150402
0352d0b2f8d917e0ff3fd7ad915309dd	d__Bacteria; p__Actinobacteriota; c__Actinobacteria; o__Actinomycetales; f__Actinomycetaceae; g__Actinomyces; s__Actinomyces_graevenitzii	0.9999334545541919
3cb8264bf298d926e599386a7aec3ce9	d__Bacteria; p__Firmicutes; c__Negativicutes; o__Veillonellales-Selenomonadales; f__Veillonellaceae	0.9999752895842015
e6024d2e56704092f3026dc4e2adc036	d__Bacteria; p__Proteobacteria; c__Gammaproteobacteria; o__Pasteurellales; f__Pasteurellaceae; g__Haemophilus	0.9926692281044873
2bc760a07f52131966c73621e3ae8664	d__Bacteria; p__Proteobacteria; c__Gammaproteobacteria; o__Enterobacterales; f__Hafniaceae; g__Hafnia-Obesumbacterium	0.9513745367681236
09596e14be41de4a0d938273937b61e0	d__Bacteria; p__Proteobacteria; c__Gammaproteobacteria; o__Enterobacterales; f__Hafniaceae; g__Hafnia-Obesumbacterium	0.9544814017512524
c9243d97f7a56218838833f188252ed5	d__Bacteria; p__Proteobacteria; c__Gammaproteobacteria; o__Enterobacterales; f__Hafniaceae; g__Hafnia-Obesumbacterium	0.962284603320178
bced1ba86451c117fdfcf94e745d3c55	d__Bacteria; p__Bacteroidota; c__Bacteroidia; o__Bacteroidales; f__Prevotellaceae; g__Alloprevotella	0.9999998452622654
89bd531a91f968c7edfd3d7d383c57ee	d__Bacteria; p__Actinobacteriota; c__Actinobacteria; o__Actinomycetales; f__Actinomycetaceae; g__Actinomyces; s__Actinomyces_graevenitzii	0.9998699681275848
d56d799202501ddf812d8a05fd14da40	d__Bacteria; p__Actinobacteriota; c__Actinobacteria; o__Actinomycetales; f__Actinomycetaceae; g__Actinomyces; s__Actinomyces_graevenitzii	0.9999057480898058
e976a30fed534d3ec0c163b063ec208c	d__Bacteria; p__Bacteroidota; c__Bacteroidia; o__Bacteroidales; f__Prevotellaceae; g__Prevotella	0.995664174459401
afbc422c8e7c8070161b8d86359969c5	d__Bacteria; p__Actinobacteriota; c__Actinobacteria; o__Actinomycetales; f__Actinomycetaceae; g__Actinomyces; s__Schaalia_odontolytica	0.7642694651982965
748e6b088122f2b2b34a13933ed06c2c	d__Bacteria; p__Actinobacteriota; c__Actinobacteria; o__Actinomycetales; f__Actinomycetaceae; g__Actinomyces; s__Schaalia_odontolytica	0.7298657484694494
f799227a079b1d87be0913c860ca558a	d__Bacteria; p__Patescibacteria; c__Gracilibacteria; o__Absconditabacteriales_(SR1); f__Absconditabacteriales_(SR1); g__Absconditabacteriales_(SR1); s__SR1_bacterium	0.9981688436289782
859df6a974fe1a4eb4661eb0323bf9e0	d__Bacteria; p__Firmicutes; c__Bacilli; o__Lactobacillales; f__Streptococcaceae; g__Streptococcus	0.9999985327095418
2000436c029ed0c802240c9974021b55	d__Bacteria; p__Bacteroidota; c__Bacteroidia; o__Flavobacteriales; f__Flavobacteriaceae; g__Capnocytophaga; s__Capnocytophaga_leadbetteri	0.9460634887102362
2df120ab1b795352a55ca0b1889f7ff5	d__Bacteria; p__Bacteroidota; c__Bacteroidia; o__Flavobacteriales; f__Flavobacteriaceae; g__Capnocytophaga; s__Capnocytophaga_leadbetteri	0.9274234672123227
3243163812491cde067658c80a9cdc95	d__Bacteria; p__Fusobacteriota; c__Fusobacteriia; o__Fusobacteriales; f__Leptotrichiaceae; g__Leptotrichia; s__Leptotrichia_sp.	0.8550315448604331
119461bb9782e71feb7ad356960475b8	d__Bacteria; p__Proteobacteria; c__Gammaproteobacteria; o__Burkholderiales; f__Neisseriaceae; g__Neisseria	0.9522655602955716
e13f531763d12cd6ea35e9a0c3a3672e	d__Bacteria; p__Firmicutes; c__Bacilli; o__Lactobacillales	0.9999997155763147
d70b8edc6215e0c4066760b7a63b6ffe	d__Bacteria; p__Firmicutes; c__Negativicutes; o__Veillonellales-Selenomonadales; f__Veillonellaceae; g__Negativicoccus; s__Negativicoccus_succinicivorans	0.996934693716224
14e0d964b3b3183424aa4165dc12e666	d__Bacteria; p__Firmicutes; c__Bacilli; o__Bacillales; f__Bacillaceae; g__Bacillus	0.9861904650233071
91ba08ba5e9c09e98c8b9696115df85e	d__Bacteria; p__Firmicutes; c__Negativicutes; o__Veillonellales-Selenomonadales; f__Veillonellaceae; g__Veillonella; s__Veillonella_sp.	0.802734947869453
f91c5631ed61bd4b129c89d395f4a2e5	d__Bacteria; p__Bacteroidota; c__Bacteroidia; o__Bacteroidales; f__Porphyromonadaceae; g__Porphyromonas; s__Porphyromonas_uenonis	0.7907512749610794
fb113784cbdd105c1a629d23c2e2295d	d__Bacteria; p__Firmicutes; c__Bacilli; o__Erysipelotrichales; f__Erysipelotrichaceae; g__Solobacterium; s__uncultured_organism	0.8173965070766007
622aee6b9f5d774bef69d8f13941810d	d__Bacteria; p__Proteobacteria; c__Gammaproteobacteria; o__Pseudomonadales; f__Pseudomonadaceae; g__Pseudomonas	0.9622503688843902
74ccb51617dc511ff0e3bd8a9c5b03e0	d__Bacteria; p__Firmicutes; c__Negativicutes; o__Veillonellales-Selenomonadales; f__Veillonellaceae; g__Veillonella; s__Veillonella_atypica	0.7168589864279571
432968507e0d8a0703cf0c7326080e28	d__Bacteria; p__Bacteroidota; c__Bacteroidia; o__Flavobacteriales; f__Flavobacteriaceae; g__Capnocytophaga	0.9999996419431364
3fdbf9fa9384d326b6d3a15c736b731d	d__Bacteria; p__Bacteroidota; c__Bacteroidia; o__Flavobacteriales; f__Flavobacteriaceae; g__Capnocytophaga; s__Capnocytophaga_sputigena	0.7592776491790497
8ccb4287f29789c3f8f6107d9ea839ea	d__Bacteria; p__Cyanobacteria; c__Cyanobacteriia; o__Chloroplast; f__Chloroplast; g__Chloroplast	0.9999999999624376
93be19945f75c485bf7d074bb7453c11	d__Bacteria; p__Proteobacteria; c__Alphaproteobacteria; o__Rhodobacterales; f__Rhodobacteraceae; g__Paracoccus	0.9901692974701843
4e02e7eacbb8a7f65b84fc136c8f396e	d__Bacteria; p__Proteobacteria; c__Gammaproteobacteria; o__Pseudomonadales; f__Moraxellaceae; g__Moraxella	0.999972276977587
4d5f1ad28eb4d3fe43afb335207e7a67	d__Bacteria; p__Bacteroidota; c__Bacteroidia; o__Bacteroidales; f__Prevotellaceae; g__Prevotella; s__Prevotella_buccalis	0.9995906664070899
e53099b3cc847ae86777e38e0cf6e950	d__Bacteria; p__Proteobacteria; c__Gammaproteobacteria; o__Burkholderiales; f__Neisseriaceae; g__Neisseria	0.9999086198816075
9a9cda29621ba673f8165c304a48b8b8	d__Bacteria; p__Bacteroidota; c__Bacteroidia; o__Bacteroidales; f__Prevotellaceae; g__Prevotella; s__Prevotella_jejuni	0.720847204391779
b1a2b02e9b101a8e493f042fd2ff98ae	d__Bacteria; p__Proteobacteria; c__Gammaproteobacteria; o__Pseudomonadales; f__Moraxellaceae; g__Psychrobacter	0.9999857948116269
55a2dd30b96de3f717f94166a9f4a216	d__Bacteria; p__Bacteroidota; c__Bacteroidia; o__Bacteroidales; f__Porphyromonadaceae; g__Porphyromonas; s__Porphyromonas_endodontalis	0.7567547582191332
9634d587d01c06eeca58e269bdb82d83	d__Bacteria; p__Bacteroidota; c__Bacteroidia; o__Bacteroidales; f__Prevotellaceae; g__Prevotella; s__Prevotella_aurantiaca	0.9998232735054092
5fbaa8c176baa64b88898f9feee025c3	d__Bacteria; p__Firmicutes; c__Clostridia; o__Clostridia_UCG-014; f__Clostridia_UCG-014; g__Clostridia_UCG-014; s__Clostridiales_bacterium	0.9996151205665367
d6c5f2c8efc1eebd340e036ed8b20c42	d__Bacteria; p__Firmicutes; c__Bacilli; o__Lactobacillales; f__Streptococcaceae; g__Streptococcus; s__Streptococcus_mutans	0.9971636899323256
bb0ba3adfc1a5e20cf7b8d78442861af	d__Bacteria; p__Firmicutes; c__Clostridia; o__Lachnospirales; f__Lachnospiraceae; g__Lachnoanaerobaculum	0.9993122265759649
de67b87bd42112b1cc3ec2ea2b0bfce8	d__Bacteria; p__Actinobacteriota; c__Actinobacteria; o__Corynebacteriales; f__Corynebacteriaceae; g__Lawsonella	0.9999981185636758
7dbfab07d383d55c751514e527ae5b69	d__Bacteria; p__Firmicutes; c__Clostridia; o__Lachnospirales; f__Lachnospiraceae; g__Oribacterium	0.9997043650971584
4d51beb2e34dfa824ee298d69c25ec4d	d__Bacteria; p__Firmicutes; c__Clostridia; o__Peptostreptococcales-Tissierellales; f__Anaerovoracaceae; g__S5-A14a	0.9999415791686008
ac0d5c4fdb0a5214293920259be33a04	d__Bacteria; p__Proteobacteria; c__Alphaproteobacteria; o__Sphingomonadales; f__Sphingomonadaceae; g__Novosphingobium	0.968148464965554
e33fed8fd74c8c927d1ff2457bf62e4f	d__Bacteria; p__Firmicutes; c__Negativicutes; o__Veillonellales-Selenomonadales; f__Selenomonadaceae; g__Selenomonas; s__Selenomonas_sputigena	0.8450055816007118
1f9266a60d5e277e32aab7409681fd93	d__Bacteria; p__Proteobacteria; c__Alphaproteobacteria; o__Sphingomonadales; f__Sphingomonadaceae; g__Novosphingobium	0.9346633719419662
4ec7a84aadebbef4745f90a7e1b81ea2	d__Bacteria; p__Proteobacteria; c__Alphaproteobacteria; o__Sphingomonadales; f__Sphingomonadaceae; g__Novosphingobium	0.9703881443533916
c88e3618209416534b72f58c63dea1b9	d__Bacteria; p__Firmicutes; c__Bacilli; o__Bacillales; f__Bacillaceae; g__Bacillus	0.988604402524427
e017a18259b479db5c35f8982d4d54e0	d__Bacteria; p__Bacteroidota; c__Bacteroidia; o__Bacteroidales; f__Porphyromonadaceae; g__Porphyromonas; s__Porphyromonas_uenonis	0.8134607176252727
85a454b0e541994d5a3b6246048c35db	d__Bacteria; p__Firmicutes; c__Negativicutes; o__Veillonellales-Selenomonadales; f__Veillonellaceae; g__Dialister; s__Dialister_micraerophilus	0.9914889530175799
4c8af2e3a596277ed2a3fbb89a081b3f	d__Bacteria; p__Bacteroidota; c__Bacteroidia; o__Flavobacteriales; f__Flavobacteriaceae; g__Capnocytophaga; s__Capnocytophaga_leadbetteri	0.924393541123556
bf7e8dedbec0b8ea7b7ff9f6f132f3a2	d__Bacteria; p__Actinobacteriota; c__Actinobacteria; o__Actinomycetales; f__Actinomycetaceae; g__Actinomyces; s__Actinomyces_graevenitzii	0.9999185252018147
de2e20c271974dfe57831665b2ac0f02	d__Bacteria; p__Firmicutes; c__Clostridia; o__Lachnospirales; f__Lachnospiraceae; g__Catonella; s__unidentified	0.9938107346434076
a343ad5b402da11ec3b50a063bc477a2	d__Bacteria; p__Fusobacteriota; c__Fusobacteriia; o__Fusobacteriales; f__Leptotrichiaceae; g__Leptotrichia; s__unidentified	0.7661604881674683
3149ee691403c58f7551a7698e50bfe4	d__Bacteria; p__Bacteroidota; c__Bacteroidia; o__Bacteroidales; f__Prevotellaceae; g__Alloprevotella; s__Alloprevotella_rava	0.9352017006156533
8757d13ba479d530d14a6567a4a60c1c	d__Bacteria; p__Firmicutes; c__Negativicutes; o__Veillonellales-Selenomonadales; f__Veillonellaceae; g__Veillonella; s__Veillonella_atypica	0.7743557075568991
7c67c8213c8e905e6a5eeb59764b0d39	d__Bacteria; p__Bacteroidota; c__Bacteroidia; o__Bacteroidales; f__Prevotellaceae; g__Prevotella	0.9919769153908843
cf394cd0c0c6f9edbf287021e272285a	d__Bacteria; p__Bacteroidota; c__Bacteroidia; o__Bacteroidales; f__Prevotellaceae; g__Prevotella; s__Prevotella_pallens	0.9999614252955662
a2f3ca678ce31b9adeb2c76cc1613192	d__Bacteria; p__Bacteroidota; c__Bacteroidia; o__Bacteroidales; f__Prevotellaceae; g__Prevotella	0.9945582854528755
fcaa8105bf247b32e11509f9d776720b	d__Bacteria; p__Actinobacteriota; c__Actinobacteria; o__Micrococcales; f__Micrococcaceae; g__Kocuria	0.9909094118141092
c79e42ad9f8023ac2a0a15f7420a061f	d__Bacteria; p__Actinobacteriota; c__Actinobacteria; o__Propionibacteriales; f__Propionibacteriaceae; g__Cutibacterium	0.9999251600312064
8e9aab66ece117bc9531517530dc09b9	d__Bacteria; p__Fusobacteriota; c__Fusobacteriia; o__Fusobacteriales; f__Fusobacteriaceae; g__Fusobacterium	0.999999755340971
0d0c78871de45871bf0b45eca97996d4	d__Bacteria; p__Proteobacteria; c__Gammaproteobacteria; o__Burkholderiales; f__Oxalobacteraceae; g__Massilia	0.989387017341017
ba312de164ebd5e3fd007ba76af36562	d__Bacteria; p__Actinobacteriota; c__Actinobacteria; o__Propionibacteriales; f__Propionibacteriaceae; g__Cutibacterium	0.999965036147231
9bbd6f8dc6f8082b97fc0d697a349a38	d__Bacteria; p__Firmicutes; c__Clostridia; o__Lachnospirales; f__Lachnospiraceae; g__Stomatobaculum; s__uncultured_bacterium	0.7072093203628715
71eec0eb082626b1b3f5802d9d87be0a	d__Bacteria; p__Firmicutes; c__Bacilli; o__Lactobacillales; f__Streptococcaceae; g__Streptococcus	0.9999971954764936
ec4de268b73211ead6a91fdc2e677460	d__Bacteria; p__Firmicutes; c__Clostridia; o__Peptostreptococcales-Tissierellales; f__Peptostreptococcales-Tissierellales; g__Anaerococcus; s__Anaerococcus_provencensis	0.7169757311505912
f2975c42f27ec412796a314e94b8e1de	d__Bacteria; p__Bacteroidota; c__Bacteroidia; o__Bacteroidales; f__Porphyromonadaceae; g__Porphyromonas	0.9999999689969793
f473412e37109018a2aa0c22250f4278	d__Bacteria; p__Actinobacteriota; c__Actinobacteria; o__Actinomycetales; f__Actinomycetaceae; g__Actinomyces; s__Schaalia_odontolytica	0.7058625703032955
ba4e3c62778e6f14d2052e21f30ce219	d__Bacteria; p__Bacteroidota; c__Bacteroidia; o__Bacteroidales; f__Prevotellaceae; g__Prevotella; s__Prevotella_intermedia	0.9990186996957726
4ef03159932a643649fa47ba5144a76d	d__Bacteria; p__Fusobacteriota; c__Fusobacteriia; o__Fusobacteriales; f__Fusobacteriaceae; g__Fusobacterium; s__Fusobacterium_necrophorum	0.8941865862996856
043fadb777d6d49fcff7f3930e066108	d__Bacteria; p__Firmicutes; c__Clostridia; o__Lachnospirales; f__Lachnospiraceae; g__Catonella	0.9999982510042327
623c0463547c98f21406ff2dddbcafa0	d__Bacteria; p__Firmicutes; c__Clostridia; o__Lachnospirales; f__Lachnospiraceae; g__Oribacterium; s__uncultured_organism	0.7056308976897379
d37d6f6c66458d31a77e3dcf298af5c0	d__Bacteria; p__Bacteroidota; c__Bacteroidia; o__Bacteroidales; f__Prevotellaceae; g__Alloprevotella; s__Alloprevotella_tannerae	0.9848575967278232
1be5b0efffc9b50a36adfec36be93c35	d__Bacteria; p__Firmicutes; c__Bacilli; o__Erysipelotrichales; f__Erysipelotrichaceae; g__Solobacterium; s__uncultured_organism	0.8886122576259698
6471899572b9db72881f7f8d76363520	d__Bacteria; p__Firmicutes; c__Clostridia; o__Lachnospirales; f__Lachnospiraceae; g__Johnsonella	0.999902112636105
5a3774f001b203b352441ef0c6b719ae	d__Bacteria; p__Bacteroidota; c__Bacteroidia; o__Flavobacteriales; f__Flavobacteriaceae; g__Capnocytophaga; s__Capnocytophaga_sputigena	0.900483151991549
d93ef561a1c15a78124e2dfb3fa1950a	d__Bacteria; p__Proteobacteria; c__Gammaproteobacteria; o__Pseudomonadales; f__Moraxellaceae; g__Acinetobacter	0.9999891591145575
dbd7c0c67a022cb8369d88c61ce77abe	d__Bacteria; p__Firmicutes; c__Clostridia; o__Lachnospirales; f__Lachnospiraceae; g__Catonella; s__uncultured_bacterium	0.7841263713053551
636acadbc66fd5f54a67098c2cc78572	d__Bacteria; p__Fusobacteriota; c__Fusobacteriia; o__Fusobacteriales; f__Leptotrichiaceae; g__Leptotrichia	0.9996670432123261
bb7f71aa8182b94bc70e2fdcd86b033c	d__Bacteria; p__Proteobacteria; c__Gammaproteobacteria; o__Enterobacterales; f__Hafniaceae; g__Hafnia-Obesumbacterium	0.9503093328232118
ef03ca3a3126b0a74e373e45ce6a9640	d__Bacteria; p__Bacteroidota; c__Bacteroidia; o__Bacteroidales; f__Prevotellaceae; g__Prevotella	0.8648991592362107
07e10951e03ce2de6fe70f96dd14071a	d__Bacteria; p__Spirochaetota; c__Spirochaetia; o__Spirochaetales; f__Spirochaetaceae; g__Treponema; s__Treponema_denticola	0.9708900461117399
a7d6baa3677a9d7f7b7b521e8121c110	d__Bacteria; p__Firmicutes; c__Clostridia; o__Lachnospirales; f__Lachnospiraceae; g__Johnsonella	0.9998826996662717
545feb4128b24a4c6cd28a27d12be11e	d__Bacteria; p__Campilobacterota; c__Campylobacteria; o__Campylobacterales; f__Campylobacteraceae; g__Campylobacter; s__unidentified	0.8996168990884562
a6c6c9634d64c07a2a0703c18c3dbe52	d__Bacteria; p__Bacteroidota; c__Bacteroidia; o__Bacteroidales; f__Prevotellaceae; g__Prevotella; s__Prevotella_melaninogenica	0.9440847576875412
b8e121229fa3511323496f41464b49e2	d__Bacteria; p__Bacteroidota; c__Bacteroidia; o__Bacteroidales; f__Prevotellaceae; g__Prevotella	0.862449695135684
df62fffc7fe2331b5de3fb44477a93a8	d__Bacteria; p__Firmicutes; c__Clostridia; o__Lachnospirales; f__Lachnospiraceae; g__Catonella; s__uncultured_bacterium	0.8451884083836455
d8b4d76a2798e744e1df67cb864af3b8	d__Bacteria; p__Proteobacteria; c__Gammaproteobacteria; o__Enterobacterales; f__Enterobacteriaceae	0.9585230520071341
0bdf097df1aed3325ac0e18d1fb63a8d	d__Bacteria; p__Actinobacteriota; c__Actinobacteria; o__Micrococcales; f__Microbacteriaceae; g__Leifsonia	0.9521184987283526
3a0abc3562637acb7daa2cb33c6197e4	d__Bacteria; p__Firmicutes; c__Negativicutes; o__Veillonellales-Selenomonadales; f__Veillonellaceae; g__Dialister; s__Dialister_pneumosintes	0.957379926260629
0fb8568eb1dbe0b241a22c4d46a0185f	d__Bacteria; p__Proteobacteria; c__Gammaproteobacteria; o__Burkholderiales; f__Neisseriaceae; g__Neisseria	0.9998220966563843
f872ed4f955ab9b7c7ad7a2407f2f859	d__Bacteria; p__Proteobacteria; c__Gammaproteobacteria; o__Burkholderiales; f__Oxalobacteraceae; g__Massilia	0.9916123594408088
0605afb2dcf437be5c647ea581ed0b7a	d__Bacteria; p__Bacteroidota; c__Bacteroidia; o__Bacteroidales; f__Prevotellaceae; g__Prevotella; s__Prevotella_shahii	0.9615287029506616
842788ce4f4f5c190c7d3f5f43d53826	d__Bacteria; p__Firmicutes; c__Clostridia; o__Lachnospirales; f__Defluviitaleaceae; g__Defluviitaleaceae_UCG-011; s__Lachnospiraceae_bacterium	0.9236304220360417
2f1e56339ed60f50767b97b362994801	d__Bacteria; p__Fusobacteriota; c__Fusobacteriia; o__Fusobacteriales; f__Leptotrichiaceae; g__Leptotrichia; s__Leptotrichia_sp.	0.8589273064522531
c6a9ce9c9c9a193e01947bd4d22f147a	d__Bacteria; p__Proteobacteria; c__Gammaproteobacteria; o__Pasteurellales; f__Pasteurellaceae; g__Aggregatibacter	0.9936339627494207
8d7c6b6ecd254d6e6a40cc0ca53b1585	d__Bacteria; p__Bacteroidota; c__Bacteroidia; o__Sphingobacteriales; f__Lentimicrobiaceae; g__Lentimicrobium; s__unidentified	0.9994579303745641
e63ff20a1ec3d2a069a8af13507d6f80	d__Bacteria; p__Firmicutes; c__Negativicutes; o__Veillonellales-Selenomonadales; f__Selenomonadaceae; g__uncultured; s__Mitsuokella_sp.	0.9968724561292011
41c6f85e0157e0656b86986b93383378	d__Bacteria; p__Firmicutes; c__Negativicutes; o__Veillonellales-Selenomonadales; f__Selenomonadaceae; g__Selenomonas	0.9984829706384923
9774051457eb6648d7996813b5995ad9	d__Bacteria; p__Firmicutes; c__Negativicutes; o__Veillonellales-Selenomonadales; f__Veillonellaceae; g__Veillonella	0.9999998523749282
0758e7b53035a89d181a8dc7261b17a4	d__Bacteria; p__Bacteroidota; c__Bacteroidia; o__Bacteroidales; f__Prevotellaceae; g__Alloprevotella; s__uncultured_Bacteroidetes	0.7570617270583863
377fdfd0f339991b6fba984b7b5c5fff	d__Bacteria; p__Firmicutes; c__Clostridia; o__Oscillospirales; f__Ruminococcaceae	0.992466572191772
dac1c8c52af0ff364c8c38b5b8398f84	d__Bacteria; p__Fusobacteriota; c__Fusobacteriia; o__Fusobacteriales; f__Leptotrichiaceae; g__Leptotrichia	0.9999999639043384
f55579dca0766bf2f03ff2cc682e0c17	d__Bacteria; p__Proteobacteria; c__Alphaproteobacteria; o__Sphingomonadales; f__Sphingomonadaceae; g__Novosphingobium	0.9121754997363299
f28276ce25d92858670ce3fd395bb157	d__Bacteria; p__Bacteroidota; c__Bacteroidia; o__Flavobacteriales; f__Weeksellaceae; g__Bergeyella; s__uncultured_bacterium	0.9999589411058394
f6ae8234fad9bda69bd135ac759e0e15	d__Bacteria; p__Fusobacteriota; c__Fusobacteriia; o__Fusobacteriales; f__Fusobacteriaceae; g__Fusobacterium; s__uncultured_bacterium	0.7659234930204205
609ea1e80d29a659e0efbe7092479e7c	d__Bacteria; p__Bacteroidota; c__Bacteroidia; o__Bacteroidales; f__Prevotellaceae; g__Prevotella; s__Prevotella_oulorum	0.9750477492099757
a32fe5dee1cf42afbccac67c64cb7aa1	d__Bacteria; p__Campilobacterota; c__Campylobacteria; o__Campylobacterales; f__Campylobacteraceae; g__Campylobacter; s__Campylobacter_showae	0.8590606671563091
e83f458a6911b9eb02a0c83e7a654fe0	d__Bacteria; p__Firmicutes; c__Clostridia; o__Peptococcales; f__Peptococcaceae; g__Peptococcus; s__uncultured_Peptococcus	0.7133451747775466
9593daf384b17ba4efc96d9ddc6945ff	d__Bacteria; p__Campilobacterota; c__Campylobacteria; o__Campylobacterales; f__Campylobacteraceae; g__Campylobacter; s__Campylobacter_showae	0.8461747944957134
08d64176bb7a16e790a16414ffd5bef6	d__Bacteria; p__Bacteroidota; c__Bacteroidia; o__Flavobacteriales; f__Flavobacteriaceae; g__Capnocytophaga; s__Capnocytophaga_leadbetteri	0.9411305440010681
72acd881e29bae2739499d46dbe27dac	d__Bacteria; p__Actinobacteriota; c__Actinobacteria; o__Micrococcales; f__Micrococcaceae; g__Rothia	0.999878196352171
19fd1e2700dedcd25a3ba992c8cfb425	d__Bacteria; p__Bacteroidota; c__Bacteroidia; o__Bacteroidales; f__Porphyromonadaceae; g__Porphyromonas	0.9999999968299641
1cef3c8e4c6efdffb86e1255dcff56b9	d__Bacteria; p__Firmicutes; c__Clostridia; o__Lachnospirales; f__Lachnospiraceae; g__Catonella; s__unidentified	0.9936696765789111
f72815da7cf824db3e428cb628222bf7	d__Bacteria; p__Bacteroidota; c__Bacteroidia; o__Bacteroidales; f__Prevotellaceae; g__Prevotella	0.8497084939054943
af594d40fa180774e3fe3be5c3ef5b5b	d__Bacteria; p__Proteobacteria; c__Gammaproteobacteria; o__Pseudomonadales; f__Pseudomonadaceae; g__Pseudomonas	0.8439657824792682
8d69b6f3f83e5e826701c0a7c8b720e1	d__Bacteria; p__Bacteroidota; c__Bacteroidia; o__Flavobacteriales; f__Weeksellaceae; g__Empedobacter	0.998027718375813
ee830070fa989f29267b22f4e2ddc7c0	d__Bacteria; p__Bacteroidota; c__Bacteroidia; o__Flavobacteriales; f__Flavobacteriaceae; g__Capnocytophaga; s__Capnocytophaga_gingivalis	0.9671599255744552
aa2cb4b1904dc9df38ce0783a0ceba20	d__Bacteria; p__Firmicutes; c__Negativicutes; o__Veillonellales-Selenomonadales; f__Veillonellaceae	0.9999227160326062
82fd9885fdd04cc7e0a5cb7512986b0c	d__Bacteria; p__Actinobacteriota; c__Actinobacteria; o__Actinomycetales; f__Actinomycetaceae; g__Actinomyces; s__Schaalia_odontolytica	0.7678671216388516
6c4875537703a762c8a01e67f4bdc48d	d__Bacteria; p__Firmicutes; c__Negativicutes; o__Veillonellales-Selenomonadales; f__Veillonellaceae	0.999958825298643
40a9b111b3a6a344e08cf9ab6eda7f73	d__Bacteria; p__Actinobacteriota; c__Actinobacteria; o__Actinomycetales; f__Actinomycetaceae; g__Actinomyces; s__Actinomyces_graevenitzii	0.9998984462959931
88d9db28afd14cf2fd1d21986bd1d1ec	d__Bacteria; p__Bacteroidota; c__Bacteroidia; o__Flavobacteriales; f__Weeksellaceae; g__Chryseobacterium; s__Chryseobacterium_haifense	0.8308285234970517
7544955a9d711109a48bd981ad4b3629	d__Bacteria; p__Firmicutes; c__Negativicutes; o__Veillonellales-Selenomonadales; f__Selenomonadaceae; g__Selenomonas; s__Selenomonas_sputigena	0.9507890313835574
1fc1b8998a0bfadd12f3315a49764a45	d__Bacteria; p__Patescibacteria; c__Saccharimonadia; o__Saccharimonadales; f__Saccharimonadales; g__Saccharimonadales; s__TM7_phylum	0.9909584180106642
4b87c268f9ca415a0ab6e597bdc7bb3c	d__Bacteria; p__Cyanobacteria; c__Cyanobacteriia; o__Chloroplast; f__Chloroplast; g__Chloroplast	0.9999999999549702
d4255e4c6ef3a805246d1ece9bddc49b	d__Bacteria; p__Firmicutes; c__Negativicutes; o__Veillonellales-Selenomonadales; f__Selenomonadaceae; g__uncultured; s__Mitsuokella_sp.	0.9948680109351375
cd0a852461cecd74c0881068daf5423a	d__Bacteria; p__Bacteroidota; c__Bacteroidia; o__Bacteroidales; f__Prevotellaceae; g__Prevotella; s__Prevotella_sp.	0.757739815538377
62a45728c17a85089d56233237e83da8	d__Bacteria; p__Proteobacteria; c__Gammaproteobacteria; o__Pasteurellales; f__Pasteurellaceae; g__Aggregatibacter; s__uncultured_bacterium	0.9091467317834705
2a2c7211900a67b291706df36bff5f1f	d__Bacteria; p__Firmicutes; c__Clostridia; o__Lachnospirales; f__Lachnospiraceae; g__Butyrivibrio	0.9996804959048613
1de45cbf414680bf60be941a687425bf	d__Bacteria; p__Proteobacteria; c__Alphaproteobacteria; o__Rhizobiales; f__Rhizobiaceae; g__Mesorhizobium	0.8822069135716389
13e55801b40b7d0ccbae2e28fd6c7e05	d__Bacteria; p__Firmicutes; c__Clostridia; o__Peptostreptococcales-Tissierellales; f__Peptostreptococcales-Tissierellales; g__Peptoniphilus	0.9999999954997632
06efde6e2e6f93c86a645ec82482dcec	d__Bacteria; p__Firmicutes; c__Clostridia; o__Clostridia_UCG-014; f__Clostridia_UCG-014; g__Clostridia_UCG-014; s__uncultured_bacterium	0.8099820628262437
b66e38809586b7564ed3ba0903b2aff9	d__Bacteria; p__Firmicutes; c__Negativicutes; o__Veillonellales-Selenomonadales; f__Selenomonadaceae; g__Selenomonas; s__Selenomonas_sputigena	0.855773315859031
597179a518a5b09015510eda3060f904	d__Bacteria; p__Bacteroidota; c__Bacteroidia; o__Bacteroidales; f__Prevotellaceae; g__Prevotella	0.9999776959162966
938718baf98601ef8028b83f2a25d410	d__Bacteria; p__Firmicutes; c__Negativicutes; o__Veillonellales-Selenomonadales; f__Veillonellaceae; g__Megasphaera; s__Megasphaera_micronuciformis	0.999679559851412
537986a74e4992963f53f7dd3b340cf0	d__Bacteria; p__Proteobacteria; c__Alphaproteobacteria; o__Caulobacterales; f__Caulobacteraceae; g__Phenylobacterium	0.8719748280854115
435d994b949b35735e6cd7f8ba1081a7	d__Bacteria; p__Proteobacteria; c__Alphaproteobacteria; o__Caulobacterales; f__Caulobacteraceae; g__Brevundimonas	0.9748310408409797
db648f54d6cf77bacffbff9fce716b01	d__Bacteria; p__Actinobacteriota; c__Actinobacteria; o__Micrococcales; f__Micrococcaceae; g__Kocuria; s__Kocuria_palustris	0.7049064739782827
4a12453328ff571a14e11f3b335fff17	d__Bacteria; p__Proteobacteria; c__Gammaproteobacteria; o__Pseudomonadales; f__Moraxellaceae; g__Acinetobacter	0.9999758207939158
327ff6d56443818ece4196773b628026	d__Bacteria; p__Firmicutes; c__Bacilli; o__Staphylococcales; f__Staphylococcaceae; g__Staphylococcus	0.9968263288520202
0a03810714b8a25f8f13826cb624b65f	d__Bacteria; p__Actinobacteriota; c__Actinobacteria; o__Bifidobacteriales; f__Bifidobacteriaceae; g__Bifidobacterium	0.9999975398504952
5da0fce8fcdb9558782f56efe1241ff2	d__Bacteria; p__Proteobacteria; c__Gammaproteobacteria; o__Pseudomonadales; f__Moraxellaceae; g__Acinetobacter	0.9999959867675017
8ddeb3c826b7443583c4468541637b8b	d__Bacteria; p__Cyanobacteria; c__Cyanobacteriia; o__Chloroplast; f__Chloroplast; g__Chloroplast	0.9999999998713065
79b7a0512716f82ac6edb3cd833ffd6b	d__Bacteria; p__Bacteroidota; c__Bacteroidia; o__Flavobacteriales; f__Weeksellaceae; g__Bergeyella; s__uncultured_bacterium	0.965063967449265
8c2bb98d85f43da97d9e2cbaca76a80f	d__Bacteria; p__Actinobacteriota; c__Actinobacteria; o__Actinomycetales; f__Actinomycetaceae; g__Actinomyces; s__Schaalia_odontolytica	0.8629042231832723
47c651145bcbde82a35eeb7c7d20015f	d__Bacteria; p__Spirochaetota; c__Spirochaetia; o__Spirochaetales; f__Spirochaetaceae; g__Treponema; s__Treponema_medium	0.90472785750405
094626166fcc3c09e99728c7ad88a499	d__Bacteria; p__Proteobacteria; c__Gammaproteobacteria; o__Pseudomonadales; f__Pseudomonadaceae; g__Pseudomonas	0.9999087244493504
1e9f4fecdbeddffbbb91018ee22dd522	d__Bacteria; p__Firmicutes; c__Clostridia; o__Lachnospirales; f__Lachnospiraceae; g__Johnsonella; s__uncultured_Lachnospiraceae	0.8161969679556059
a7bc870988637aa66b936ad6bf0c2dc9	d__Bacteria; p__Campilobacterota; c__Campylobacteria; o__Campylobacterales; f__Campylobacteraceae; g__Campylobacter; s__unidentified	0.8324932413243966
0aef5fa9be09b3e95a9f28234f5def1c	d__Bacteria; p__Fusobacteriota; c__Fusobacteriia; o__Fusobacteriales; f__Leptotrichiaceae; g__uncultured	0.9791693229277117
985b180fefbd742eb5e0bc22af2bd316	d__Bacteria; p__Bacteroidota; c__Bacteroidia; o__Bacteroidales; f__Prevotellaceae; g__Prevotella; s__Prevotella_nanceiensis	0.9999921737814226
1d35fec62622a1d267eebfef88a09527	d__Bacteria; p__Actinobacteriota; c__Actinobacteria; o__Micrococcales; f__Micrococcaceae; g__Micrococcus	0.9666749302408036
2f3997e3165c9f9b738b35b6550dc43a	d__Bacteria; p__Proteobacteria; c__Alphaproteobacteria; o__Sphingomonadales; f__Sphingomonadaceae; g__Sphingomonas	0.9675523171933648
4ee0b3cad384f4e41580c2b4ab9b7976	d__Bacteria; p__Proteobacteria; c__Gammaproteobacteria; o__Pasteurellales; f__Pasteurellaceae; g__Haemophilus; s__Haemophilus_sp.	0.7193707829833307
24d2c49196347bdb00a73d29a863e7bf	d__Bacteria; p__Actinobacteriota; c__Actinobacteria; o__Micrococcales; f__Micrococcaceae; g__Micrococcus	0.9861518078611613
f7682372ceff72a4759f46cb40f08dcd	d__Bacteria; p__Firmicutes; c__Bacilli; o__Lactobacillales; f__Lactobacillaceae; g__Lactobacillus	0.9999325998628067
89dfa644c2f7f6a9ff207e5e361a3d62	d__Bacteria; p__Proteobacteria; c__Gammaproteobacteria; o__Aeromonadales; f__Aeromonadaceae; g__Aeromonas	0.8526469222312819
ebfbdb43b58455756bb3e51db6bdaae2	d__Bacteria; p__Proteobacteria; c__Gammaproteobacteria; o__Pseudomonadales; f__Pseudomonadaceae; g__Pseudomonas	0.9996314531024368
726ced17d05ebb51c25d70e90bd76ade	d__Bacteria; p__Patescibacteria; c__Saccharimonadia; o__Saccharimonadales; f__Saccharimonadales; g__Saccharimonadales; s__TM7_phylum	0.9947499354690751
16bd083eda8a5116dcbc22aca7c9c7e6	d__Bacteria; p__Proteobacteria; c__Gammaproteobacteria; o__Burkholderiales; f__Neisseriaceae; g__uncultured; s__uncultured_bacterium	0.9999497210769736
99b8a49d4ea2d4fa677ae11c7964fdcd	d__Bacteria; p__Bacteroidota; c__Bacteroidia; o__Bacteroidales; f__Prevotellaceae; g__Prevotella; s__Prevotella_intermedia	0.9998394412886077
ab56cc1bf8d715692b4560a88b9b4a4f	d__Bacteria; p__Bacteroidota; c__Bacteroidia; o__Bacteroidales; f__Porphyromonadaceae; g__Porphyromonas	0.9999999922653436
fce56d983752a68b8306fff165794f1b	d__Bacteria; p__Fusobacteriota; c__Fusobacteriia; o__Fusobacteriales; f__Fusobacteriaceae; g__Fusobacterium; s__Fusobacterium_necrophorum	0.8527072854226431
cc365f27a2d17acba7995ddffe319dee	d__Bacteria; p__Firmicutes; c__Negativicutes; o__Veillonellales-Selenomonadales; f__Veillonellaceae; g__Megasphaera; s__Megasphaera_micronuciformis	0.9995636479541367
27345e96bb6fb0f720bab4866962fc4d	d__Bacteria; p__Bacteroidota; c__Bacteroidia; o__Bacteroidales; f__Prevotellaceae; g__Alloprevotella; s__Alloprevotella_tannerae	0.9592486061421374
2cd0670bc3045421492ca6f8d9e7712a	d__Bacteria; p__Bacteroidota; c__Bacteroidia; o__Bacteroidales; f__Prevotellaceae; g__Alloprevotella; s__uncultured_Bacteroidetes	0.7436330570553897
613f1342913b1e1e3b5c8d83409c2c10	d__Bacteria; p__Firmicutes; c__Bacilli; o__Lactobacillales; f__Streptococcaceae; g__Streptococcus	0.9999964167006596
4b20010428651c0ee83506b814505d14	d__Bacteria; p__Bacteroidota; c__Bacteroidia; o__Bacteroidales; f__Prevotellaceae; g__Alloprevotella; s__uncultured_Bacteroidetes	0.9504723736027307
34338d92e845bdc2742bee624e0705ec	d__Bacteria; p__Bacteroidota; c__Bacteroidia; o__Bacteroidales; f__Prevotellaceae; g__Prevotella; s__Prevotella_sp.	0.7156173726276306
b0f85271f9cded747b5ecc77c681571a	d__Bacteria; p__Firmicutes; c__Clostridia; o__Lachnospirales; f__Lachnospiraceae; g__Butyrivibrio	0.9989483923085669
834c17f5362b048355a739f0bbb57a90	d__Bacteria; p__Firmicutes; c__Clostridia; o__Lachnospirales; f__Lachnospiraceae; g__uncultured	0.7183827142688243
d811364fcb1c7fde0db18df62a9efdcf	d__Bacteria; p__Bacteroidota; c__Bacteroidia; o__Bacteroidales; f__Prevotellaceae; g__Alloprevotella	0.9999998668533315
302cda6c93ae1731c5f7d5df2d84446d	d__Bacteria; p__Actinobacteriota; c__Actinobacteria; o__Actinomycetales; f__Actinomycetaceae; g__Actinomyces; s__Schaalia_odontolytica	0.7216747377062525
df8c152e292e7e9af4c6632f4fb70295	d__Bacteria; p__Proteobacteria; c__Gammaproteobacteria; o__Burkholderiales; f__Neisseriaceae; g__uncultured; s__uncultured_bacterium	0.9998980730577905
25b5a6753f191b22e4a8f45f54680b87	d__Bacteria; p__Firmicutes; c__Clostridia; o__Clostridia_UCG-014; f__Clostridia_UCG-014; g__Clostridia_UCG-014; s__Clostridiales_bacterium	0.9996572159253554
7165c1fe5487f0f34b09c6b662a783f8	d__Bacteria; p__Proteobacteria; c__Gammaproteobacteria; o__Pasteurellales; f__Pasteurellaceae; g__Actinobacillus	0.996756570539208
1c53f567041b3308ff507aca7aeb41c5	d__Bacteria; p__Firmicutes; c__Clostridia; o__Lachnospirales; f__Lachnospiraceae	0.9999977817094833
6bd4ddaeab4817c879b06bae04afbb91	d__Bacteria; p__Bacteroidota; c__Bacteroidia; o__Bacteroidales; f__Prevotellaceae; g__Prevotella; s__Prevotella_melaninogenica	0.9473567314896846
25f3a178c971fc09d8d782b19235e282	d__Bacteria; p__Bacteroidota; c__Bacteroidia; o__Bacteroidales; f__Prevotellaceae; g__Prevotella	0.998795084720415
4f1be0dee5b642eafcabf9ed49c4d1bb	d__Bacteria; p__Fusobacteriota; c__Fusobacteriia; o__Fusobacteriales; f__Fusobacteriaceae; g__Fusobacterium	0.9999998870969206
8ebaf06d252f2e2abe1b0bb1cb3d03ef	d__Bacteria; p__Patescibacteria; c__Saccharimonadia; o__Saccharimonadales; f__Saccharimonadaceae; g__Candidatus_Saccharimonas; s__uncultured_bacterium	0.8980798147814356
bb205e8873550d9cfa79eee85064d968	d__Bacteria; p__Bacteroidota; c__Bacteroidia; o__Bacteroidales; f__Prevotellaceae; g__Prevotella; s__Prevotella_corporis	0.9999541727872004
709ecbc3dc73fec3492e22ac048f9872	d__Bacteria; p__Firmicutes; c__Clostridia; o__Oscillospirales; f__Ruminococcaceae; g__Ruminococcus	0.7795015792679538
cfc71dd29088842a380f207c3018f3e7	d__Bacteria; p__Actinobacteriota; c__Actinobacteria; o__Micrococcales; f__Micrococcaceae; g__Micrococcus	0.9851008190986692
575fc1371056703c78f1a7b348b86c1a	d__Bacteria; p__Cyanobacteria; c__Cyanobacteriia; o__Chloroplast; f__Chloroplast; g__Chloroplast	0.9999999999501349
6c02220e53aee6205e36f05a9a711c06	d__Bacteria; p__Firmicutes; c__Negativicutes; o__Veillonellales-Selenomonadales; f__Veillonellaceae; g__Veillonella	0.8579944702607121
b7a974fc31042968ae59d6d3ba00fb20	d__Bacteria; p__Firmicutes; c__Clostridia; o__Lachnospirales; f__Lachnospiraceae; g__Johnsonella	0.9999442570272127
6ee6de6e52219e44a5b7181428431ab1	d__Bacteria; p__Firmicutes; c__Bacilli; o__Lactobacillales; f__Streptococcaceae; g__Streptococcus	0.9999994007299609
83b15de6a36d801b5d249cf055efa759	d__Bacteria; p__Firmicutes; c__Negativicutes; o__Veillonellales-Selenomonadales; f__Selenomonadaceae; g__Selenomonas; s__Selenomonas_sputigena	0.8151620663841562
dd82a0bcea44ba345ec1b800a8f4b24c	d__Bacteria; p__Bacteroidota; c__Bacteroidia; o__Flavobacteriales; f__Flavobacteriaceae; g__Capnocytophaga; s__Capnocytophaga_granulosa	0.7587059817469688
b6dc7ff8bdf23d7143ebe7db435b87e1	d__Bacteria; p__Fusobacteriota; c__Fusobacteriia; o__Fusobacteriales; f__Fusobacteriaceae; g__Fusobacterium; s__uncultured_bacterium	0.7634269914436107
7e61ba3fec7115046ce715e3c39a65d5	d__Bacteria; p__Synergistota; c__Synergistia; o__Synergistales; f__Synergistaceae; g__Fretibacterium	0.9999979223688543
a061a2640c50871e4ff8ece6997707e2	d__Bacteria; p__Proteobacteria; c__Alphaproteobacteria; o__Rhizobiales; f__Xanthobacteraceae; g__Bradyrhizobium	0.7344422120516598
13930e1e6e1b86764152f6db1f014491	d__Bacteria; p__Bacteroidota; c__Bacteroidia; o__Bacteroidales; f__Tannerellaceae; g__Tannerella; s__Tannerella_forsythia	0.9534489184335726
b83064c14fda764dbffc6fa2a320712e	d__Bacteria; p__Bacteroidota; c__Bacteroidia; o__Bacteroidales; f__Prevotellaceae; g__Prevotella	0.9995826728506942
67bf6e21ae8197d79cd403484e4afaee	d__Bacteria; p__Proteobacteria; c__Gammaproteobacteria; o__Pasteurellales; f__Pasteurellaceae; g__Aggregatibacter	0.9878675933108645
0c7b3094a773b744b4cda53d5d899fcc	d__Bacteria; p__Firmicutes; c__Bacilli; o__Mycoplasmatales; f__Mycoplasmataceae; g__Ureaplasma	0.9999999999105548
55770625fa1252558c42dc50032b65e8	d__Bacteria; p__Fusobacteriota; c__Fusobacteriia; o__Fusobacteriales; f__Fusobacteriaceae; g__Fusobacterium; s__Fusobacterium_necrophorum	0.7764502538327401
c4d70f74bea75a17a93e4066237f384c	d__Bacteria; p__Fusobacteriota; c__Fusobacteriia; o__Fusobacteriales; f__Leptotrichiaceae; g__Leptotrichia; s__uncultured_bacterium	0.950073710914015
78efe25d62927336bfb5d28d676e2d47	d__Bacteria; p__Bacteroidota; c__Bacteroidia; o__Bacteroidales; f__Prevotellaceae; g__Prevotella; s__Prevotella_aurantiaca	0.9998751327976266
36eb383c6f51fd277101f8ab5e768251	d__Bacteria; p__Patescibacteria; c__Gracilibacteria; o__Absconditabacteriales_(SR1); f__Absconditabacteriales_(SR1); g__Absconditabacteriales_(SR1); s__SR1_bacterium	0.9983866452745658
30ac10f1cb663d5a08c2ba3394fb9f65	d__Bacteria; p__Bacteroidota; c__Bacteroidia; o__Bacteroidales; f__Prevotellaceae; g__Alloprevotella; s__uncultured_Bacteroidetes	0.8912802678727036
bacbd8e905398fe5dfd9eb049cc8acf8	d__Bacteria; p__Patescibacteria; c__Gracilibacteria; o__Absconditabacteriales_(SR1); f__Absconditabacteriales_(SR1); g__Absconditabacteriales_(SR1); s__SR1_bacterium	0.9988810347731933
7ee65b34c18e7849e9562b0cf47defdf	d__Bacteria; p__Proteobacteria; c__Gammaproteobacteria; o__Pseudomonadales; f__Pseudomonadaceae; g__Pseudomonas	0.9996109163110286
ee35a629750e91e3f787df83da937a3f	d__Bacteria; p__Proteobacteria; c__Gammaproteobacteria; o__Pseudomonadales; f__Moraxellaceae; g__Moraxella	0.9999815220845113
8d9e32c5b22a9d243c6814f6cf487a6e	d__Bacteria; p__Proteobacteria; c__Gammaproteobacteria; o__Enterobacterales; f__Enterobacteriaceae	0.9343576287948951
ad958738cced7515c5e7997216b5a068	d__Bacteria; p__Firmicutes; c__Bacilli; o__Staphylococcales; f__Staphylococcaceae; g__Staphylococcus	0.9967486328469104
958bdbf14764d07b21fe84b355c0aa22	d__Bacteria; p__Proteobacteria; c__Gammaproteobacteria; o__Burkholderiales; f__Burkholderiaceae; g__Cupriavidus; s__Cupriavidus_basilensis	0.8476891567364688
0fdf21f1d9e8c2dbe15483c8d764b31b	d__Bacteria; p__Cyanobacteria; c__Cyanobacteriia; o__Chloroplast; f__Chloroplast; g__Chloroplast	0.9999999999459641
a6385697b4a0e464038103258ff047ec	d__Bacteria; p__Firmicutes; c__Bacilli; o__Lactobacillales; f__Streptococcaceae; g__Streptococcus	0.9999953059392492
b0429c71f603f4f74faa4a080813df0a	d__Bacteria; p__Firmicutes; c__Negativicutes; o__Veillonellales-Selenomonadales; f__Veillonellaceae; g__Dialister; s__Dialister_propionicifaciens	0.7747283060901727
b67d841ee09155978712f2febab62c9b	d__Bacteria; p__Spirochaetota; c__Spirochaetia; o__Spirochaetales; f__Spirochaetaceae; g__Treponema; s__Treponema_denticola	0.95259059612605
eb286177703d413c0d482352443007f0	d__Bacteria; p__Proteobacteria; c__Gammaproteobacteria; o__Pseudomonadales; f__Moraxellaceae; g__Acinetobacter	0.9999968964582346
1b404cd4c2a29cf14383261bb8764aac	d__Bacteria; p__Proteobacteria; c__Gammaproteobacteria; o__Pasteurellales; f__Pasteurellaceae; g__Aggregatibacter; s__uncultured_bacterium	0.8553675354090513
9b435a5a2535004aefbe8a4f7e1edf00	d__Bacteria; p__Bacteroidota; c__Bacteroidia; o__Bacteroidales; f__Rikenellaceae; g__Rikenellaceae_RC9_gut_group; s__uncultured_eubacterium	0.9985412211921769
f413dd52c909d1e5090ec8b83043ee85	d__Bacteria; p__Proteobacteria; c__Gammaproteobacteria; o__Burkholderiales; f__Neisseriaceae; g__Neisseria; s__Neisseria_elongata	0.8629312831445572
07cc7d844135a697da1f1853f324000c	d__Bacteria; p__Bacteroidota; c__Bacteroidia; o__Bacteroidales; f__Prevotellaceae; g__Prevotella; s__Prevotella_shahii	0.9992764901417548
c2a421a64b759a5093ed2dcdc3f536e6	d__Bacteria; p__Spirochaetota; c__Spirochaetia; o__Spirochaetales; f__Spirochaetaceae; g__Treponema; s__Treponema_denticola	0.9908031316490824
a0f4e4fe245cb53a488b129953b4b31d	d__Bacteria; p__Bacteroidota; c__Bacteroidia; o__Bacteroidales	0.7749249792330954
ace952c4be8f76c90968df6a6be0f36d	d__Bacteria; p__Firmicutes; c__Negativicutes; o__Veillonellales-Selenomonadales; f__Veillonellaceae; g__Veillonella	0.8837138389722895
44387a2f7e1327591413edd7b0481926	d__Bacteria; p__Bacteroidota; c__Bacteroidia; o__Bacteroidales; f__Prevotellaceae; g__Alloprevotella; s__Alloprevotella_rava	0.9845954184442828
648c8f4214deebbf14b4ff570cf06267	d__Bacteria; p__Bacteroidota; c__Bacteroidia; o__Bacteroidales; f__Porphyromonadaceae; g__Porphyromonas; s__unidentified	0.7183827408405058
98ec03b914f9edd4e566e7c0b1445223	d__Bacteria; p__Actinobacteriota; c__Actinobacteria; o__Corynebacteriales; f__Corynebacteriaceae; g__Lawsonella	0.9999970133987321
2062201a7ea78a1964802a25021e9b95	d__Bacteria; p__Actinobacteriota; c__Actinobacteria; o__Corynebacteriales; f__Corynebacteriaceae; g__Corynebacterium	0.9838597747261468
ad989956b0ccf8df766302cff56e0d12	d__Bacteria; p__Firmicutes; c__Clostridia; o__Oscillospirales; f__Ruminococcaceae	0.9961834440708195
774b4f6e436cf4dd626201f351a44e9e	d__Bacteria; p__Bacteroidota; c__Bacteroidia; o__Bacteroidales; f__Prevotellaceae; g__Prevotella; s__Prevotella_pallens	0.999757906567337
1ff201a53ac096588c8daa18c7608fd0	d__Bacteria; p__Actinobacteriota; c__Actinobacteria; o__Actinomycetales; f__Actinomycetaceae; g__Actinomyces; s__Schaalia_odontolytica	0.7897176429666911
a302be181587ff6369d30c37c562a696	d__Bacteria; p__Bacteroidota; c__Bacteroidia; o__Bacteroidales; f__Prevotellaceae; g__Alloprevotella; s__Alloprevotella_tannerae	0.9734100686809082
d074f191138e5187938873d045a2ba9b	d__Bacteria; p__Actinobacteriota; c__Actinobacteria; o__Bifidobacteriales; f__Bifidobacteriaceae; g__Alloscardovia; s__Alloscardovia_omnicolens	0.9830503918341399
e2f985e513966054ba6947c5284ff9fc	d__Bacteria; p__Actinobacteriota; c__Coriobacteriia; o__Coriobacteriales; f__Eggerthellaceae; g__Slackia; s__Slackia_exigua	0.9592404766549144
64f68fc9f7895dd633639d9e3493818b	d__Bacteria; p__Proteobacteria; c__Gammaproteobacteria; o__Pasteurellales; f__Pasteurellaceae; g__Aggregatibacter	0.9942495973507762
6d800ad48269622918632380d7d3f2b4	d__Bacteria; p__Bacteroidota; c__Bacteroidia; o__Bacteroidales; f__Prevotellaceae; g__Prevotella; s__Prevotella_nanceiensis	0.999993105659746
e0460fe530465623b23a52333e3e44d7	d__Bacteria; p__Bacteroidota; c__Bacteroidia; o__Bacteroidales; f__Prevotellaceae; g__Prevotella; s__Prevotella_buccalis	0.9986357275400572
9a60d9bc17d976fb662b904c6156df67	d__Bacteria; p__Firmicutes; c__Clostridia; o__Peptostreptococcales-Tissierellales; f__Peptostreptococcales-Tissierellales; g__Peptoniphilus	0.9999999971446388
1d8038eaba0eabf339f4e910770f6f3c	d__Bacteria; p__Bacteroidota; c__Bacteroidia; o__Bacteroidales; f__Prevotellaceae; g__Prevotella	0.8015845644635751
ab0407291eff851b08bcbf68e8cbcd8c	d__Bacteria; p__Bacteroidota; c__Bacteroidia; o__Bacteroidales; f__Prevotellaceae; g__Prevotella; s__Prevotella_melaninogenica	0.9570347434236091
289bd18e54e33b0301516c16d7ebb244	d__Bacteria; p__Firmicutes; c__Clostridia; o__Peptostreptococcales-Tissierellales; f__Anaerovoracaceae; g__Amnipila; s__uncultured_organism	0.7875129942991145
e4f6bece72eabd0c353cbdd5d72ed2b8	d__Bacteria; p__Firmicutes; c__Bacilli; o__Staphylococcales; f__Gemellaceae; g__Gemella	0.9999926554109358
2b75cf1ddee12ba15e2610098bac83eb	d__Bacteria; p__Bacteroidota; c__Bacteroidia; o__Flavobacteriales; f__Weeksellaceae; g__Bergeyella; s__uncultured_Bergeyella	0.7032751731900959
bceb40de144dc996c62f1e9bb23d5bf4	d__Bacteria; p__Bacteroidota; c__Bacteroidia; o__Bacteroidales; f__Prevotellaceae; g__Prevotella	0.9999665846454794
7beff93c8d8d092cf81507d8950fedcd	d__Bacteria; p__Bacteroidota; c__Bacteroidia; o__Bacteroidales; f__Prevotellaceae; g__Alloprevotella; s__Alloprevotella_rava	0.9390248002983551
d2dc30ebd69b7e26c0cd8a8f58c1bcfa	d__Bacteria; p__Bacteroidota; c__Bacteroidia; o__Bacteroidales; f__Prevotellaceae; g__Alloprevotella; s__Alloprevotella_rava	0.940009468268484
4429ee8f1583a43a3e5d3c3ed4008d51	d__Bacteria; p__Campilobacterota; c__Campylobacteria; o__Campylobacterales; f__Campylobacteraceae; g__Campylobacter; s__unidentified	0.8846769135401337
b00807d351fc79fff8a792f007938e38	d__Bacteria; p__Firmicutes; c__Negativicutes; o__Veillonellales-Selenomonadales; f__Selenomonadaceae; g__Selenomonas; s__Selenomonas_sputigena	0.8150419995108474
cbf4fdf804a306a8f7b06898df9a525f	d__Bacteria; p__Patescibacteria; c__Gracilibacteria; o__Absconditabacteriales_(SR1); f__Absconditabacteriales_(SR1); g__Absconditabacteriales_(SR1); s__SR1_bacterium	0.986681178398609
99f5461910f94a15907a15d453dbe45b	d__Bacteria; p__Proteobacteria; c__Gammaproteobacteria; o__Pasteurellales; f__Pasteurellaceae; g__Haemophilus	0.9947165476811698
b1cfed781cc34b0822a474431c57534b	d__Bacteria; p__Patescibacteria; c__Saccharimonadia; o__Saccharimonadales; f__Saccharimonadales; g__Saccharimonadales; s__TM7_phylum	0.9636069200284962
941c7df15f0336ec40c5edf11cef6f79	d__Bacteria; p__Proteobacteria; c__Gammaproteobacteria; o__Burkholderiales; f__Burkholderiaceae; g__Cupriavidus; s__Cupriavidus_basilensis	0.8544011938116467
07cce0728a4ec7daa3e43fb19b920af3	d__Bacteria; p__Bacteroidota; c__Bacteroidia; o__Bacteroidales; f__Prevotellaceae; g__Prevotella; s__Prevotella_pallens	0.9996066466520873
02c459ff9e99483c49ae053d44210090	d__Bacteria; p__Firmicutes; c__Clostridia; o__Lachnospirales; f__Lachnospiraceae	0.9999976129824568
8896a6174108e298bd8d48e8e7465839	d__Bacteria; p__Firmicutes; c__Negativicutes; o__Veillonellales-Selenomonadales; f__Veillonellaceae; g__Veillonella; s__Veillonella_atypica	0.7833297318029343
0f9a346cdfbe8e480c32e05ca44d3720	d__Bacteria; p__Firmicutes; c__Bacilli; o__Lactobacillales; f__Streptococcaceae; g__Streptococcus	0.9999974946308476
c28e91c0590f4696a867ddb2dc73445e	d__Bacteria; p__Proteobacteria; c__Gammaproteobacteria; o__Pseudomonadales; f__Pseudomonadaceae; g__Pseudomonas	0.9999624907328921
608dd6bc8ab8f2a75ccb476e155e60c3	d__Bacteria; p__Firmicutes; c__Negativicutes; o__Veillonellales-Selenomonadales; f__Veillonellaceae; g__Veillonella	0.9999478238220522
e3a4589b0eb5f3964e67a373fd0a4d58	d__Bacteria; p__Bacteroidota; c__Bacteroidia; o__Bacteroidales; f__Prevotellaceae; g__Prevotella; s__Prevotella_pallens	0.9999579954216031
09dfa2712fed6be3a03ce7d9765465a9	d__Bacteria; p__Proteobacteria; c__Gammaproteobacteria; o__Enterobacterales; f__Hafniaceae; g__Hafnia-Obesumbacterium	0.7568576387606936
81e997b5a8c3ce0a22de2a5fd1aeacf4	d__Bacteria; p__Proteobacteria; c__Gammaproteobacteria; o__Enterobacterales	0.9999671496562319
fb2a3a302921734cd56b865d76f493e9	d__Bacteria; p__Bacteroidota; c__Bacteroidia; o__Bacteroidales; f__Prevotellaceae; g__Prevotella; s__Prevotella_nanceiensis	0.999988991802435
35031ac525ec02a17505368a76ff33b6	d__Bacteria; p__Firmicutes; c__Negativicutes; o__Veillonellales-Selenomonadales; f__Veillonellaceae; g__Veillonella	0.9999985742917222
437efa73b369417a41a59e98bbdd8055	d__Bacteria; p__Proteobacteria; c__Gammaproteobacteria; o__Pasteurellales; f__Pasteurellaceae; g__Haemophilus	0.8560159821242421
e05054cce3d16ea7e14de303bb399bad	d__Bacteria; p__Bacteroidota; c__Bacteroidia; o__Bacteroidales; f__Rikenellaceae; g__Rikenellaceae_RC9_gut_group; s__Porphyromonas-like_sp.	0.9871335183556524
b87939567775fc454dd195bd49f608ab	d__Bacteria; p__Proteobacteria; c__Gammaproteobacteria; o__Burkholderiales; f__Neisseriaceae; g__Neisseria	0.9999369523213925
edae13b97a7f8b148e8c8c0d73510a62	d__Bacteria; p__Proteobacteria; c__Gammaproteobacteria; o__Burkholderiales; f__Oxalobacteraceae; g__Massilia	0.989823997329332
7e41e06208b28ee2acd126a64f1c8afd	d__Bacteria; p__Proteobacteria; c__Gammaproteobacteria; o__Enterobacterales; f__Enterobacteriaceae	0.9346316999255289
1e1b33177c0b5dbb0623f28ed078bd89	d__Bacteria; p__Firmicutes; c__Bacilli; o__Lactobacillales; f__Aerococcaceae; g__Abiotrophia; s__uncultured_bacterium	0.9973618411528403
30c6fa3d28cc1dee9ec9df3188cee1e4	d__Bacteria; p__Firmicutes; c__Negativicutes; o__Veillonellales-Selenomonadales; f__Veillonellaceae; g__Veillonella	0.999999660583442
008d1c658bef5f634668288ad05207b6	d__Bacteria; p__Bacteroidota; c__Bacteroidia; o__Bacteroidales; f__Prevotellaceae; g__Prevotella; s__Prevotella_aurantiaca	0.9998318687738557
0c71fc130be478de652e309c0afe673d	d__Bacteria; p__Bacteroidota; c__Bacteroidia; o__Bacteroidales; f__Prevotellaceae; g__Prevotella	0.9999529264918278
2a8a3ee1acda65ea386cf65581248339	d__Bacteria; p__Firmicutes; c__Negativicutes; o__Veillonellales-Selenomonadales; f__Veillonellaceae; g__Veillonella	0.9999991738574973
378f65b6dc3c4d56e3dd527c9220ae84	d__Bacteria; p__Firmicutes; c__Bacilli; o__Lactobacillales; f__Streptococcaceae; g__Streptococcus	0.9999880369250187
6ab961f1a1eb8c4746d8cb4be387537a	d__Bacteria; p__Proteobacteria; c__Gammaproteobacteria; o__Burkholderiales; f__Oxalobacteraceae; g__Massilia	0.9908384189302744
8bee1e254e2bc5fdf894ed47cdff6d06	d__Bacteria; p__Firmicutes; c__Bacilli; o__Lactobacillales; f__Lactobacillaceae; g__Lactobacillus; s__Lactobacillus_iners	0.9909631237625948
a2910bda272dba869930a788d3cef6bd	d__Bacteria; p__Firmicutes; c__Clostridia; o__Lachnospirales; f__Lachnospiraceae; g__Stomatobaculum	0.9130325323644727
deed7ee9a4ad31aa75893060782b9324	d__Bacteria; p__Bacteroidota; c__Bacteroidia; o__Bacteroidales; f__Prevotellaceae; g__Alloprevotella; s__uncultured_Bacteroidetes	0.9857002223448375
144bdb760424b5e7e8257f0d1fd84833	d__Bacteria; p__Firmicutes; c__Clostridia; o__Peptostreptococcales-Tissierellales; f__Peptostreptococcales-Tissierellales; g__Parvimonas	0.9999993328839711
1bcd4a0ac6ee3cfe976af85371afb70f	d__Bacteria; p__Actinobacteriota; c__Actinobacteria; o__Corynebacteriales; f__Nocardiaceae; g__Rhodococcus	0.9999150823548006
442d761fc9cde9269c081ef238af9977	d__Bacteria; p__Proteobacteria; c__Gammaproteobacteria; o__Burkholderiales; f__Burkholderiaceae; g__Cupriavidus; s__Cupriavidus_basilensis	0.8220765418609517
88b1685129a1944ec85f8761a8fb1769	d__Bacteria; p__Proteobacteria; c__Gammaproteobacteria; o__Burkholderiales; f__Burkholderiaceae; g__Cupriavidus; s__Cupriavidus_basilensis	0.8146451106938827
8642efa3b5a563d409d750020da8d359	d__Bacteria; p__Spirochaetota; c__Spirochaetia; o__Spirochaetales; f__Spirochaetaceae; g__Treponema; s__Treponema_lecithinolyticum	0.9999953056636081
9cf41199e11b116f2357446f0567ccdd	d__Bacteria; p__Bacteroidota; c__Bacteroidia; o__Bacteroidales; f__Prevotellaceae; g__Prevotella; s__Prevotella_oulorum	0.9710996978182487
a723a75a37e54733c4da66930b994f2a	d__Bacteria; p__Fusobacteriota; c__Fusobacteriia; o__Fusobacteriales; f__Leptotrichiaceae; g__Leptotrichia	0.9994690411649666
e556456a820ce55dc104e82eccbbd02f	d__Bacteria; p__Proteobacteria; c__Gammaproteobacteria; o__Pasteurellales; f__Pasteurellaceae; g__Haemophilus	0.9552552400057559
a73b5c36d5ced3240f84546d68f2cbc5	d__Bacteria; p__Bacteroidota; c__Bacteroidia; o__Bacteroidales; f__Prevotellaceae; g__Prevotella	0.9988635282017302
6cf62b221917a521413482f118396daa	d__Bacteria; p__Spirochaetota; c__Spirochaetia; o__Spirochaetales; f__Spirochaetaceae; g__Treponema; s__Treponema_denticola	0.9885568044042423
5801429b268e7dd5a9174fe6bf53f82a	d__Bacteria; p__Bacteroidota; c__Bacteroidia; o__Bacteroidales; f__Prevotellaceae; g__Prevotella; s__Prevotella_jejuni	0.9471695083028109
1c734ee3bfac12fe51fdf00fe7a3953c	d__Bacteria; p__Proteobacteria; c__Gammaproteobacteria; o__Pasteurellales; f__Pasteurellaceae; g__Aggregatibacter	0.9846259444327078
5983b6a78d6b3125b1cc2e77b1a324d3	d__Bacteria; p__Fusobacteriota; c__Fusobacteriia; o__Fusobacteriales; f__Fusobacteriaceae; g__Fusobacterium; s__Fusobacterium_necrophorum	0.9272210285047193
5ff7ee98e4471b1cbabd973d40800d0b	d__Bacteria; p__Bacteroidota; c__Bacteroidia; o__Flavobacteriales; f__Weeksellaceae; g__Bergeyella; s__uncultured_bacterium	0.9528945884011096
cb25fd8b024e0bc24d38c74fadaf40bc	d__Bacteria; p__Fusobacteriota; c__Fusobacteriia; o__Fusobacteriales; f__Leptotrichiaceae; g__Leptotrichia	0.9993776647075177
94180fb6a4fa047ad379b0aabe735387	d__Bacteria; p__Fusobacteriota; c__Fusobacteriia; o__Fusobacteriales; f__Leptotrichiaceae; g__Leptotrichia; s__uncultured_bacterium	0.9397562686838686
d7dbec3e95a34c76d85791d2ab2609d7	d__Bacteria; p__Fusobacteriota; c__Fusobacteriia; o__Fusobacteriales; f__Fusobacteriaceae; g__Fusobacterium	0.9999998299156763
cd46a29b8f2d86baf3c2ba047c73e244	d__Bacteria; p__Proteobacteria; c__Gammaproteobacteria; o__Burkholderiales; f__Neisseriaceae; g__Neisseria; s__Neisseria_perflava	0.7025544127757611
0ccc0d797029b8a3c55edd6a0775bbbd	d__Bacteria; p__Proteobacteria; c__Gammaproteobacteria; o__Burkholderiales; f__Neisseriaceae; g__Neisseria	0.9999515396164742
4807f01088d1533681b8db98ff37f094	d__Bacteria; p__Proteobacteria; c__Alphaproteobacteria; o__Rhizobiales; f__Rhizobiaceae; g__Mesorhizobium	0.8569840874209634
ddc032d0051b7fdedb3207ea78e85b4b	d__Bacteria; p__Proteobacteria; c__Alphaproteobacteria; o__Sphingomonadales; f__Sphingomonadaceae; g__Novosphingobium	0.9717120663857525
6f7ca97344c5ab4ef28c23d7477027ea	d__Bacteria; p__Proteobacteria; c__Gammaproteobacteria; o__Burkholderiales; f__Neisseriaceae; g__Neisseria	0.9999003323275223
d5ef9bf7a7f0199c52eda91db161e48c	d__Bacteria; p__Proteobacteria; c__Gammaproteobacteria; o__Burkholderiales; f__Neisseriaceae; g__Neisseria	0.9998665876772227
deb8a8ac1eac5c00f10edce13742281b	d__Bacteria; p__Bacteroidota; c__Bacteroidia; o__Bacteroidales; f__Porphyromonadaceae; g__Porphyromonas	0.9999961287405633
781afed22399ef4f2d98c8fa3321d27d	d__Bacteria; p__Proteobacteria; c__Gammaproteobacteria; o__Pasteurellales; f__Pasteurellaceae; g__Haemophilus	0.9159047321190027
6e0a67647f0c785902479e1582d4cf98	d__Bacteria; p__Proteobacteria; c__Gammaproteobacteria; o__Pseudomonadales; f__Pseudomonadaceae; g__Pseudomonas	0.9990578956435159
36bf966b9f70728e1621361714c360f2	d__Bacteria; p__Firmicutes; c__Negativicutes; o__Veillonellales-Selenomonadales; f__Veillonellaceae; g__Veillonella	0.9999672574725227
59249c00429328bc0995d3e27b018c45	d__Bacteria; p__Bacteroidota; c__Bacteroidia; o__Flavobacteriales; f__Weeksellaceae; g__Empedobacter	0.9975818996002184
ee7aa987e3fe32821e152f193f7af577	d__Bacteria; p__Bacteroidota; c__Bacteroidia; o__Bacteroidales; f__Porphyromonadaceae; g__Porphyromonas; s__Porphyromonas_pasteri	0.7535259285150401
e66e90c5a7f51dcefef6a40b240cc944	d__Bacteria; p__Bacteroidota; c__Bacteroidia; o__Sphingobacteriales; f__Lentimicrobiaceae; g__Lentimicrobium; s__unidentified	0.9998723924611559
1d54f5e63260a8ba8b64c75cdfd12efb	d__Bacteria; p__Bacteroidota; c__Bacteroidia; o__Bacteroidales; f__Porphyromonadaceae; g__Porphyromonas; s__Porphyromonas_pasteri	0.7817419493286435
c54d1f5ccd6fe035799353f3e25c49f9	d__Bacteria; p__Bacteroidota; c__Bacteroidia; o__Bacteroidales; f__Rikenellaceae; g__Rikenellaceae_RC9_gut_group; s__Bacteroidales_oral	0.9975174930882412
2408fb39c66348394fe97e02786adc6f	d__Bacteria; p__Actinobacteriota; c__Actinobacteria; o__Corynebacteriales; f__Nocardiaceae; g__Rhodococcus	0.9998823514821701
7715b3e2320d8e8438867894ceb4eeab	d__Bacteria; p__Bacteroidota; c__Bacteroidia; o__Bacteroidales; f__Prevotellaceae; g__Prevotella; s__Prevotella_nanceiensis	0.9999929202415324
9d384566d700a2ca00ee526785e131ce	d__Bacteria; p__Firmicutes; c__Clostridia; o__Peptostreptococcales-Tissierellales; f__Peptostreptococcaceae; g__[Eubacterium]_yurii_group	0.9999293773508175
86d8ec8c7f00b9d79b6264e5dd80d824	d__Bacteria; p__Firmicutes; c__Bacilli; o__Lactobacillales; f__Streptococcaceae; g__Streptococcus	0.9999969073486266
0a669ac1b678f0a1ef6f770a42023e19	d__Bacteria; p__Firmicutes; c__Clostridia; o__Lachnospirales; f__Lachnospiraceae; g__Johnsonella; s__uncultured_Lachnospiraceae	0.7002111544149868
cc179aa0a4c10337cc6f91e0c2edba73	d__Bacteria; p__Bacteroidota; c__Bacteroidia; o__Flavobacteriales; f__Weeksellaceae; g__Empedobacter	0.9974239471543707
2d994b6100ba2cff099d907c243ecdc8	d__Bacteria; p__Actinobacteriota; c__Actinobacteria; o__Corynebacteriales; f__Nocardiaceae; g__Williamsia	0.9973005328720719
4cd089a536daa009f98701669c23eb92	d__Bacteria; p__Bacteroidota; c__Bacteroidia; o__Flavobacteriales; f__Flavobacteriaceae; g__Capnocytophaga; s__uncultured_Capnocytophaga	0.8496293985129388
08ac3f80c468020752001c3af7a24196	d__Bacteria; p__Firmicutes; c__Negativicutes; o__Veillonellales-Selenomonadales; f__Veillonellaceae; g__Veillonella	0.9999992458553567
73d32f14a8dc8328f68e254f2a06ec7d	d__Bacteria; p__Firmicutes; c__Negativicutes; o__Veillonellales-Selenomonadales; f__Veillonellaceae; g__Veillonella	0.9980036703608547
e126bfe2098f93ed44b9525d0c77aa8d	d__Bacteria; p__Bacteroidota; c__Bacteroidia; o__Bacteroidales; f__Prevotellaceae; g__Alloprevotella; s__Alloprevotella_rava	0.984534362847935
1114cbcc61b39a8f0ca2cf5e48d3bdf8	d__Bacteria; p__Fusobacteriota; c__Fusobacteriia; o__Fusobacteriales; f__Fusobacteriaceae; g__Fusobacterium	0.9999998030258267
349476346ac68cc1a06beaf18f9ad952	d__Bacteria; p__Fusobacteriota; c__Fusobacteriia; o__Fusobacteriales; f__Leptotrichiaceae; g__Leptotrichia	0.9999999264179016
198fc21dd762bfa888677249fe63603e	d__Bacteria; p__Bacteroidota; c__Bacteroidia; o__Bacteroidales; f__Prevotellaceae; g__Prevotella	0.9974291727097975
4d2b97b4bfc663e43d6f11771d9392ae	d__Bacteria; p__Bacteroidota; c__Bacteroidia; o__Bacteroidales; f__Prevotellaceae; g__Prevotella; s__Prevotella_jejuni	0.93883805151782
d1cf89c669839030ff734e85cf0be27b	d__Bacteria; p__Firmicutes; c__Clostridia; o__Lachnospirales; f__Lachnospiraceae; g__Fusicatenibacter	0.9939896689398102
bed17d93432a3f926ce1c4af565b7e9d	d__Bacteria; p__Firmicutes; c__Clostridia; o__Lachnospirales; f__Lachnospiraceae; g__Lachnoanaerobaculum	0.9996225920185723
9ccbce2f787f2018b830d397a58863a7	d__Bacteria; p__Firmicutes; c__Negativicutes; o__Veillonellales-Selenomonadales; f__Veillonellaceae; g__Veillonella	0.9734739694505545
f197772cca1ad81f8fd730375b65f226	d__Bacteria; p__Firmicutes; c__Negativicutes; o__Veillonellales-Selenomonadales; f__Selenomonadaceae; g__Selenomonas	0.9872168669539644
ff09753ca5e6ad06054c8433b7cc6322	d__Bacteria; p__Bacteroidota; c__Bacteroidia; o__Bacteroidales; f__Prevotellaceae; g__Alloprevotella; s__uncultured_Bacteroidetes	0.9874672236923683
0cdf5e99d4038c2d827341bbce7ce427	d__Bacteria; p__Bacteroidota; c__Bacteroidia; o__Bacteroidales; f__Porphyromonadaceae; g__Porphyromonas	0.9999964756388694
1532e9099d2bc36481bf2820a3cb8248	d__Bacteria; p__Bacteroidota; c__Bacteroidia; o__Bacteroidales; f__Prevotellaceae; g__Prevotella	0.9999134676084618
8d080e2ea5f266816b700d0cadf1b8cd	d__Bacteria; p__Bacteroidota; c__Bacteroidia; o__Flavobacteriales; f__Flavobacteriaceae; g__Capnocytophaga; s__Capnocytophaga_gingivalis	0.9593227374773601
e25d3105285599354c4decc70287aa7d	d__Bacteria; p__Actinobacteriota; c__Actinobacteria; o__Micrococcales; f__Micrococcaceae; g__Kocuria	0.9669406269349348
67141e9d5d8a6f7f4319102eabeca8aa	d__Bacteria; p__Proteobacteria; c__Gammaproteobacteria; o__Pseudomonadales; f__Moraxellaceae; g__Enhydrobacter	0.9573202314007572
06a64f3c60d537a59a748acc91517f56	d__Bacteria; p__Firmicutes; c__Bacilli; o__Lactobacillales; f__Streptococcaceae; g__Lactococcus	0.9999987837196259
6e4c8bc1d7a00e2e74f5ace97d1ce091	d__Bacteria; p__Firmicutes; c__Negativicutes; o__Veillonellales-Selenomonadales; f__Veillonellaceae; g__Veillonella	0.9999997669913581
da7ec68fc23a08239caa65a0ce675b8f	d__Bacteria; p__Firmicutes; c__Bacilli; o__Lactobacillales; f__Streptococcaceae; g__Streptococcus	0.999998619258009
78abf997175831c62a124b3ef9e649ae	d__Bacteria; p__Firmicutes; c__Bacilli; o__Staphylococcales; f__Gemellaceae; g__Gemella	0.9999962567388787
0bfd66e2fe66e6e7cfc10447a4fa204d	d__Bacteria; p__Firmicutes; c__Bacilli; o__Staphylococcales; f__Gemellaceae; g__Gemella	0.9999959878971725
a8275ec55e8e266426ea16960eb275aa	d__Bacteria; p__Bacteroidota; c__Bacteroidia; o__Bacteroidales; f__Prevotellaceae; g__Prevotella	0.9997102024879805
f8e35e8f9128aad09da2b0fe98476bc5	d__Bacteria; p__Bacteroidota; c__Bacteroidia; o__Bacteroidales; f__Prevotellaceae; g__Prevotella	0.9997576464851756
d5c70ca4cbc17f8e648e06281e4580bf	d__Bacteria; p__Firmicutes; c__Clostridia; o__Peptostreptococcales-Tissierellales; f__Anaerovoracaceae; g__[Eubacterium]_saphenum_group; s__Eubacterium_saphenum	0.9989128328485147
af2399930df01ff13c4aa778f60cd780	d__Bacteria; p__Proteobacteria; c__Gammaproteobacteria; o__Burkholderiales; f__Neisseriaceae; g__Neisseria	0.9994640444048952
ea6796201b34d9d28bb5acb85135d81d	d__Eukaryota; p__Ascomycota	0.9994659674392822
0c958489bec4e37e86f3501c4454a94b	d__Bacteria; p__Bacteroidota; c__Bacteroidia; o__Bacteroidales; f__Prevotellaceae; g__Prevotella; s__Prevotella_pallens	0.999996842247055
eebad05442c64901d02474d183106345	d__Bacteria; p__Patescibacteria; c__Gracilibacteria; o__Absconditabacteriales_(SR1); f__Absconditabacteriales_(SR1); g__Absconditabacteriales_(SR1); s__SR1_bacterium	0.9791750932926432
7dfde235c1d85f495d0b76fe37ca8867	d__Bacteria; p__Patescibacteria; c__Gracilibacteria; o__Absconditabacteriales_(SR1); f__Absconditabacteriales_(SR1); g__Absconditabacteriales_(SR1); s__SR1_bacterium	0.991723746319963
a0486fe2d9a3da77004253032c371eb3	d__Bacteria; p__Bacteroidota; c__Bacteroidia; o__Bacteroidales; f__Prevotellaceae; g__Prevotella; s__Prevotella_nanceiensis	0.9999980315299174
1faae4c0cf34f8a193ef5115405724df	d__Bacteria; p__Actinobacteriota; c__Actinobacteria; o__Micrococcales; f__Micrococcaceae; g__Rothia	0.9998872444334769
afd3cdd265bdfa35e09145976947736a	d__Bacteria; p__Proteobacteria; c__Gammaproteobacteria; o__Pseudomonadales; f__Moraxellaceae; g__Acinetobacter	0.9999924478017715
ce0f8f24d4cece391c4806e7a36e2b1c	d__Bacteria; p__Proteobacteria; c__Gammaproteobacteria; o__Burkholderiales; f__Oxalobacteraceae; g__Undibacterium	0.962173463418025
a9fa6e3aae1cf93c7053851dcff3ba67	d__Bacteria; p__Actinobacteriota; c__Actinobacteria; o__Corynebacteriales; f__Corynebacteriaceae; g__Corynebacterium	0.9796151900251929
63eec89d14e64cf1938fb3dc660f3ffb	d__Bacteria; p__Actinobacteriota; c__Actinobacteria; o__Corynebacteriales; f__Nocardiaceae; g__Rhodococcus	0.9999136708603761
c386090082b5f7a25fdd10132f1dfd57	d__Bacteria; p__Actinobacteriota; c__Actinobacteria; o__Actinomycetales; f__Actinomycetaceae; g__Actinomyces; s__Schaalia_odontolytica	0.8961432605572252
8c5d75e38c64b2c0a76f0a5fce368ccc	d__Bacteria; p__Proteobacteria; c__Gammaproteobacteria; o__Burkholderiales; f__Neisseriaceae; g__Neisseria	0.9999149727594233
ef0b96f0cdd9d98996c0031911494f3e	d__Bacteria; p__Bacteroidota; c__Bacteroidia; o__Bacteroidales; f__Prevotellaceae; g__Prevotella; s__Prevotella_melaninogenica	0.993252495275198
b53ab82f92cde00153bffa024f1f10c2	d__Bacteria; p__Proteobacteria; c__Gammaproteobacteria; o__Enterobacterales; f__Enterobacteriaceae	0.9396015146876979
5a36bad48d354c2f00364f46cf868e60	d__Bacteria; p__Firmicutes; c__Clostridia; o__Clostridia_UCG-014; f__Clostridia_UCG-014; g__Clostridia_UCG-014; s__uncultured_bacterium	0.7766384217075171
d96a2579849fcda49344305fc7ace1f7	d__Bacteria; p__Proteobacteria; c__Gammaproteobacteria; o__Pasteurellales; f__Pasteurellaceae; g__Haemophilus	0.9878089321562287
02ca3661b1982a08ce9a8d937fed495e	d__Bacteria; p__Proteobacteria; c__Gammaproteobacteria; o__Xanthomonadales; f__Xanthomonadaceae; g__Stenotrophomonas; s__Stenotrophomonas_chelatiphaga	0.7538044587476047
e94d7a7da1466660a1572eff8997bc20	d__Bacteria; p__Proteobacteria; c__Gammaproteobacteria; o__Enterobacterales; f__Hafniaceae; g__Hafnia-Obesumbacterium	0.7236950493412233
f5ffb71c7267d97225603f6e8042cf41	d__Bacteria; p__Fusobacteriota; c__Fusobacteriia; o__Fusobacteriales; f__Fusobacteriaceae; g__Fusobacterium; s__uncultured_bacterium	0.7548330845350446
060008a0b20131da9b36167a33d6f412	d__Bacteria; p__Bacteroidota; c__Bacteroidia; o__Bacteroidales; f__Prevotellaceae; g__Prevotella	0.9999503823046145
4f880b6b8775006014317e0fd9a1592d	d__Eukaryota	0.9830009741059568
844f9239412f8e1b4ff31ac0905e0949	d__Bacteria; p__Proteobacteria; c__Gammaproteobacteria; o__Pasteurellales; f__Pasteurellaceae; g__Haemophilus	0.9888610186226566
4cf6f9efe220659a0b7104f0837cf0d9	d__Bacteria; p__Firmicutes; c__Bacilli; o__Lactobacillales; f__Streptococcaceae; g__Streptococcus	0.9999978097404655
6bde5097003f63bb2c0bb60d72b66795	d__Bacteria; p__Proteobacteria; c__Gammaproteobacteria; o__Pasteurellales; f__Pasteurellaceae; g__Haemophilus	0.9858445809255088
c6e5ee6379bfeee9916f20fd2e7e491e	d__Bacteria; p__Firmicutes; c__Bacilli; o__Lactobacillales; f__Streptococcaceae; g__Streptococcus	0.9999985979466484
bf0eed31b38866b3c83919a0b43bde62	d__Bacteria; p__Proteobacteria; c__Alphaproteobacteria; o__Rhodobacterales; f__Rhodobacteraceae; g__Paracoccus	0.9916287302155419
5ac61b747b6271fa73992acbdb0c1225	d__Bacteria; p__Actinobacteriota; c__Actinobacteria; o__Propionibacteriales; f__Propionibacteriaceae; g__Cutibacterium	0.9999682466008455
81e7e833245bc28d8b4d463b4af57de6	d__Bacteria; p__Proteobacteria; c__Alphaproteobacteria; o__Azospirillales; f__Azospirillaceae; g__Skermanella	0.9985291148131209
0ca941557e17ea105967367d39e0cd07	d__Bacteria; p__Proteobacteria; c__Alphaproteobacteria; o__Azospirillales; f__Azospirillaceae; g__Skermanella	0.9992447692386367
d8cdb60c66196823a353b1693225cb82	d__Bacteria; p__Proteobacteria; c__Gammaproteobacteria; o__Burkholderiales; f__Oxalobacteraceae; g__Massilia	0.9904156274390856
73ef9fa8e8a67454a1ede24f9d0d732a	d__Bacteria; p__Firmicutes; c__Negativicutes; o__Veillonellales-Selenomonadales; f__Selenomonadaceae; g__Selenomonas; s__Selenomonas_sp.	0.8519996716292086
7e0a81e8c5962acef9e0d35da3df5e12	d__Bacteria; p__Firmicutes; c__Clostridia; o__Lachnospirales; f__Lachnospiraceae; g__Butyrivibrio	0.9997894485358317
f1e5763d5f8b61d9173561daa000e76a	d__Bacteria; p__Firmicutes; c__Clostridia; o__Clostridia_UCG-014; f__Clostridia_UCG-014; g__Clostridia_UCG-014; s__uncultured_bacterium	0.7415443869461653
03506f79002a019f7daa9f2fc998f006	d__Bacteria; p__Firmicutes; c__Negativicutes; o__Veillonellales-Selenomonadales; f__Veillonellaceae; g__Veillonella	0.9937670270521176
5f403cabcf0caa201a89d3edc019a558	d__Bacteria; p__Bacteroidota; c__Bacteroidia; o__Bacteroidales; f__Prevotellaceae; g__Prevotella	0.9980395382476908
4055a6119d3946f0482b2788d1923c65	d__Bacteria; p__Bacteroidota; c__Bacteroidia; o__Bacteroidales; f__Prevotellaceae; g__Alloprevotella; s__uncultured_Bacteroidetes	0.9503617210784656
343f7a4e54a99f1622798913ed79eedb	d__Bacteria; p__Actinobacteriota; c__Actinobacteria; o__Micrococcales; f__Micrococcaceae; g__Rothia	0.9998884021814611
0ae337b3626426bfe68c86af9b39443f	d__Bacteria; p__Proteobacteria; c__Gammaproteobacteria; o__Pseudomonadales; f__Pseudomonadaceae; g__Pseudomonas	0.9879391781539286
a9e42faac1324653f5797ebb78d573d8	d__Bacteria; p__Proteobacteria; c__Gammaproteobacteria; o__Pseudomonadales; f__Pseudomonadaceae; g__Pseudomonas	0.912234719436726
1d35c8f0c5a685c125cd66740dc0fcff	d__Bacteria; p__Proteobacteria; c__Alphaproteobacteria; o__Acetobacterales; f__Acetobacteraceae; g__Acidiphilium	0.9971227690442079
6d39e997b7bd98b59a90e2b59cd86a2c	d__Bacteria; p__Actinobacteriota; c__Actinobacteria; o__Corynebacteriales; f__Corynebacteriaceae; g__Corynebacterium	0.9943540296594551
594c02735af17e7a963fd9e22d1307eb	d__Bacteria; p__Actinobacteriota; c__Actinobacteria; o__Corynebacteriales; f__Corynebacteriaceae; g__Corynebacterium	0.9942420474434035
8412f206eba20d852005af0d153cf6b5	d__Bacteria; p__Firmicutes; c__Clostridia; o__Peptococcales; f__Peptococcaceae; g__Peptococcus	0.999999984084836
337e3302cf33228be6028417c9e36743	d__Bacteria; p__Firmicutes; c__Clostridia; o__Lachnospirales; f__Lachnospiraceae; g__Lachnoanaerobaculum	0.9996507383220641
f45d93145801a8ea9044f49b651b8042	d__Bacteria; p__Spirochaetota; c__Spirochaetia; o__Spirochaetales; f__Spirochaetaceae; g__Treponema	0.9999997016332467
c5514065a5befbc78c4a65b69f8db8fe	d__Bacteria; p__Proteobacteria; c__Gammaproteobacteria; o__Burkholderiales; f__Neisseriaceae; g__Neisseria	0.9995990713112358
eadbfd831dbf2d66df2b4a14d877e4ea	d__Bacteria; p__Bacteroidota; c__Bacteroidia; o__Bacteroidales; f__Prevotellaceae; g__Alloprevotella	0.9212446812923704
23fc76cb0b791a1513a77e82fce91dbc	d__Bacteria; p__Bacteroidota; c__Bacteroidia; o__Bacteroidales; f__Porphyromonadaceae; g__Porphyromonas	0.999996118537976
54eda0f6d44399621f06e6ebf6105381	d__Bacteria; p__Bacteroidota; c__Bacteroidia; o__Bacteroidales; f__Porphyromonadaceae; g__Porphyromonas	0.9999956825178823
c1d6fdc24c866aaa1a4966c39e4afcea	d__Bacteria; p__Proteobacteria; c__Gammaproteobacteria; o__Pasteurellales; f__Pasteurellaceae; g__Haemophilus	0.9690218552537881
ef93929c331f41ad1960c827e8bd6584	d__Bacteria; p__Actinobacteriota; c__Actinobacteria; o__Micrococcales; f__Micrococcaceae; g__Rothia	0.9999799692107852
28c65a1a85bbe88de956018c843fd55e	d__Bacteria; p__Fusobacteriota; c__Fusobacteriia; o__Fusobacteriales; f__Leptotrichiaceae; g__Leptotrichia	0.9994525656079751
59fce9c27b56ee232d13399232145f43	d__Bacteria; p__Cyanobacteria; c__Cyanobacteriia; o__Chloroplast; f__Chloroplast; g__Chloroplast	0.9999999999582982
b91920df6916debb0a136d8bc9cad364	d__Bacteria; p__Firmicutes; c__Clostridia; o__Peptostreptococcales-Tissierellales; f__Peptostreptococcales-Tissierellales; g__Peptoniphilus	0.9999999966404536
0a6b47e922da322db74bcc53ea5f66b4	d__Bacteria; p__Proteobacteria; c__Alphaproteobacteria; o__Caulobacterales; f__Caulobacteraceae; g__Brevundimonas	0.9974702063213428
c0c45257a747f569fe5519ab828fb7eb	d__Bacteria; p__Firmicutes; c__Bacilli; o__Lactobacillales; f__Leuconostocaceae; g__Leuconostoc	0.9999990307315274
f62c3107d8bd4663738d8ea3f646f9dd	d__Bacteria; p__Proteobacteria; c__Gammaproteobacteria; o__Burkholderiales; f__Burkholderiaceae; g__Lautropia; s__uncultured_bacterium	0.9063140676619549
9a535c32b5e29e816583959d346dc3da	d__Bacteria; p__Bacteroidota; c__Bacteroidia; o__Bacteroidales; f__Porphyromonadaceae; g__Porphyromonas	0.9999999970593151
c12f0066a0be94351d9d77710638c06e	d__Bacteria; p__Bacteroidota; c__Bacteroidia; o__Flavobacteriales; f__Flavobacteriaceae; g__Capnocytophaga; s__Capnocytophaga_leadbetteri	0.8710588001254747
6e95d07d5fcb5f421e9e11746877bd94	d__Bacteria; p__Bacteroidota; c__Bacteroidia; o__Bacteroidales; f__Prevotellaceae; g__Prevotella	0.9998900043659662
988e65bf5fa4d947358bb198305bf03d	d__Bacteria; p__Bacteroidota; c__Bacteroidia; o__Bacteroidales; f__Prevotellaceae; g__Prevotella	0.9996695839346224
6b319ae4bcf58c5acae3e868b2de3400	d__Bacteria; p__Bacteroidota; c__Bacteroidia; o__Bacteroidales; f__Prevotellaceae; g__Alloprevotella; s__Alloprevotella_rava	0.9363743229304408
f2d9bd867bbe2e73e16224f748bd7930	d__Bacteria; p__Bacteroidota; c__Bacteroidia; o__Bacteroidales; f__Prevotellaceae; g__Alloprevotella; s__uncultured_Bacteroidetes	0.9363534558356743
28f245932ddc82240902308cf874dac3	d__Bacteria; p__Bacteroidota; c__Bacteroidia; o__Bacteroidales; f__Prevotellaceae; g__Alloprevotella; s__uncultured_Bacteroidetes	0.94470534477595
6b907c88fbc19e9a128ee29bbfae1284	d__Bacteria; p__Fusobacteriota; c__Fusobacteriia; o__Fusobacteriales; f__Fusobacteriaceae; g__Fusobacterium; s__Fusobacterium_necrophorum	0.8128212397397102
4305339829511b7b075178572a02342f	d__Bacteria; p__Bacteroidota; c__Bacteroidia; o__Bacteroidales; f__Prevotellaceae; g__Prevotella; s__Prevotella_pallens	0.9999504897109431
589fc641bc44deb9354ec4749419a7d9	d__Bacteria; p__Actinobacteriota; c__Actinobacteria; o__Actinomycetales; f__Actinomycetaceae; g__Actinomyces; s__Schaalia_odontolytica	0.7739814211174212
5438bbfeae152e197775fe951e964f56	d__Bacteria; p__Fusobacteriota; c__Fusobacteriia; o__Fusobacteriales; f__Leptotrichiaceae; g__Leptotrichia; s__uncultured_bacterium	0.9486580282503495
2c9447efd42259445694e47d087c3c08	d__Bacteria; p__Bacteroidota; c__Bacteroidia; o__Flavobacteriales; f__Weeksellaceae; g__Bergeyella; s__uncultured_bacterium	0.9596263776905789
f69565bd90a520f15b65df2497f077af	d__Bacteria; p__Bacteroidota; c__Bacteroidia; o__Flavobacteriales; f__Flavobacteriaceae; g__Capnocytophaga; s__Capnocytophaga_sputigena	0.964252062494098
8dcf48ecfda5bd99bddd70d5d8950bb4	d__Bacteria; p__Fusobacteriota; c__Fusobacteriia; o__Fusobacteriales; f__Leptotrichiaceae; g__Leptotrichia; s__uncultured_bacterium	0.9290583145187487
ab8eed44d78c7339df71469681a29251	d__Bacteria; p__Actinobacteriota; c__Actinobacteria; o__Micrococcales; f__Micrococcaceae; g__Rothia	0.9998314470260823
3fdf273d713d249ee3d720d255991d03	d__Bacteria; p__Bacteroidota; c__Bacteroidia; o__Bacteroidales; f__Prevotellaceae; g__Alloprevotella; s__uncultured_Bacteroidetes	0.9111406653177011
803d01265a9380d311134b8add914ba1	d__Bacteria; p__Proteobacteria; c__Gammaproteobacteria; o__Burkholderiales; f__Neisseriaceae; g__Neisseria	0.9999779388511986
52acbd79a577246dbb596284797754b3	d__Bacteria; p__Proteobacteria; c__Gammaproteobacteria; o__Burkholderiales; f__Neisseriaceae; g__Neisseria; s__Neisseria_perflava	0.7666174491663076
f4792793bebf88db5161d51c068a3be6	d__Bacteria; p__Proteobacteria; c__Alphaproteobacteria; o__Rhizobiales; f__Devosiaceae; g__Devosia	0.8978343692304528
36f7f4b3d2a1d2d2323bcbb565a0b4bf	d__Bacteria; p__Proteobacteria; c__Gammaproteobacteria; o__Pseudomonadales; f__Moraxellaceae; g__Enhydrobacter	0.9495480023497681
5064fd43e00ab41c5a70a63c7495c94b	d__Bacteria; p__Firmicutes; c__Clostridia; o__Peptostreptococcales-Tissierellales; f__Peptostreptococcaceae	0.9999979529794445
a8c54c40e0946184334bdf6a81811962	d__Bacteria; p__Proteobacteria; c__Gammaproteobacteria; o__Xanthomonadales; f__Xanthomonadaceae; g__Stenotrophomonas; s__Stenotrophomonas_rhizophila	0.7521701620909385
8fb0f39a5fc274894e91820589ea1ee1	d__Bacteria; p__Actinobacteriota; c__Actinobacteria; o__Propionibacteriales; f__Propionibacteriaceae; g__Cutibacterium	0.9999631969334358
44e52e2f721db428ef0d91f66c8d3649	d__Bacteria; p__Proteobacteria; c__Alphaproteobacteria; o__Caulobacterales; f__Caulobacteraceae; g__Phenylobacterium	0.8469013310800927
9208c580c6bc5ed083c6f70ad8cb31a5	d__Bacteria; p__Proteobacteria; c__Gammaproteobacteria; o__Enterobacterales; f__Enterobacteriaceae	0.9368511985395893
00401c3516b6321715cdd338da9747f2	d__Bacteria; p__Actinobacteriota; c__Actinobacteria; o__Actinomycetales; f__Actinomycetaceae; g__Actinomyces; s__Schaalia_odontolytica	0.7973989527028265
42ea2e2aafb0ad638ffe5ddbe96c6c5c	d__Bacteria; p__Proteobacteria; c__Gammaproteobacteria; o__Burkholderiales; f__Neisseriaceae; g__Neisseria	0.999905893469191
52b58ad2c39df0900de62e0364b605a3	d__Bacteria; p__Proteobacteria; c__Gammaproteobacteria; o__Burkholderiales; f__Neisseriaceae; g__Neisseria	0.9998766810872215
b99a000ca3c64c79bfcb78f6a28258dc	d__Bacteria; p__Firmicutes; c__Bacilli; o__Bacillales; f__Bacillaceae; g__Bacillus	0.9858004424064636
8f5a561f3e828cdace95228134965950	d__Bacteria; p__Actinobacteriota; c__Actinobacteria; o__Corynebacteriales; f__Nocardiaceae; g__Williamsia	0.9960372458157206
887ca4cae5124e5e8e5c47dd347a4672	d__Bacteria; p__Proteobacteria; c__Gammaproteobacteria; o__Enterobacterales	0.9999686152027625
c12deaf9597c8b83be0494edda2413bd	d__Bacteria; p__Firmicutes; c__Negativicutes; o__Veillonellales-Selenomonadales; f__Veillonellaceae; g__Veillonella	0.999998056370213
306eb410b0cd5102074950946e186e8a	d__Bacteria; p__Bacteroidota; c__Bacteroidia; o__Bacteroidales; f__Tannerellaceae; g__Tannerella	0.9999795430686248
3d40967361c333cd4d938685a98e24a9	d__Bacteria; p__Proteobacteria; c__Gammaproteobacteria; o__Enterobacterales; f__Enterobacteriaceae; g__Enterobacter	0.7694577850747857
f1c8b98b9be782a1f93e23e11ceebafb	d__Bacteria; p__Spirochaetota; c__Spirochaetia; o__Spirochaetales; f__Spirochaetaceae; g__Treponema	0.9999999165699126
2e42120d35831c3c18fbbaa1991478fb	d__Bacteria; p__Firmicutes; c__Negativicutes; o__Veillonellales-Selenomonadales; f__Veillonellaceae; g__Veillonella	0.9999980110789938
67421245f59f35d57709a0746da61d37	d__Bacteria; p__Bacteroidota; c__Bacteroidia; o__Bacteroidales; f__Prevotellaceae; g__Alloprevotella; s__uncultured_Bacteroidetes	0.972608746830177
9a7df7f4c623c164fc41d4f801b3af2b	d__Bacteria; p__Bacteroidota; c__Bacteroidia; o__Bacteroidales; f__Prevotellaceae; g__Prevotella	0.9882134121797026
84c3faa0157dc73648735621746151e0	d__Bacteria; p__Firmicutes; c__Clostridia; o__Peptostreptococcales-Tissierellales; f__Anaerovoracaceae; g__Family_XIII_UCG-001	0.9999929209824856
6c0cbac078c1bc1747f0ae93eab2c7e8	d__Bacteria; p__Firmicutes; c__Negativicutes; o__Veillonellales-Selenomonadales; f__Veillonellaceae; g__Veillonella	0.9988266541287987
7302fea9490f6659f0d3f77553cdcb86	d__Bacteria; p__Firmicutes; c__Bacilli; o__Lactobacillales; f__Lactobacillaceae; g__Lactobacillus; s__Lactobacillus_iners	0.9896705036989073
879935e1805e69209bffec06bac51bb6	d__Bacteria; p__Proteobacteria; c__Alphaproteobacteria; o__Sphingomonadales; f__Sphingomonadaceae; g__Novosphingobium; s__Novosphingobium_capsulatum	0.723195610321847
5ec3a133e9d72278c2c78d4bb9a8fd4c	d__Bacteria; p__Proteobacteria; c__Alphaproteobacteria; o__Rhodobacterales; f__Rhodobacteraceae; g__Paracoccus	0.989643822546129
21160a3f81c247892013300f9ff70c56	d__Bacteria; p__Actinobacteriota; c__Actinobacteria; o__Corynebacteriales; f__Corynebacteriaceae; g__Corynebacterium; s__Corynebacterium_imitans	0.8888439001320928
95f140abf311cb0f1aeaad9a9470f0eb	d__Bacteria; p__Proteobacteria; c__Alphaproteobacteria; o__Rickettsiales; f__Mitochondria; g__Mitochondria	0.999999999921154
cb50a4a0d32e6bde925f39507ca72066	d__Bacteria; p__Firmicutes; c__Clostridia; o__Peptostreptococcales-Tissierellales; f__Peptostreptococcales-Tissierellales; g__Gallicola	0.9999985981010391
679713c63ac56bc0cdf2cbb5a62d0750	d__Bacteria; p__Proteobacteria; c__Alphaproteobacteria; o__Sphingomonadales; f__Sphingomonadaceae; g__Novosphingobium	0.9704461425793601
3d9a4bcf827ab1f5a547b8eb2efa9e2a	d__Bacteria; p__Firmicutes; c__Clostridia; o__Peptostreptococcales-Tissierellales; f__Peptostreptococcales-Tissierellales; g__Anaerococcus; s__Anaerococcus_provencensis	0.7124743537224403
f06a4ea5e40bf7363bc27ff589112e7c	d__Bacteria; p__Firmicutes; c__Negativicutes; o__Veillonellales-Selenomonadales; f__Veillonellaceae; g__Veillonella	0.9999998791898599
f3fbf119b61338001400bcfbb99f0411	d__Bacteria; p__Actinobacteriota; c__Actinobacteria; o__Actinomycetales; f__Actinomycetaceae; g__Actinomyces	0.9999998245904536
02c9c7040d867663cafdda3e0c3b4eb9	d__Bacteria; p__Firmicutes; c__Bacilli; o__Lactobacillales; f__Aerococcaceae; g__Abiotrophia; s__uncultured_bacterium	0.9975318274586124
78aebfd8662328fc2affbd57c77177de	d__Bacteria; p__Firmicutes; c__Negativicutes; o__Veillonellales-Selenomonadales; f__Veillonellaceae; g__Veillonella	0.9999997754011569
e577f7fef4271c48f596a5659b4a1e8f	d__Bacteria; p__Firmicutes; c__Clostridia; o__Peptostreptococcales-Tissierellales; f__Anaerovoracaceae; g__[Eubacterium]_brachy_group	0.9999997999513265
9c4bdd387e891bedf2c678661dcfdfaf	d__Bacteria; p__Firmicutes; c__Clostridia; o__Peptostreptococcales-Tissierellales; f__Peptostreptococcales-Tissierellales; g__Parvimonas	0.9999994433495135
2996ed104e3a5e69f7c8190df600fff8	d__Bacteria; p__Firmicutes; c__Clostridia; o__Lachnospirales; f__Lachnospiraceae; g__Johnsonella	0.9999237646044878
ab8836356bef17116b38037cc143df09	d__Bacteria; p__Firmicutes; c__Clostridia; o__Clostridia_UCG-014; f__Clostridia_UCG-014; g__Clostridia_UCG-014	0.9999791470527217
10ba6139b68153c00c02ddc2e95f9699	d__Bacteria; p__Firmicutes; c__Clostridia; o__Lachnospirales; f__Lachnospiraceae; g__Lachnoanaerobaculum	0.9997138742969608
37e9e6432789fdeb3f299475fbce0cbd	d__Bacteria; p__Firmicutes; c__Bacilli; o__Staphylococcales; f__Gemellaceae; g__Gemella	0.9999936944291704
531be7337fbdfa889ca56c4c474b212a	d__Bacteria; p__Bacteroidota; c__Bacteroidia; o__Bacteroidales; f__Prevotellaceae; g__Alloprevotella	0.9999996942955345
6a3aaaa71ceaf74e51393790f639426f	d__Bacteria; p__Firmicutes; c__Bacilli; o__Staphylococcales; f__Gemellaceae; g__Gemella	0.9999950968132505
7aa90b9ab10d5110f5df77b1df711320	d__Bacteria; p__Firmicutes; c__Clostridia; o__Peptostreptococcales-Tissierellales; f__Anaerovoracaceae; g__Amnipila; s__uncultured_organism	0.7657601671221326
cd18e277aa4de2608e5e68038485e6bb	d__Bacteria; p__Proteobacteria; c__Gammaproteobacteria; o__Burkholderiales; f__Neisseriaceae; g__Neisseria	0.9993744730474207
d365d3361486c951e3770bce4394b455	d__Bacteria; p__Firmicutes; c__Negativicutes; o__Veillonellales-Selenomonadales; f__Veillonellaceae; g__Dialister; s__Dialister_pneumosintes	0.9692791522303574
8bb538bfd13f012ad70b4578ed846a5e	d__Bacteria; p__Campilobacterota; c__Campylobacteria; o__Campylobacterales; f__Campylobacteraceae; g__Campylobacter	0.9999999102228453
ac75d3866fb259827f686d22c7ae06ab	d__Bacteria; p__Firmicutes; c__Clostridia; o__Clostridia_UCG-014; f__Clostridia_UCG-014; g__Clostridia_UCG-014	0.9999774646461989
e09c5d6b80a428fe0c680df9ba5f6d57	d__Bacteria; p__Bacteroidota; c__Bacteroidia; o__Bacteroidales; f__Prevotellaceae; g__Prevotella; s__Prevotella_pallens	0.9999282973663373
a1091ed61422ec71e24cf8f00a7e51f5	d__Bacteria; p__Proteobacteria; c__Gammaproteobacteria; o__Pasteurellales; f__Pasteurellaceae; g__Haemophilus; s__Haemophilus_sputorum	0.9725703952874374
28fbbd245c6d04b93cc5cf5c07ff46ab	d__Bacteria; p__Actinobacteriota; c__Actinobacteria; o__Micrococcales; f__Micrococcaceae; g__Rothia	0.9999166873740497
77c4ab5c01b4daa6f3bdba17906cf37f	d__Bacteria; p__Fusobacteriota; c__Fusobacteriia; o__Fusobacteriales; f__Fusobacteriaceae; g__Fusobacterium	0.9999998717768686
fe320f904b849fbbca8e26b6cd210c73	d__Bacteria; p__Firmicutes; c__Bacilli; o__Lactobacillales; f__Aerococcaceae; g__Abiotrophia; s__uncultured_bacterium	0.9957376155034114
c5f90e0d404984ec0930f1120ea95190	d__Bacteria; p__Actinobacteriota; c__Actinobacteria; o__Micrococcales; f__Micrococcaceae; g__Rothia	0.9998482080510581
6f668981268d7176981325d14935e53c	d__Bacteria; p__Proteobacteria; c__Alphaproteobacteria; o__Sphingomonadales; f__Sphingomonadaceae; g__Sphingomonas	0.9996736453018844
e9471946435e71b826222b15de23bbc7	d__Bacteria; p__Firmicutes; c__Bacilli; o__Staphylococcales; f__Staphylococcaceae; g__Staphylococcus	0.9928811312310317
9265b86c610ddfdf19af82db50bbca91	d__Bacteria; p__Firmicutes; c__Negativicutes; o__Veillonellales-Selenomonadales; f__Veillonellaceae; g__Veillonella	0.9999995154855651
979def04f0b7aa09fdcf4f314c441f9d	d__Bacteria; p__Firmicutes; c__Negativicutes; o__Veillonellales-Selenomonadales; f__Veillonellaceae; g__Veillonella	0.9999994989318777
e7c3c61dcab8098af1984feb6d93ba80	d__Bacteria; p__Bacteroidota; c__Bacteroidia; o__Bacteroidales; f__Prevotellaceae; g__Alloprevotella; s__uncultured_Bacteroidetes	0.9946742193664528
b888c9b51336354045159853372d2961	d__Bacteria; p__Actinobacteriota; c__Actinobacteria; o__Actinomycetales; f__Actinomycetaceae; g__Actinomyces; s__Actinomyces_graevenitzii	0.9999373323897043
f66847f03ec5014646838109561c3d2c	d__Bacteria; p__Actinobacteriota; c__Actinobacteria; o__Actinomycetales; f__Actinomycetaceae; g__Actinomyces; s__Schaalia_odontolytica	0.8418318787740904
0244952199df0674b0d51144098d40ea	d__Bacteria; p__Actinobacteriota; c__Actinobacteria; o__Actinomycetales; f__Actinomycetaceae; g__Actinomyces; s__Schaalia_odontolytica	0.8167857624679334
e99f55dae999cfe82bb9e77415dfc85a	d__Bacteria; p__Proteobacteria; c__Gammaproteobacteria; o__Burkholderiales; f__Neisseriaceae; g__Neisseria	0.999913722037269
5233099c83ee9e34a12ae525f11f3870	d__Bacteria; p__Firmicutes; c__Negativicutes; o__Veillonellales-Selenomonadales; f__Veillonellaceae; g__Veillonellaceae; s__unidentified	0.8561189414863015
77ddca06a0c189b80cb084dcb3b7ac75	d__Bacteria; p__Actinobacteriota; c__Actinobacteria; o__Corynebacteriales; f__Nocardiaceae; g__Rhodococcus	0.999886167807535
5c688f7cff2cce182df4c3a7c771ccf0	d__Bacteria; p__Bacteroidota; c__Bacteroidia; o__Bacteroidales; f__Prevotellaceae; g__Alloprevotella; s__uncultured_Bacteroidetes	0.9855852435968664
ada0f1945f7ee00957e6d9b145900b03	d__Bacteria; p__Bacteroidota; c__Bacteroidia; o__Bacteroidales; f__Prevotellaceae; g__Prevotella; s__Prevotella_pallens	0.9999847071858974
f85260ccbc55c9b9aea87d7aa19fce2e	d__Bacteria; p__Firmicutes; c__Clostridia; o__Peptostreptococcales-Tissierellales; f__Anaerovoracaceae; g__Amnipila; s__uncultured_organism	0.7519565092079298
19ec8f58b9b844d2a7cc53c073f2b011	d__Bacteria; p__Bacteroidota; c__Bacteroidia; o__Bacteroidales; f__Prevotellaceae; g__Prevotella; s__Prevotella_sp.	0.8817685010368216
978922862644bd6352fbf1e3a86a6001	d__Bacteria; p__Bacteroidota; c__Bacteroidia; o__Bacteroidales; f__Porphyromonadaceae; g__Porphyromonas	0.9999999869296198
a037b8f1e8f1f72ddb590408e5486375	d__Bacteria; p__Firmicutes; c__Negativicutes; o__Veillonellales-Selenomonadales; f__Veillonellaceae; g__Veillonella	0.9999994908360206
a5ed87969370ae1d2c27a7d60b647432	d__Bacteria; p__Fusobacteriota; c__Fusobacteriia; o__Fusobacteriales; f__Leptotrichiaceae; g__Leptotrichia; s__uncultured_bacterium	0.8963028469834596
6aea049a476ee6d2bb4ebd0cd2aa4658	d__Bacteria; p__Firmicutes; c__Clostridia; o__Lachnospirales; f__Lachnospiraceae; g__uncultured; s__Eubacterium_sp.	0.7627001403186121
d0a8fdc969ff1482ffc116c21964536a	d__Bacteria; p__Bacteroidota; c__Bacteroidia; o__Bacteroidales; f__Prevotellaceae; g__Alloprevotella; s__uncultured_Bacteroidetes	0.972432090109812
ba6360b78cd350e531e887e9f31c8d18	d__Bacteria; p__Bacteroidota; c__Bacteroidia; o__Bacteroidales; f__Prevotellaceae; g__Prevotella; s__Prevotella_scopos	0.7052949512598029
48e88b397d99429716b046ef26ec8166	d__Bacteria; p__Patescibacteria; c__Saccharimonadia; o__Saccharimonadales; f__Saccharimonadales; g__Saccharimonadales; s__TM7_phylum	0.9724286711795302
821502e89b7115aab4abf038581860c8	d__Bacteria; p__Fusobacteriota; c__Fusobacteriia; o__Fusobacteriales; f__Leptotrichiaceae; g__Leptotrichia	0.9999913207893323
a15e0f521e738040801b1dae315b6e63	d__Bacteria; p__Firmicutes; c__Negativicutes; o__Veillonellales-Selenomonadales; f__Veillonellaceae; g__Veillonella	0.9980159777623256
ed689d09e5aaa3f44463ecdec1ad4e23	d__Bacteria; p__Bacteroidota; c__Bacteroidia; o__Bacteroidales; f__Prevotellaceae; g__Prevotella; s__Prevotella_histicola	0.9328093869048955
82ddd73de44abede1356e1df4d3070f0	d__Bacteria; p__Firmicutes; c__Bacilli; o__Lactobacillales; f__Lactobacillaceae; g__Lactobacillus; s__Lactobacillus_iners	0.9924386302496411
7d2c788741e0f58cca9d6f4fbe450c6d	d__Bacteria; p__Proteobacteria; c__Alphaproteobacteria; o__Rhizobiales; f__Xanthobacteraceae	0.9997143230791453
b14405dd4a0e1db12e20c34fffc8ddff	d__Bacteria; p__Firmicutes; c__Clostridia; o__Lachnospirales; f__Lachnospiraceae; g__Lachnoanaerobaculum	0.9997233213521821
23dc073ed95d5e2398ad97da47e8cdc8	d__Bacteria; p__Firmicutes; c__Negativicutes; o__Veillonellales-Selenomonadales; f__Veillonellaceae; g__Dialister	0.9999989653147868
4d6b880e828cfee3d5cf445609d1d468	d__Bacteria; p__Actinobacteriota; c__Actinobacteria; o__Actinomycetales; f__Actinomycetaceae; g__Actinomyces	0.9903666264911073
c69f4458c6af3e1ebd5366b59b26d5fa	d__Bacteria; p__Bacteroidota; c__Bacteroidia; o__Bacteroidales; f__Prevotellaceae; g__Alloprevotella; s__uncultured_Bacteroidetes	0.8207848193708162
3b3204a3469923b341af1c2777e7ed51	d__Bacteria; p__Firmicutes; c__Negativicutes; o__Veillonellales-Selenomonadales; f__Veillonellaceae; g__Veillonella	0.9999998900480356
52bb55d546ecd3226adad277b2654467	d__Bacteria; p__Proteobacteria; c__Gammaproteobacteria; o__Burkholderiales; f__Neisseriaceae; g__Neisseria	0.9996690009198355
322f5fb4dca8504f625afc1801588814	d__Bacteria; p__Firmicutes; c__Negativicutes; o__Veillonellales-Selenomonadales; f__Veillonellaceae; g__Veillonella	0.9999995181614367
dcbe18e1af4c1278a1e7aef5c8e1390f	d__Bacteria; p__Proteobacteria; c__Gammaproteobacteria; o__Pasteurellales; f__Pasteurellaceae; g__Actinobacillus	0.9902824217665313
9badba52d49a406d5d2b78470d80356b	d__Bacteria; p__Firmicutes; c__Negativicutes; o__Veillonellales-Selenomonadales; f__Veillonellaceae; g__Veillonella	0.9999992232521071
a643fff280c25d5cdfe374c23377cf83	d__Bacteria; p__Proteobacteria; c__Gammaproteobacteria; o__Pasteurellales; f__Pasteurellaceae; g__Haemophilus; s__Haemophilus_sputorum	0.9702651277205302
ac29fa05997f5fcdcd5d65909ebb112b	d__Bacteria; p__Proteobacteria; c__Gammaproteobacteria; o__Pasteurellales; f__Pasteurellaceae; g__Haemophilus	0.9901789752909145
91c7a7eae5047345c3a84f3362b0c504	d__Bacteria; p__Firmicutes; c__Clostridia; o__Peptostreptococcales-Tissierellales; f__Anaerovoracaceae; g__[Eubacterium]_nodatum_group; s__[Eubacterium]_nodatum	0.9866255456721738
b08c35e7f9ab7626e9ed683548c6d7d3	d__Bacteria; p__Firmicutes; c__Negativicutes; o__Veillonellales-Selenomonadales; f__Veillonellaceae; g__Veillonella	0.999999817614049
66d9e6f1b0de460b58c98d9731dab43a	d__Bacteria; p__Spirochaetota; c__Spirochaetia; o__Spirochaetales; f__Spirochaetaceae; g__Treponema; s__uncultured_bacterium	0.8273492606514498
1e9dbbbc99ee358d03bb147caf62832a	d__Bacteria; p__Bacteroidota; c__Bacteroidia; o__Bacteroidales; f__Prevotellaceae; g__Prevotella; s__Prevotella_jejuni	0.9225527535753344
d4adabf2e797a155ecc512d14c1c6df3	d__Bacteria; p__Proteobacteria; c__Gammaproteobacteria; o__Burkholderiales; f__Neisseriaceae; g__Neisseria	0.9995023883059789
daddb44fe2baca16f94b065d0b2826cc	d__Bacteria; p__Actinobacteriota; c__Actinobacteria; o__Actinomycetales; f__Actinomycetaceae; g__Actinomyces; s__Schaalia_odontolytica	0.7396594041259478
2ae92c6c11102b2298fd129a6563bd60	d__Bacteria; p__Proteobacteria; c__Alphaproteobacteria; o__Sphingomonadales; f__Sphingomonadaceae; g__Sphingomonas	0.9195935957884176
205809e7b41b7e5cd4a4c2750f4e3b80	d__Bacteria; p__Actinobacteriota; c__Actinobacteria; o__Actinomycetales; f__Actinomycetaceae; g__Actinomyces; s__Schaalia_odontolytica	0.7798835667505424
a515d7df8dd8c7a4a3a455c9062d8c87	d__Bacteria; p__Actinobacteriota; c__Actinobacteria; o__Actinomycetales; f__Actinomycetaceae; g__Actinomyces; s__Schaalia_odontolytica	0.7893637810217674
3087fc291887dcadb100b008bbf2d8c9	d__Bacteria; p__Actinobacteriota; c__Actinobacteria; o__Actinomycetales; f__Actinomycetaceae; g__Actinomyces; s__Schaalia_odontolytica	0.7796488456048459
8a6a2b1b710a656d4042858b78e2792b	d__Bacteria; p__Patescibacteria; c__Gracilibacteria; o__Absconditabacteriales_(SR1); f__Absconditabacteriales_(SR1); g__Absconditabacteriales_(SR1); s__SR1_bacterium	0.9958438272954244
5f003f056cb809bfc28e6b99d6115f81	d__Bacteria; p__Patescibacteria; c__Gracilibacteria; o__Absconditabacteriales_(SR1); f__Absconditabacteriales_(SR1); g__Absconditabacteriales_(SR1); s__SR1_bacterium	0.9767758507002059
e82101350e998903af9594df3be12e93	d__Bacteria; p__Patescibacteria; c__Gracilibacteria; o__Absconditabacteriales_(SR1); f__Absconditabacteriales_(SR1); g__Absconditabacteriales_(SR1); s__SR1_bacterium	0.9945532921525758
1a47a6a1ac0f48c28da2dd03b1a60d24	d__Bacteria; p__Firmicutes; c__Clostridia; o__Lachnospirales; f__Lachnospiraceae; g__Fusicatenibacter	0.989509739708164
e2447c19d01ad57432c390506afb18f2	d__Bacteria; p__Firmicutes; c__Bacilli; o__Staphylococcales; f__Staphylococcaceae; g__Staphylococcus	0.9972758055052716
a7741264b099dab18bf568f822714263	d__Bacteria; p__Firmicutes; c__Bacilli; o__Staphylococcales; f__Staphylococcaceae; g__Staphylococcus	0.9972615355828807
b81a2278f52794fa8fcb7e607aa02092	d__Bacteria; p__Firmicutes; c__Bacilli; o__Staphylococcales; f__Staphylococcaceae; g__Staphylococcus	0.9972987548449932
84d505c8eaf1f7cf57f1e0e931865e12	d__Bacteria; p__Firmicutes; c__Clostridia; o__Clostridia_UCG-014; f__Clostridia_UCG-014; g__Clostridia_UCG-014; s__uncultured_bacterium	0.7123920696883383
a4aa6980728b5c1af2e35fed9c878c10	d__Bacteria; p__Firmicutes; c__Negativicutes; o__Veillonellales-Selenomonadales; f__Veillonellaceae; g__Veillonella	0.9999994837006381
0b33a9300d22804009ac3a498bb897eb	d__Bacteria; p__Fusobacteriota; c__Fusobacteriia; o__Fusobacteriales; f__Leptotrichiaceae; g__Leptotrichia	0.999999911665629
b3bf02f73a2b685d4159626b40c0d0bb	d__Bacteria; p__Firmicutes; c__Negativicutes; o__Veillonellales-Selenomonadales; f__Veillonellaceae; g__Veillonella	0.9978759103035097
288258546467257d0faea50750541543	d__Bacteria; p__Firmicutes; c__Negativicutes; o__Veillonellales-Selenomonadales; f__Veillonellaceae; g__Veillonella	0.9992467850224211
904929570aaee8c59b49541dd95e0ca4	d__Bacteria; p__Bacteroidota; c__Bacteroidia; o__Flavobacteriales; f__Weeksellaceae; g__Bergeyella; s__uncultured_bacterium	0.9999613428188083
cffb8712e1dcd365726472dc849c9461	d__Bacteria; p__Patescibacteria; c__Saccharimonadia; o__Saccharimonadales; f__Saccharimonadaceae; g__TM7x	0.9828813767999132
e00971f18027e27078933b2c0dbaa8d0	d__Bacteria; p__Patescibacteria; c__Saccharimonadia; o__Saccharimonadales; f__Saccharimonadaceae; g__Candidatus_Saccharimonas; s__uncultured_bacterium	0.9102174006658518
34311138a73deec28b14b496ad0a9e79	d__Bacteria; p__Firmicutes; c__Bacilli; o__Lactobacillales; f__Streptococcaceae; g__Streptococcus	0.9999917919397221
95347e777c58dbc0bc0df3c354ed4a41	d__Bacteria; p__Firmicutes; c__Bacilli; o__Lactobacillales; f__Streptococcaceae; g__Streptococcus	0.9999916626679053
153c8b6916d8aa2e89a492c6fcea7621	d__Bacteria; p__Proteobacteria; c__Alphaproteobacteria; o__Rhizobiales; f__Rhizobiaceae; g__Mesorhizobium	0.869630436563575
5befcc099b4d8ab17db165135b6fcb45	d__Bacteria; p__Proteobacteria; c__Gammaproteobacteria; o__Enterobacterales; f__Hafniaceae; g__Hafnia-Obesumbacterium	0.7497906995705752
d2d04a4d9b488f9d956c8b861f5113c8	d__Bacteria; p__Bacteroidota; c__Bacteroidia; o__Bacteroidales; f__Prevotellaceae; g__Prevotella; s__Prevotella_nanceiensis	0.9999926742490606
e1a65f7c68e0c5f063fbefbe630d6be4	d__Eukaryota; p__Ochrophyta; c__Chrysophyceae	0.9985292267086705
202f70fbeb8f1f024935888496a9699e	d__Bacteria; p__Fusobacteriota; c__Fusobacteriia; o__Fusobacteriales; f__Leptotrichiaceae; g__uncultured	0.9720655471566866
742a4e44f36459c64e4d60860567157c	d__Bacteria; p__Fusobacteriota; c__Fusobacteriia; o__Fusobacteriales; f__Leptotrichiaceae; g__uncultured	0.9682591877330685
c811c87db5f840a4005db96386fffb74	d__Bacteria; p__Bacteroidota; c__Bacteroidia; o__Bacteroidales; f__Prevotellaceae; g__Alloprevotella; s__uncultured_Bacteroidetes	0.9841928999152091
4f3f2bf561fc9a4172dd570185a82517	d__Bacteria; p__Proteobacteria; c__Alphaproteobacteria; o__Rhizobiales; f__Xanthobacteraceae; g__Bradyrhizobium	0.7293897764708206
f8704214a6c57675f6fc637908559f3b	d__Bacteria; p__Proteobacteria; c__Alphaproteobacteria; o__Caulobacterales; f__Caulobacteraceae; g__Brevundimonas	0.996864685926126
3b81486059d4c551fc74d5f716149bcc	d__Bacteria; p__Proteobacteria; c__Gammaproteobacteria; o__Burkholderiales; f__Neisseriaceae; g__Neisseria	0.9998824501050764
feee236a3e228d7a18172f153bfbbd12	d__Bacteria; p__Proteobacteria; c__Gammaproteobacteria; o__Pasteurellales; f__Pasteurellaceae; g__Haemophilus; s__Haemophilus_sputorum	0.949520967430519
60cacf1fd2c6b8b4c1d7b38776cf64ea	d__Bacteria; p__Firmicutes; c__Negativicutes; o__Veillonellales-Selenomonadales; f__Veillonellaceae; g__Veillonella	0.9999998216404218
2ae6beb37cc4415ac246e88e2588d446	d__Bacteria; p__Actinobacteriota; c__Actinobacteria; o__Actinomycetales; f__Actinomycetaceae; g__Mobiluncus; s__uncultured_bacterium	0.9968679245088541
87f25913af6bbaead19ae2506c88585b	d__Bacteria; p__Fusobacteriota; c__Fusobacteriia; o__Fusobacteriales; f__Leptotrichiaceae; g__Leptotrichia	0.9999997862383312
e47813d35a9d4f051c58410d75e9d2ef	d__Bacteria; p__Bacteroidota; c__Bacteroidia; o__Bacteroidales; f__Prevotellaceae; g__Alloprevotella	0.9993646333276481
fb16b5ce847a585b6ade4382cac0d24a	d__Bacteria; p__Bacteroidota; c__Bacteroidia; o__Bacteroidales; f__Prevotellaceae; g__Prevotella; s__Prevotella_jejuni	0.9523654129869404
7ffcd697d0a85d115fb45788eae0bacb	d__Bacteria; p__Actinobacteriota; c__Actinobacteria; o__Actinomycetales; f__Actinomycetaceae; g__Arcanobacterium	0.9999512215530206
cb6ca265f2c447af6c56b6efa256cc4a	d__Bacteria; p__Proteobacteria; c__Gammaproteobacteria; o__Burkholderiales; f__Neisseriaceae; g__Neisseria	0.9997953580522305
fccca02f1f986f75add9134a61f429c2	d__Bacteria; p__Firmicutes; c__Clostridia; o__Peptostreptococcales-Tissierellales; f__Peptostreptococcaceae; g__Terrisporobacter	0.9311798694210354
db52b20ab7c13ba33703aa70489d6c49	d__Bacteria; p__Bacteroidota; c__Bacteroidia; o__Bacteroidales; f__Prevotellaceae; g__Prevotella; s__Prevotella_buccalis	0.9993489072618913
2e61104a9d4a63970f7d229c65c25f9f	d__Bacteria; p__Proteobacteria; c__Gammaproteobacteria; o__Burkholderiales; f__Burkholderiaceae; g__Cupriavidus; s__Cupriavidus_basilensis	0.8755692390582118
64800c99830e4600d474f36b9c0c93a3	d__Bacteria; p__Proteobacteria; c__Gammaproteobacteria; o__Pseudomonadales; f__Moraxellaceae; g__Acinetobacter	0.9999931265823045
f31f548f2e18001b0d84fee275b2eea4	d__Bacteria; p__Proteobacteria; c__Gammaproteobacteria; o__Burkholderiales; f__Neisseriaceae; g__Neisseria	0.9996877262008398
a0e350963918a118f77bb2e774c46d42	d__Bacteria; p__Firmicutes; c__Negativicutes; o__Veillonellales-Selenomonadales; f__Veillonellaceae; g__Veillonella	0.9999998448096244
2b7238b525ea250727ac43ccb677daca	d__Bacteria; p__Firmicutes; c__Bacilli; o__Lactobacillales; f__Streptococcaceae; g__Streptococcus	0.9999958890708651
76cee755af3914274fe547f7506ff13e	d__Bacteria; p__Bacteroidota; c__Bacteroidia; o__Bacteroidales; f__Prevotellaceae; g__Prevotella	0.9950039442833691
54d04775187c3bc24aa38ed0fe4c4dda	d__Bacteria; p__Firmicutes; c__Bacilli; o__Lactobacillales; f__Streptococcaceae; g__Streptococcus	0.999994638000654
448b6aed62ca14a38d98634d407bcad5	d__Bacteria; p__Firmicutes; c__Negativicutes; o__Veillonellales-Selenomonadales; f__Veillonellaceae; g__Veillonella	0.9999996276391133
88de0f014c70f2e57e34e30151fb5f7c	d__Bacteria; p__Bacteroidota; c__Bacteroidia; o__Flavobacteriales; f__Weeksellaceae; g__Bergeyella; s__uncultured_bacterium	0.999952090932631
867075af95ab21e6d7f746b76fb9ef74	d__Bacteria; p__Bacteroidota; c__Bacteroidia; o__Bacteroidales; f__Prevotellaceae; g__Prevotella	0.9912566396704335
b87c55a9e66c918fdf6b842012d7d069	d__Bacteria; p__Firmicutes; c__Clostridia; o__Peptostreptococcales-Tissierellales; f__Peptostreptococcales-Tissierellales; g__Peptoniphilus	0.99999999637395
af5acf8f73d7b09922401698ecb8a1d3	d__Bacteria; p__Proteobacteria; c__Gammaproteobacteria; o__Burkholderiales; f__Burkholderiaceae; g__Cupriavidus; s__Cupriavidus_basilensis	0.779956300811968
e6441428015cd1a9de5361b1b3eaa9a8	d__Bacteria; p__Firmicutes; c__Negativicutes; o__Veillonellales-Selenomonadales; f__Veillonellaceae; g__Veillonella	0.9999997451152407
c04a0cc8da4e6f6c7e3861065b3f927b	d__Bacteria; p__Firmicutes; c__Negativicutes; o__Veillonellales-Selenomonadales; f__Veillonellaceae; g__Veillonella	0.9999997618464238
0d7a7a2108d217086126d64739dec402	d__Bacteria; p__Bacteroidota; c__Bacteroidia; o__Bacteroidales; f__Tannerellaceae; g__Tannerella; s__Tannerella_forsythia	0.9372945812172231
427b5f7a000b3c40ba10a5e0f83fe60a	d__Bacteria; p__Firmicutes; c__Negativicutes; o__Veillonellales-Selenomonadales; f__Veillonellaceae; g__Veillonella	0.9999993104502855
0af9f1fc5f5d12ebfb05b3802dca1cf6	d__Bacteria; p__Firmicutes; c__Negativicutes; o__Veillonellales-Selenomonadales; f__Veillonellaceae; g__Veillonella	0.9999998087026682
e67781a8e90e77ab066dde3e4a39e5f9	d__Bacteria; p__Actinobacteriota; c__Actinobacteria; o__Corynebacteriales; f__Corynebacteriaceae; g__Corynebacterium; s__Corynebacterium_matruchotii	0.943336389331994
e8f173e6613f4e4f17e753ebf80fd253	d__Bacteria; p__Bacteroidota; c__Bacteroidia; o__Bacteroidales; f__Prevotellaceae; g__Alloprevotella; s__Alloprevotella_rava	0.8454801951627066
23f0f9ed0f9b65c3ba862eba7e4cd3b6	d__Bacteria; p__Bacteroidota; c__Bacteroidia; o__Bacteroidales; f__Prevotellaceae	0.9970552383865111
b08d1324a03f9efe13422593147ebf7a	d__Bacteria; p__Bacteroidota; c__Bacteroidia; o__Bacteroidales; f__Prevotellaceae; g__Prevotella; s__Prevotella_melaninogenica	0.7023234416394984
3de68f86ec8e0741e762b1457664f239	d__Bacteria; p__Bacteroidota; c__Bacteroidia; o__Bacteroidales; f__Prevotellaceae; g__Prevotella; s__Prevotella_melaninogenica	0.7097510642944049
6f62b70a5f53699b43f2531fa0f4d605	d__Bacteria; p__Bacteroidota; c__Bacteroidia; o__Bacteroidales; f__Prevotellaceae; g__Prevotella; s__Prevotella_scopos	0.994485473026039
d8e4ba26b0a577302692284dc4e678ce	d__Bacteria; p__Bacteroidota; c__Bacteroidia; o__Flavobacteriales; f__Weeksellaceae; g__Empedobacter	0.9970365642673695
0a049aa08243fce5c5bc656892b0c82b	d__Bacteria; p__Fusobacteriota; c__Fusobacteriia; o__Fusobacteriales; f__Fusobacteriaceae; g__Fusobacterium; s__Fusobacterium_necrophorum	0.8595222012378054
3232836d6ee546fc15c553fed6fa12da	d__Bacteria; p__Firmicutes; c__Negativicutes; o__Veillonellales-Selenomonadales; f__Selenomonadaceae; g__Selenomonas; s__Selenomonas_sputigena	0.9484582716608876
72592fac1a72d10d402acc390a2eb5d7	d__Bacteria; p__Bacteroidota; c__Bacteroidia; o__Bacteroidales; f__Prevotellaceae; g__Alloprevotella; s__Alloprevotella_rava	0.98261767512366
d7f5ca68177674f946ae4bec5dd45dea	d__Bacteria; p__Fusobacteriota; c__Fusobacteriia; o__Fusobacteriales; f__Leptotrichiaceae; g__Leptotrichia; s__uncultured_bacterium	0.9415865762225811
60906e424ce6ae8ec6a369272f56ab8f	d__Bacteria; p__Bacteroidota; c__Bacteroidia; o__Bacteroidales; f__Prevotellaceae; g__Prevotella; s__Prevotella_nanceiensis	0.9999972139877271
8ea41960bbdc1b631aa8236fae09556b	d__Bacteria; p__Fusobacteriota; c__Fusobacteriia; o__Fusobacteriales; f__Leptotrichiaceae; g__Leptotrichia; s__uncultured_bacterium	0.9257085143094692
a6a200cbb9d9914c0f5d9474c871dc03	d__Bacteria; p__Bacteroidota; c__Bacteroidia; o__Flavobacteriales; f__Weeksellaceae; g__uncultured	0.9963394164214638
2f934daad70b0a214557d411fcac8a6a	d__Bacteria; p__Proteobacteria; c__Alphaproteobacteria; o__Rhizobiales; f__Beijerinckiaceae; g__Methylobacterium-Methylorubrum	0.9994227092099414
447bce2f17859f896e9aa54af54c9052	d__Bacteria; p__Proteobacteria; c__Alphaproteobacteria; o__Rhizobiales; f__Beijerinckiaceae; g__Methylobacterium-Methylorubrum	0.9995443512139314
54e987718320678cd0613840ade2a69f	d__Bacteria; p__Proteobacteria; c__Gammaproteobacteria; o__Burkholderiales; f__Hydrogenophilaceae; g__Hydrogenophilus	0.9999990145836014
937a0df4b754217f80da8769642d48ea	d__Bacteria; p__Actinobacteriota; c__Actinobacteria; o__Corynebacteriales; f__Corynebacteriaceae; g__Corynebacterium	0.9915551454162814
8d1eaa2a9537fc41055702f97f6f08bb	d__Bacteria; p__Actinobacteriota; c__Actinobacteria; o__Corynebacteriales; f__Corynebacteriaceae; g__Corynebacterium	0.9884133944795803
43bb9ac27e83bff1842a64638a60a525	d__Bacteria; p__Actinobacteriota; c__Actinobacteria; o__Corynebacteriales; f__Corynebacteriaceae; g__Corynebacterium	0.9886362113473265
012d015e42227c8a2efdd6e1498bb184	d__Eukaryota; p__Ascomycota; c__Sordariomycetes; o__Hypocreales; f__Stachybotryaceae; g__Myrothecium; s__Myrothecium_gramineum	0.8724940773722936
ceee6913b5fa9103a3ecb50a9169c398	d__Bacteria; p__Bacteroidota; c__Bacteroidia; o__Bacteroidales; f__Prevotellaceae; g__Alloprevotella; s__uncultured_Bacteroidetes	0.9954702576810499
85aeda6fa6c416347d9c1012ce31c518	d__Bacteria; p__Firmicutes; c__Negativicutes; o__Veillonellales-Selenomonadales; f__Veillonellaceae; g__Veillonella	0.9999998053314503
72edca434731a2b01b4bbf97d065eed2	d__Bacteria; p__Bacteroidota; c__Bacteroidia; o__Bacteroidales; f__Prevotellaceae; g__Alloprevotella; s__uncultured_Bacteroidetes	0.9951180601770786
e7d15adf40f21f77344e17e849338c5d	d__Eukaryota	0.9990217778791133
0f992140d2c6921d3d34b2293e42d57a	d__Bacteria; p__Firmicutes; c__Negativicutes; o__Veillonellales-Selenomonadales; f__Veillonellaceae; g__Veillonella	0.9999989848378512
dadff3a9b4fe919c3e0455016778806c	d__Bacteria; p__Firmicutes; c__Clostridia; o__Peptostreptococcales-Tissierellales; f__Anaerovoracaceae; g__uncultured; s__uncultured_bacterium	0.8120746942731849
27212e6c3a79c7f8598977e4d4b244f1	d__Bacteria; p__Bacteroidota; c__Bacteroidia; o__Bacteroidales; f__Prevotellaceae; g__Prevotella	0.9999871935234729
f3039dafce3d3c44d8ba284ff353c1c5	d__Bacteria; p__Proteobacteria; c__Alphaproteobacteria; o__Rhizobiales; f__Rhizobiaceae; g__Mesorhizobium	0.8275053210900667
1157035b98a1a8ecd3fcc13b9c3ea211	d__Bacteria; p__Proteobacteria; c__Gammaproteobacteria; o__Burkholderiales; f__Neisseriaceae; g__Neisseria	0.9998941064539436
4f3e7bda99266a4cdc843b9cd5bc59ff	d__Bacteria; p__Firmicutes; c__Negativicutes; o__Veillonellales-Selenomonadales; f__Veillonellaceae; g__Veillonella	0.9999992080873389
5da6eaf88dd048e9c6fc5f23f696a2e8	d__Bacteria; p__Patescibacteria; c__Saccharimonadia; o__Saccharimonadales; f__Saccharimonadaceae; g__Candidatus_Saccharimonas; s__uncultured_bacterium	0.9185870774684736
bb60f8ead1a66ee231e5ba48a1f3bbab	d__Bacteria; p__Firmicutes; c__Bacilli; o__Lactobacillales; f__Streptococcaceae; g__Streptococcus	0.9999993037941008
5c1ab438562527734089be31fc52a2c8	d__Bacteria; p__Fusobacteriota; c__Fusobacteriia; o__Fusobacteriales; f__Fusobacteriaceae; g__Fusobacterium	0.9982686071588273
654968eb35c946025a7a46376752a123	d__Bacteria; p__Firmicutes; c__Negativicutes; o__Veillonellales-Selenomonadales	0.9978032022097185
74f3fff2f4033ba510a7a63eabcb1603	d__Bacteria; p__Firmicutes; c__Negativicutes; o__Veillonellales-Selenomonadales; f__Veillonellaceae; g__Veillonella	0.9986791496146293
f85be02892a6706fee1526adbe36f060	d__Bacteria; p__Firmicutes; c__Negativicutes; o__Veillonellales-Selenomonadales; f__Veillonellaceae; g__Veillonella	0.9985902973731016
1f7f51c533d20e0304be909c2b3eb2fa	d__Bacteria; p__Spirochaetota; c__Spirochaetia; o__Spirochaetales; f__Spirochaetaceae; g__Treponema	0.999999627448016
79127bfdc8491c601c2b6b1dfdd42705	d__Bacteria; p__Bacteroidota; c__Bacteroidia; o__Bacteroidales; f__Prevotellaceae; g__Prevotella; s__Prevotella_melaninogenica	0.9967409596922142
f0cc9a2d2708b5eb789678acfef88684	d__Bacteria; p__Proteobacteria; c__Gammaproteobacteria; o__Pseudomonadales; f__Pseudomonadaceae; g__Pseudomonas	0.9908413054553036
9e669814a6d1217eb60bab888b393b26	d__Bacteria; p__Proteobacteria; c__Alphaproteobacteria; o__Caulobacterales; f__Caulobacteraceae; g__Brevundimonas	0.9821251012374977
bde6a93632c55311e4bddb46be2ca053	d__Bacteria; p__Bacteroidota; c__Bacteroidia; o__Bacteroidales; f__Prevotellaceae; g__Prevotella; s__uncultured_Bacteroidetes	0.9999847990259827
88b95e60821ee1bf90f6b89ed2dd1999	d__Bacteria; p__Proteobacteria; c__Alphaproteobacteria; o__Caulobacterales; f__Caulobacteraceae; g__Phenylobacterium	0.8213444719824834
87a73012f775aba232336d6397f7161b	d__Bacteria; p__Bacteroidota; c__Bacteroidia; o__Flavobacteriales; f__Weeksellaceae; g__uncultured	0.9967035890092443
b0d43173d651ccb9cd124989361b5231	d__Bacteria; p__Firmicutes; c__Negativicutes; o__Veillonellales-Selenomonadales; f__Veillonellaceae; g__Veillonella	0.9999995963098861
8ee308b9b872217a6e28c395eed75c99	d__Bacteria; p__Firmicutes; c__Negativicutes; o__Veillonellales-Selenomonadales; f__Veillonellaceae; g__Veillonella	0.9999998519180319
c1e1cb08041711338b6ca9048d374d58	d__Bacteria; p__Firmicutes; c__Negativicutes; o__Veillonellales-Selenomonadales; f__Veillonellaceae; g__Veillonella	0.9999995714493003
7951315ef9fa72415a89a93611e51868	d__Bacteria; p__Bacteroidota; c__Bacteroidia; o__Flavobacteriales; f__Flavobacteriaceae; g__Capnocytophaga; s__Capnocytophaga_leadbetteri	0.9141327048836709
7d056ba78f187798d70e9df320e50046	d__Bacteria; p__Firmicutes; c__Negativicutes; o__Veillonellales-Selenomonadales; f__Selenomonadaceae; g__Selenomonas	0.9808685672529149
bcd68cd116339c63c5062468e2e23550	d__Bacteria; p__Firmicutes; c__Negativicutes; o__Veillonellales-Selenomonadales; f__Veillonellaceae; g__Veillonella	0.9999983587733651
170d59ad6be394708ad989a446df8993	d__Bacteria; p__Firmicutes; c__Clostridia; o__Lachnospirales; f__Lachnospiraceae; g__Shuttleworthia; s__unidentified	0.7459357636303422
694c35eb3bad67b4adb62537d75e71bf	d__Bacteria; p__Actinobacteriota; c__Actinobacteria; o__Micrococcales; f__Microbacteriaceae; g__Leifsonia	0.9604791586744282
9a5b2aa85f0701c5ab3864906a22405a	d__Bacteria; p__Firmicutes; c__Clostridia; o__Peptococcales; f__Peptococcaceae; g__Peptococcus; s__uncultured_Peptococcus	0.73760208639042
9ede8855c808ac09f25b23ef6fa11aa3	d__Bacteria; p__Bacteroidota; c__Bacteroidia; o__Bacteroidales; f__Porphyromonadaceae; g__Porphyromonas	0.9999999975862573
f9c7be833645e168e4294f40a4481904	d__Bacteria; p__Bacteroidota; c__Bacteroidia; o__Bacteroidales; f__Prevotellaceae; g__Prevotella; s__Prevotella_melaninogenica	0.7040348886093929
5f6e935d04450313dce374d8e9c939f5	d__Bacteria; p__Firmicutes; c__Bacilli; o__Staphylococcales; f__Gemellaceae; g__Gemella	0.9990410593197615
8c0acf6e2136e3fab05e0e5080016412	d__Bacteria; p__Firmicutes; c__Bacilli; o__Staphylococcales; f__Staphylococcaceae; g__Auricoccus-Abyssicoccus	0.9989889963501821
bc6e0b5f76188270cf5711799f41f73b	d__Bacteria; p__Proteobacteria; c__Gammaproteobacteria; o__Pasteurellales; f__Pasteurellaceae; g__Haemophilus	0.9355743619401002
30ee73ddccae72313f22c44e3bd13401	d__Bacteria; p__Firmicutes; c__Bacilli; o__Staphylococcales; f__Gemellaceae; g__Gemella	0.999994118709787
9b29875f337e1c41f1d5bc8aa043eb47	d__Bacteria; p__Bacteroidota; c__Bacteroidia; o__Flavobacteriales; f__Weeksellaceae; g__Bergeyella; s__uncultured_bacterium	0.9740476375106993
96b25275b7caf019bfc3341a9891e2b3	d__Bacteria; p__Actinobacteriota; c__Coriobacteriia; o__Coriobacteriales; f__Eggerthellaceae; g__Slackia; s__Slackia_exigua	0.9609131053718472
68cf9c03f6ea678cd65e29bf6b59be3d	d__Bacteria; p__Bacteroidota; c__Bacteroidia; o__Bacteroidales; f__Prevotellaceae; g__Prevotella	0.9994911645893276
8624496bfdf06adff196b75af015eeb9	d__Bacteria; p__Firmicutes; c__Clostridia; o__Peptostreptococcales-Tissierellales; f__Peptostreptococcaceae; g__Filifactor; s__Filifactor_alocis	0.8495591763763968
e2231b2ce142256ad9e16cbae2a734ce	d__Bacteria; p__Bacteroidota; c__Bacteroidia; o__Bacteroidales; f__Prevotellaceae; g__Prevotella; s__Prevotella_pallens	0.9999486722259096
3a9a94beebb54166424847218aef0e1c	d__Bacteria; p__Bacteroidota; c__Bacteroidia; o__Bacteroidales; f__Prevotellaceae; g__Prevotella; s__Prevotella_pallens	0.9999661205850722
2c15cd72fff251329856d62ea3f36617	d__Bacteria; p__Bacteroidota; c__Bacteroidia; o__Bacteroidales; f__Prevotellaceae; g__Prevotella; s__Prevotella_pallens	0.9999271829221654
15a14e987f1a07964bc4d4bfc1053004	d__Bacteria; p__Fusobacteriota; c__Fusobacteriia; o__Fusobacteriales; f__Fusobacteriaceae; g__Fusobacterium	0.9999998372505633
8dacc9ee98ab9fa89e292c5bb882f5fc	d__Bacteria; p__Firmicutes; c__Clostridia; o__Oscillospirales; f__[Eubacterium]_coprostanoligenes_group; g__[Eubacterium]_coprostanoligenes_group	0.9994307244888756
bc2c2b8d354285187386a6a9f8d06457	d__Eukaryota; p__Phragmoplastophyta; c__Embryophyta; o__Magnoliophyta; f__Magnoliophyta; g__Magnoliophyta	0.9867882804099783
1991446bdf63e2d128b28f533b25230b	d__Bacteria; p__Proteobacteria; c__Alphaproteobacteria; o__Caulobacterales; f__Caulobacteraceae; g__Brevundimonas	0.9826595486760102
dab82e221701c2a2a40f19c1a2cf9aa4	d__Bacteria; p__Bacteroidota; c__Bacteroidia; o__Bacteroidales; f__Prevotellaceae; g__Alloprevotella; s__uncultured_Bacteroidetes	0.9958042316059095
629386c1e5ebdbb61d421d6d458baf07	d__Bacteria; p__Bacteroidota; c__Bacteroidia; o__Bacteroidales; f__Prevotellaceae; g__Alloprevotella; s__uncultured_Bacteroidetes	0.994250649225086
7685c48a60dcfe2e18454816c72df4cc	d__Bacteria; p__Bacteroidota; c__Bacteroidia; o__Bacteroidales; f__Prevotellaceae; g__Alloprevotella; s__uncultured_Bacteroidetes	0.9951342150286485
9dd3e2495eb17c22b6fcdc4aa9307208	d__Bacteria; p__Bacteroidota; c__Bacteroidia; o__Bacteroidales; f__Prevotellaceae; g__Prevotella; s__Prevotella_jejuni	0.8761676496771952
190494c6dfdae3fc0461f95868054150	d__Bacteria; p__Bacteroidota; c__Bacteroidia; o__Bacteroidales; f__Prevotellaceae; g__Alloprevotella; s__Alloprevotella_tannerae	0.9573098706057187
23ae4a130090d82800a54e7bc055faf7	d__Bacteria; p__Firmicutes; c__Clostridia; o__Lachnospirales; f__Lachnospiraceae; g__Catonella; s__uncultured_bacterium	0.7989830974561598
c56d41d9d0cc743c1d8bb34301ea2cec	d__Bacteria; p__Proteobacteria; c__Gammaproteobacteria; o__Pseudomonadales; f__Pseudomonadaceae; g__Pseudomonas	0.9997542190805069
fa8a29bcf7c8381011ef663be82a81c7	d__Bacteria; p__Proteobacteria; c__Gammaproteobacteria; o__Pseudomonadales; f__Pseudomonadaceae; g__Pseudomonas	0.9997924957184932
3d7ff83cf6b4f5d6525cf9e59d0f83a9	d__Bacteria; p__Proteobacteria; c__Gammaproteobacteria; o__Pseudomonadales; f__Pseudomonadaceae; g__Pseudomonas	0.999332894817306
5aea015e87b4eebfd56a2f9a52f0ef7d	d__Bacteria; p__Patescibacteria; c__Saccharimonadia; o__Saccharimonadales; f__Saccharimonadaceae; g__Candidatus_Saccharimonas; s__uncultured_bacterium	0.7015093013906715
ac6f11fb48fb2090318138dd2824a726	d__Bacteria; p__Proteobacteria; c__Gammaproteobacteria; o__Enterobacterales; f__Erwiniaceae; g__Pantoea	0.7859070180402232
e1bd9ce65fcec0c1033b14a7cf5914f8	d__Bacteria; p__Proteobacteria; c__Gammaproteobacteria; o__Xanthomonadales; f__Xanthomonadaceae; g__Stenotrophomonas	0.9211352811702683
b2ee900a414444b1cf55d6f113030aa3	d__Bacteria; p__Bacteroidota; c__Bacteroidia; o__Bacteroidales; f__Prevotellaceae; g__Prevotella; s__Prevotella_nanceiensis	0.9887340689934836
f11a15d1e474033cb9af9f61aeed9a85	d__Bacteria; p__Bacteroidota; c__Bacteroidia; o__Bacteroidales; f__Prevotellaceae; g__Prevotella; s__Prevotella_nanceiensis	0.9269209964306203
974db56accc03384f7980c096761a342	d__Eukaryota; p__Chlorophyta; c__Chlorophyceae; o__Chlorophyceae; f__Chlorophyceae; g__Chlorophyceae; s__Pyrobotrys_stellata	0.7647697520266373
cb4535e2d6bb8a3e95880821bfadde8a	d__Bacteria; p__Bacteroidota; c__Bacteroidia; o__Bacteroidales; f__Prevotellaceae; g__Prevotella	0.9999721291071604
2109432d482533fc680973c89c9be128	d__Bacteria; p__Bacteroidota; c__Bacteroidia; o__Bacteroidales; f__Porphyromonadaceae; g__Porphyromonas; s__unidentified	0.8072588208597662
db475fd99ae396e725e9108a90957418	d__Bacteria; p__Firmicutes; c__Bacilli; o__Lactobacillales; f__Streptococcaceae; g__Streptococcus	0.9999985161275226
6ed723aedd9270bbf4c38a8a105dc9d5	d__Bacteria; p__Proteobacteria; c__Gammaproteobacteria; o__Pseudomonadales; f__Moraxellaceae; g__Acinetobacter	0.9999992920366179
ace3a67e5d8887ef876435be93ba99d7	d__Bacteria; p__Firmicutes; c__Clostridia; o__Peptococcales; f__Peptococcaceae; g__Peptococcus	0.9999999762765523
36b8bec40e6ecd5a751286a959c15b9b	d__Bacteria; p__Actinobacteriota; c__Actinobacteria; o__Micrococcales; f__Micrococcaceae; g__Arthrobacter	0.809114145856917
3d46db4a58ac4433d79530b99fb62820	d__Bacteria; p__Actinobacteriota; c__Actinobacteria; o__Corynebacteriales; f__Corynebacteriaceae; g__Corynebacterium; s__Corynebacterium_kroppenstedtii	0.9898309154760941
e42f8beb2e57265b00a706bc66283e0e	d__Bacteria; p__Firmicutes; c__Bacilli; o__Lactobacillales; f__P5D1-392; g__P5D1-392; s__Streptococcus_sp.	0.8094777323830292
767d5bfd75a460f8b3a4959ed9840bb7	d__Bacteria; p__Firmicutes; c__Negativicutes; o__Veillonellales-Selenomonadales; f__Veillonellaceae; g__Veillonella	0.9920611760604907
30d621f8c1f338a3d8043a156622f676	d__Bacteria; p__Fusobacteriota; c__Fusobacteriia; o__Fusobacteriales; f__Leptotrichiaceae; g__Leptotrichia	0.9999862517810875
3bb0dc3f153eb7c43a9d8b92a586a6ca	d__Bacteria; p__Fusobacteriota; c__Fusobacteriia; o__Fusobacteriales; f__Fusobacteriaceae; g__Fusobacterium	0.9999996806085295
f80fa9e4a7cf1852d63f16b5c14734f2	d__Bacteria; p__Firmicutes; c__Negativicutes; o__Veillonellales-Selenomonadales; f__Veillonellaceae; g__Veillonella	0.9926675915601926
83313b391621531bdadc3ee0ae024f8a	d__Bacteria; p__Proteobacteria; c__Gammaproteobacteria; o__Pasteurellales; f__Pasteurellaceae; g__Aggregatibacter	0.9081708872856301
37eec5acd80784bd401f9a075d44aa5b	d__Eukaryota; p__Ascomycota; c__Sordariomycetes; o__Sordariales	0.9973511730665285
6e46cf15e138db536fcd47828bd4ecc6	d__Bacteria; p__Bacteroidota; c__Bacteroidia; o__Chitinophagales; f__Chitinophagaceae; g__Sediminibacterium; s__Sediminibacterium_sp.	0.9977603772543695
f441e9841fca03ece7f2801b1cd7dd86	d__Bacteria; p__Firmicutes; c__Clostridia; o__Peptostreptococcales-Tissierellales; f__Peptostreptococcales-Tissierellales; g__Fenollaria; s__uncultured_bacterium	0.7224621771275472
da85b43a0414e2f0548980efcbdd70cd	d__Bacteria; p__Firmicutes; c__Clostridia; o__Peptostreptococcales-Tissierellales; f__Peptostreptococcales-Tissierellales; g__Ezakiella	0.9999999993436095
128ee1720aa9dc2ab79b593e7343968c	d__Bacteria; p__Proteobacteria; c__Gammaproteobacteria; o__Pseudomonadales; f__Pseudomonadaceae; g__Pseudomonas	0.999850136008045
2a7e16555fc77b9d6fbaa5c3636a9351	d__Bacteria; p__Actinobacteriota; c__Actinobacteria; o__Bifidobacteriales; f__Bifidobacteriaceae; g__Alloscardovia; s__Alloscardovia_omnicolens	0.9893450848191624
9369caa8781c8d927961c6dc514213b9	d__Bacteria; p__Firmicutes; c__Bacilli; o__Lactobacillales; f__Streptococcaceae; g__Streptococcus	0.9999927444607624
dfd8a627d47d3548f328160493a0fa3a	d__Bacteria; p__Actinobacteriota; c__Actinobacteria; o__Actinomycetales; f__Actinomycetaceae; g__Actinomyces; s__Schaalia_odontolytica	0.7036917569759854
4fa85e5aa7aac401809e4f5575e98b34	d__Bacteria; p__Firmicutes; c__Negativicutes; o__Veillonellales-Selenomonadales; f__Veillonellaceae; g__Veillonella	0.9830817070685058
bc4233a11ec38f37b4d32a3a02b278f3	d__Bacteria; p__Bacteroidota; c__Bacteroidia; o__Bacteroidales; f__Prevotellaceae; g__Prevotella	0.9999871119334158
2f1b57a3ac2fa58d3ae16f437d84de05	d__Bacteria; p__Bacteroidota; c__Bacteroidia; o__Bacteroidales; f__Prevotellaceae; g__Prevotella; s__Prevotella_sp.	0.8978314565516395
1bc9643ed73f1b5c1f91646816d19fd0	d__Bacteria; p__Bacteroidota; c__Bacteroidia; o__Bacteroidales; f__Prevotellaceae; g__Prevotella; s__Prevotella_nanceiensis	0.7033566097739682
943576de07043ed562f27d67a8120de8	d__Bacteria; p__Bacteroidota; c__Bacteroidia; o__Bacteroidales; f__Prevotellaceae; g__Prevotella; s__Prevotella_histicola	0.9329104363754275
b55e694e9f04f94a8db8825eae3cedce	d__Bacteria; p__Bacteroidota; c__Bacteroidia; o__Bacteroidales; f__Prevotellaceae; g__Prevotella; s__Prevotella_histicola	0.8472286040771181
8fbcefcd31d23c0af94da139ebef7ea0	d__Bacteria; p__Bacteroidota; c__Bacteroidia; o__Bacteroidales; f__Prevotellaceae; g__Prevotella; s__Prevotella_nanceiensis	0.8949107765500333
e60dc65f1bf37ad0b80a737d74d33380	d__Bacteria; p__Bacteroidota; c__Bacteroidia; o__Bacteroidales; f__Prevotellaceae; g__Prevotella	0.9998935881835398
e461f4d9f59ef90ceba42113c3f4da3b	d__Bacteria; p__Firmicutes; c__Negativicutes; o__Veillonellales-Selenomonadales; f__Veillonellaceae; g__Veillonellaceae; s__unidentified	0.8394404171236577
9192d042191fb8f4180de4ecd99c4567	d__Bacteria; p__Bacteroidota; c__Bacteroidia; o__Bacteroidales; f__Prevotellaceae; g__Prevotella; s__Prevotella_histicola	0.8065375053887558
558db9b130b29efd90672c03fdfecc0f	d__Bacteria; p__Actinobacteriota; c__Coriobacteriia; o__Coriobacteriales; f__Atopobiaceae; g__Atopobium	0.9997927416272147
50469716072d16f44adcaeefb46f1ca3	d__Bacteria; p__Proteobacteria; c__Gammaproteobacteria; o__Xanthomonadales; f__Xanthomonadaceae; g__Luteimonas	0.9472173512461516
d8b3ce4808ab974a90e732e359e09902	d__Bacteria; p__Firmicutes; c__Bacilli; o__Lactobacillales; f__Enterococcaceae; g__Enterococcus	0.9973671016509461
40add9922275b15957f6361ff94cc4e1	d__Bacteria; p__Firmicutes; c__Negativicutes; o__Veillonellales-Selenomonadales; f__Veillonellaceae; g__Veillonella	0.9999995209992831
a36c899a5a1f8c93216ddbb82ac3869f	d__Bacteria; p__Firmicutes; c__Clostridia; o__Lachnospirales; f__Lachnospiraceae; g__Roseburia	0.7071920020186611
eaefcfe9dc8739790ece59517b7c0ba3	d__Bacteria; p__Firmicutes; c__Negativicutes; o__Veillonellales-Selenomonadales; f__Veillonellaceae; g__Veillonella	0.9999972000275893
84ee2ede9eaf0ab03cb9e27bd8235b47	d__Bacteria; p__Bacteroidota; c__Bacteroidia; o__Bacteroidales; f__Prevotellaceae; g__Prevotella; s__Prevotella_veroralis	0.8292857012344729
e238222e38f29ae4af2f8c5b35723475	d__Bacteria; p__Firmicutes; c__Bacilli; o__Staphylococcales; f__Gemellaceae; g__Gemella	0.9446856597019135
2e80fccb770935dfcf27695a77015ddd	d__Bacteria; p__Fusobacteriota; c__Fusobacteriia; o__Fusobacteriales; f__Leptotrichiaceae; g__Leptotrichia	0.9995231195240413
76cb24a86c4fceaffa56ff4607f9b9d3	d__Bacteria; p__Firmicutes; c__Clostridia; o__Clostridia_vadinBB60_group; f__Clostridia_vadinBB60_group; g__Clostridia_vadinBB60_group; s__Clostridiales_bacterium	0.9995872995746892
dde69400c201bfe6aebd96c714b3898b	d__Bacteria; p__Bacteroidota; c__Bacteroidia; o__Bacteroidales; f__Tannerellaceae; g__Tannerella	0.9999718881690978
6ee6a0be5c057e164c9cb6160dd59fb9	d__Bacteria; p__Bacteroidota; c__Bacteroidia; o__Bacteroidales; f__Prevotellaceae; g__Prevotella; s__Prevotella_pallens	0.9999908224938491
7845ddc586f455e19db0bac3dad109fb	d__Bacteria; p__Firmicutes; c__Bacilli; o__Lactobacillales; f__Streptococcaceae; g__Streptococcus	0.9999998856855967
ae87d23a7025a49eacaa89487d50a262	d__Bacteria; p__Proteobacteria; c__Alphaproteobacteria; o__Sphingomonadales; f__Sphingomonadaceae; g__Novosphingobium	0.9657667335424581
99b4e56732a69a1c627c9b5f676c7264	d__Bacteria; p__Proteobacteria; c__Gammaproteobacteria; o__Burkholderiales; f__Burkholderiaceae; g__Lautropia	0.9999982174477865
d634ae18a9d732a5525b2420461affbc	d__Bacteria; p__Bacteroidota; c__Bacteroidia; o__Chitinophagales; f__Chitinophagaceae; g__Sediminibacterium; s__Sediminibacterium_sp.	0.9925372023574287
7fbd5b298d45c7ff80e4b51cec99f580	d__Bacteria; p__Proteobacteria; c__Gammaproteobacteria; o__Vibrionales; f__Vibrionaceae; g__Vibrio	0.9992731331118944
318af677a72e54fdd723785d699ac4f0	d__Bacteria; p__Bacteroidota; c__Bacteroidia; o__Bacteroidales; f__Prevotellaceae; g__Alloprevotella; s__uncultured_Bacteroidetes	0.9951673679298816
e76d02d400fc777d3bd1f81140796c4e	d__Bacteria; p__Firmicutes; c__Negativicutes; o__Veillonellales-Selenomonadales; f__Veillonellaceae; g__Veillonella	0.9968760315547955
1cdf8648d3b36054cc8d772036c09dc5	d__Bacteria; p__Firmicutes; c__Negativicutes; o__Veillonellales-Selenomonadales; f__Veillonellaceae; g__Veillonella	0.9910495270578515
79b0a5e7a5794133685efeeea4c51cbf	d__Bacteria; p__Firmicutes; c__Negativicutes; o__Veillonellales-Selenomonadales; f__Veillonellaceae; g__Veillonella	0.9979731019114597
15c70c71751b79e2ba8c062d26fc76da	d__Bacteria; p__Bacteroidota; c__Bacteroidia; o__Bacteroidales; f__Prevotellaceae; g__Alloprevotella; s__uncultured_Bacteroidetes	0.9685918595236895
aea7f92121e3bcaf6907eaf019f180af	d__Bacteria; p__Bacteroidota; c__Bacteroidia; o__Bacteroidales; f__Prevotellaceae; g__Alloprevotella; s__uncultured_Bacteroidetes	0.9924511712306646
7502b765135fbdff02dc2f48edc708d1	d__Bacteria; p__Bacteroidota; c__Bacteroidia; o__Bacteroidales; f__Prevotellaceae; g__Alloprevotella; s__uncultured_Bacteroidetes	0.9926632806824313
4946efc1efeeb835e5661590b8ebebf9	d__Bacteria; p__Firmicutes; c__Clostridia; o__Clostridia_UCG-014; f__Clostridia_UCG-014; g__Clostridia_UCG-014; s__uncultured_bacterium	0.7319180301175322
117cbadbced91e28bffd49c9c7580dcf	d__Bacteria; p__Bacteroidota; c__Bacteroidia; o__Bacteroidales; f__Porphyromonadaceae; g__Porphyromonas; s__uncultured_bacterium	0.8045770613158898
4476da698b88d3371b1a623c04c6ebc3	d__Bacteria; p__Proteobacteria; c__Gammaproteobacteria; o__Pseudomonadales; f__Pseudomonadaceae; g__Pseudomonas	0.9986388704489054
05573e31d977f72a4993c049aa2d1b8e	d__Bacteria; p__Bacteroidota; c__Bacteroidia; o__Bacteroidales; f__Prevotellaceae; g__Prevotella; s__Prevotella_sp.	0.8328794622373019
034a59ab8f10a664d07cd1a4162a544e	d__Bacteria; p__Proteobacteria; c__Gammaproteobacteria; o__Pseudomonadales; f__Pseudomonadaceae; g__Pseudomonas	0.9989391868294826
000b7346f131a770a42eac03930c770d	d__Bacteria; p__Bacteroidota; c__Bacteroidia; o__Bacteroidales; f__Prevotellaceae	0.9985986523308121
4f3167095a45beb764b756994dea24db	d__Bacteria; p__Firmicutes; c__Clostridia; o__Peptostreptococcales-Tissierellales; f__Peptostreptococcaceae; g__Filifactor; s__Filifactor_alocis	0.8675753399468747
11237e04268f59b166134f57f6119209	d__Bacteria; p__Bacteroidota; c__Bacteroidia; o__Bacteroidales; f__Prevotellaceae; g__Alloprevotella	0.9855452178222276
cff578c965b230cf48f5cd9f77080497	d__Bacteria; p__Firmicutes; c__Clostridia; o__Lachnospirales; f__Defluviitaleaceae; g__Defluviitaleaceae_UCG-011; s__Lachnospiraceae_bacterium	0.8569949055176389
ae208070ae9aadf0e583cc913fed4465	d__Bacteria; p__Firmicutes; c__Negativicutes; o__Veillonellales-Selenomonadales; f__Veillonellaceae; g__Veillonella	0.999999249072586
8c0d6374166061832f5a35b77d8298c0	d__Bacteria; p__Fusobacteriota; c__Fusobacteriia; o__Fusobacteriales; f__Fusobacteriaceae; g__Fusobacterium	0.98887436658382
ddd8a3fb1b8faded229798a5727f687e	d__Bacteria; p__Bacteroidota; c__Bacteroidia; o__Bacteroidales; f__Prevotellaceae; g__Prevotella	0.9914874335795804
47066bce9fb051e5b02d03e0fa8ae1b3	d__Bacteria; p__Proteobacteria; c__Gammaproteobacteria; o__Pasteurellales; f__Pasteurellaceae; g__Haemophilus	0.9812638219367007
a09d0e9c419a42aad09d0afc2d262467	d__Bacteria; p__Proteobacteria; c__Gammaproteobacteria; o__Pasteurellales; f__Pasteurellaceae; g__Haemophilus	0.9716219968030316
0b896ef4f321fee481122f69beca669f	d__Bacteria; p__Firmicutes; c__Clostridia; o__Oscillospirales; f__[Eubacterium]_coprostanoligenes_group; g__[Eubacterium]_coprostanoligenes_group; s__uncultured_bacterium	0.9515834562975164
e5dd73873cee31861822d7b2374f2962	d__Bacteria; p__Firmicutes; c__Bacilli; o__Erysipelotrichales; f__Erysipelatoclostridiaceae; g__Eggerthia; s__Eggerthia_catenaformis	0.9999999629809515
0cb89051e591b33e231f05f18fa312f0	d__Bacteria; p__Proteobacteria; c__Gammaproteobacteria; o__Pasteurellales; f__Pasteurellaceae; g__Haemophilus	0.8886963511221673
84297d26b5e8661e659217d891bb2d22	d__Bacteria; p__Firmicutes; c__Clostridia; o__Peptostreptococcales-Tissierellales; f__Anaerovoracaceae; g__Amnipila; s__uncultured_organism	0.7774433949027905
ee75a5eb21ebd3090b40f9c1112d67d5	d__Bacteria; p__Firmicutes; c__Negativicutes; o__Veillonellales-Selenomonadales; f__Veillonellaceae; g__Dialister; s__Dialister_pneumosintes	0.9451102012818047
67f7ffc9a2b8939c79d5816940d55690	d__Bacteria; p__Proteobacteria; c__Gammaproteobacteria; o__Burkholderiales; f__Burkholderiaceae; g__Cupriavidus; s__Cupriavidus_basilensis	0.8618746683555139
533ee261dbd697ae7fb31909651291a8	d__Bacteria; p__Actinobacteriota; c__Actinobacteria; o__Corynebacteriales; f__Nocardiaceae; g__Rhodococcus	0.9998998767488959
69c97caf3eff7d0ad8d6243b19febe21	d__Bacteria; p__Actinobacteriota; c__Actinobacteria; o__Actinomycetales; f__Actinomycetaceae; g__Actinomyces; s__Schaalia_odontolytica	0.8251488521545849
1604b7f1da53f4865a444766aa84723a	d__Bacteria; p__Firmicutes; c__Negativicutes; o__Veillonellales-Selenomonadales; f__Veillonellaceae; g__Veillonella	0.9999996245719226
0baf8004a03e24874c30972c82d686cb	d__Bacteria; p__Actinobacteriota; c__Actinobacteria; o__Actinomycetales; f__Actinomycetaceae; g__Actinomyces; s__Schaalia_odontolytica	0.8115840295299878
5bc63cb11a6d0f94e1067e3fa6a22289	d__Bacteria; p__Proteobacteria; c__Gammaproteobacteria; o__Pasteurellales; f__Pasteurellaceae; g__Haemophilus; s__Haemophilus_sputorum	0.9532405759976211
cf00c62354ba04db012c9fd4e6022e10	d__Bacteria; p__Bacteroidota; c__Bacteroidia; o__Bacteroidales; f__Prevotellaceae; g__Prevotella	0.9918125020935722
330fe6050802d03dccb75f8c39f318fd	d__Bacteria; p__Fusobacteriota; c__Fusobacteriia; o__Fusobacteriales; f__Fusobacteriaceae; g__Fusobacterium	0.9999999149150063
53c75d554800298026144e7b8b3bae33	d__Bacteria; p__Bacteroidota; c__Bacteroidia; o__Bacteroidales; f__Prevotellaceae; g__Alloprevotella; s__uncultured_Bacteroidetes	0.7164787738024243
48f71e2a29db5902f298d5c2740348fe	d__Bacteria; p__Bacteroidota; c__Bacteroidia; o__Bacteroidales; f__Prevotellaceae; g__Alloprevotella; s__uncultured_Bacteroidetes	0.828280412789398
17d6c07c5c66c9f4be5cfcc4ee7dcbe8	d__Bacteria; p__Actinobacteriota; c__Actinobacteria; o__Micrococcales; f__Micrococcaceae; g__Rothia; s__uncultured_bacterium	0.7175895186221501
f250e44aaeb9cd337b946cb1b81b7a10	d__Bacteria; p__Firmicutes; c__Negativicutes; o__Veillonellales-Selenomonadales; f__Veillonellaceae; g__Veillonella; s__Veillonella_atypica	0.7544460511733051
c34efcffee7e3b3ed0e15ab9978b7084	d__Bacteria; p__Firmicutes; c__Negativicutes; o__Veillonellales-Selenomonadales; f__Veillonellaceae; g__Veillonella; s__Veillonella_atypica	0.7950611333757743
d79ea4d201de924438c52071789b7ad1	d__Bacteria; p__Firmicutes; c__Clostridia; o__Peptostreptococcales-Tissierellales; f__Peptostreptococcaceae; g__Filifactor; s__Filifactor_alocis	0.8420794119076495
14659750578dae133d3abd7a90e580e7	d__Bacteria; p__Firmicutes; c__Bacilli; o__Lactobacillales; f__Streptococcaceae; g__Streptococcus	0.9999960285743035
2baa7dc09b1748031701c038d4519b9d	d__Bacteria; p__Proteobacteria; c__Gammaproteobacteria; o__Pasteurellales; f__Pasteurellaceae	0.9965348326417633
30422be06cae53b8f5e67e0f2444c996	d__Bacteria; p__Proteobacteria; c__Gammaproteobacteria; o__Burkholderiales; f__Hydrogenophilaceae; g__Hydrogenophilus	0.9999993265729153
768dc19be8f272407d021c906db1afdf	d__Bacteria; p__Firmicutes; c__Bacilli; o__Lactobacillales; f__Streptococcaceae; g__Lactococcus	0.9999986605869025
cbd3d5ee8364488787b541d0dd74bf79	d__Bacteria; p__Fusobacteriota; c__Fusobacteriia; o__Fusobacteriales; f__Leptotrichiaceae; g__Sneathia; s__Sneathia_sanguinegens	0.7261322448373699
d15868d0c12f8776c40ffbc72973c85a	d__Bacteria; p__Firmicutes; c__Clostridia; o__Oscillospirales; f__[Eubacterium]_coprostanoligenes_group; g__[Eubacterium]_coprostanoligenes_group	0.9997586793897566
7468962207064e5f6a4d8ab7999d677a	d__Bacteria; p__Bacteroidota; c__Bacteroidia; o__Flavobacteriales; f__Weeksellaceae; g__Empedobacter	0.997029298880983
a449d1542880ded9dbbc94086794696c	d__Bacteria; p__Firmicutes; c__Bacilli; o__Lactobacillales; f__Streptococcaceae; g__Streptococcus	0.9999895877484973
5fb3f73c4d540fd6f331cd4406c4eec3	d__Bacteria; p__Fusobacteriota; c__Fusobacteriia; o__Fusobacteriales; f__Fusobacteriaceae; g__Fusobacterium; s__uncultured_bacterium	0.706159177718493
2949be36fa32efc628d505aab09d1a79	d__Bacteria; p__Firmicutes; c__Negativicutes; o__Veillonellales-Selenomonadales; f__Veillonellaceae; g__Veillonella	0.9999996905657266
f8a87c4f504bf2d4a5459d7e0c96a392	d__Bacteria; p__Firmicutes; c__Negativicutes; o__Veillonellales-Selenomonadales; f__Veillonellaceae; g__Megasphaera; s__Megasphaera_micronuciformis	0.9995788070475569
0e142d715daf3391d332b0dc95d4ae3c	d__Bacteria; p__Firmicutes; c__Negativicutes; o__Veillonellales-Selenomonadales; f__Veillonellaceae; g__Megasphaera; s__Megasphaera_micronuciformis	0.9994064677545931
11ab3220cbf305d2feb66e072a75546e	d__Bacteria; p__Firmicutes; c__Negativicutes; o__Veillonellales-Selenomonadales; f__Veillonellaceae; g__Veillonella	0.9999993405152662
7998538ed1b8764ff6c91dd17b482a52	d__Bacteria; p__Firmicutes; c__Bacilli; o__Lactobacillales; f__Streptococcaceae; g__Streptococcus	0.999989893611903
d8b6b311a1b7a9268c0b87b20348d9e6	d__Bacteria; p__Firmicutes; c__Negativicutes; o__Veillonellales-Selenomonadales; f__Veillonellaceae; g__Anaeroglobus; s__Anaeroglobus_geminatus	0.9995688270216517
1150bd50874c767593c96c881bb2e634	d__Bacteria; p__Bacteroidota; c__Bacteroidia; o__Bacteroidales; f__Prevotellaceae; g__Prevotella; s__Prevotella_melaninogenica	0.9446704145436646
464bb26e79df15a0835ae374ca3f5e13	d__Bacteria; p__Bacteroidota; c__Bacteroidia; o__Bacteroidales; f__Prevotellaceae; g__Prevotella	0.9990961461858999
2da8447a806b8eb35dad015764b9c904	d__Bacteria; p__Firmicutes; c__Negativicutes; o__Veillonellales-Selenomonadales; f__Veillonellaceae; g__Veillonella	0.999999349564189
f09af251101cab92bb645adb9fe35184	d__Bacteria; p__Firmicutes; c__Negativicutes; o__Veillonellales-Selenomonadales; f__Veillonellaceae; g__Veillonella	0.9995530906174019
5015cbc9d26b18463f6091ae31652106	d__Bacteria; p__Proteobacteria; c__Alphaproteobacteria; o__Rhizobiales; f__Beijerinckiaceae; g__Methylobacterium-Methylorubrum	0.999571113220407
cbed5f8df274abcb1f2a5ea8bdf2384a	d__Bacteria; p__Actinobacteriota; c__Actinobacteria; o__Propionibacteriales; f__Propionibacteriaceae; g__Cutibacterium	0.9999608687437815
519f74332f5d22bb382749e8f7726fb1	d__Bacteria; p__Bacteroidota; c__Bacteroidia; o__Bacteroidales; f__Porphyromonadaceae; g__Porphyromonas	0.9999999980426559
ff9bcd26b05d00c0668e2253ada1cd1f	d__Bacteria; p__Firmicutes; c__Negativicutes; o__Veillonellales-Selenomonadales; f__Veillonellaceae; g__Veillonella	0.9999988400006362
b23630ce85886d2d3a3efe0de2e4054b	d__Bacteria; p__Bacteroidota; c__Bacteroidia; o__Bacteroidales; f__Prevotellaceae; g__Prevotella	0.9999577651481738
0a06e694c748d8a1391e81adf0f87f32	d__Bacteria; p__Bacteroidota; c__Bacteroidia; o__Flavobacteriales; f__Flavobacteriaceae; g__Capnocytophaga; s__Capnocytophaga_granulosa	0.9909532583863447
858a790af461a103ef265ef33b5be27b	d__Bacteria; p__Bacteroidota; c__Bacteroidia; o__Bacteroidales; f__Prevotellaceae; g__Prevotella; s__Prevotella_melaninogenica	0.9192645715247507
c13095696baa47d9449e507e61635b63	d__Bacteria; p__Bacteroidota; c__Bacteroidia; o__Bacteroidales; f__Porphyromonadaceae; g__Porphyromonas	0.9999999694665093
1e9d9c8a26163b461e19da47542dc992	d__Bacteria; p__Actinobacteriota; c__Actinobacteria; o__Actinomycetales; f__Actinomycetaceae; g__Actinomyces; s__Schaalia_odontolytica	0.863415468375521
ddee29598116a9022d050710723ce245	d__Bacteria; p__Proteobacteria; c__Gammaproteobacteria; o__Pasteurellales; f__Pasteurellaceae; g__Haemophilus	0.9298673726548088
eb8003b3499f3e22eacf9b700c264a34	d__Bacteria; p__Proteobacteria; c__Gammaproteobacteria; o__Pasteurellales; f__Pasteurellaceae; g__Haemophilus	0.9097257795411794
051cdaf1de7f4cdff146fc84b9326a17	d__Bacteria; p__Firmicutes; c__Negativicutes; o__Veillonellales-Selenomonadales; f__Veillonellaceae; g__Veillonella	0.9999996216552791
dde911767aa598fb04d4dd1594cc766d	d__Bacteria; p__Firmicutes; c__Negativicutes; o__Veillonellales-Selenomonadales; f__Veillonellaceae; g__Veillonella	0.9999996079273062
a1650f5187c8f3612be0c51108f11661	d__Bacteria; p__Proteobacteria; c__Gammaproteobacteria; o__Pasteurellales; f__Pasteurellaceae; g__Actinobacillus	0.9895523699403791
0fb4046182fbc78166d3e41aec1a021f	d__Bacteria; p__Bacteroidota; c__Bacteroidia; o__Bacteroidales; f__Prevotellaceae; g__Alloprevotella; s__uncultured_Bacteroidetes	0.8909765976212245
fa7a6b773cb85bb5499d07f3e5f37b1a	d__Bacteria; p__Firmicutes; c__Negativicutes; o__Veillonellales-Selenomonadales; f__Veillonellaceae; g__Veillonella	0.9999903864674001
58e7ad5a3f271035fdd3c9b05161ea6a	d__Bacteria; p__Bacteroidota; c__Bacteroidia; o__Bacteroidales; f__Prevotellaceae; g__Alloprevotella	0.9795422674329006
02a320d6dfb4d111e3fd2ad9038b8be0	d__Bacteria; p__Bacteroidota; c__Bacteroidia; o__Bacteroidales; f__Prevotellaceae; g__Alloprevotella; s__uncultured_Bacteroidetes	0.9744933758419301
94c7eca653e6ac08139472770e5ba731	d__Bacteria; p__Bacteroidota; c__Bacteroidia; o__Bacteroidales; f__Prevotellaceae; g__Alloprevotella; s__uncultured_Bacteroidetes	0.973640672724627
ece35863e66ee513defbc2d611e93a98	d__Bacteria; p__Bacteroidota; c__Bacteroidia; o__Bacteroidales; f__Prevotellaceae; g__Prevotella; s__Prevotella_jejuni	0.8897498997696488
43dd2bd02be800b8b77515c81068055e	d__Bacteria; p__Firmicutes; c__Bacilli; o__Lactobacillales; f__Streptococcaceae; g__Streptococcus	0.9999976035720085
a19d3c18672ddfd17bdfc6888fe897a4	d__Bacteria; p__Proteobacteria; c__Gammaproteobacteria; o__Pseudomonadales; f__Pseudomonadaceae; g__Pseudomonas	0.9997536997569678
57222291c4c113914c3b891a9b60ba61	d__Bacteria; p__Proteobacteria; c__Gammaproteobacteria; o__Pseudomonadales; f__Pseudomonadaceae; g__Pseudomonas	0.9998426900885995
159f9300ba0c111e8d50bf31c27bb8fe	d__Bacteria; p__Bacteroidota; c__Bacteroidia; o__Bacteroidales; f__Prevotellaceae; g__Prevotella; s__Prevotella_melaninogenica	0.9933411232263801
82e37e94fb176871ac83c8adf2568bd9	d__Bacteria; p__Actinobacteriota; c__Actinobacteria; o__Propionibacteriales; f__Propionibacteriaceae; g__Cutibacterium	0.9999589929530418
1c0efe08231b1e7170f89182309624f3	d__Bacteria; p__Firmicutes; c__Bacilli; o__Staphylococcales; f__Staphylococcaceae; g__Staphylococcus	0.9954614761122742
3abfe3759894a3232ca45b41adb88eeb	d__Bacteria; p__Firmicutes; c__Bacilli; o__Staphylococcales; f__Gemellaceae; g__Gemella	0.9999901962085868
b9dc76fd45f8af1afc353a5cbd732b11	d__Bacteria; p__Bacteroidota; c__Bacteroidia; o__Bacteroidales; f__Prevotellaceae; g__Prevotella; s__Prevotella_enoeca	0.9981211738152103
27d4768f8d2a2b5402756c7c08966cbd	d__Bacteria; p__Proteobacteria; c__Gammaproteobacteria; o__Burkholderiales; f__Neisseriaceae; g__Neisseria	0.9929352565043762
5672b61ac0a4c47aa182b1f14f1fc22e	d__Bacteria; p__Proteobacteria; c__Gammaproteobacteria; o__Burkholderiales; f__Neisseriaceae; g__Neisseria	0.9918052866744771
e1866ea652366e2c4658c786aab64958	d__Bacteria; p__Firmicutes; c__Negativicutes; o__Veillonellales-Selenomonadales; f__Veillonellaceae; g__Veillonella	0.9999985494101129
0f9cfbbf8f266b4d383279fd5f4047da	d__Bacteria; p__Firmicutes; c__Bacilli; o__Lactobacillales; f__Carnobacteriaceae; g__Granulicatella	0.9086223494097219
7dda2a894cdb674fcd5bfd1cf59cbffd	d__Bacteria; p__Firmicutes; c__Negativicutes; o__Veillonellales-Selenomonadales; f__Veillonellaceae; g__Veillonella	0.9510334293343855
1ccf19f96c71ded299d3d877ffa0524f	d__Bacteria; p__Bacteroidota; c__Bacteroidia; o__Bacteroidales; f__Prevotellaceae; g__Alloprevotella; s__uncultured_Bacteroidetes	0.913752568886304
9903a3e424c77873adecd4c45c6bc122	d__Bacteria; p__Bacteroidota; c__Bacteroidia; o__Bacteroidales; f__Prevotellaceae; g__Alloprevotella; s__uncultured_Bacteroidetes	0.9886604580836761
b0d11a7de1b6af5e259fb1dd9be81334	d__Bacteria; p__Bacteroidota; c__Bacteroidia; o__Bacteroidales; f__Prevotellaceae; g__Alloprevotella; s__uncultured_Bacteroidetes	0.9017400705058582
3fececabcc6e8da828bb2c45ed4c05de	d__Bacteria; p__Firmicutes; c__Bacilli; o__Lactobacillales; f__Streptococcaceae; g__Streptococcus	0.9999994913317293
28bc7a6846efd98f419158ddf6c3508d	d__Bacteria; p__Firmicutes; c__Bacilli; o__Lactobacillales; f__Streptococcaceae; g__Streptococcus	0.9999994227643496
79ee92c53ebdba600cc8606cc804f504	d__Bacteria; p__Firmicutes; c__Bacilli; o__Lactobacillales; f__Streptococcaceae; g__Streptococcus	0.999999382800048
fefe019639824b2a070c79c266440385	d__Bacteria; p__Firmicutes; c__Bacilli; o__Erysipelotrichales; f__Erysipelotrichaceae; g__Bulleidia; s__Bulleidia_extructa	0.9999995668435787
84533355cf6ea954e220db3430a1fce9	d__Bacteria; p__Actinobacteriota; c__Actinobacteria; o__Actinomycetales; f__Actinomycetaceae; g__Actinomyces	0.9999977923909356
069e7e5c070907e6af88b849aca1f6d8	d__Bacteria; p__Fusobacteriota; c__Fusobacteriia; o__Fusobacteriales; f__Leptotrichiaceae; g__Leptotrichia	0.9993887689853455
a0b193c6b9a8a737a1be87e7553f075e	d__Bacteria; p__Bacteroidota; c__Bacteroidia; o__Flavobacteriales; f__Flavobacteriaceae; g__Capnocytophaga; s__Capnocytophaga_leadbetteri	0.8986841519801246
78ba77d45e8fe90aa09ec44f796d3a4e	d__Bacteria; p__Firmicutes; c__Negativicutes; o__Veillonellales-Selenomonadales; f__Veillonellaceae; g__Veillonella	0.9999998825627768
1c1356294b36436e48a4fc426805fcb7	d__Bacteria; p__Firmicutes; c__Negativicutes; o__Veillonellales-Selenomonadales; f__Veillonellaceae; g__Veillonella	0.9999996713931005
5e1ec5981773aebf31d2c12b90195b2e	d__Bacteria; p__Firmicutes; c__Bacilli; o__Lactobacillales; f__Streptococcaceae; g__Streptococcus	0.9999995053966424
34393d16d46fd2b1f2ca166d29b8a5a2	d__Bacteria; p__Bacteroidota; c__Bacteroidia; o__Sphingobacteriales; f__Lentimicrobiaceae; g__Lentimicrobium; s__unidentified	0.9997083061405676
9fbf5694e5f39326fae5f3e785a08b61	d__Bacteria; p__Firmicutes; c__Negativicutes; o__Veillonellales-Selenomonadales; f__Veillonellaceae; g__Veillonella	0.999999748990578
c46c8286d75a779b52ba22e142c1975c	d__Bacteria; p__Bacteroidota; c__Bacteroidia; o__Bacteroidales; f__Prevotellaceae; g__Prevotella	0.9983306319591767
48ab57307815f42bfbf1b67837505054	d__Bacteria; p__Firmicutes; c__Negativicutes; o__Veillonellales-Selenomonadales; f__Veillonellaceae; g__Veillonella	0.9969915397059901
b5793eed2ba85bc0a86f6bea852b3937	d__Bacteria; p__Firmicutes; c__Negativicutes; o__Veillonellales-Selenomonadales; f__Veillonellaceae; g__Veillonella	0.9897497042716572
aa4ce0950db24dc0d8d15108f70d72ee	d__Bacteria; p__Bacteroidota; c__Bacteroidia; o__Bacteroidales; f__Prevotellaceae; g__Alloprevotella; s__Alloprevotella_rava	0.9379400498649856
f76a3e2bc8b60cea4f4c5b6e70a701ce	d__Bacteria; p__Bacteroidota; c__Bacteroidia; o__Bacteroidales; f__Prevotellaceae; g__Prevotella	0.9980386286433172
1f0f25cad66159cc2789ead51293723a	d__Bacteria; p__Proteobacteria; c__Gammaproteobacteria; o__Pseudomonadales; f__Moraxellaceae; g__Psychrobacter; s__Psychrobacter_ciconiae	0.7515176208638962
c016bff0bca6db020ced42ff7b4ac20a	d__Bacteria	0.9999999971409375
2c712c1d0862c7bc3963cdffda7932b1	d__Bacteria; p__Firmicutes; c__Clostridia; o__Clostridia; f__Hungateiclostridiaceae; g__Fastidiosipila; s__Clostridiales_bacterium	0.8604047215031623
20a99f7c7702f023235a7035099239d6	d__Bacteria; p__Actinobacteriota; c__Actinobacteria; o__Corynebacteriales; f__Corynebacteriaceae; g__Corynebacterium; s__Corynebacterium_matruchotii	0.8941219585390615
d3aa70933f4ff0836edcb510a4fe6c6d	d__Bacteria; p__Firmicutes; c__Negativicutes; o__Veillonellales-Selenomonadales; f__Veillonellaceae; g__Veillonella	0.9957681233998431
dcc8de7ac30fe826f85f8f1488b536d5	d__Bacteria; p__Bacteroidota; c__Bacteroidia; o__Bacteroidales; f__Prevotellaceae; g__Prevotella; s__Prevotella_jejuni	0.9251760195722409
1d3a8f5993bcd1a073984643cc2ec93e	d__Bacteria; p__Bacteroidota; c__Bacteroidia; o__Flavobacteriales; f__Weeksellaceae; g__Bergeyella; s__uncultured_bacterium	0.9581977009046015
65f5f50939d6dde3f95015a66affa7c6	d__Bacteria; p__Bacteroidota; c__Bacteroidia; o__Bacteroidales; f__Prevotellaceae; g__Alloprevotella; s__uncultured_Bacteroidetes	0.9563265123984878
0dfd7919af4461b9ebd89f6b3b9abb94	d__Bacteria; p__Bacteroidota; c__Bacteroidia; o__Bacteroidales; f__Prevotellaceae; g__Prevotella; s__Prevotella_pleuritidis	0.999753726869906
c94dc7c0ab8ad2018647cead09270d9c	d__Bacteria; p__Firmicutes; c__Bacilli; o__Lactobacillales; f__Streptococcaceae; g__Streptococcus; s__Streptococcus_constellatus	0.7934006539481775
fc6463fb213ae45f204072dd0801acec	d__Eukaryota; p__Ascomycota; c__Eurotiomycetes; o__Eurotiales; f__Aspergillaceae	0.9673894078800825
febd1fd5a2137c1c9c99aac19963ce96	d__Bacteria; p__Bacteroidota; c__Bacteroidia; o__Cytophagales; f__Cytophagaceae; g__Rhodocytophaga; s__uncultured_bacterium	0.8693199364953111
edbc451f81ba4020c067236035125462	d__Bacteria; p__Actinobacteriota; c__Actinobacteria; o__Corynebacteriales; f__Corynebacteriaceae; g__Corynebacterium; s__Corynebacterium_kroppenstedtii	0.9941578087426369
3da00290628195626b3298c2b93fde6b	d__Bacteria; p__Firmicutes; c__Clostridia; o__Peptostreptococcales-Tissierellales; f__Peptostreptococcaceae; g__Romboutsia	0.8621600335670356
82b2a9189acf491df7bd881adf34fb7d	d__Bacteria; p__Proteobacteria; c__Gammaproteobacteria; o__Pseudomonadales; f__Moraxellaceae; g__Enhydrobacter	0.9624763675257382
5b4114d43942692401793b740792c1c6	d__Bacteria; p__Actinobacteriota; c__Actinobacteria; o__Corynebacteriales; f__Nocardiaceae; g__Rhodococcus	0.9999367646432489
825a8c0a33ade630e30bd7258e028436	d__Bacteria; p__Firmicutes; c__Bacilli; o__Lactobacillales; f__Streptococcaceae; g__Streptococcus	0.9999989281151096
93596bf4c625ea7bbb58db01d7540ed9	d__Bacteria; p__Bacteroidota; c__Bacteroidia; o__Bacteroidales; f__Prevotellaceae; g__Prevotella	0.9999246779389721
56131fca377728439c2a89860414a833	d__Bacteria; p__Bacteroidota; c__Bacteroidia; o__Bacteroidales; f__Prevotellaceae; g__Prevotella; s__Prevotella_veroralis	0.846609804442613
97b3df80d158a8a28ab4300d7d9b9f5a	d__Bacteria; p__Actinobacteriota; c__Actinobacteria; o__Actinomycetales; f__Actinomycetaceae; g__Actinomyces; s__Schaalia_odontolytica	0.7022631080671168
475420f817907a79848ee13747329e69	d__Bacteria; p__Bacteroidota; c__Bacteroidia; o__Sphingobacteriales; f__Lentimicrobiaceae; g__Lentimicrobium; s__Bacteroidales_genomosp.	0.9979912752571978
60ea867ae755634be289e9afa6e22d0e	d__Eukaryota	0.9857947378683225
8a4b290c5d04fe577292cfffef186eb8	d__Bacteria; p__Bacteroidota; c__Bacteroidia; o__Bacteroidales; f__Prevotellaceae; g__Prevotella; s__Prevotella_pallens	0.9999580035009874
218ef5a504ce63966f84c36f63a6284f	d__Bacteria; p__Fusobacteriota; c__Fusobacteriia; o__Fusobacteriales; f__Leptotrichiaceae; g__Leptotrichia	0.9999999218564222
7080b1b6e2a2a65bc17a827d3b012f29	d__Bacteria; p__Fusobacteriota; c__Fusobacteriia; o__Fusobacteriales; f__Leptotrichiaceae; g__Leptotrichia	0.999999907775361
2f8ef4110ed01f0ce1b9f53cc7264a0e	d__Bacteria; p__Proteobacteria; c__Alphaproteobacteria; o__Reyranellales; f__Reyranellaceae; g__Reyranella	0.9999998962727684
146fabe79d69244ad59a841705d5becf	d__Bacteria; p__Proteobacteria; c__Gammaproteobacteria; o__Burkholderiales; f__Neisseriaceae; g__uncultured; s__uncultured_bacterium	0.9999304421884583
def4be147f3bf1cde5d187e12ec863a5	d__Bacteria; p__Bacteroidota; c__Bacteroidia; o__Bacteroidales; f__Prevotellaceae; g__Alloprevotella; s__uncultured_Bacteroidetes	0.995471301808625
a1e86111f84286caaeb1700cc25bf838	d__Bacteria; p__Bacteroidota; c__Bacteroidia; o__Bacteroidales; f__Prevotellaceae; g__Alloprevotella; s__uncultured_Bacteroidetes	0.9952288563738765
d4c6af64407bb601fd61960bfd166784	d__Bacteria; p__Bacteroidota; c__Bacteroidia; o__Bacteroidales; f__Prevotellaceae; g__Prevotella; s__Prevotella_jejuni	0.853810367324265
3e774b7ba9def5c0b11f41b6e6fc647e	d__Bacteria; p__Bacteroidota; c__Bacteroidia; o__Bacteroidales; f__Prevotellaceae; g__Alloprevotella; s__uncultured_Bacteroidetes	0.9681703125129248
1662de1397209553ea5d9fb93fccfb58	d__Bacteria; p__Firmicutes; c__Clostridia; o__Lachnospirales; f__Lachnospiraceae; g__Oribacterium	0.8420560586652157
a12a984ef92a0dab9b478dfed9b09bc6	d__Bacteria; p__Firmicutes; c__Clostridia; o__Lachnospirales; f__Lachnospiraceae; g__Butyrivibrio	0.9997607152973069
2354dd77a9a19dd6dbfad87e916a7102	d__Bacteria; p__Firmicutes; c__Bacilli; o__Lactobacillales; f__Streptococcaceae; g__Streptococcus	0.999998918599571
bbeb0d2ead44580e8541404e57efb43a	d__Bacteria; p__Actinobacteriota; c__Actinobacteria; o__Actinomycetales; f__Actinomycetaceae; g__Actinomyces; s__uncultured_bacterium	0.7064443542731886
d99cbefbe32c14eceb1c163e940289f9	d__Bacteria; p__Firmicutes; c__Clostridia; o__Peptostreptococcales-Tissierellales; f__Peptostreptococcaceae; g__[Eubacterium]_yurii_group; s__uncultured_bacterium	0.7982117642513058
646b842b6427a076ef45ccd9c7bcbb3d	d__Bacteria; p__Firmicutes; c__Bacilli; o__Lactobacillales; f__Streptococcaceae; g__Streptococcus	0.9999898837109635
150d88f9296abf4053e62f1b5e9dc2ee	d__Bacteria; p__Firmicutes; c__Bacilli; o__Lactobacillales; f__Streptococcaceae; g__Streptococcus	0.9999871189367509
8bfb86f3cce346cfd943cbf4004c3bc0	d__Bacteria; p__Firmicutes; c__Clostridia; o__Peptococcales; f__Peptococcaceae; g__Peptococcus	0.9999999384879027
74b10ae8cff5e9e86d4878a5de01cb2a	d__Eukaryota; p__Ascomycota; c__Dothideomycetes; o__Pleosporales; f__Didymellaceae; g__Ascochyta	0.9525029832363617
567ae26323a7fca8ac0d2ca46b56ca59	d__Bacteria; p__Firmicutes; c__Bacilli; o__Erysipelotrichales; f__Erysipelotrichaceae; g__Solobacterium; s__uncultured_organism	0.8584949177526099
ff71fffdc7565d0c46847c8c1d2983d5	d__Bacteria; p__Spirochaetota; c__Spirochaetia; o__Spirochaetales; f__Spirochaetaceae; g__Treponema	0.9999998672128421
d3a331b6efd14b2e670d266de5c3a0e0	d__Bacteria; p__Bacteroidota; c__Bacteroidia; o__Bacteroidales; f__Bacteroidales_Incertae_Sedis; g__Phocaeicola; s__Phocaeicola_abscessus	0.9999999989679509
be9c6edf623ea98ff2e84603de2bf124	d__Eukaryota; p__Ascomycota	0.9986888341733584
42ac7881630fb5ec4fc3dac18b91dfe6	d__Bacteria; p__Actinobacteriota; c__Actinobacteria; o__Bifidobacteriales; f__Bifidobacteriaceae; g__Gardnerella	0.9999893615420052
b29db965178422762c785f3209aa51b7	d__Bacteria; p__Firmicutes; c__Bacilli; o__Lactobacillales; f__Streptococcaceae; g__Streptococcus	0.9999994897207496
0d46b27e7c900b0e22035b1cdb769c35	d__Bacteria; p__Firmicutes; c__Negativicutes; o__Veillonellales-Selenomonadales; f__Veillonellaceae; g__Veillonella	0.9998104623391385
95c1df9789e7dc1ba377643fda230db1	d__Bacteria; p__Firmicutes; c__Negativicutes; o__Veillonellales-Selenomonadales; f__Veillonellaceae; g__Veillonella	0.9999371715865671
8e1cd33f94b5683eb2d16eaa2c2a76da	d__Bacteria; p__Firmicutes; c__Bacilli; o__Lactobacillales; f__Streptococcaceae; g__Streptococcus	0.9999995761439161
4eaffbbf625772fba3110eae268d487c	d__Bacteria; p__Actinobacteriota; c__Actinobacteria; o__Actinomycetales; f__Actinomycetaceae; g__Actinomyces; s__Actinomyces_graevenitzii	0.9999109296794099
3bc510d83073b0bda2bb32c1e570af14	d__Bacteria; p__Actinobacteriota; c__Actinobacteria; o__Actinomycetales; f__Actinomycetaceae; g__Actinomyces; s__Actinomyces_graevenitzii	0.9999045451019363
d731f1bec892cf0066dbec5ac994bcf3	d__Bacteria; p__Actinobacteriota; c__Actinobacteria; o__Actinomycetales; f__Actinomycetaceae; g__Actinomyces; s__Actinomyces_graevenitzii	0.9999509997028534
46bbbe22920ee63076dcf2a7a9794bc2	d__Bacteria; p__Firmicutes; c__Clostridia; o__Lachnospirales; f__Defluviitaleaceae; g__Defluviitaleaceae_UCG-011; s__Lachnospiraceae_bacterium	0.8522517468510148
f890fdc6eb07c1b8b42771125e63212d	d__Bacteria; p__Bacteroidota; c__Bacteroidia; o__Bacteroidales; f__Prevotellaceae; g__Prevotella	0.9994403070099357
5274c60f4f0de799bf385c640819dba9	d__Bacteria; p__Bacteroidota; c__Bacteroidia; o__Bacteroidales; f__Prevotellaceae; g__Prevotella	0.9994574882734606
dc2833461cdc78d339b9574c1c9b49ad	d__Bacteria; p__Fusobacteriota; c__Fusobacteriia; o__Fusobacteriales; f__Fusobacteriaceae; g__Fusobacterium	0.9959851083449086
b357985e14c41f317853c3d471461a46	d__Bacteria	0.9999924161902802
216c9176b3b1cef55b16a3f844b9ecfe	d__Bacteria; p__Proteobacteria; c__Gammaproteobacteria; o__Pseudomonadales; f__Pseudomonadaceae; g__Pseudomonas	0.9947246190997867
cb0e31e2b7cfdc2bd185b660d187e284	d__Bacteria; p__Bacteroidota; c__Bacteroidia; o__Flavobacteriales; f__Weeksellaceae; g__Chryseobacterium	0.9681724790477818
2c5d4a1c298cf1179afcefb76b268b30	d__Bacteria; p__Proteobacteria; c__Gammaproteobacteria; o__Burkholderiales; f__Neisseriaceae; g__uncultured; s__uncultured_bacterium	0.9921769823678324
3a3d252a9c185f67cd09effbef1edc0c	d__Bacteria; p__Firmicutes; c__Clostridia; o__Oscillospirales; f__Ruminococcaceae; g__Ruminococcus; s__Ruminococcus_callidus	0.9205617650457363
e237dc0ba9bcff922efe3840c97fb4f6	d__Bacteria; p__Bacteroidota; c__Bacteroidia; o__Bacteroidales; f__Porphyromonadaceae; g__Porphyromonas; s__Porphyromonas_asaccharolytica	0.9751491345863027
de46e705ed8c9c571ca5fae5ddfb83a2	d__Bacteria; p__Actinobacteriota; c__Actinobacteria; o__Actinomycetales; f__Actinomycetaceae; g__Mobiluncus; s__Mobiluncus_curtisii	0.8128365679260747
59eacd68acca8e73f0027de657fe135f	d__Bacteria; p__Proteobacteria; c__Gammaproteobacteria; o__Burkholderiales; f__Neisseriaceae; g__Neisseria	0.9998486899687626
b7e5ddc3b07201ac042e0a25070d5d6d	d__Bacteria; p__Firmicutes; c__Negativicutes; o__Veillonellales-Selenomonadales; f__Veillonellaceae; g__Veillonella	0.9977648536230659
2f0165a4a2bb8d4127b7e2a219479e91	d__Bacteria; p__Proteobacteria; c__Gammaproteobacteria; o__Burkholderiales; f__Neisseriaceae; g__Neisseria	0.9998053693400665
eef80916442100fd6f941f5290657d57	d__Bacteria; p__Firmicutes; c__Negativicutes; o__Veillonellales-Selenomonadales; f__Veillonellaceae; g__Veillonella	0.997807345684532
a5b99de0ec55171499080758ae9344ee	d__Bacteria; p__Proteobacteria; c__Gammaproteobacteria; o__Burkholderiales; f__Neisseriaceae; g__Neisseria	0.9998361572247753
fcbe2ea938a1a1446b48b6ebccfd46a9	d__Bacteria; p__Firmicutes; c__Clostridia; o__Peptostreptococcales-Tissierellales; f__Peptostreptococcaceae; g__Filifactor; s__Filifactor_alocis	0.8419538986937892
7e125fdba7a5542b408ae0d07d6b575e	d__Bacteria; p__Firmicutes; c__Negativicutes; o__Veillonellales-Selenomonadales; f__Veillonellaceae; g__Veillonella	0.9999988079754485
620c33fe7e00978111a34ef853975c8a	d__Bacteria; p__Firmicutes; c__Bacilli; o__Lactobacillales; f__Streptococcaceae; g__Streptococcus	0.9999970790608603
cec35114275042511ca1882e7385fef0	d__Bacteria; p__Firmicutes; c__Negativicutes; o__Veillonellales-Selenomonadales; f__Veillonellaceae; g__Veillonella	0.999999011771136
41d10a763698a4795be647f8cef14a3f	d__Bacteria; p__Actinobacteriota; c__Actinobacteria; o__Actinomycetales; f__Actinomycetaceae; g__Actinotignum; s__uncultured_bacterium	0.9999671256305964
7604ac20b060c4117d8f7cf0f528125f	d__Bacteria; p__Bacteroidota; c__Bacteroidia; o__Bacteroidales; f__Prevotellaceae; g__Prevotella	0.9919282660102384
7e7830d7f3c492e63453305d68f2be02	d__Bacteria; p__Bacteroidota; c__Bacteroidia; o__Bacteroidales; f__Prevotellaceae; g__Prevotella	0.9876232233206186
d8a58682a70aa2007a1622a1fa1ddbb2	d__Bacteria; p__Firmicutes; c__Negativicutes; o__Veillonellales-Selenomonadales; f__Veillonellaceae; g__Veillonella	0.9999992331740434
96f3e91b01802169e4b5f7394342a06e	d__Bacteria; p__Firmicutes; c__Clostridia; o__Clostridia_UCG-014; f__Clostridia_UCG-014; g__Clostridia_UCG-014; s__uncultured_bacterium	0.7319575300323576
1d6d02f2dfedce825f692b0639a27052	d__Bacteria; p__Bacteroidota; c__Bacteroidia; o__Bacteroidales; f__Prevotellaceae; g__Prevotella	0.9967833557943112
25ac0c74d2469f741369600b6102a622	d__Bacteria; p__Bacteroidota; c__Bacteroidia; o__Bacteroidales; f__Prevotellaceae; g__Prevotella; s__Prevotella_pallens	0.999942451575902
9c7699d1badfc1dfd79ce8bc2a145493	d__Bacteria; p__Firmicutes; c__Negativicutes; o__Veillonellales-Selenomonadales; f__Veillonellaceae; g__Veillonella	0.9945459072148415
5ed5644cd2689f2d19242fb8471db996	d__Bacteria; p__Bacteroidota; c__Bacteroidia; o__Chitinophagales; f__Chitinophagaceae; g__Sediminibacterium; s__Sediminibacterium_sp.	0.9891564514483165
d688991cfd08236815b82468499df923	d__Bacteria; p__Bacteroidota; c__Bacteroidia; o__Bacteroidales; f__Prevotellaceae; g__Alloprevotella	0.9999787316154994
fcf7185568a9d60ed6866c797764cd22	d__Bacteria; p__Chloroflexi; c__Chloroflexia; o__Thermomicrobiales; f__AKYG1722; g__AKYG1722; s__uncultured_bacterium	0.9429491575674988
5e5bc77b59ab03ec1dd16864c6cfc28b	d__Bacteria; p__Bacteroidota; c__Bacteroidia; o__Cytophagales; f__Microscillaceae	0.9999911545662906
689cb8d467bec8a4f62b522a7071fc77	d__Bacteria; p__Firmicutes; c__Negativicutes; o__Veillonellales-Selenomonadales; f__Veillonellaceae; g__Veillonella	0.991558057212696
78765220c5cacf511a735ea3fd7ff05e	d__Bacteria; p__Bacteroidota; c__Bacteroidia; o__Bacteroidales; f__Prevotellaceae; g__Prevotella; s__Prevotella_jejuni	0.867023358763697
e0b10066c5083e9c2484161106da4273	d__Bacteria; p__Bacteroidota; c__Bacteroidia; o__Bacteroidales; f__Prevotellaceae; g__Prevotella	0.985836600805064
11c024cf97ea01d36c670ca497f760c2	d__Bacteria; p__Firmicutes; c__Clostridia; o__Peptostreptococcales-Tissierellales; f__Peptostreptococcaceae	0.9992360922764731
7fda454a4a7822a7986d65434fbfda5f	d__Bacteria; p__Firmicutes; c__Negativicutes; o__Veillonellales-Selenomonadales; f__Veillonellaceae; g__Veillonella	0.9979695688885168
f2c406690383941b7939a432648ad725	d__Bacteria; p__Proteobacteria; c__Gammaproteobacteria; o__Burkholderiales; f__Neisseriaceae; g__Neisseria	0.9952415315741568
f72a4b2fc23aa79f5a2254acaa8680bd	d__Bacteria; p__Firmicutes; c__Bacilli; o__Lactobacillales; f__P5D1-392; g__P5D1-392; s__Granulicatella_sp.	0.995122593260294
c12563f5175e745bc275a63ff3e0dced	d__Bacteria; p__Proteobacteria; c__Gammaproteobacteria; o__Xanthomonadales; f__Xanthomonadaceae; g__Stenotrophomonas	0.8684785730964104
ed35f515507acb1fa72480f516de1059	d__Bacteria; p__Firmicutes; c__Negativicutes; o__Veillonellales-Selenomonadales; f__Veillonellaceae; g__Veillonella	0.9948884733886687
1a79c53e294d1a040332eb44049702b5	d__Bacteria; p__Bacteroidota; c__Bacteroidia; o__Bacteroidales	0.9998831339445214
8480909c23d5da375be9f5e448c2aea6	d__Bacteria; p__Bacteroidota; c__Bacteroidia; o__Bacteroidales	0.9998552204062656
d0cb1300d4c48b8ffff01b26ec4daa27	d__Bacteria; p__Firmicutes; c__Bacilli; o__Lactobacillales; f__Streptococcaceae; g__Streptococcus	0.9773455700935668
cfa37576a60f22b959d86263587523d1	d__Bacteria; p__Bacteroidota; c__Bacteroidia; o__Bacteroidales	0.9998865971948927
fa40a751fbe980b9852f0dfeaf810d8e	d__Bacteria; p__Bacteroidota; c__Bacteroidia; o__Bacteroidales; f__Prevotellaceae; g__Prevotella; s__Prevotella_pallens	0.9254558325805854
ac37289cfc47cb17cf4225888e54a769	d__Bacteria; p__Proteobacteria; c__Gammaproteobacteria; o__Burkholderiales; f__Hydrogenophilaceae; g__Hydrogenophilus	0.9999993276689387
ea5e65cdfb893fe07cc56704e4061823	d__Bacteria; p__Bacteroidota; c__Bacteroidia; o__Bacteroidales; f__Porphyromonadaceae; g__Porphyromonas	0.999999978068494
559f957d56ac9d58abf8c628494d728c	d__Bacteria; p__Proteobacteria; c__Gammaproteobacteria; o__Burkholderiales; f__Neisseriaceae; g__Neisseria	0.9651824182392253
a6ed24c3ec0b992b480548d4970a9dd9	d__Bacteria; p__Proteobacteria; c__Gammaproteobacteria; o__Pasteurellales; f__Pasteurellaceae; g__Actinobacillus	0.9975457129756353
ff539acb29bafc7551e9c6871e845b3f	d__Bacteria; p__Firmicutes; c__Negativicutes; o__Veillonellales-Selenomonadales; f__Veillonellaceae; g__Veillonella	0.9991346119113692
a680ba8369a120a96ef448f04d180a03	d__Bacteria; p__Firmicutes; c__Negativicutes; o__Veillonellales-Selenomonadales; f__Veillonellaceae; g__Veillonella	0.9995684282441941
e4d216ef8aa6a3ac00df221182e3f821	d__Bacteria; p__Firmicutes; c__Negativicutes; o__Veillonellales-Selenomonadales; f__Veillonellaceae; g__Veillonella	0.9999558029378354
6927c6018bec8fab9e96b018fdedb2b4	d__Bacteria; p__Bacteroidota; c__Bacteroidia; o__Bacteroidales; f__Prevotellaceae; g__Prevotella	0.9999034380430601
00edabc4fa4e4625ec6285fb821977f8	d__Bacteria; p__Bacteroidota; c__Bacteroidia; o__Bacteroidales; f__Prevotellaceae; g__Prevotella	0.9999467732935055
fabe37a62b4f1e22fa0c6c113c84215d	d__Bacteria; p__Firmicutes; c__Negativicutes; o__Veillonellales-Selenomonadales; f__Veillonellaceae; g__Veillonella	0.9999663872103908
c82e369bb2d05e032292e45575ffd97d	d__Bacteria; p__Bacteroidota; c__Bacteroidia; o__Bacteroidales; f__Prevotellaceae; g__Prevotella	0.9999189533481048
6b4a66a5bd279a9d60fb1b93eca75a2a	d__Bacteria; p__Proteobacteria; c__Gammaproteobacteria; o__Pseudomonadales; f__Pseudomonadaceae; g__Pseudomonas	0.9860047068087574
eb2e22b19250c47f92ad94dca86c973c	d__Bacteria; p__Proteobacteria; c__Gammaproteobacteria; o__Pseudomonadales; f__Pseudomonadaceae; g__Pseudomonas	0.9875668417416057
02329a3d81ae53864342210898ae951b	d__Bacteria; p__Actinobacteriota; c__Actinobacteria; o__Bifidobacteriales; f__Bifidobacteriaceae; g__Gardnerella; s__Gardnerella_vaginalis	0.8090108540722085
129ec3206e4f0b53b79a0f3ce5da4c61	d__Bacteria; p__Bacteroidota; c__Bacteroidia; o__Bacteroidales; f__Prevotellaceae; g__Prevotella	0.9956416878473945
99fa311fadf2d9e32a992e5a7ba98711	d__Bacteria; p__Bacteroidota; c__Bacteroidia; o__Bacteroidales; f__Porphyromonadaceae; g__Porphyromonas	0.9841269647741584
0a6e27f27a9ab975a59cc83360a577fe	d__Bacteria; p__Fusobacteriota; c__Fusobacteriia; o__Fusobacteriales; f__Fusobacteriaceae; g__Fusobacterium; s__uncultured_bacterium	0.7720426545203585
0f773b8b423c7b7db38285545fe7a830	d__Bacteria; p__Bacteroidota; c__Bacteroidia; o__Bacteroidales; f__Prevotellaceae; g__Prevotella	0.9999876044528042
c5414691a709f28db75aa6b751b61603	d__Eukaryota	0.9986551119382808
adcde90ba47547605589be390db240f2	d__Bacteria; p__Fusobacteriota; c__Fusobacteriia; o__Fusobacteriales; f__Fusobacteriaceae; g__Fusobacterium; s__uncultured_bacterium	0.7431105620246587
742fb770b84ca95dd20ccac138d9a048	d__Bacteria; p__Firmicutes; c__Clostridia; o__Peptostreptococcales-Tissierellales; f__Peptostreptococcales-Tissierellales; g__Anaerococcus	0.9999999997895144
f3cf664c672ca9c68cd37a66128486b4	d__Bacteria; p__Firmicutes; c__Negativicutes; o__Veillonellales-Selenomonadales; f__Veillonellaceae; g__Veillonella	0.9982008321855597
50f3d85aeef5e6872294fbddff9c58fd	d__Bacteria; p__Firmicutes; c__Negativicutes; o__Veillonellales-Selenomonadales; f__Veillonellaceae; g__Veillonella	0.9998287595063553
476496551473efc4ae8a8c4c93127282	d__Bacteria; p__Firmicutes; c__Negativicutes; o__Veillonellales-Selenomonadales; f__Veillonellaceae; g__Veillonella	0.9998266582721094
cd5535f26787cf9baa168f216b9470e7	d__Bacteria; p__Firmicutes; c__Negativicutes; o__Veillonellales-Selenomonadales; f__Veillonellaceae; g__Veillonella	0.9997773656330323
ee4ebd59fad2b1265024a03c5fa1a958	d__Bacteria; p__Proteobacteria; c__Gammaproteobacteria; o__Burkholderiales; f__Burkholderiaceae; g__Lautropia; s__uncultured_bacterium	0.8511228439135355
6b87312ae6d0f99858f1634b4652aea9	d__Bacteria; p__Bacteroidota; c__Bacteroidia; o__Bacteroidales; f__Prevotellaceae; g__Prevotella; s__Prevotella_pallens	0.9984064589323334
5ac6caabd5642cb861f0da77a8bbdd41	d__Bacteria; p__Bacteroidota; c__Bacteroidia; o__Bacteroidales; f__Prevotellaceae; g__Prevotella; s__Prevotella_pallens	0.9983637534546985
18c452e2c47749bab01b7c5f343309c3	d__Bacteria; p__Proteobacteria; c__Gammaproteobacteria; o__Burkholderiales; f__Neisseriaceae; g__Neisseria	0.9609255955864175
d450d1bba2d3b216cad0353a8bf2520e	d__Eukaryota; p__Ascomycota; c__Dothideomycetes; o__Pleosporales; f__Didymellaceae; g__Ascochyta	0.9890153195618412
bb5eda31096c8756975c5802f654c179	d__Bacteria; p__Proteobacteria; c__Gammaproteobacteria; o__Aeromonadales; f__Aeromonadaceae; g__Aeromonas	0.9836124111537788
8dbedb3c9781977a16c7c51f0a776d00	d__Bacteria; p__Firmicutes; c__Bacilli; o__Lactobacillales; f__Enterococcaceae; g__Enterococcus	0.9360605031514311
e0fecf107d1a07c406f781a3f7d5326b	d__Bacteria; p__Bacteroidota; c__Bacteroidia; o__Bacteroidales; f__Prevotellaceae; g__Prevotella	0.9982086809384418
6ed8748d45074a1d9283ad188c245bf6	d__Bacteria; p__Proteobacteria; c__Gammaproteobacteria; o__Burkholderiales; f__Neisseriaceae; g__Neisseria	0.9940384987665866
86db24f408682e3c98952448495b406f	d__Bacteria; p__Proteobacteria; c__Gammaproteobacteria; o__Burkholderiales; f__Neisseriaceae; g__Neisseria	0.9910650258991
f9054817ce13c1c910324cb64bb6979a	d__Bacteria; p__Firmicutes; c__Bacilli; o__Lactobacillales; f__Streptococcaceae; g__Streptococcus	0.9647970408799272
7096c20ab54e55c661f0381dd49f8ec0	d__Eukaryota; p__Ascomycota	0.9967974952431553
8a6ca71b018b51114ce1367528ad1075	d__Bacteria; p__Proteobacteria; c__Gammaproteobacteria; o__Burkholderiales; f__Neisseriaceae; g__Neisseria	0.9918508979625862
192a139a9d2cd9719bace481c2c109b6	d__Bacteria; p__Firmicutes; c__Bacilli; o__Lactobacillales; f__Streptococcaceae; g__Streptococcus	0.9720333105391957
f4876c1ee8621e4da6c7e225855f729b	d__Bacteria; p__Bacteroidota; c__Bacteroidia; o__Bacteroidales; f__Prevotellaceae; g__Prevotella; s__Prevotella_jejuni	0.9224881081627028
513ccd718be58689e0f4ea2789931dc3	d__Bacteria; p__Bacteroidota; c__Bacteroidia; o__Bacteroidales; f__Prevotellaceae; g__Prevotella; s__Prevotella_jejuni	0.936022652151702
406f06fcf2669977bc1511b2b3a94158	d__Bacteria; p__Firmicutes; c__Bacilli; o__Lactobacillales; f__Streptococcaceae; g__Streptococcus	0.9706945495093917
29dbe80004306bc234aa63b4821d0ace	d__Bacteria; p__Fusobacteriota; c__Fusobacteriia; o__Fusobacteriales; f__Leptotrichiaceae; g__Leptotrichia; s__uncultured_bacterium	0.7878739731941928
a9f0c07ae8e8c2e468371672906c0385	d__Bacteria; p__Proteobacteria; c__Gammaproteobacteria; o__Pseudomonadales; f__Pseudomonadaceae; g__Pseudomonas	0.9975234909168941
76ff11aa32585d1571383fd33e1f3512	d__Bacteria; p__Proteobacteria; c__Gammaproteobacteria; o__Pseudomonadales; f__Pseudomonadaceae; g__Pseudomonas	0.9672879295268869
77648d12d91ff6e068ec14e0d1816014	d__Bacteria; p__Proteobacteria; c__Gammaproteobacteria; o__Pseudomonadales; f__Pseudomonadaceae; g__Pseudomonas	0.9851488544328665
41d64a27a2b068d76fcf36f6276e4442	d__Bacteria	0.9999999984312556
538552972d9b74a57a1501c6ea9e7cc3	d__Bacteria; p__Proteobacteria; c__Gammaproteobacteria; o__Pseudomonadales; f__Pseudomonadaceae; g__Pseudomonas	0.9648197536319738
f1d009a9406b0ed81b58348cfd6ce3c2	d__Bacteria	0.9999999949571121
3c67191bffa36e607bed9fa47bee72e9	d__Bacteria	0.9999999974928269
94bf3bc20fe6f5885f3cd96f7983e5b9	d__Bacteria; p__Proteobacteria; c__Gammaproteobacteria; o__Pseudomonadales; f__Pseudomonadaceae; g__Pseudomonas	0.9984233474916979
e4eaad5e6e85faaf9ac7a73776fc2fe7	d__Bacteria; p__Actinobacteriota; c__Actinobacteria; o__Streptomycetales; f__Streptomycetaceae; g__E1B-B3-114; s__Rhacophorus_dennysi	0.8449877425538613
bd827a9c8d51786b29e61a3050f4b45a	d__Bacteria	0.999999998368885
b3f2424fc14443511e0287f73b33f0d7	d__Bacteria	0.9999999958743244
b6de81bdc51c904e6d27453ad75a4c9f	d__Bacteria	0.9999999984343462
f0da3d0dfe7bb020a3e3e041b71c0013	d__Bacteria; p__Proteobacteria; c__Gammaproteobacteria; o__Burkholderiales; f__Neisseriaceae; g__Neisseria	0.9979337832792756
77b0f3f6353698320db731c1a78274fe	d__Bacteria; p__Proteobacteria; c__Gammaproteobacteria; o__Burkholderiales; f__Neisseriaceae; g__Neisseria	0.9977347414845633
944a69801210e5305af976780a02bc75	d__Bacteria	0.9999970854652833
9ccc1a5af091fdcaa7b25f2dce480db6	d__Bacteria; p__Bacteroidota; c__Bacteroidia; o__Bacteroidales; f__Prevotellaceae; g__Prevotella	0.9982887330869177
729f4eb4dca5b24ccfdd73c16fdaa3ce	d__Bacteria; p__Bacteroidota; c__Bacteroidia; o__Bacteroidales; f__Prevotellaceae; g__Prevotella; s__Prevotella_shahii	0.9981042883565494
5bac95badfee64b7714af914b8e8e782	d__Bacteria; p__Bacteroidota; c__Bacteroidia; o__Bacteroidales; f__Prevotellaceae; g__Prevotella; s__Prevotella_pallens	0.9103499507968241
eed54810f6759b242d4673e5cbcd2e63	d__Eukaryota; p__Ascomycota; c__Dothideomycetes; o__Capnodiales; f__Cladosporiaceae; g__Cladosporium; s__Cladosporium_iridis	0.9973922926355736
0b441447110204f3bd2d237f862055ed	d__Bacteria; p__Bacteroidota; c__Bacteroidia; o__Bacteroidales; f__Prevotellaceae; g__Prevotella; s__Prevotella_shahii	0.9979748108676172
dc3ebe73031504685670ca53a77f988c	d__Bacteria	0.9999964856704131
f398b96484eff9cadd132aaafbcef8db	d__Bacteria; p__Proteobacteria; c__Gammaproteobacteria; o__Burkholderiales; f__Neisseriaceae; g__Neisseria	0.951739352249665
cce8c1d0694850626b1739772f483362	d__Bacteria; p__Proteobacteria; c__Gammaproteobacteria; o__Burkholderiales; f__Neisseriaceae; g__Neisseria	0.9683956584403167
17d74b9b107eb2a297da81f4303c91a3	d__Bacteria; p__Proteobacteria; c__Gammaproteobacteria; o__Burkholderiales; f__Neisseriaceae; g__Neisseria	0.9540017329655185
bc253d06317caea595ac8d8b6546684c	d__Bacteria; p__Bacteroidota; c__Bacteroidia; o__Bacteroidales; f__Prevotellaceae; g__Prevotella	0.9981154279548975
bae05e9a7f1698bc05a3fa0825ca1218	d__Bacteria; p__Bacteroidota; c__Bacteroidia; o__Bacteroidales; f__Prevotellaceae; g__Prevotella; s__Prevotella_shahii	0.9984619814501936
c0e029a4375c41ecea7f1bf99d55dfc8	d__Bacteria; p__Proteobacteria; c__Gammaproteobacteria; o__Burkholderiales; f__Neisseriaceae; g__Neisseria	0.9418465389554547
66deb011f2b91b8bde4516f64c3ef4ad	d__Eukaryota; p__Ascomycota; c__Dothideomycetes	0.7537717941097354
cf289d7445237d7ee912cb52108bf34e	d__Bacteria; p__Firmicutes; c__Clostridia; o__Peptostreptococcales-Tissierellales; f__Peptostreptococcales-Tissierellales; g__Anaerococcus; s__Anaerococcus_vaginalis	0.8523765254830677
be0b12c3b817f2ff082476e78e05559b	d__Bacteria; p__Firmicutes; c__Bacilli; o__Lactobacillales; f__Streptococcaceae; g__Streptococcus	0.8493653571885923
d55ada1e01428137f2924f2a5b381396	d__Bacteria; p__Firmicutes; c__Clostridia; o__Lachnospirales; f__Lachnospiraceae; g__Roseburia; s__Lachnospiraceae_bacterium	0.7064469399098582
06a235d5241734e928d1330c3f3fdbd5	d__Bacteria; p__Firmicutes; c__Negativicutes; o__Veillonellales-Selenomonadales; f__Veillonellaceae; g__Veillonella	0.9968369247239697
44e646525eb73c5044ba66843aa68eb5	d__Bacteria; p__Bacteroidota; c__Bacteroidia; o__Bacteroidales; f__Prevotellaceae; g__Prevotella; s__Prevotella_veroralis	0.7567168767253083
781227686ca438baefecbdebd166b939	d__Bacteria; p__Bacteroidota; c__Bacteroidia; o__Bacteroidales; f__Prevotellaceae; g__Prevotella	0.9946838697518855
291299cd3156ece883d85ed88a1ee856	d__Bacteria; p__Firmicutes; c__Negativicutes; o__Veillonellales-Selenomonadales; f__Selenomonadaceae	0.7005408289989489
5bea4c0e00f5b134690e4720cefc8dbe	d__Bacteria; p__Bacteroidota; c__Bacteroidia; o__Bacteroidales; f__Prevotellaceae; g__Prevotella	0.9948898006516296
ada8457c64cdaa71ba9b7cbb293cd8d4	d__Bacteria; p__Bacteroidota; c__Bacteroidia; o__Bacteroidales; f__Prevotellaceae; g__Prevotella	0.993178851161113
0b38c0c49ef0f7cce0ca0898f29cd9a5	d__Bacteria; p__Bacteroidota; c__Bacteroidia; o__Bacteroidales; f__Prevotellaceae; g__Prevotella	0.9939226062733401
88cd5f54c7b92d2d88a5080958bfac4d	d__Bacteria; p__Firmicutes; c__Negativicutes; o__Veillonellales-Selenomonadales; f__Veillonellaceae; g__Veillonella	0.9999701187187682
e067d9e656cd5e523d8273cf9e8d425c	d__Bacteria; p__Firmicutes; c__Negativicutes; o__Veillonellales-Selenomonadales; f__Veillonellaceae; g__Veillonella	0.9999772485807001
d6ac1a2c19f3f771194ab7f896621f82	d__Bacteria; p__Bacteroidota; c__Bacteroidia; o__Bacteroidales; f__Prevotellaceae; g__Prevotella	0.9752332832243972
d499577c9d42453bc98422eec732b2e9	d__Bacteria; p__Firmicutes; c__Negativicutes; o__Veillonellales-Selenomonadales; f__Veillonellaceae; g__Veillonella	0.9999806085629855
ad722adcf8f6fa46d59bbaa77fb31735	d__Bacteria; p__Firmicutes; c__Negativicutes; o__Veillonellales-Selenomonadales; f__Selenomonadaceae	0.764904188809472
2cb278588df1f903aea3f8ec9c245a08	d__Bacteria; p__Firmicutes; c__Negativicutes; o__Veillonellales-Selenomonadales; f__Veillonellaceae; g__Veillonella	0.9979063655659982
143d14849d5b8c20f6c8d90f3b6c60c3	d__Bacteria; p__Firmicutes; c__Negativicutes; o__Veillonellales-Selenomonadales; f__Veillonellaceae; g__Veillonella	0.9957135574402716
4313fb86caf51af1cc490d1a3cbfa2c0	d__Bacteria; p__Acidobacteriota; c__Blastocatellia; o__Pyrinomonadales; f__Pyrinomonadaceae; g__RB41; s__uncultured_bacterium	0.8396813374228529
7fe2c246ac954aee59757acaca81e871	d__Bacteria; p__Actinobacteriota; c__Coriobacteriia; o__Coriobacteriales; f__Atopobiaceae; g__Atopobium	0.9964009314017748
0dfbc70a18d2bb14a351a194b2048075	d__Bacteria; p__Actinobacteriota; c__Actinobacteria; o__Actinomycetales; f__Actinomycetaceae; g__Actinomyces; s__Actinomyces_graevenitzii	0.9928970306690817
72c7f9c1fe38e6e9aa9a2ac1e2fa251f	d__Bacteria; p__Actinobacteriota; c__Actinobacteria; o__Actinomycetales; f__Actinomycetaceae; g__Actinomyces; s__Actinomyces_graevenitzii	0.9935960828452133
864178e95423a05a27d2ecdd91578290	d__Bacteria; p__Proteobacteria; c__Gammaproteobacteria; o__Pasteurellales; f__Pasteurellaceae; g__Actinobacillus	0.9979743504870513
5287fcc59a7efda3b3380dda69e9c024	d__Bacteria; p__Bacteroidota; c__Bacteroidia; o__Bacteroidales; f__Prevotellaceae; g__Prevotella	0.9905799354801804
48f3696495d210f682763fd004fcf162	d__Bacteria; p__Firmicutes; c__Negativicutes; o__Veillonellales-Selenomonadales; f__Veillonellaceae; g__Veillonella	0.9986293511901931
1eeed40ccfb54991be718518fa5bd28d	d__Bacteria; p__Firmicutes; c__Negativicutes; o__Veillonellales-Selenomonadales; f__Veillonellaceae; g__Veillonella	0.9937804314947656
8292914994a65745f5e775b5cde1c8be	d__Bacteria; p__Bacteroidota; c__Bacteroidia; o__Bacteroidales; f__Prevotellaceae; g__Prevotella; s__Prevotella_melaninogenica	0.7348285361436133
46d79c73f2d9c12c720f489954a8e357	d__Bacteria; p__Firmicutes; c__Negativicutes; o__Veillonellales-Selenomonadales; f__Veillonellaceae; g__Veillonella	0.9927503874738034
6aebaf31ad30d4f0edfbe051fb30a623	d__Bacteria; p__Proteobacteria; c__Gammaproteobacteria; o__Burkholderiales; f__Neisseriaceae; g__Neisseria	0.9790741887349929
3cffa96bcd9d8eadc6ac489d3e8f12a0	d__Bacteria; p__Firmicutes; c__Negativicutes; o__Veillonellales-Selenomonadales; f__Veillonellaceae; g__Veillonella	0.9827318989469723
832a27d947d2c7cfcbb539db0d23d128	d__Bacteria; p__Firmicutes; c__Negativicutes; o__Veillonellales-Selenomonadales; f__Veillonellaceae; g__Veillonella	0.9970905743083058
72d1201291347b23152b7c8c50018262	d__Bacteria; p__Firmicutes; c__Negativicutes; o__Veillonellales-Selenomonadales; f__Veillonellaceae; g__Veillonella	0.9951798470581066
cfaf9c3418b3bb72ec1f2cfcbc112af2	d__Bacteria; p__Bacteroidota; c__Bacteroidia; o__Bacteroidales; f__Prevotellaceae; g__Prevotella	0.9933927534736082
17ace8d03cd2c4e7c35be2ffaf295b94	d__Bacteria; p__Bacteroidota; c__Bacteroidia; o__Bacteroidales; f__Prevotellaceae; g__Prevotella	0.9963716346149152
7ba5ac3fb442adc67d7338d43c132017	d__Bacteria; p__Firmicutes; c__Negativicutes; o__Veillonellales-Selenomonadales; f__Veillonellaceae; g__Veillonella	0.9909516752686952
d1bb3170f95826b0784f4416ecdc3cff	d__Bacteria; p__Firmicutes; c__Negativicutes; o__Veillonellales-Selenomonadales; f__Veillonellaceae; g__Veillonella	0.9977725379182675
c92d4bbd57b30a217645456e336b897e	d__Bacteria; p__Fusobacteriota; c__Fusobacteriia; o__Fusobacteriales; f__Fusobacteriaceae; g__Fusobacterium; s__unidentified	0.9981695734675546
a1e607373d474e7bd83cbcd442e64167	d__Eukaryota; p__Ascomycota	0.990722584699232
0fffbb728b2d058f106c8de038bc349b	d__Eukaryota; p__Ascomycota; c__Sordariomycetes; o__Hypocreales; f__Stachybotryaceae; g__Myrothecium	0.7425003231165422
f8806b60336fe406118a548143de5cb2	d__Bacteria; p__Verrucomicrobiota; c__Verrucomicrobiae; o__Verrucomicrobiales; f__Verrucomicrobiaceae; g__Prosthecobacter	0.9994250282233851
4ddec0014a622e3bca2229ec8b671f4c	d__Bacteria; p__Bacteroidota; c__Bacteroidia; o__Bacteroidales; f__Prevotellaceae; g__Prevotella	0.9618286491243081
79363f379ac31323ca8bd170646d8b5f	d__Bacteria; p__Firmicutes; c__Clostridia; o__Peptostreptococcales-Tissierellales; f__Anaerovoracaceae; g__Amnipila; s__uncultured_organism	0.7638475388139258
c112262b87e451bbdc10cd9ca3070c6f	d__Bacteria; p__Actinobacteriota; c__Actinobacteria; o__Micrococcales; f__Micrococcaceae; g__Rothia	0.9925519018498916
e4c6fcd8cd80965ad6096507f96081f4	d__Bacteria; p__Bacteroidota; c__Bacteroidia; o__Bacteroidales; f__Prevotellaceae; g__Prevotella	0.9834398689517256
eb52c82b0b5bce9e87475bea36e0a066	d__Bacteria; p__Firmicutes; c__Negativicutes; o__Veillonellales-Selenomonadales; f__Veillonellaceae; g__Veillonella	0.997515033672338
79b1fb226b949c4471c91c84e706aef6	d__Bacteria; p__Firmicutes; c__Negativicutes; o__Veillonellales-Selenomonadales; f__Veillonellaceae; g__Veillonella	0.9982055953598933
42884f3b84ea0d17f1022c73f8fa6e91	d__Bacteria; p__Bacteroidota; c__Bacteroidia; o__Bacteroidales; f__Porphyromonadaceae; g__Porphyromonas	0.9968705516558033
3b013f2eade9363ef6a58aa1cc3ef377	d__Bacteria; p__Bacteroidota; c__Bacteroidia; o__Bacteroidales; f__Porphyromonadaceae; g__Porphyromonas	0.9972432064439124
18f400347262dd364002fa1c50ced882	d__Bacteria; p__Proteobacteria; c__Gammaproteobacteria; o__Pasteurellales; f__Pasteurellaceae	0.9999008462494572
9c7dcc8222c8c91466d217c20bb4fde8	d__Bacteria; p__Fusobacteriota; c__Fusobacteriia; o__Fusobacteriales; f__Fusobacteriaceae; g__Fusobacterium	0.9999487624940679
b56d37b2446ebcb0023d0e76fb1273ec	d__Bacteria; p__Proteobacteria; c__Gammaproteobacteria; o__Pasteurellales; f__Pasteurellaceae	0.9999090960269066
d34da868830183a3a25ddeee56f21ec7	d__Bacteria; p__Proteobacteria; c__Gammaproteobacteria; o__Pasteurellales; f__Pasteurellaceae	0.9997937169430482
c623dbd2bcc159afe52d23b6e66e0f62	d__Eukaryota; p__Phragmoplastophyta; c__Embryophyta; o__Magnoliophyta; f__Magnoliophyta; g__Magnoliophyta	0.9999541499912307
33303d135634ea1b2c027a3c92147222	d__Bacteria; p__Bacteroidota; c__Bacteroidia; o__Bacteroidales; f__Prevotellaceae; g__Prevotella	0.7618653441849319
0a7b1b3697f2df0b0b4417b9cdc3a0b9	d__Bacteria; p__Bacteroidota; c__Bacteroidia; o__Bacteroidales; f__Prevotellaceae; g__Prevotella	0.9926716208793795
38df023f57fbe46dd8ad79ef320907e4	d__Bacteria; p__Proteobacteria; c__Gammaproteobacteria; o__Burkholderiales; f__Neisseriaceae; g__Neisseria	0.9882405970556952
1c23020948304e56135873fa69e676b4	d__Bacteria; p__Proteobacteria; c__Gammaproteobacteria; o__Pasteurellales; f__Pasteurellaceae	0.9999073782408371
27a78c409b9e269d2ee4de9d51cc5408	d__Bacteria; p__Proteobacteria; c__Gammaproteobacteria; o__Pasteurellales; f__Pasteurellaceae	0.9998932438477066
04e319bc9ebce6978674c83a4605026a	d__Bacteria; p__Proteobacteria; c__Gammaproteobacteria; o__Pseudomonadales; f__Pseudomonadaceae; g__Pseudomonas	0.9099132239421109
16377d3c14e113fcfb952122a2ac5646	d__Bacteria; p__Proteobacteria; c__Gammaproteobacteria; o__Pseudomonadales; f__Pseudomonadaceae; g__Pseudomonas	0.9709287235195514
c8f3266dafb626aad377ecc9d657d4bd	d__Bacteria; p__Proteobacteria; c__Gammaproteobacteria; o__Pseudomonadales; f__Pseudomonadaceae; g__Pseudomonas	0.9971825092222284
34d87473bf36e1dbcf3ebc4973c22bbc	d__Bacteria; p__Proteobacteria; c__Gammaproteobacteria; o__Pseudomonadales; f__Pseudomonadaceae; g__Pseudomonas	0.9223860538354114
84e6f2a494593ca8f24104aef1cb049d	d__Bacteria; p__Proteobacteria; c__Gammaproteobacteria; o__Pseudomonadales; f__Pseudomonadaceae; g__Pseudomonas	0.8854326041166526
a727325ce34e8abc02792123a4e16399	d__Bacteria; p__Proteobacteria; c__Gammaproteobacteria; o__Pseudomonadales; f__Pseudomonadaceae; g__Pseudomonas	0.9811362583583179
b7b255c1be02c90d2491ee8f6ead696e	d__Eukaryota; p__Ascomycota	0.9990771172334367
30ddee827422d599bf8ba4f989074d10	d__Bacteria; p__Proteobacteria; c__Gammaproteobacteria; o__Burkholderiales; f__Neisseriaceae; g__Neisseria	0.9923509061492551
2c7b52ee8c0cdb9b996a6917e9907644	d__Bacteria; p__Proteobacteria; c__Gammaproteobacteria; o__Burkholderiales; f__Neisseriaceae; g__Neisseria	0.9891348354519073
b10fe4024d92aaf770ed8b1233684f18	d__Bacteria; p__Firmicutes; c__Bacilli; o__Lactobacillales	0.8350228018089887
26f85069b196f4b78df9caa2744d0ace	d__Eukaryota; p__Basidiomycota; c__Tremellomycetes; o__Cystofilobasidiales; f__Mrakiaceae; g__Mrakiaceae; s__Tausonia_sp.	0.8636398825476269
bb2b9687affa127598b8f8e443160ad9	d__Bacteria; p__Proteobacteria; c__Gammaproteobacteria; o__Burkholderiales; f__Neisseriaceae; g__Neisseria	0.9901575148542964
f13133a7919fc1848cc7c04ae3e302a6	d__Bacteria; p__Proteobacteria; c__Gammaproteobacteria; o__Pasteurellales; f__Pasteurellaceae; g__Haemophilus; s__Haemophilus_sputorum	0.9302030881275715
ccc268c4f7fc75d30719c96bc30fb514	d__Bacteria; p__Proteobacteria; c__Gammaproteobacteria; o__Burkholderiales; f__Neisseriaceae; g__Neisseria	0.9932606760508558
1e007bf93e2536d6b6c3561edd7245cd	d__Eukaryota; p__Ascomycota; c__Dothideomycetes	0.7363965494356087
fadbb19ac5bee19a05c23babc73dde57	d__Eukaryota; p__Ascomycota	0.997665856324571
339ee922f64018b9ec0b1a672844dcd7	d__Bacteria; p__Bacteroidota; c__Bacteroidia; o__Bacteroidales; f__Prevotellaceae; g__Prevotella	0.9824591810771222
ab82d1d883d01e022c96fe002a017d21	d__Bacteria; p__Proteobacteria; c__Gammaproteobacteria; o__Burkholderiales; f__Neisseriaceae; g__Neisseria	0.9867521319799901
c9b5369ff9b17f14d15dbebbcbb528cd	d__Bacteria; p__Proteobacteria; c__Gammaproteobacteria; o__Burkholderiales; f__Neisseriaceae; g__Neisseria	0.985445860539067
32f9365febbff07e3e9ab6f4dcd9a40e	d__Bacteria; p__Fusobacteriota; c__Fusobacteriia; o__Fusobacteriales; f__Fusobacteriaceae; g__Fusobacterium	0.9999304888635028
b63491f5dffe392641681997c9c94968	d__Bacteria; p__Fusobacteriota; c__Fusobacteriia; o__Fusobacteriales; f__Fusobacteriaceae; g__Fusobacterium	0.9998487421188926
d2a6d7207df7b6f1f0335e771d13b563	d__Bacteria; p__Fusobacteriota; c__Fusobacteriia; o__Fusobacteriales; f__Fusobacteriaceae; g__Fusobacterium	0.9955612079502503
50e2b7e64c1f0e007b6fcefd7071f1d8	d__Bacteria; p__Bacteroidota; c__Bacteroidia; o__Bacteroidales; f__Prevotellaceae; g__Alloprevotella; s__uncultured_bacterium	0.9216431194883554
09c92b2459e97bc6d675f74d3a73792d	d__Bacteria; p__Fusobacteriota; c__Fusobacteriia; o__Fusobacteriales; f__Fusobacteriaceae; g__Fusobacterium	0.9997517513867361
fcd567721597bfcab53bc8d26558fd63	d__Bacteria; p__Fusobacteriota; c__Fusobacteriia; o__Fusobacteriales; f__Fusobacteriaceae; g__Fusobacterium; s__uncultured_bacterium	0.7489274755061399
cc4497c73330330a4ea5937b634f2c30	d__Bacteria; p__Fusobacteriota; c__Fusobacteriia; o__Fusobacteriales; f__Fusobacteriaceae; g__Fusobacterium	0.9998913173693031
825589fd56fb611b2ba46bbd370e9e15	d__Bacteria; p__Fusobacteriota; c__Fusobacteriia; o__Fusobacteriales; f__Fusobacteriaceae; g__Fusobacterium	0.9961169684550012
0e5f1903f2a66b82a22e301ce9b5ec5e	d__Bacteria; p__Bacteroidota; c__Bacteroidia; o__Bacteroidales; f__Prevotellaceae; g__Alloprevotella; s__uncultured_bacterium	0.9291654006253007
a578d1130a142c1da9b243954322c62b	d__Bacteria; p__Bacteroidota; c__Bacteroidia; o__Bacteroidales; f__Prevotellaceae; g__Alloprevotella; s__uncultured_bacterium	0.9255816432278187
688baef279453767da2129c869bf0ca5	d__Bacteria; p__Bacteroidota; c__Bacteroidia; o__Bacteroidales; f__Prevotellaceae; g__Prevotella	0.9482752512204432
3985de8d9bf279b440add3b1a6490095	d__Bacteria; p__Bacteroidota; c__Bacteroidia; o__Bacteroidales; f__Prevotellaceae; g__Alloprevotella; s__uncultured_bacterium	0.9175304008528183
01e29038acd04b6639952ec1bd995197	d__Bacteria; p__Bacteroidota; c__Bacteroidia; o__Bacteroidales; f__Prevotellaceae; g__Alloprevotella; s__uncultured_bacterium	0.920149050513113
892776a35ce3039ec6755b1265381bc5	d__Bacteria; p__Fusobacteriota; c__Fusobacteriia; o__Fusobacteriales; f__Fusobacteriaceae; g__Fusobacterium; s__uncultured_bacterium	0.7184838979369766
e550eb16c8a399ce1154eba11ce08456	d__Bacteria; p__Fusobacteriota; c__Fusobacteriia; o__Fusobacteriales; f__Fusobacteriaceae; g__Fusobacterium	0.9993565016064768
1911aac18c11265615d3e75dbb01c0e0	d__Bacteria; p__Proteobacteria; c__Gammaproteobacteria; o__Pasteurellales; f__Pasteurellaceae	0.9998620107609424
452870102071f46ad7fb130c89899a56	d__Bacteria; p__Bacteroidota; c__Bacteroidia; o__Bacteroidales; f__Prevotellaceae; g__Alloprevotella	0.9999978108684247
d2f12191911dc3df811d573845b7bc28	d__Bacteria; p__Proteobacteria; c__Gammaproteobacteria; o__Pasteurellales; f__Pasteurellaceae	0.9998601186894293
8b9c3a7bd32ed837b30ef61e507f3d47	d__Bacteria; p__Proteobacteria; c__Gammaproteobacteria; o__Pasteurellales; f__Pasteurellaceae	0.9998354281155646
f92fe87e7ae95327cd6c1e6dfa43299e	d__Bacteria; p__Firmicutes; c__Negativicutes; o__Veillonellales-Selenomonadales; f__Veillonellaceae; g__Veillonella	0.9979604109980447
34f5d88aae1e6fb5d72be691a4fa0b21	d__Bacteria; p__Firmicutes; c__Negativicutes; o__Veillonellales-Selenomonadales; f__Veillonellaceae; g__Veillonella	0.9977322030002383
f912839db6b941bf51c17fe21b02bb6c	d__Bacteria; p__Firmicutes; c__Negativicutes; o__Veillonellales-Selenomonadales; f__Veillonellaceae; g__Veillonella	0.9978896340015092
c102e1c774b111b7792be27540d59700	d__Bacteria; p__Bacteroidota; c__Bacteroidia; o__Bacteroidales; f__Prevotellaceae; g__Prevotella	0.999752077873523
1495a5f6be4201410a46ca699277e29e	d__Bacteria; p__Proteobacteria; c__Gammaproteobacteria; o__Pseudomonadales; f__Pseudomonadaceae; g__Pseudomonas	0.9892056658591349
71152654ce412962530b2d3fa9be5ac8	d__Bacteria; p__Proteobacteria; c__Gammaproteobacteria; o__Pseudomonadales; f__Pseudomonadaceae; g__Pseudomonas	0.9893821835733401
cc42ae4a1b6e483711fa641ea11b6823	d__Bacteria; p__Proteobacteria; c__Gammaproteobacteria; o__Pseudomonadales; f__Pseudomonadaceae; g__Pseudomonas	0.9893896081386069
404d403579e4e09ae6e81bde0c9b024e	d__Bacteria; p__Proteobacteria; c__Gammaproteobacteria; o__Pseudomonadales; f__Pseudomonadaceae; g__Pseudomonas	0.9859062000116319
0ceed438e7ea03d214783fb8351e21da	d__Eukaryota	0.9514582952154877
761f383b75dadde78156bf1eba12e96c	d__Bacteria; p__Proteobacteria; c__Gammaproteobacteria; o__Xanthomonadales; f__Rhodanobacteraceae	0.9996494570776039
f1cf89d7e8123df4a44c40692b1af49d	d__Bacteria; p__Bacteroidota; c__Bacteroidia; o__Bacteroidales; f__Prevotellaceae; g__Prevotella	0.971351551637973
d60bc57be2083e2c3c1372c92f0033b8	d__Bacteria; p__Firmicutes	0.9863014824978987
0fe52dc4f57ecb4e35120b10f0dc8208	d__Bacteria; p__Bacteroidota; c__Bacteroidia; o__Bacteroidales; f__Porphyromonadaceae; g__Porphyromonas	0.9966627904310397
f8641323e03eeafbaae659a10a20296b	d__Bacteria; p__Firmicutes; c__Negativicutes; o__Veillonellales-Selenomonadales; f__Veillonellaceae; g__Veillonella	0.993379370413035
ff35dca7d1f96e8d2c7cf246c938bb66	d__Bacteria; p__Firmicutes; c__Negativicutes; o__Veillonellales-Selenomonadales; f__Veillonellaceae; g__Veillonella	0.9853511396282867
324cf4bc8a01823baecb486fd42b5b7b	d__Bacteria; p__Bacteroidota; c__Bacteroidia; o__Bacteroidales; f__Prevotellaceae; g__Prevotella	0.9960722356478737
bc52a4a70bdda1985d9771c642d05ff9	d__Eukaryota; p__Basidiomycota	0.8010343981242349
caffbe75ec16cde253ac2b5acfe58b53	d__Bacteria; p__Bacteroidota; c__Bacteroidia; o__Bacteroidales; f__Porphyromonadaceae; g__Porphyromonas	0.9963015788876473
d244662c24731f7f151b3aae928db27a	d__Bacteria; p__Proteobacteria; c__Gammaproteobacteria; o__Burkholderiales; f__Neisseriaceae; g__Neisseria	0.9911430073778067
fb2f43573b0eecde470da3b71df195ee	d__Bacteria; p__Firmicutes; c__Negativicutes; o__Veillonellales-Selenomonadales; f__Veillonellaceae; g__Veillonella	0.9857253108226715
fc8df14e101ec6bfb3344e9d6a8cd432	d__Bacteria; p__Bacteroidota; c__Bacteroidia; o__Bacteroidales; f__Prevotellaceae; g__Prevotella	0.9436848619216384
6749eb4fe7cca8bf96a2f208bc00a060	d__Bacteria; p__Bacteroidota; c__Bacteroidia; o__Bacteroidales; f__Prevotellaceae; g__Prevotella	0.9559755505958529
0677c593e0522ebe63fc8dde1929f01b	d__Bacteria; p__Firmicutes; c__Negativicutes; o__Veillonellales-Selenomonadales; f__Veillonellaceae; g__Veillonella	0.980173934259422
9cc357141e92192d0fe7a8e85166282d	d__Bacteria; p__Firmicutes; c__Bacilli; o__Lactobacillales; f__Enterococcaceae; g__Enterococcus	0.9879812150941143
ab3a1fdaedaa2da155b87fe8f99e603f	d__Bacteria; p__Firmicutes; c__Bacilli; o__Lactobacillales; f__Enterococcaceae; g__Enterococcus	0.951761966229904
9e1a7214a111adb6c265bc0e10fdc38a	d__Bacteria; p__Fusobacteriota; c__Fusobacteriia; o__Fusobacteriales; f__Leptotrichiaceae; g__Leptotrichia; s__uncultured_bacterium	0.9616907832429706
03fd0e2003ebeedb226088475fa8c473	d__Bacteria; p__Bacteroidota; c__Bacteroidia; o__Bacteroidales; f__Prevotellaceae	0.7049721140034451
6de65fa0eaef3ba27249d33779b8d318	d__Bacteria; p__Actinobacteriota; c__Coriobacteriia; o__Coriobacteriales; f__Atopobiaceae; g__Atopobium	0.9906484649780993
f727f85dfc51644d5c421dc1adf8d2d3	d__Bacteria; p__Firmicutes; c__Negativicutes; o__Veillonellales-Selenomonadales; f__Veillonellaceae; g__Veillonella	0.9951128048937941
1086cddbe715742b31db7b25e75c9a35	d__Bacteria; p__Firmicutes; c__Negativicutes; o__Veillonellales-Selenomonadales; f__Veillonellaceae; g__Veillonella	0.9971761410860747
3873d1c15f94b5bcf3bdb84debf13eaa	d__Bacteria; p__Firmicutes; c__Bacilli; o__Lactobacillales; f__Enterococcaceae; g__Enterococcus	0.9618194792696523
2c038724f309077e5fe8f41531414068	d__Bacteria; p__Firmicutes; c__Bacilli; o__Lactobacillales; f__Enterococcaceae; g__Enterococcus	0.9323352919831254
2a82a5d0b42687791716aa3f498d2692	d__Bacteria; p__Firmicutes; c__Bacilli; o__Lactobacillales; f__Enterococcaceae; g__Enterococcus	0.9351096618294005
10a90e3dfb07a6c25fc07ad95916dd38	d__Bacteria; p__Firmicutes; c__Bacilli; o__Lactobacillales; f__Enterococcaceae; g__Enterococcus	0.9446539629585152
2ab5670d1b8e22e60a02252fe75c6bb1	d__Bacteria; p__Firmicutes; c__Bacilli; o__Lactobacillales; f__Enterococcaceae; g__Enterococcus	0.9361774103081377
ab0c75df956609d2abeb8cb857608032	d__Bacteria; p__Firmicutes; c__Bacilli; o__Lactobacillales	0.9870533173703304
8e82da31c30a02e4c6c6d9b3f37dd9f8	d__Bacteria; p__Firmicutes; c__Bacilli; o__Lactobacillales; f__Streptococcaceae; g__Streptococcus	0.9007809793659471
020d272932403003ac590942d93caba2	d__Bacteria; p__Firmicutes; c__Bacilli; o__Lactobacillales; f__Streptococcaceae; g__Streptococcus	0.8989219558276098
1f8ecf6e83313b649dd1b5a3f34fa228	d__Bacteria; p__Firmicutes; c__Bacilli; o__Lactobacillales	0.9796901557320984
e714e0796278ceee090a8599a6da65ed	d__Bacteria; p__Proteobacteria; c__Gammaproteobacteria; o__Pseudomonadales; f__Pseudomonadaceae; g__Pseudomonas	0.958749364791917
0c1cdcc69c9417e4b02e54f62a7357b2	d__Bacteria; p__Proteobacteria; c__Gammaproteobacteria; o__Pseudomonadales; f__Pseudomonadaceae; g__Pseudomonas	0.9520019909057028
b8cf79ffb9c3ed9afe73ac3895d4e133	d__Bacteria; p__Proteobacteria; c__Gammaproteobacteria; o__Pseudomonadales; f__Pseudomonadaceae; g__Pseudomonas	0.9583370784510881
153fedb65eb55781407878cc5a970be3	d__Bacteria; p__Proteobacteria; c__Gammaproteobacteria; o__Pseudomonadales; f__Pseudomonadaceae; g__Pseudomonas	0.9457956564962036
d30cbd26520cd61687c334f81cb18f82	d__Bacteria; p__Proteobacteria; c__Gammaproteobacteria; o__Pseudomonadales; f__Pseudomonadaceae; g__Pseudomonas	0.9453513678881056
2db19ba9a7cb5bc709994b3ea55d08f0	d__Bacteria; p__Proteobacteria; c__Gammaproteobacteria; o__Pseudomonadales; f__Pseudomonadaceae; g__Pseudomonas	0.9767867852454031
8ffe9347767796297f5b656f800e7d52	d__Bacteria; p__Proteobacteria; c__Gammaproteobacteria; o__Pseudomonadales; f__Pseudomonadaceae; g__Pseudomonas	0.9543998028582656
fceb26f91b60cd895bc7056b4e5124d0	d__Bacteria; p__Firmicutes; c__Bacilli; o__Lactobacillales; f__Streptococcaceae; g__Streptococcus	0.8193927712551888
e32dbff9ea1c010957211a266d7c8d55	d__Bacteria; p__Firmicutes; c__Bacilli; o__Lactobacillales; f__Streptococcaceae; g__Streptococcus	0.8289865592919041
e7743604afee5815693db4a54ae3db8c	d__Bacteria; p__Firmicutes; c__Negativicutes; o__Veillonellales-Selenomonadales; f__Veillonellaceae; g__Veillonella	0.9964482263929749
3df58bfcae8545e6d1e4071c597cadc2	d__Bacteria; p__Firmicutes; c__Negativicutes; o__Veillonellales-Selenomonadales; f__Veillonellaceae; g__Veillonella	0.996348188394983
c454c2a2dc42fd53817a97ccb72b724b	d__Bacteria; p__Bacteroidota; c__Bacteroidia; o__Bacteroidales; f__Porphyromonadaceae; g__Porphyromonas; s__uncultured_bacterium	0.7400888600968184
12f8620f17335162bb98aba440fa3602	d__Bacteria; p__Proteobacteria; c__Gammaproteobacteria; o__Burkholderiales; f__Neisseriaceae; g__Neisseria	0.9886555423683551
4b106b3f2089ad20d984082b87eafe16	d__Bacteria; p__Proteobacteria; c__Gammaproteobacteria; o__Burkholderiales; f__Neisseriaceae; g__Neisseria	0.9925046045993461
4009382c5a6af22630e9ebe87e5e4b75	d__Bacteria; p__Bacteroidota; c__Bacteroidia; o__Bacteroidales; f__Prevotellaceae; g__Prevotella	0.8643208914861714
ce239f0675ecf6022b6c41e78e15aa87	d__Bacteria; p__Bacteroidota; c__Bacteroidia; o__Bacteroidales; f__Prevotellaceae; g__Prevotella	0.8940245030768761
8d48c96e6ee040a237a5346737380091	d__Bacteria; p__Bacteroidota; c__Bacteroidia; o__Bacteroidales; f__Prevotellaceae; g__Prevotella	0.8521090772937264
ed44db50ca47ccef134ad85c78d0851e	d__Bacteria; p__Proteobacteria; c__Gammaproteobacteria; o__Burkholderiales; f__Neisseriaceae; g__Neisseria	0.9865025034679883
badca7e70772da26b7495555b280fba0	d__Bacteria; p__Bacteroidota; c__Bacteroidia; o__Bacteroidales; f__Prevotellaceae; g__Prevotella	0.909751495843435
5b440495166e8437bd0a264e521c3062	d__Bacteria; p__Bacteroidota; c__Bacteroidia; o__Bacteroidales; f__Prevotellaceae; g__Prevotella	0.902071483674331
04a31c9541e5f30b566c7572e69ca282	d__Bacteria	0.9999957537431036
11c84596aa584adcf6c47ece733d9b7f	d__Bacteria; p__Firmicutes; c__Bacilli; o__Lactobacillales; f__Streptococcaceae; g__Streptococcus	0.9632865145166509
46b31bf5aa98ac40d3bd501107a6048c	d__Bacteria; p__Firmicutes; c__Bacilli; o__Lactobacillales; f__Streptococcaceae; g__Streptococcus	0.9936496804633304
8634f52dd40875ac239ce1c753e7ca7e	d__Bacteria; p__Firmicutes; c__Bacilli; o__Lactobacillales; f__Streptococcaceae; g__Streptococcus	0.9656874065908947
964c6ee5ce92c580ecbe432820072150	d__Bacteria; p__Firmicutes; c__Bacilli; o__Lactobacillales; f__Streptococcaceae; g__Streptococcus	0.9938209390494854
a1ab26fa4cee24a63cdc372f7ae5afe9	d__Bacteria; p__Actinobacteriota; c__Actinobacteria; o__Corynebacteriales; f__Corynebacteriaceae; g__Corynebacterium	0.7667997698050678
56cbee442f936812573f0bdffcefa679	d__Bacteria; p__Proteobacteria; c__Gammaproteobacteria; o__Burkholderiales; f__Neisseriaceae; g__Neisseria	0.8043721667742868
db8f32669660ce17cd1a243b753d3a90	d__Bacteria; p__Proteobacteria; c__Gammaproteobacteria; o__Burkholderiales; f__Neisseriaceae; g__Neisseria	0.9925997556944808
f428fd36237499c532d32487523d8b01	d__Bacteria; p__Firmicutes	0.999561982521845
d3d13a1c5aa520e65cdd1d16ebd3878d	d__Bacteria; p__Proteobacteria; c__Gammaproteobacteria; o__Pasteurellales; f__Pasteurellaceae	0.9994986838799167
7705c0507609dfa30db8814989e40272	d__Bacteria; p__Proteobacteria; c__Gammaproteobacteria; o__Pasteurellales; f__Pasteurellaceae	0.9995284417649255
6fff8950a79a090b0895c69a72204bcf	d__Bacteria; p__Proteobacteria; c__Gammaproteobacteria; o__Pasteurellales; f__Pasteurellaceae	0.9995769012615554
3fd5e024c9d9ec0740c416eb43e1371f	d__Bacteria; p__Proteobacteria; c__Gammaproteobacteria; o__Pasteurellales; f__Pasteurellaceae	0.9994389526259166
1df5f339f79d922bf819f6f9c52f93c7	d__Bacteria; p__Firmicutes; c__Negativicutes; o__Veillonellales-Selenomonadales; f__Veillonellaceae; g__Veillonella	0.7884346831386755
b398418e798bab070ff3b7029ae9e9f4	d__Bacteria; p__Proteobacteria; c__Gammaproteobacteria; o__Pasteurellales; f__Pasteurellaceae	0.9994547761869214
66aad6f83ba0cf51275c7afe719d1053	d__Bacteria; p__Firmicutes; c__Negativicutes; o__Veillonellales-Selenomonadales; f__Veillonellaceae; g__Veillonella	0.7883371532057429
4637b87ce783370db1ec2a45ff8e8c78	d__Bacteria; p__Firmicutes; c__Negativicutes; o__Veillonellales-Selenomonadales; f__Veillonellaceae; g__Veillonella	0.9511878009053807
9dac1f2ac8e6112897ca1b5bed409ee6	d__Bacteria; p__Firmicutes; c__Bacilli; o__Lactobacillales; f__P5D1-392; g__P5D1-392; s__Granulicatella_sp.	0.938709442134599
0639834fc127d38ff45421970cf84a29	d__Bacteria; p__Firmicutes; c__Bacilli; o__Lactobacillales; f__P5D1-392; g__P5D1-392; s__Granulicatella_sp.	0.9222971471659603
347f64cee85af29da7ec74ab6ba86ffd	d__Bacteria; p__Firmicutes; c__Negativicutes; o__Veillonellales-Selenomonadales; f__Veillonellaceae; g__Veillonella	0.9588321005561509
e72b5021a8a155c5248c24f740aa2bfc	d__Bacteria; p__Bacteroidota; c__Bacteroidia; o__Bacteroidales; f__Prevotellaceae; g__Prevotella	0.986907250636718
24fce5cdbee37527aeacf1da2d89a630	d__Bacteria; p__Firmicutes; c__Bacilli; o__Lactobacillales	0.9999985453650491
48d5731aad1941ad4d41aa3b6bebcc67	d__Bacteria; p__Firmicutes; c__Bacilli; o__Lactobacillales; f__P5D1-392; g__P5D1-392; s__Granulicatella_sp.	0.9298688081936283
2c09df5166d8742b92392d38d54c5d9a	d__Bacteria; p__Firmicutes; c__Negativicutes; o__Veillonellales-Selenomonadales; f__Veillonellaceae; g__Veillonella	0.9689174053670507
58e4a228d88ba69ea58d27f35f435369	d__Bacteria; p__Bacteroidota; c__Bacteroidia; o__Bacteroidales; f__Prevotellaceae; g__Prevotella	0.9790679779916482
53b33fc13859e5f670cc0d46728483a1	d__Bacteria; p__Bacteroidota; c__Bacteroidia; o__Bacteroidales; f__Prevotellaceae; g__Alloprevotella; s__Alloprevotella_rava	0.8317926679090423
0f674f8e3fe65b5a0c2045a54f2e4ee3	d__Bacteria; p__Bacteroidota; c__Bacteroidia; o__Bacteroidales; f__Prevotellaceae; g__Prevotella; s__Prevotella_pallens	0.9947380860210072
51481e47a8c08e2b77f2984a1c4716ae	d__Bacteria; p__Bacteroidota; c__Bacteroidia; o__Bacteroidales; f__Prevotellaceae; g__Alloprevotella; s__Alloprevotella_rava	0.8286435198730264
f80d8a1280e7b70892e5ef7dea7db970	d__Bacteria; p__Bacteroidota; c__Bacteroidia; o__Bacteroidales; f__Prevotellaceae; g__Alloprevotella	0.9999786458920413
