query_id	ref_id	identity	edit_distance	ref_start	ref_end	query_len	k	stride	max_candidates
uniq_272061	AJ007800.1	0.890909	48	281	720	440	9	3	50
uniq_272096	AJ292602.1	0.979545	9	281	720	440	9	3	50
uniq_272373	AF394174.1	0.945455	24	281	720	440	9	3	50
uniq_272605	AJ315487.1	0.963636	16	327	766	440	9	3	50
uniq_272754	AJ408995.1	0.990909	4	313	752	440	9	3	50
uniq_272841	AJ294417.1	0.977273	10	279	718	440	9	3	50
uniq_273045	EF025906.1	0.968182	14	327	766	440	9	3	50
uniq_273274	AF445743.1	0.950000	22	300	739	440	9	3	50
uniq_273464	DQ532161.1	0.993182	3	326	764	440	9	3	50
uniq_273615	Y09610.1	0.988636	5	281	720	440	9	3	50
uniq_273946	AJ404681.1	0.929545	31	358	801	440	9	3	50
uniq_274182	AF465654.1	0.918182	36	287	726	440	9	3	50
uniq_274492	AF150788.1	0.943182	25	281	719	440	9	3	50
uniq_275268	AY169411.1	0.986364	6	326	763	440	9	3	50
uniq_275358	AJ292685.1	0.884091	51	300	739	440	9	3	50
uniq_275380	AJ404681.1	0.909091	40	358	801	440	9	3	50
uniq_275457	AF445666.1	0.820455	79	288	727	440	9	3	50
uniq_275564	AF376134.1	0.970455	13	281	720	440	9	3	50
uniq_275643	AF118020.1	0.975000	11	281	720	440	9	3	50
uniq_275825	AJ294355.1	0.938636	27	281	720	440	9	3	50
uniq_275934	AB271045.1	0.986364	6	279	718	440	9	3	50
uniq_276218	Y18216.1	0.984091	7	279	718	440	9	3	50
uniq_276502	DQ532285.1	0.993182	3	327	766	440	9	3	50
uniq_276741	AY169425.1	0.995455	2	327	766	440	9	3	50
uniq_276803	AJ289994.1	0.986364	6	281	720	440	9	3	50
uniq_276959	AF132274.1	0.979545	9	327	764	440	9	3	50
uniq_277074	AF132257.1	0.961364	17	329	768	440	9	3	50
uniq_277206	AJ408992.1	0.972727	12	328	767	440	9	3	50
uniq_277479	AB008552.1	0.972727	12	340	779	440	9	3	50
uniq_277492	EU530489.1	0.979545	9	326	765	440	9	3	50
uniq_277654	AY169429.1	0.993182	3	314	753	440	9	3	50
uniq_277677	AF275915.1	0.959091	18	329	769	440	9	3	50
uniq_277749	AY330126.1	0.972727	12	327	766	440	9	3	50
uniq_277762	AJ408993.1	0.988636	5	326	765	440	9	3	50
uniq_278137	AJ408989.1	0.936364	28	316	755	440	9	3	50
uniq_278164	AJ290043.1	0.965909	15	281	720	440	9	3	50
uniq_278227	AF507705.1	0.934091	29	298	737	440	9	3	50
uniq_278256	AY212771.1	0.972727	12	328	767	440	9	3	50
uniq_278326	AF390549.1	0.993182	3	312	751	440	9	3	50
uniq_278378	AF104835.1	0.965909	15	312	751	440	9	3	50
uniq_278643	AB362778.1	0.986364	6	281	720	440	9	3	50
uniq_279106	AY212756.1	0.945455	24	306	745	440	9	3	50
uniq_279301	AF399956.1	0.909091	40	327	769	440	9	3	50
uniq_279636	AY169419.1	0.990909	4	324	763	440	9	3	50
uniq_279899	DQ532161.1	0.911364	39	326	765	440	9	3	50
uniq_280021	AF371642.1	0.972727	12	329	768	440	9	3	50
uniq_280070	AJ270484.1	0.988636	5	327	766	440	9	3	50
uniq_280175	AJ408971.1	0.990909	4	327	766	440	9	3	50
uniq_280593	Y09610.1	0.975000	11	281	720	440	9	3	50
uniq_280762	AJ968694.1	0.986364	6	279	718	440	9	3	50
uniq_280871	D16145.1	0.990909	4	281	720	440	9	3	50
uniq_281172	AB117709.1	0.888636	49	279	717	440	9	3	50
uniq_281180	AF419661.1	0.890909	48	413	852	440	9	3	50
uniq_281312	AF310724.1	0.975000	11	282	721	440	9	3	50
uniq_281575	U87783.1	0.995455	2	282	721	440	9	3	50
uniq_281705	AF050531.1	0.965909	15	279	718	440	9	3	50
uniq_281707	AF287775.1	0.947727	23	327	766	440	9	3	50
uniq_282015	AF454295.1	0.977273	10	281	720	440	9	3	50
uniq_282051	AY608604.1	0.981818	8	281	720	440	9	3	50
uniq_282096	AJ306769.1	0.979545	9	279	718	440	9	3	50
uniq_282147	AF358017.1	0.990909	4	291	730	440	9	3	50
uniq_282248	AJ229234.1	0.936364	28	318	757	440	9	3	50
uniq_282280	AF235997.1	0.970455	13	281	720	440	9	3	50
uniq_282329	AY328585.1	0.972727	12	282	721	440	9	3	50
uniq_282359	AJ292610.1	0.959091	18	281	720	440	9	3	50
uniq_282367	AF148858.1	0.981818	8	278	717	440	9	3	50
uniq_282377	AY326562.1	0.952273	21	294	733	440	9	3	50
uniq_283519	AF201981.1	0.954545	20	327	766	440	9	3	50
uniq_283791	AF385566.1	0.888636	49	335	800	440	9	3	50
uniq_284256	AF385519.1	0.843182	69	320	779	440	9	3	50
uniq_284598	AF201981.1	0.977273	10	327	766	440	9	3	50
uniq_284634	AF287770.1	0.943182	25	325	763	440	9	3	50
uniq_284683	AY278618.1	0.915909	37	326	765	440	9	3	50
uniq_285204	AY278618.1	0.954545	20	326	765	440	9	3	50
uniq_285719	AF201981.1	0.888636	49	327	766	440	9	3	50
uniq_286832	AY278618.1	0.956818	19	326	765	440	9	3	50
uniq_287277	AB108826.1	0.904545	42	318	777	440	9	3	50
uniq_287556	AF385508.1	0.961364	17	327	766	440	9	3	50
uniq_287743	AY349403.1	0.852273	65	328	792	440	9	3	50
uniq_288340	AJ508455.1	0.918182	36	315	755	440	9	3	50
uniq_288680	AF481222.1	0.959091	18	325	764	440	9	3	50
uniq_289359	AF219234.1	0.870455	57	313	753	440	9	3	50
uniq_289613	AF385521.1	0.884091	51	314	771	440	9	3	50
uniq_292811	AF287770.1	0.970455	13	325	763	440	9	3	50
uniq_293119	AF287770.1	0.963636	16	325	763	440	9	3	50
uniq_293251	AF385508.1	0.927273	32	327	766	440	9	3	50
uniq_293260	AY278618.1	0.961364	17	326	765	440	9	3	50
uniq_293450	AF385519.1	0.872727	56	320	779	440	9	3	50
uniq_294097	AM419984.1	0.929545	31	309	749	440	9	3	50
uniq_295006	U65583.1	0.834091	73	315	779	440	9	3	50
uniq_295260	AF287775.1	0.993182	3	327	766	440	9	3	50
uniq_295608	AF286862.1	0.845455	68	312	751	440	9	3	50
uniq_295839	AY278618.1	0.920455	35	326	765	440	9	3	50
uniq_296063	AF287777.1	0.956818	19	326	765	440	9	3	50
uniq_296497	AF201981.1	0.970455	13	327	766	440	9	3	50
uniq_297097	EF512007.1	0.879545	53	313	777	440	9	3	50
uniq_297310	AF385559.1	0.890909	48	326	765	440	9	3	50
uniq_297932	EF510383.1	0.859091	62	321	785	440	9	3	50
uniq_299513	AY278618.1	0.961364	17	326	765	440	9	3	50
uniq_299779	AF432133.1	0.863636	60	320	779	440	9	3	50
uniq_300165	AF201981.1	0.977273	10	327	766	440	9	3	50
uniq_30020	U11016.1	0.938636	27	295	734	440	9	3	50
uniq_300464	AF481222.1	0.970455	13	325	764	440	9	3	50
uniq_301467	AF432133.1	0.877273	54	320	779	440	9	3	50
uniq_302569	EF686530.1	0.875000	55	364	803	440	9	3	50
uniq_302938	AY278618.1	0.943182	25	326	765	440	9	3	50
uniq_303047	AY278618.1	0.956818	19	326	765	440	9	3	50
uniq_303062	AJ508455.1	0.881818	52	315	755	440	9	3	50
uniq_303426	AF287761.1	0.918182	36	326	767	440	9	3	50
uniq_303780	AF385510.1	0.954545	20	326	765	440	9	3	50
uniq_304180	AF385521.1	0.890909	48	314	771	440	9	3	50
uniq_304719	AJ576350.1	0.877273	54	327	766	440	9	3	50
uniq_304896	AF219234.1	0.829545	75	313	753	440	9	3	50
uniq_305063	AY278618.1	0.925000	33	326	765	440	9	3	50
uniq_305242	AY278618.1	0.929545	31	326	765	440	9	3	50
uniq_305355	AB076677.1	0.893182	47	310	750	440	9	3	50
uniq_305473	AJ563932.1	0.963636	16	281	720	440	9	3	50
uniq_305542	AF385577.1	0.861364	61	329	768	440	9	3	50
uniq_306081	AF385508.1	0.950000	22	327	766	440	9	3	50
uniq_306189	AY230771.1	0.963636	16	325	764	440	9	3	50
uniq_307098	AF481222.1	0.943182	25	325	764	440	9	3	50
uniq_307728	AF105402.1	0.952273	21	310	749	440	9	3	50
uniq_309722	AY008308.1	0.884091	51	315	774	440	9	3	50
uniq_309794	EF511101.1	0.845455	68	313	777	440	9	3	50
uniq_310173	AY008310.1	0.863636	60	318	777	440	9	3	50
uniq_310486	AF385565.1	0.865909	59	315	774	440	9	3	50
uniq_311189	AF292371.1	0.900000	44	311	754	440	9	3	50
uniq_311301	AF385569.1	0.890909	48	302	761	440	9	3	50
uniq_311339	AY008310.1	0.895455	46	318	777	440	9	3	50
uniq_311368	AF287777.1	0.934091	29	326	765	440	9	3	50
uniq_31165	AF385543.1	0.904545	42	326	764	440	9	3	50
uniq_312004	AF385508.1	0.927273	32	327	766	440	9	3	50
uniq_312065	AF132267.1	0.881818	52	327	766	440	9	3	50
uniq_312216	AF385508.1	0.968182	14	327	766	440	9	3	50
uniq_312536	AY278618.1	0.977273	10	326	765	440	9	3	50
uniq_313849	AF385519.1	0.859091	62	320	779	440	9	3	50
uniq_314061	AB021492.1	0.979545	9	281	721	440	9	3	50
uniq_314639	AF286037.1	0.934091	29	390	831	440	9	3	50
uniq_314876	AY207059.1	0.988636	5	326	764	440	9	3	50
uniq_315045	AJ229203.1	0.918182	36	326	765	440	9	3	50
uniq_315324	AF385510.1	0.913636	38	326	765	440	9	3	50
uniq_315594	DQ160208.1	0.929545	31	342	780	440	9	3	50
uniq_315643	AF366276.1	0.909091	40	310	751	440	9	3	50
uniq_315883	AF385559.1	0.856818	63	326	764	440	9	3	50
uniq_316433	AY008310.1	0.856818	63	318	777	440	9	3	50
uniq_316564	AF385518.1	0.897727	45	308	750	440	9	3	50
uniq_316711	AF538859.1	0.909091	40	329	767	440	9	3	50
uniq_317329	AF287770.1	0.947727	23	325	763	440	9	3	50
uniq_317682	EF510383.1	0.870455	57	321	785	440	9	3	50
uniq_317862	AF385510.1	0.890909	48	326	765	440	9	3	50
uniq_318044	AF385508.1	0.956818	19	327	766	440	9	3	50
uniq_318161	EF510383.1	0.847727	67	321	785	440	9	3	50
uniq_318205	AF287770.1	0.940909	26	325	763	440	9	3	50
uniq_318304	U65583.1	0.870455	57	315	779	440	9	3	50
uniq_318932	AY278618.1	0.965909	15	326	765	440	9	3	50
uniq_319074	AY044915.1	0.868182	58	314	772	440	9	3	50
uniq_319261	AY244978.1	0.893182	47	310	749	440	9	3	50
uniq_319646	AF287770.1	0.963636	16	325	763	440	9	3	50
uniq_319838	AF287770.1	0.936364	28	325	763	440	9	3	50
uniq_320160	AF286037.1	0.895455	46	390	831	440	9	3	50
uniq_320481	AY349403.1	0.850000	66	328	792	440	9	3	50
uniq_320764	AJ508455.1	0.893182	47	315	755	440	9	3	50
uniq_32129	AB015566.1	0.986364	6	283	722	440	9	3	50
uniq_321338	AF385510.1	0.940909	26	326	765	440	9	3	50
uniq_321426	AF385559.1	0.886364	50	326	764	440	9	3	50
uniq_321587	EU670056.1	0.877273	54	320	779	440	9	3	50
uniq_322096	EF511101.1	0.886364	50	313	777	440	9	3	50
uniq_323196	AY008310.1	0.872727	56	318	777	440	9	3	50
uniq_323207	AF385519.1	0.845455	68	320	779	440	9	3	50
uniq_324295	AF385577.1	0.893182	47	329	768	440	9	3	50
uniq_325018	AF385577.1	0.959091	18	329	768	440	9	3	50
uniq_325456	AF385510.1	0.959091	18	326	765	440	9	3	50
uniq_325648	AY207059.1	0.927273	32	326	764	440	9	3	50
uniq_325741	DQ087193.1	0.918182	36	308	750	440	9	3	50
uniq_325887	AF432141.1	0.888636	49	350	791	440	9	3	50
uniq_325923	AF385569.1	0.902273	43	302	761	440	9	3	50
uniq_327206	DQ160208.1	0.847727	67	342	780	440	9	3	50
uniq_327793	AY429468.1	0.881818	52	304	763	440	9	3	50
uniq_327830	AF287770.1	0.913636	38	325	763	440	9	3	50
uniq_32827	AF201981.1	0.945455	24	327	766	440	9	3	50
uniq_328371	AF385510.1	0.925000	33	326	765	440	9	3	50
uniq_328386	AF287770.1	0.890909	48	325	763	440	9	3	50
uniq_329385	AF287777.1	0.950000	22	326	765	440	9	3	50
uniq_329678	AB114608.1	0.884091	51	310	754	440	9	3	50
uniq_330474	AJ315486.1	0.918182	36	327	766	440	9	3	50
uniq_33093	AF287770.1	0.952273	21	325	763	440	9	3	50
uniq_331080	EF511101.1	0.872727	56	313	777	440	9	3	50
uniq_331109	EF512007.1	0.888636	49	313	777	440	9	3	50
uniq_33121	X67609.1	0.870455	57	308	767	440	9	3	50
uniq_331359	D14506.1	0.945455	24	279	718	440	9	3	50
uniq_331531	D14506.1	0.890909	48	279	718	440	9	3	50
uniq_331598	AF385519.1	0.863636	60	320	779	440	9	3	50
uniq_331714	AY278611.1	0.913636	38	314	771	440	9	3	50
uniq_331724	AF525841.1	0.895455	46	279	718	440	9	3	50
uniq_331761	D14506.1	0.947727	23	279	718	440	9	3	50
uniq_331789	AF224299.1	0.895455	46	313	777	440	9	3	50
uniq_331833	D14506.1	0.920455	35	279	718	440	9	3	50
uniq_331860	AJ536674.1	0.870455	57	279	718	440	9	3	50
uniq_331918	EF512007.1	0.888636	49	313	777	440	9	3	50
uniq_331925	AF385577.1	0.931818	30	329	768	440	9	3	50
uniq_331929	EU124823.1	0.950000	22	281	720	440	9	3	50
uniq_331957	AF218076.1	0.977273	10	308	747	440	9	3	50
uniq_331960	D14506.1	0.963636	16	279	718	440	9	3	50
uniq_332010	D14506.1	0.947727	23	279	718	440	9	3	50
uniq_332012	AJ229234.1	0.879545	53	318	757	440	9	3	50
uniq_332018	AJ012210.1	0.902273	43	279	718	440	9	3	50
uniq_332055	AF287770.1	0.940909	26	325	763	440	9	3	50
uniq_33214	AF286035.1	0.893182	47	307	771	440	9	3	50
uniq_332279	D14506.1	0.918182	36	279	718	440	9	3	50
uniq_332297	EF510383.1	0.870455	57	321	785	440	9	3	50
uniq_332321	D14506.1	0.945455	24	279	718	440	9	3	50
uniq_332488	DQ814099.1	0.895455	46	279	718	440	9	3	50
uniq_332511	EF512007.1	0.865909	59	313	777	440	9	3	50
uniq_332561	D14506.1	0.965909	15	279	718	440	9	3	50
uniq_332633	AY008310.1	0.856818	63	318	777	440	9	3	50
uniq_332820	AF287770.1	0.913636	38	325	763	440	9	3	50
uniq_332933	AY039015.1	0.959091	18	283	722	440	9	3	50
uniq_332991	AY212760.1	0.934091	29	316	755	440	9	3	50
uniq_333019	D14506.1	0.952273	21	279	718	440	9	3	50
uniq_333042	AY230771.1	0.886364	50	325	764	440	9	3	50
uniq_333127	AF525841.1	0.879545	53	279	718	440	9	3	50
uniq_333217	AF385577.1	0.854545	64	329	768	440	9	3	50
uniq_333448	AY212760.1	0.943182	25	316	755	440	9	3	50
uniq_333502	D14506.1	0.940909	26	279	718	440	9	3	50
uniq_333656	AB033947.1	0.972727	12	279	718	440	9	3	50
uniq_333670	AF385577.1	0.852273	65	329	768	440	9	3	50
uniq_333675	AF385559.1	0.909091	40	326	764	440	9	3	50
uniq_333800	AF287775.1	0.927273	32	327	766	440	9	3	50
uniq_333915	AY008691.1	0.890909	48	317	776	440	9	3	50
uniq_333957	AF000223.1	0.850000	66	295	734	440	9	3	50
uniq_333985	AF525841.1	0.877273	54	279	718	440	9	3	50
uniq_334025	AF525838.1	0.811364	83	279	718	440	9	3	50
uniq_334110	AF287770.1	0.952273	21	325	763	440	9	3	50
uniq_334167	Y11568.1	0.868182	58	327	766	440	9	3	50
uniq_334362	AF385569.1	0.897727	45	302	761	440	9	3	50
uniq_334388	EF512007.1	0.911364	39	313	777	440	9	3	50
uniq_334536	D14506.1	0.931818	30	279	718	440	9	3	50
uniq_334746	AF525841.1	0.884091	51	279	718	440	9	3	50
uniq_334783	AF481222.1	0.890909	48	325	764	440	9	3	50
uniq_334829	AF525838.1	0.870455	57	279	718	440	9	3	50
uniq_335523	AY008310.1	0.884091	51	318	777	440	9	3	50
uniq_335607	D14506.1	0.968182	14	279	718	440	9	3	50
uniq_335608	AF385508.1	0.915909	37	327	766	440	9	3	50
uniq_335625	AF525841.1	0.918182	36	279	718	440	9	3	50
uniq_335876	AF498753.1	0.961364	17	295	734	440	9	3	50
uniq_335943	D14506.1	0.963636	16	279	718	440	9	3	50
uniq_336050	AY278621.1	0.925000	33	308	750	440	9	3	50
uniq_336052	AF481222.1	0.929545	31	325	764	440	9	3	50
uniq_336193	AF206305.1	0.913636	38	307	749	440	9	3	50
uniq_336297	D14506.1	0.940909	26	279	718	440	9	3	50
uniq_336622	AF525838.1	0.870455	57	279	718	440	9	3	50
uniq_336689	AY034028.1	0.893182	47	279	718	440	9	3	50
uniq_336794	AM420011.1	0.863636	60	318	777	440	9	3	50
uniq_337020	EF512007.1	0.879545	53	313	777	440	9	3	50
uniq_337465	Y13366.1	0.895455	46	322	786	440	9	3	50
uniq_337665	AF366276.1	0.920455	35	310	751	440	9	3	50
uniq_337759	EF511101.1	0.877273	54	313	777	440	9	3	50
uniq_337943	Y13366.1	0.877273	54	322	786	440	9	3	50
uniq_338012	D14506.1	0.968182	14	279	718	440	9	3	50
uniq_338523	AF287775.1	0.925000	33	327	766	440	9	3	50
uniq_338631	X89377.1	0.881818	52	316	780	440	9	3	50
uniq_338832	AF247721.1	0.856818	63	313	777	440	9	3	50
uniq_339048	AY278618.1	0.938636	27	326	765	440	9	3	50
uniq_339078	AF525841.1	0.884091	51	279	718	440	9	3	50
uniq_339155	AF385577.1	0.868182	58	329	768	440	9	3	50
uniq_339197	D14506.1	0.943182	25	279	718	440	9	3	50
uniq_339370	D14503.1	0.943182	25	279	718	440	9	3	50
uniq_339406	AY278611.1	0.863636	60	314	771	440	9	3	50
uniq_339448	D14506.1	0.952273	21	279	718	440	9	3	50
uniq_339505	AY278618.1	0.943182	25	326	765	440	9	3	50
uniq_339545	AJ536674.1	0.845455	68	279	718	440	9	3	50
uniq_339847	AF525841.1	0.897727	45	279	718	440	9	3	50
uniq_339858	AF201981.1	0.965909	15	327	766	440	9	3	50
uniq_339948	AF481220.1	0.968182	14	326	765	440	9	3	50
uniq_340476	EF510424.1	0.900000	44	332	796	440	9	3	50
uniq_340543	AJ290758.1	0.875000	55	313	777	440	9	3	50
uniq_340844	AY212760.1	0.927273	32	316	755	440	9	3	50
uniq_341224	AY008691.1	0.879545	53	317	776	440	9	3	50
uniq_341349	D14506.1	0.913636	38	279	718	440	9	3	50
uniq_341494	D14506.1	0.972727	12	279	718	440	9	3	50
uniq_342096	AF385571.1	0.886364	50	307	746	440	9	3	50
uniq_34213	AY008691.1	0.872727	56	317	776	440	9	3	50
uniq_342454	AF543297.1	0.870455	57	316	775	440	9	3	50
uniq_342769	EF512007.1	0.863636	60	313	777	440	9	3	50
uniq_343072	D14506.1	0.929545	31	279	718	440	9	3	50
uniq_343196	AY207050.1	0.859091	62	320	779	440	9	3	50
uniq_343237	AF385556.1	0.968182	14	329	768	440	9	3	50
uniq_343336	AY349387.1	0.913636	38	308	750	440	9	3	50
uniq_343439	AY005026.1	0.879545	53	313	777	440	9	3	50
uniq_343535	D14506.1	0.943182	25	279	718	440	9	3	50
uniq_343992	D14506.1	0.954545	20	279	718	440	9	3	50
uniq_344169	D14506.1	0.929545	31	279	718	440	9	3	50
uniq_344267	EF511101.1	0.900000	44	313	777	440	9	3	50
uniq_344468	D14503.1	0.904545	42	279	718	440	9	3	50
uniq_344518	AB087261.1	0.877273	54	313	777	440	9	3	50
uniq_344549	EF510383.1	0.836364	72	321	785	440	9	3	50
uniq_344675	D14506.1	0.863636	60	279	718	440	9	3	50
uniq_344719	DQ160208.1	0.900000	44	342	780	440	9	3	50
uniq_344899	AY532535.1	0.897727	45	279	718	440	9	3	50
uniq_34533	DQ160208.1	0.831818	74	342	780	440	9	3	50
uniq_345717	D14506.1	0.945455	24	279	718	440	9	3	50
uniq_346202	AJ536674.1	0.906818	41	279	718	440	9	3	50
uniq_346798	AY230771.1	0.943182	25	325	764	440	9	3	50
uniq_347006	AY034028.1	0.909091	40	279	718	440	9	3	50
uniq_347175	AF385577.1	0.938636	27	329	768	440	9	3	50
uniq_347436	AF525841.1	0.897727	45	279	718	440	9	3	50
uniq_347503	AF287770.1	0.938636	27	325	763	440	9	3	50
uniq_347745	AF481222.1	0.943182	25	325	764	440	9	3	50
uniq_348284	AF385577.1	0.952273	21	329	768	440	9	3	50
uniq_348743	AF287775.1	0.950000	22	327	766	440	9	3	50
uniq_349500	AF385577.1	0.961364	17	329	768	440	9	3	50
uniq_349535	EF101551.1	0.854545	64	309	773	440	9	3	50
uniq_349886	EF101551.1	0.890909	48	309	773	440	9	3	50
uniq_351099	DQ160208.1	0.875000	55	342	780	440	9	3	50
uniq_351488	AY278618.1	0.950000	22	326	765	440	9	3	50
uniq_351973	AF050564.1	0.906818	41	309	748	440	9	3	50
uniq_352643	AF287775.1	0.950000	22	327	766	440	9	3	50
uniq_352667	AF432141.1	0.852273	65	350	791	440	9	3	50
uniq_35275	AY326562.1	0.972727	12	294	733	440	9	3	50
uniq_353395	AF287770.1	0.938636	27	325	763	440	9	3	50
uniq_353417	AF385508.1	0.952273	21	327	766	440	9	3	50
uniq_353633	AY330126.1	0.897727	45	327	766	440	9	3	50
uniq_353756	AY330126.1	0.877273	54	327	766	440	9	3	50
uniq_353934	AF481220.1	0.909091	40	326	765	440	9	3	50
uniq_354340	AF287775.1	0.886364	50	327	766	440	9	3	50
uniq_354499	AB114325.1	0.911364	39	327	766	440	9	3	50
uniq_354652	AF201981.1	0.936364	28	327	766	440	9	3	50
uniq_354766	EF101551.1	0.875000	55	309	773	440	9	3	50
uniq_355505	AF385577.1	0.940909	26	329	768	440	9	3	50
uniq_357004	X71853.1	0.902273	43	328	767	440	9	3	50
uniq_357499	AF397060.1	0.886364	50	320	784	440	9	3	50
uniq_357850	AJ244722.1	0.881818	52	314	778	440	9	3	50
uniq_358685	AF201981.1	0.950000	22	327	766	440	9	3	50
uniq_35964	EU071543.1	0.934091	29	298	740	440	9	3	50
uniq_359718	AF235999.1	0.993182	3	279	718	440	9	3	50
uniq_359790	AF287770.1	0.918182	36	325	763	440	9	3	50
uniq_360055	AY008310.1	0.859091	62	318	777	440	9	3	50
uniq_360412	AF287770.1	0.945455	24	325	763	440	9	3	50
uniq_360877	AF385510.1	0.963636	16	326	765	440	9	3	50
uniq_361923	AJ229247.1	0.900000	44	283	722	440	9	3	50
uniq_363108	AF254108.1	0.963636	16	279	718	440	9	3	50
uniq_363200	Y18189.1	0.959091	18	310	749	440	9	3	50
uniq_363406	AJ414656.1	0.972727	12	281	720	440	9	3	50
uniq_363763	AY080913.1	0.959091	18	281	721	440	9	3	50
uniq_363921	AJ318111.1	0.975000	11	278	717	440	9	3	50
uniq_364296	AF525838.1	0.959091	18	279	718	440	9	3	50
uniq_364402	AJ408992.1	0.970455	13	328	767	440	9	3	50
uniq_364493	AJ604541.1	0.975000	11	279	718	440	9	3	50
uniq_365607	AF200699.1	0.940909	26	295	734	440	9	3	50
uniq_365640	AY493923.1	0.940909	26	293	732	440	9	3	50
uniq_365739	AF397060.1	0.884091	51	320	784	440	9	3	50
uniq_366002	AF498753.1	0.943182	25	295	734	440	9	3	50
uniq_366233	AY555804.1	0.934091	29	291	731	440	9	3	50
uniq_366285	AY150049.1	0.927273	32	281	720	440	9	3	50
uniq_366440	AJ227770.1	0.834091	73	281	720	440	9	3	50
uniq_366978	AF287770.1	0.909091	40	325	763	440	9	3	50
uniq_367109	AJ506120.1	0.988636	5	318	757	440	9	3	50
uniq_368283	Z95709.1	0.954545	20	315	754	440	9	3	50
uniq_36866	AF385559.1	0.872727	56	326	764	440	9	3	50
uniq_369183	AB015259.1	0.956818	19	316	755	440	9	3	50
uniq_372149	AF465654.1	0.963636	16	287	726	440	9	3	50
uniq_372330	AY178863.1	0.968182	14	281	720	440	9	3	50
uniq_372484	AF499906.1	0.963636	16	327	766	440	9	3	50
uniq_372507	AY328684.1	0.943182	25	280	719	440	9	3	50
uniq_373295	AF236001.1	0.913636	38	281	720	440	9	3	50
uniq_373321	AF499906.1	0.959091	18	327	766	440	9	3	50
uniq_373526	AY211077.1	0.979545	9	313	752	440	9	3	50
uniq_373599	AF521650.1	0.938636	27	279	718	440	9	3	50
uniq_375191	DQ163946.1	0.959091	18	279	718	440	9	3	50
uniq_375233	AB166881.1	0.968182	14	279	718	440	9	3	50
uniq_375557	AY212660.1	0.959091	18	319	759	440	9	3	50
uniq_375705	AB166881.1	0.959091	18	279	718	440	9	3	50
uniq_375751	AJ011759.1	0.981818	8	279	715	440	9	3	50
uniq_37585	X71853.1	0.854545	64	328	767	440	9	3	50
uniq_376272	AF498715.1	0.975000	11	283	722	440	9	3	50
uniq_376548	AJ315487.1	0.952273	21	327	766	440	9	3	50
uniq_378282	D16421.1	0.981818	8	281	720	440	9	3	50
uniq_379088	AY169419.1	0.961364	17	324	763	440	9	3	50
uniq_379678	AF292996.1	0.984091	7	279	718	440	9	3	50
uniq_380902	AJ292582.1	0.943182	25	293	732	440	9	3	50
uniq_38296	AM277334.1	0.888636	49	323	787	440	9	3	50
uniq_384895	AJ563931.1	0.954545	20	281	720	440	9	3	50
uniq_385225	AF370880.1	0.963636	16	283	722	440	9	3	50
uniq_386103	AY442823.1	0.936364	28	327	766	440	9	3	50
uniq_386864	AF481222.1	0.950000	22	325	764	440	9	3	50
uniq_389925	AJ306749.1	0.913636	38	305	745	440	9	3	50
uniq_390379	Y18176.1	0.961364	17	312	751	440	9	3	50
uniq_390638	AJ508455.1	0.904545	42	315	755	440	9	3	50
uniq_393446	AY278618.1	0.920455	35	326	765	440	9	3	50
uniq_393998	AY326555.1	0.956818	19	296	735	440	9	3	50
uniq_39490	AF366276.1	0.915909	37	310	751	440	9	3	50
uniq_397596	AF385510.1	0.947727	23	326	765	440	9	3	50
uniq_398526	U87968.1	0.929545	31	305	749	440	9	3	50
uniq_398541	DQ160208.1	0.934091	29	342	780	440	9	3	50
uniq_398568	AY169433.1	0.881818	52	281	720	440	9	3	50
uniq_398598	AF394174.1	0.956818	19	281	720	440	9	3	50
uniq_398668	AJ290758.1	0.893182	47	313	777	440	9	3	50
uniq_398724	AM419984.1	0.906818	41	309	749	440	9	3	50
uniq_398735	AF394174.1	0.959091	18	281	720	440	9	3	50
uniq_398747	AJ227766.1	0.834091	73	281	720	440	9	3	50
uniq_398757	AJ227798.1	0.854545	64	281	720	440	9	3	50
uniq_398900	AY278621.1	0.922727	34	308	750	440	9	3	50
uniq_399028	AY008308.1	0.884091	51	315	774	440	9	3	50
uniq_399049	AF394174.1	0.931818	30	281	720	440	9	3	50
uniq_399050	EF511101.1	0.911364	39	313	777	440	9	3	50
uniq_399262	AF394174.1	0.938636	27	281	720	440	9	3	50
uniq_399300	AF394174.1	0.904545	42	281	720	440	9	3	50
uniq_399524	AF016390.1	0.875000	55	321	785	440	9	3	50
uniq_399588	U87968.1	0.938636	27	305	749	440	9	3	50
uniq_399742	DQ160208.1	0.847727	67	342	780	440	9	3	50
uniq_399743	AF394174.1	0.940909	26	281	720	440	9	3	50
uniq_399793	AF432133.1	0.870455	57	320	779	440	9	3	50
uniq_399882	AF385519.1	0.865909	59	320	779	440	9	3	50
uniq_399893	AF287777.1	0.934091	29	326	765	440	9	3	50
uniq_399949	AJ227788.1	0.884091	51	281	720	440	9	3	50
uniq_399950	AF061350.1	0.861364	61	319	783	440	9	3	50
uniq_399955	Y13366.1	0.881818	52	322	786	440	9	3	50
uniq_400076	AY005069.1	0.850000	66	318	778	440	9	3	50
uniq_400085	AF481222.1	0.954545	20	325	764	440	9	3	50
uniq_400168	AY326601.1	0.968182	14	281	720	440	9	3	50
uniq_400294	AY349403.1	0.884091	51	328	792	440	9	3	50
uniq_400537	AF394174.1	0.945455	24	281	720	440	9	3	50
uniq_400561	AF385556.1	0.925000	33	329	768	440	9	3	50
uniq_400618	AJ227795.1	0.856818	63	281	720	440	9	3	50
uniq_400636	AF394174.1	0.931818	30	281	720	440	9	3	50
uniq_400790	AM697478.1	0.911364	39	307	751	440	9	3	50
uniq_400883	AF385566.1	0.872727	56	335	800	440	9	3	50
uniq_401018	AJ227774.1	0.879545	53	279	718	440	9	3	50
uniq_401116	AF394174.1	0.968182	14	281	720	440	9	3	50
uniq_401234	AF394174.1	0.965909	15	281	720	440	9	3	50
uniq_401272	AJ227787.1	0.872727	56	281	720	440	9	3	50
uniq_401340	AF385564.1	0.865909	59	320	779	440	9	3	50
uniq_401403	AF394174.1	0.947727	23	281	720	440	9	3	50
uniq_401551	AF101240.1	0.929545	31	312	752	440	9	3	50
uniq_401597	DQ160208.1	0.922727	34	342	780	440	9	3	50
uniq_401852	U43698.1	0.863636	60	317	777	440	9	3	50
uniq_401859	AF394174.1	0.906818	41	281	720	440	9	3	50
uniq_401929	AF394174.1	0.961364	17	281	720	440	9	3	50
uniq_402082	DQ160208.1	0.859091	62	342	780	440	9	3	50
uniq_402109	AF385556.1	0.965909	15	329	768	440	9	3	50
uniq_402358	AJ227795.1	0.913636	38	281	720	440	9	3	50
uniq_402588	AF481219.1	0.995455	2	327	766	440	9	3	50
uniq_402651	AB127972.1	0.872727	56	283	722	440	9	3	50
uniq_402853	AJ227787.1	0.909091	40	281	720	440	9	3	50
uniq_403002	DQ160208.1	0.831818	74	342	780	440	9	3	50
uniq_403010	AF394174.1	0.954545	20	281	720	440	9	3	50
uniq_403117	AJ244709.1	0.881818	52	281	720	440	9	3	50
uniq_403307	AF385563.1	0.918182	36	318	760	440	9	3	50
uniq_403318	AF385510.1	0.911364	39	326	765	440	9	3	50
uniq_403337	AY326462.1	0.904545	42	317	755	440	9	3	50
uniq_403518	AF385556.1	0.931818	30	329	768	440	9	3	50
uniq_403536	AF224306.1	0.877273	54	312	776	440	9	3	50
uniq_403591	DQ160208.1	0.965909	15	342	780	440	9	3	50
uniq_403770	AF287816.1	0.872727	56	307	749	440	9	3	50
uniq_403793	AB076677.1	0.895455	46	310	750	440	9	3	50
uniq_403829	AF385556.1	0.947727	23	329	768	440	9	3	50
uniq_404000	AY278618.1	0.934091	29	326	765	440	9	3	50
uniq_404426	DQ160208.1	0.859091	62	342	780	440	9	3	50
uniq_404750	AF481218.1	0.990909	4	326	765	440	9	3	50
uniq_405044	AY326462.1	0.897727	45	317	755	440	9	3	50
uniq_405186	EF511101.1	0.861364	61	313	777	440	9	3	50
uniq_405824	DQ160208.1	0.870455	57	342	780	440	9	3	50
uniq_406153	AF385571.1	0.902273	43	307	746	440	9	3	50
uniq_406283	AY326462.1	0.888636	49	317	755	440	9	3	50
uniq_406850	AY169433.1	0.931818	30	281	720	440	9	3	50
uniq_407065	AJ227788.1	0.831818	74	281	720	440	9	3	50
uniq_407112	AF132267.1	0.886364	50	327	766	440	9	3	50
uniq_407162	AF394174.1	0.906818	41	281	720	440	9	3	50
uniq_407286	AF394174.1	0.956818	19	281	720	440	9	3	50
uniq_407365	DQ160208.1	0.870455	57	342	780	440	9	3	50
uniq_407371	DQ160208.1	0.913636	38	342	780	440	9	3	50
uniq_407521	DQ160208.1	0.936364	28	342	780	440	9	3	50
uniq_407756	AY207060.1	0.897727	45	322	763	440	9	3	50
uniq_407869	AY207063.1	0.884091	51	325	789	440	9	3	50
uniq_407873	AY278618.1	0.890909	48	326	765	440	9	3	50
uniq_407903	AF394174.1	0.906818	41	281	720	440	9	3	50
uniq_407904	AY278618.1	0.963636	16	326	765	440	9	3	50
uniq_408015	AY278618.1	0.931818	30	326	765	440	9	3	50
uniq_408124	AF544636.1	0.931818	30	305	749	440	9	3	50
uniq_408130	AF487704.1	0.895455	46	305	750	440	9	3	50
uniq_408155	AF385519.1	0.852273	65	320	779	440	9	3	50
uniq_408660	AF394174.1	0.943182	25	281	720	440	9	3	50
uniq_41323	AF385559.1	0.893182	47	326	764	440	9	3	50
uniq_44456	AF287775.1	0.902273	43	327	766	440	9	3	50
uniq_46127	AY349402.1	0.875000	55	318	776	440	9	3	50
uniq_46802	AJ408992.1	0.956818	19	328	767	440	9	3	50
uniq_47109	U88043.1	0.959091	18	281	720	440	9	3	50
uniq_47267	AJ292610.1	0.981818	8	281	720	440	9	3	50
uniq_47341	Y08541.1	0.975000	11	306	746	440	9	3	50
uniq_47726	AY050595.1	0.956818	19	297	736	440	9	3	50
uniq_47917	AF236003.1	0.945455	24	279	718	440	9	3	50
uniq_47946	AF533359.1	0.959091	18	281	720	440	9	3	50
uniq_48117	AY221056.1	0.952273	21	282	720	440	9	3	50
uniq_48314	AJ247193.1	0.984091	7	279	718	440	9	3	50
uniq_48526	AB015529.1	0.977273	10	316	755	440	9	3	50
uniq_48678	AF507887.1	0.956818	19	316	756	440	9	3	50
uniq_48891	AB003457.1	0.934091	29	283	722	440	9	3	50
uniq_48945	AF445649.1	0.915909	37	292	731	440	9	3	50
uniq_49373	AJ408959.1	0.909091	40	316	757	440	9	3	50
uniq_49666	AY094624.1	0.965909	15	316	755	440	9	3	50
uniq_50978	AF498714.1	0.979545	9	283	722	440	9	3	50
uniq_50981	AY465885.1	0.993182	3	279	718	440	9	3	50
uniq_51033	AF503280.1	0.968182	14	280	719	440	9	3	50
uniq_51916	AB306661.1	0.929545	31	310	748	440	9	3	50
uniq_52059	AF290483.1	0.945455	24	279	718	440	9	3	50
uniq_52331	EU188914.1	0.993182	3	281	720	440	9	3	50
uniq_52396	AF370880.1	0.959091	18	283	722	440	9	3	50
uniq_52401	AY326562.1	0.920455	35	294	733	440	9	3	50
uniq_52487	AB015247.1	0.940909	26	309	748	440	9	3	50
uniq_52491	D25311.1	0.970455	13	279	718	440	9	3	50
uniq_53157	AF236000.1	0.986364	6	279	718	440	9	3	50
uniq_53468	AF031240.1	0.977273	10	281	720	440	9	3	50
uniq_53480	AJ844282.1	0.961364	17	284	723	440	9	3	50
uniq_53533	AB015518.1	0.865909	59	299	738	440	9	3	50
uniq_53663	AJ270485.1	0.984091	7	312	752	440	9	3	50
uniq_53806	AF371593.1	0.965909	15	319	758	440	9	3	50
uniq_53821	EF363713.1	0.990909	4	281	720	440	9	3	50
uniq_54100	Y09610.1	0.963636	16	281	720	440	9	3	50
uniq_54161	AY169414.1	0.990909	4	329	768	440	9	3	50
uniq_55344	AB240277.1	0.947727	23	292	731	440	9	3	50
uniq_55351	AB121772.1	0.968182	14	283	722	440	9	3	50
uniq_55960	DQ011529.1	0.959091	18	281	720	440	9	3	50
uniq_56206	AF292996.1	0.972727	12	279	718	440	9	3	50
uniq_57492	Y18176.1	0.972727	12	312	751	440	9	3	50
uniq_57583	AJ535711.1	0.925000	33	283	722	440	9	3	50
uniq_57691	AJ308496.1	0.856818	63	297	737	440	9	3	50
uniq_57755	AB025965.1	0.895455	46	299	738	440	9	3	50
uniq_57780	AF498696.1	0.952273	21	279	718	440	9	3	50
uniq_58063	AY328588.1	0.972727	12	281	720	440	9	3	50
uniq_58345	AF114802.1	0.918182	36	305	749	440	9	3	50
uniq_58354	AF423277.1	0.990909	4	281	720	440	9	3	50
uniq_58504	AF028349.1	0.965909	15	327	765	440	9	3	50
uniq_58821	AB012607.1	0.975000	11	309	749	440	9	3	50
uniq_59438	AF028349.1	0.922727	34	327	766	440	9	3	50
uniq_59571	AY169425.1	0.956818	19	327	766	440	9	3	50
uniq_61289	AF201981.1	0.918182	36	327	766	440	9	3	50
uniq_64189	AY689031.1	0.884091	51	313	777	440	9	3	50
uniq_64711	AF481222.1	0.943182	25	325	764	440	9	3	50
uniq_64809	X79462.1	0.904545	42	311	755	440	9	3	50
uniq_66082	AJ292588.1	0.918182	36	297	736	440	9	3	50
uniq_66535	AY278618.1	0.965909	15	326	765	440	9	3	50
uniq_68885	AB111107.1	0.977273	10	281	720	440	9	3	50
uniq_69391	AM420206.1	0.895455	46	330	771	440	9	3	50
uniq_69548	AJ508455.1	0.888636	49	315	755	440	9	3	50
uniq_69871	DQ845457.1	0.904545	42	310	754	440	9	3	50
uniq_70844	AF385520.1	0.959091	18	350	791	440	9	3	50
uniq_71023	AJ290758.1	0.872727	56	313	777	440	9	3	50
uniq_71578	AY230771.1	0.940909	26	325	764	440	9	3	50
uniq_71773	AY278618.1	0.968182	14	326	765	440	9	3	50
uniq_71940	AY278618.1	0.936364	28	326	765	440	9	3	50
uniq_73620	AF481222.1	0.827273	76	325	764	440	9	3	50
uniq_73872	AF385520.1	0.852273	65	350	791	440	9	3	50
uniq_73969	AF016390.1	0.863636	60	321	785	440	9	3	50
uniq_74846	AY230771.1	0.927273	32	325	764	440	9	3	50
uniq_75136	AY278618.1	0.947727	23	326	765	440	9	3	50
uniq_75614	AF201981.1	0.872727	56	327	766	440	9	3	50
uniq_75866	AY349389.1	0.875000	55	326	765	440	9	3	50
uniq_76976	AJ508455.1	0.909091	40	315	755	440	9	3	50
uniq_77096	X71855.1	0.856818	63	327	766	440	9	3	50
uniq_77344	AY212760.1	0.938636	27	316	755	440	9	3	50
uniq_78820	AF287770.1	0.934091	29	325	763	440	9	3	50
uniq_78925	AF201981.1	0.961364	17	327	766	440	9	3	50
uniq_80141	AM419984.1	0.863636	60	309	749	440	9	3	50
uniq_80242	AF432136.1	0.863636	60	319	783	440	9	3	50
uniq_80650	AJ229234.1	0.877273	54	318	757	440	9	3	50
uniq_81364	AF385508.1	0.915909	37	327	766	440	9	3	50
uniq_81893	AF292371.1	0.879545	53	311	754	440	9	3	50
uniq_84071	X87276.1	0.888636	49	311	776	440	9	3	50
uniq_84688	AY369254.1	0.870455	57	309	773	440	9	3	50
uniq_84877	AF201981.1	0.945455	24	327	766	440	9	3	50
uniq_86578	AB089111.1	0.888636	49	313	752	440	9	3	50
uniq_86823	AF287770.1	0.952273	21	325	763	440	9	3	50
uniq_87858	AF287770.1	0.938636	27	325	763	440	9	3	50
uniq_88296	AF287777.1	0.959091	18	326	765	440	9	3	50
uniq_89669	AF201981.1	0.965909	15	327	766	440	9	3	50
uniq_90263	AY321375.1	0.884091	51	327	792	440	9	3	50
uniq_90909	AY472116.1	0.877273	54	307	771	440	9	3	50
uniq_91028	AF385510.1	0.890909	48	326	765	440	9	3	50
uniq_91340	AF094731.1	0.900000	44	307	771	440	9	3	50
uniq_91349	AF385577.1	0.906818	41	329	768	440	9	3	50
uniq_91557	AJ292684.1	0.954545	20	299	738	440	9	3	50
uniq_91753	AF287777.1	0.954545	20	326	765	440	9	3	50
uniq_92355	AM396914.1	0.884091	51	307	771	440	9	3	50
uniq_93152	AY328582.1	0.956818	19	281	720	440	9	3	50
uniq_93772	AB076677.1	0.897727	45	310	750	440	9	3	50
uniq_93835	AY330126.1	0.890909	48	327	766	440	9	3	50
uniq_93942	AF419661.1	0.886364	50	413	852	440	9	3	50
uniq_94243	AF201981.1	0.970455	13	327	766	440	9	3	50
uniq_94250	AF201981.1	0.911364	39	327	766	440	9	3	50
uniq_94502	AF385508.1	0.968182	14	327	766	440	9	3	50
uniq_94530	EF512007.1	0.859091	62	313	777	440	9	3	50
uniq_94905	AF385559.1	0.868182	58	326	764	440	9	3	50
uniq_95221	AJ292582.1	0.965909	15	293	732	440	9	3	50
uniq_95808	AF385577.1	0.945455	24	329	768	440	9	3	50
uniq_96074	AF385510.1	0.877273	54	326	765	440	9	3	50
uniq_96266	EU670056.1	0.888636	49	320	779	440	9	3	50
uniq_96742	AF287770.1	0.915909	37	325	763	440	9	3	50
uniq_96822	AY349369.1	0.970455	13	328	767	440	9	3	50
uniq_96939	AF201981.1	0.968182	14	327	766	440	9	3	50
uniq_96979	AF292371.1	0.865909	59	311	754	440	9	3	50
uniq_97107	AF074384.1	0.872727	56	307	771	440	9	3	50
uniq_97135	AF481206.1	0.897727	45	317	776	440	9	3	50
uniq_97235	AF481222.1	0.956818	19	325	764	440	9	3	50
uniq_97757	AF201981.1	0.902273	43	327	766	440	9	3	50
uniq_98225	AF287777.1	0.959091	18	326	765	440	9	3	50
uniq_98333	AF292996.1	0.968182	14	279	718	440	9	3	50
uniq_98460	AY230771.1	0.927273	32	325	764	440	9	3	50
uniq_98598	AF385510.1	0.918182	36	326	765	440	9	3	50
uniq_98772	EF512007.1	0.856818	63	313	777	440	9	3	50
uniq_99235	AY044915.1	0.881818	52	314	772	440	9	3	50
uniq_99619	AF481220.1	0.968182	14	326	765	440	9	3	50
uniq_99707	AJ308396.1	0.897727	45	327	766	440	9	3	50
uniq_99761	AF057645.1	0.877273	54	307	771	440	9	3	50
uniq_01569	X80841.1	0.940774	26	330	768	439	9	3	50
uniq_09358	EF510424.1	0.879271	53	332	796	439	9	3	50
uniq_100063	EF510424.1	0.876993	54	332	796	439	9	3	50
uniq_100264	AY207059.1	0.961276	17	326	764	439	9	3	50
uniq_100823	DQ160208.1	0.968109	14	342	780	439	9	3	50
uniq_100967	AF292371.1	0.908884	40	311	754	439	9	3	50
uniq_101115	AF385559.1	0.881549	52	326	764	439	9	3	50
uniq_107225	EU071543.1	0.899772	44	298	740	439	9	3	50
uniq_107339	DQ160208.1	0.961276	17	342	780	439	9	3	50
uniq_107680	AJ576350.1	0.911162	39	327	766	439	9	3	50
uniq_108116	AF287775.1	0.904328	42	327	766	439	9	3	50
uniq_108203	DQ160208.1	0.963554	16	342	780	439	9	3	50
uniq_108867	AY207059.1	0.968109	14	326	764	439	9	3	50
uniq_109618	AY207059.1	0.963554	16	326	764	439	9	3	50
uniq_110487	X71853.1	0.870159	57	328	767	439	9	3	50
uniq_110525	AF292371.1	0.927107	32	311	754	439	9	3	50
uniq_110560	AJ576350.1	0.890661	48	327	766	439	9	3	50
uniq_110827	AF432130.1	0.917995	36	298	740	439	9	3	50
uniq_111283	AF287761.1	0.949886	22	326	767	439	9	3	50
uniq_111385	AF537211.1	0.906606	41	328	766	439	9	3	50
uniq_111440	AY162222.1	0.908884	40	312	754	439	9	3	50
uniq_111789	AF287761.1	0.933941	29	326	767	439	9	3	50
uniq_112553	AF432136.1	0.870159	57	319	783	439	9	3	50
uniq_112565	X71853.1	0.892938	47	328	767	439	9	3	50
uniq_112862	X71853.1	0.897494	45	328	767	439	9	3	50
uniq_113239	AY207059.1	0.952164	21	326	764	439	9	3	50
uniq_114040	AM905356.1	0.906606	41	300	742	439	9	3	50
uniq_114338	AF385562.1	0.858770	62	326	765	439	9	3	50
uniq_115526	AF287777.1	0.938497	27	326	765	439	9	3	50
uniq_115696	AY485605.1	0.890661	48	319	783	439	9	3	50
uniq_115799	AY138231.1	0.867882	58	317	781	439	9	3	50
uniq_116599	DQ160208.1	0.970387	13	342	780	439	9	3	50
uniq_116607	DQ160208.1	0.940774	26	342	780	439	9	3	50
uniq_117958	EF603070.1	0.902050	43	319	758	439	9	3	50
uniq_118110	AF287761.1	0.920273	35	326	767	439	9	3	50
uniq_118249	EF510424.1	0.851936	65	332	796	439	9	3	50
uniq_119581	DQ160208.1	0.956720	19	342	780	439	9	3	50
uniq_129328	Y07839.1	0.943052	25	327	765	439	9	3	50
uniq_134781	Y07839.1	0.933941	29	327	765	439	9	3	50
uniq_140144	AF481222.1	0.952164	21	325	764	439	9	3	50
uniq_141307	X71853.1	0.856492	63	328	767	439	9	3	50
uniq_142429	AY533382.1	0.915718	37	348	789	439	9	3	50
uniq_142860	AJ229234.1	0.872437	56	318	757	439	9	3	50
uniq_142924	AY044915.1	0.892938	47	314	772	439	9	3	50
uniq_143128	EF511070.1	0.874715	55	319	783	439	9	3	50
uniq_143868	X71853.1	0.892938	47	328	767	439	9	3	50
uniq_143885	AF292371.1	0.927107	32	311	754	439	9	3	50
uniq_144359	AY207059.1	0.931663	30	326	764	439	9	3	50
uniq_144411	EF603070.1	0.897494	45	319	758	439	9	3	50
uniq_144669	AY349402.1	0.847380	67	318	776	439	9	3	50
uniq_145131	AF320283.1	0.988610	5	298	736	439	9	3	50
uniq_145296	AJ229203.1	0.906606	41	326	765	439	9	3	50
uniq_145609	AF432855.1	0.840547	70	327	791	439	9	3	50
uniq_146188	AY207059.1	0.902050	43	326	764	439	9	3	50
uniq_146614	AF385508.1	0.895216	46	327	766	439	9	3	50
uniq_14707	AY007244.1	0.977221	10	300	738	439	9	3	50
uniq_147161	AY207059.1	0.958998	18	326	764	439	9	3	50
uniq_148067	AY207059.1	0.956720	19	326	764	439	9	3	50
uniq_148370	EU071543.1	0.902050	43	298	740	439	9	3	50
uniq_149405	EU071543.1	0.915718	37	298	740	439	9	3	50
uniq_150298	AF385559.1	0.945330	24	326	764	439	9	3	50
uniq_150755	AY207059.1	0.961276	17	326	764	439	9	3	50
uniq_152034	DQ160208.1	0.931663	30	342	780	439	9	3	50
uniq_152323	AF385559.1	0.847380	67	326	764	439	9	3	50
uniq_152541	AY207059.1	0.938497	27	326	764	439	9	3	50
uniq_152546	AF385559.1	0.856492	63	326	764	439	9	3	50
uniq_152752	AY207059.1	0.956720	19	326	764	439	9	3	50
uniq_153127	AF432137.1	0.870159	57	319	783	439	9	3	50
uniq_153225	AY178842.1	0.881549	52	327	766	439	9	3	50
uniq_153311	DQ160208.1	0.965831	15	342	780	439	9	3	50
uniq_153578	AY326462.1	0.872437	56	317	755	439	9	3	50
uniq_154921	DQ160208.1	0.902050	43	342	780	439	9	3	50
uniq_155198	DQ160208.1	0.965831	15	342	780	439	9	3	50
uniq_155569	AY207059.1	0.908884	40	326	764	439	9	3	50
uniq_155802	EF603070.1	0.895216	46	319	758	439	9	3	50
uniq_156216	AF287761.1	0.929385	31	326	767	439	9	3	50
uniq_156983	EF603070.1	0.867882	58	319	758	439	9	3	50
uniq_157035	AY278609.1	0.879271	53	319	783	439	9	3	50
uniq_157048	AJ229203.1	0.892938	47	326	765	439	9	3	50
uniq_158353	EF510424.1	0.899772	44	332	796	439	9	3	50
uniq_160056	DQ160208.1	0.958998	18	342	780	439	9	3	50
uniq_163670	DQ160208.1	0.947608	23	342	780	439	9	3	50
uniq_163706	AY207064.1	0.897494	45	319	783	439	9	3	50
uniq_165322	AY250871.1	0.954442	20	296	734	439	9	3	50
uniq_165635	DQ160208.1	0.954442	20	342	780	439	9	3	50
uniq_16662	AY207059.1	0.958998	18	326	764	439	9	3	50
uniq_173546	DQ160208.1	0.949886	22	342	780	439	9	3	50
uniq_176470	AF385559.1	0.895216	46	326	764	439	9	3	50
uniq_179340	DQ160208.1	0.936219	28	342	780	439	9	3	50
uniq_180971	DQ160208.1	0.961276	17	342	780	439	9	3	50
uniq_181164	AJ576354.1	0.911162	39	327	766	439	9	3	50
uniq_181709	AF408257.1	0.867882	58	320	783	439	9	3	50
uniq_183265	AF408269.1	0.943052	25	326	763	439	9	3	50
uniq_199621	AF385497.1	0.913440	38	324	788	439	9	3	50
uniq_200315	AY207064.1	0.872437	56	319	783	439	9	3	50
uniq_200846	AF130887.1	0.981777	8	937	1374	439	9	3	50
uniq_205894	AF432136.1	0.895216	46	319	783	439	9	3	50
uniq_206768	AJ308396.1	0.851936	65	327	766	439	9	3	50
uniq_207023	AF183404.1	0.861048	61	320	779	439	9	3	50
uniq_208352	DQ160208.1	0.947608	23	342	780	439	9	3	50
uniq_208825	AF408257.1	0.863326	60	320	783	439	9	3	50
uniq_210159	AF408257.1	0.883827	51	320	783	439	9	3	50
uniq_214646	AY207059.1	0.965831	15	326	764	439	9	3	50
uniq_215546	Y18185.1	0.895216	46	327	766	439	9	3	50
uniq_216325	AY533382.1	0.927107	32	348	789	439	9	3	50
uniq_216977	AF183404.1	0.861048	61	320	779	439	9	3	50
uniq_218300	AJ308396.1	0.865604	59	327	766	439	9	3	50
uniq_218366	AY349403.1	0.876993	54	328	792	439	9	3	50
uniq_219446	EF510424.1	0.867882	58	332	796	439	9	3	50
uniq_220194	EF603070.1	0.881549	52	319	758	439	9	3	50
uniq_220438	AJ229234.1	0.895216	46	318	757	439	9	3	50
uniq_220632	AY349403.1	0.886105	50	328	792	439	9	3	50
uniq_221119	DQ160208.1	0.883827	51	342	780	439	9	3	50
uniq_221251	AY230771.1	0.920273	35	325	764	439	9	3	50
uniq_221436	AJ229203.1	0.906606	41	326	765	439	9	3	50
uniq_221566	AY341820.1	0.845103	68	324	788	439	9	3	50
uniq_221766	DQ160208.1	0.927107	32	342	780	439	9	3	50
uniq_222024	AF201981.1	0.954442	20	327	766	439	9	3	50
uniq_222193	AJ229234.1	0.879271	53	318	757	439	9	3	50
uniq_222584	Y13364.1	0.879271	53	323	787	439	9	3	50
uniq_223328	AF385577.1	0.886105	50	329	768	439	9	3	50
uniq_223390	AF183404.1	0.874715	55	320	779	439	9	3	50
uniq_224053	AY699594.1	0.988610	5	936	1374	439	9	3	50
uniq_224496	EF603070.1	0.881549	52	319	758	439	9	3	50
uniq_225484	AF385508.1	0.872437	56	327	766	439	9	3	50
uniq_226554	AY212760.1	0.879271	53	316	755	439	9	3	50
uniq_226794	AF385508.1	0.933941	29	327	766	439	9	3	50
uniq_226840	DQ160208.1	0.940774	26	342	780	439	9	3	50
uniq_228701	AY349403.1	0.906606	41	328	792	439	9	3	50
uniq_228816	X71853.1	0.895216	46	328	767	439	9	3	50
uniq_229069	AY341820.1	0.851936	65	324	788	439	9	3	50
uniq_229926	AF499906.1	0.911162	39	327	766	439	9	3	50
uniq_230031	EU071543.1	0.876993	54	298	740	439	9	3	50
uniq_230106	EF510424.1	0.897494	45	332	796	439	9	3	50
uniq_230642	AF292371.1	0.920273	35	311	754	439	9	3	50
uniq_231903	AF287761.1	0.906606	41	326	767	439	9	3	50
uniq_232200	AY612844.1	0.833713	73	317	781	439	9	3	50
uniq_232275	AY326462.1	0.847380	67	317	755	439	9	3	50
uniq_232431	AY442823.1	0.904328	42	327	766	439	9	3	50
uniq_232565	AF385550.1	0.858770	62	317	781	439	9	3	50
uniq_232612	AY278618.1	0.890661	48	326	765	439	9	3	50
uniq_233490	DQ160208.1	0.949886	22	342	780	439	9	3	50
uniq_233767	AY212760.1	0.897494	45	316	755	439	9	3	50
uniq_233797	EF510424.1	0.851936	65	332	796	439	9	3	50
uniq_234048	AJ229234.1	0.867882	58	318	757	439	9	3	50
uniq_234301	DQ160208.1	0.861048	61	342	780	439	9	3	50
uniq_234383	EF510424.1	0.870159	57	332	796	439	9	3	50
uniq_234406	AF385510.1	0.929385	31	326	765	439	9	3	50
uniq_234481	AF287761.1	0.899772	44	326	767	439	9	3	50
uniq_234577	Y11568.1	0.933941	29	327	766	439	9	3	50
uniq_235067	AF432137.1	0.856492	63	319	783	439	9	3	50
uniq_235194	AF385520.1	0.829157	75	350	791	439	9	3	50
uniq_235746	AF385520.1	0.824601	77	350	791	439	9	3	50
uniq_235879	AF385577.1	0.876993	54	329	768	439	9	3	50
uniq_236397	AJ229234.1	0.886105	50	318	757	439	9	3	50
uniq_237521	AF385559.1	0.933941	29	326	764	439	9	3	50
uniq_238319	AY341820.1	0.892938	47	324	788	439	9	3	50
uniq_239505	AB021157.1	0.810934	83	317	775	439	9	3	50
uniq_239713	EF510424.1	0.861048	61	332	796	439	9	3	50
uniq_239829	AY330126.1	0.865604	59	327	766	439	9	3	50
uniq_240914	AF385520.1	0.854214	64	350	791	439	9	3	50
uniq_241865	AB076677.1	0.911162	39	310	750	439	9	3	50
uniq_24230	AF385510.1	0.908884	40	326	765	439	9	3	50
uniq_242862	AY138231.1	0.858770	62	317	781	439	9	3	50
uniq_242888	EF510424.1	0.902050	43	332	796	439	9	3	50
uniq_243316	AF543300.1	0.899772	44	311	753	439	9	3	50
uniq_243490	X71853.1	0.849658	66	328	767	439	9	3	50
uniq_245086	EF603070.1	0.865604	59	319	758	439	9	3	50
uniq_245641	DQ160208.1	0.974943	11	342	780	439	9	3	50
uniq_245995	EF510424.1	0.892938	47	332	796	439	9	3	50
uniq_247721	AF385559.1	0.974943	11	326	764	439	9	3	50
uniq_250184	AF287777.1	0.899772	44	326	765	439	9	3	50
uniq_250530	AF432137.1	0.870159	57	319	783	439	9	3	50
uniq_253572	EF603070.1	0.872437	56	319	758	439	9	3	50
uniq_253589	AF157053.1	0.879271	53	327	765	439	9	3	50
uniq_254222	DQ160208.1	0.927107	32	342	780	439	9	3	50
uniq_255772	EU188914.1	0.892938	47	281	720	439	9	3	50
uniq_256567	AY278618.1	0.867882	58	326	765	439	9	3	50
uniq_260212	AF385559.1	0.972665	12	326	764	439	9	3	50
uniq_264687	DQ160208.1	0.952164	21	342	780	439	9	3	50
uniq_268718	DQ160208.1	0.958998	18	342	780	439	9	3	50
uniq_269507	AF287761.1	0.936219	28	326	767	439	9	3	50
uniq_271879	EF603070.1	0.876993	54	319	758	439	9	3	50
uniq_272364	AF385559.1	0.970387	13	326	764	439	9	3	50
uniq_272377	AF481225.1	0.988610	5	328	766	439	9	3	50
uniq_276350	AF538859.1	0.933941	29	329	767	439	9	3	50
uniq_277102	AF385559.1	0.883827	51	326	764	439	9	3	50
uniq_277406	Y07840.1	0.977221	10	326	764	439	9	3	50
uniq_278163	EF612765.1	0.876993	54	283	722	439	9	3	50
uniq_283956	AF385510.1	0.906606	41	326	765	439	9	3	50
uniq_284794	AY134901.1	0.874715	55	327	791	439	9	3	50
uniq_285412	AF385508.1	0.890661	48	327	766	439	9	3	50
uniq_285477	Y09219.1	0.899772	44	917	1353	439	9	3	50
uniq_285510	AY212760.1	0.902050	43	316	755	439	9	3	50
uniq_286070	AJ229203.1	0.886105	50	326	765	439	9	3	50
uniq_287011	AY326462.1	0.890661	48	317	755	439	9	3	50
uniq_287937	Y11568.1	0.883827	51	327	766	439	9	3	50
uniq_287949	X71855.1	0.892938	47	327	766	439	9	3	50
uniq_288898	EF510424.1	0.892938	47	332	796	439	9	3	50
uniq_289740	AF432141.1	0.838269	71	350	791	439	9	3	50
uniq_292667	X71855.1	0.892938	47	327	766	439	9	3	50
uniq_292974	AF287777.1	0.920273	35	326	765	439	9	3	50
uniq_294325	AF287777.1	0.874715	55	326	765	439	9	3	50
uniq_294651	DQ160208.1	0.897494	45	342	780	439	9	3	50
uniq_296910	AF385550.1	0.872437	56	317	781	439	9	3	50
uniq_298010	AY162222.1	0.897494	45	312	754	439	9	3	50
uniq_299388	AJ229234.1	0.881549	52	318	757	439	9	3	50
uniq_299736	EF511070.1	0.872437	56	319	783	439	9	3	50
uniq_300286	AF183404.1	0.890661	48	320	779	439	9	3	50
uniq_302172	X71853.1	0.883827	51	328	767	439	9	3	50
uniq_303248	Y18185.1	0.881549	52	327	766	439	9	3	50
uniq_304225	AM420197.1	0.849658	66	317	781	439	9	3	50
uniq_304693	AJ408969.1	0.902050	43	328	767	439	9	3	50
uniq_305526	AY212760.1	0.927107	32	316	755	439	9	3	50
uniq_309839	AF432130.1	0.920273	35	298	740	439	9	3	50
uniq_310484	AY207059.1	0.931663	30	326	764	439	9	3	50
uniq_312293	AY326462.1	0.890661	48	317	755	439	9	3	50
uniq_312845	EF603070.1	0.899772	44	319	758	439	9	3	50
uniq_313137	AF385559.1	0.899772	44	326	764	439	9	3	50
uniq_313745	EF509150.1	0.902050	43	310	752	439	9	3	50
uniq_315631	AF132274.1	0.881549	52	327	764	439	9	3	50
uniq_316326	AF385559.1	0.892938	47	326	764	439	9	3	50
uniq_317258	AF385518.1	0.890661	48	308	750	439	9	3	50
uniq_317472	AY278609.1	0.874715	55	319	783	439	9	3	50
uniq_317822	AY207059.1	0.961276	17	326	764	439	9	3	50
uniq_318303	AF432130.1	0.892938	47	298	740	439	9	3	50
uniq_318555	AF157053.1	0.895216	46	327	765	439	9	3	50
uniq_319791	DQ160208.1	0.956720	19	342	780	439	9	3	50
uniq_320340	AF385559.1	0.883827	51	326	764	439	9	3	50
uniq_320405	AF385559.1	0.879271	53	326	764	439	9	3	50
uniq_321119	AY278609.1	0.840547	70	319	783	439	9	3	50
uniq_321443	AF385559.1	0.872437	56	326	764	439	9	3	50
uniq_321763	AF385520.1	0.863326	60	350	791	439	9	3	50
uniq_321903	DQ160208.1	0.952164	21	342	780	439	9	3	50
uniq_322164	AY207059.1	0.872437	56	326	764	439	9	3	50
uniq_323043	AF385508.1	0.913440	38	327	766	439	9	3	50
uniq_323643	AY207059.1	0.938497	27	326	764	439	9	3	50
uniq_323850	AY207059.1	0.897494	45	326	764	439	9	3	50
uniq_324099	AF385559.1	0.883827	51	326	764	439	9	3	50
uniq_324358	EU071543.1	0.879271	53	298	740	439	9	3	50
uniq_324567	DQ160208.1	0.899772	44	342	780	439	9	3	50
uniq_325203	AY207059.1	0.920273	35	326	764	439	9	3	50
uniq_325932	DQ160208.1	0.940774	26	342	780	439	9	3	50
uniq_326732	AY278618.1	0.922551	34	326	765	439	9	3	50
uniq_326976	AY207059.1	0.961276	17	326	764	439	9	3	50
uniq_327086	DQ160208.1	0.963554	16	342	780	439	9	3	50
uniq_327172	AY278618.1	0.895216	46	326	765	439	9	3	50
uniq_327568	AF385510.1	0.965831	15	326	765	439	9	3	50
uniq_327649	AF432130.1	0.890661	48	298	740	439	9	3	50
uniq_328086	X71853.1	0.895216	46	328	767	439	9	3	50
uniq_329770	AY207059.1	0.940774	26	326	764	439	9	3	50
uniq_329830	EF603070.1	0.890661	48	319	758	439	9	3	50
uniq_330788	AF538859.1	0.879271	53	329	767	439	9	3	50
uniq_331090	EU071543.1	0.927107	32	298	740	439	9	3	50
uniq_331164	AF534573.1	0.888383	49	280	719	439	9	3	50
uniq_331312	EU071543.1	0.895216	46	298	740	439	9	3	50
uniq_331517	AY598817.1	0.888383	49	279	718	439	9	3	50
uniq_331709	AJ313019.1	0.824601	77	281	720	439	9	3	50
uniq_331755	AF408257.1	0.874715	55	320	783	439	9	3	50
uniq_331950	AF525838.1	0.892938	47	279	718	439	9	3	50
uniq_331955	AY034028.1	0.883827	51	279	718	439	9	3	50
uniq_332029	AF534573.1	0.892938	47	280	719	439	9	3	50
uniq_332432	AF054930.1	0.890661	48	279	718	439	9	3	50
uniq_332629	AF132274.1	0.915718	37	327	764	439	9	3	50
uniq_332652	AF292371.1	0.917995	36	311	754	439	9	3	50
uniq_332750	X71853.1	0.904328	42	328	767	439	9	3	50
uniq_332762	EF510424.1	0.895216	46	332	796	439	9	3	50
uniq_332839	DQ160208.1	0.940774	26	342	780	439	9	3	50
uniq_333277	AF534573.1	0.902050	43	280	719	439	9	3	50
uniq_333335	D14506.1	0.897494	45	279	718	439	9	3	50
uniq_333743	AJ229203.1	0.897494	45	326	765	439	9	3	50
uniq_333774	DQ160208.1	0.956720	19	342	780	439	9	3	50
uniq_334035	AF534573.1	0.886105	50	280	719	439	9	3	50
uniq_334967	AY277938.1	0.847380	67	327	791	439	9	3	50
uniq_335077	D14506.1	0.917995	36	279	718	439	9	3	50
uniq_335199	EF511070.1	0.863326	60	319	782	439	9	3	50
uniq_336850	AY598817.1	0.838269	71	279	718	439	9	3	50
uniq_337087	X67221.1	0.838269	71	279	718	439	9	3	50
uniq_337240	AF534573.1	0.902050	43	280	719	439	9	3	50
uniq_337572	AF534573.1	0.883827	51	280	719	439	9	3	50
uniq_337992	AY277938.1	0.881549	52	327	791	439	9	3	50
uniq_338122	AY349402.1	0.881549	52	318	776	439	9	3	50
uniq_338471	AJ576350.1	0.895216	46	327	766	439	9	3	50
uniq_338551	AF525838.1	0.863326	60	279	718	439	9	3	50
uniq_338573	AJ318163.1	0.883827	51	281	720	439	9	3	50
uniq_338658	AF408257.1	0.874715	55	320	783	439	9	3	50
uniq_339507	DQ160208.1	0.913440	38	342	780	439	9	3	50
uniq_340062	AF287761.1	0.895216	46	326	767	439	9	3	50
uniq_340514	AJ318163.1	0.890661	48	281	720	439	9	3	50
uniq_340659	AF525838.1	0.854214	64	279	718	439	9	3	50
uniq_340796	AB098586.1	0.874715	55	280	719	439	9	3	50
uniq_341710	AF408257.1	0.856492	63	320	783	439	9	3	50
uniq_341747	AJ318163.1	0.881549	52	281	720	439	9	3	50
uniq_342592	AY212760.1	0.913440	38	316	755	439	9	3	50
uniq_343468	AY349402.1	0.835991	72	318	776	439	9	3	50
uniq_344062	AY331575.1	0.895216	46	279	718	439	9	3	50
uniq_344159	AY277938.1	0.865604	59	327	791	439	9	3	50
uniq_344513	AF287761.1	0.936219	28	326	767	439	9	3	50
uniq_345373	AF534573.1	0.881549	52	280	719	439	9	3	50
uniq_345892	AF534573.1	0.874715	55	280	719	439	9	3	50
uniq_346316	AY044915.1	0.895216	46	314	772	439	9	3	50
uniq_348508	AY349371.1	0.911162	39	306	747	439	9	3	50
uniq_352121	AF292374.1	0.915718	37	310	755	439	9	3	50
uniq_354955	DQ160208.1	0.940774	26	342	780	439	9	3	50
uniq_358461	AF499908.1	0.902050	43	336	777	439	9	3	50
uniq_361679	AJ622907.1	0.879271	53	317	762	439	9	3	50
uniq_365676	AF408269.1	0.945330	24	326	763	439	9	3	50
uniq_365936	DQ532161.1	0.943052	25	326	764	439	9	3	50
uniq_374455	EF157268.1	0.984055	7	311	752	439	9	3	50
uniq_375569	AY207059.1	0.895216	46	326	764	439	9	3	50
uniq_380407	AY150047.1	0.979499	9	281	720	439	9	3	50
uniq_383625	AY134899.1	0.929385	31	327	765	439	9	3	50
uniq_394093	X71853.1	0.897494	45	328	767	439	9	3	50
uniq_394783	EF510424.1	0.874715	55	332	796	439	9	3	50
uniq_397239	AY138233.1	0.867882	58	319	783	439	9	3	50
uniq_398543	AJ227795.1	0.854214	64	281	720	439	9	3	50
uniq_398593	U13037.1	0.945330	24	326	766	439	9	3	50
uniq_398605	DQ160208.1	0.958998	18	342	780	439	9	3	50
uniq_398617	DQ160208.1	0.956720	19	342	780	439	9	3	50
uniq_398807	AF385559.1	0.947608	23	326	764	439	9	3	50
uniq_398814	AY326462.1	0.879271	53	317	755	439	9	3	50
uniq_398937	AY323523.1	0.920273	35	326	764	439	9	3	50
uniq_398979	DQ160208.1	0.963554	16	342	780	439	9	3	50
uniq_399279	DQ160208.1	0.911162	39	342	780	439	9	3	50
uniq_399443	AJ227759.1	0.895216	46	281	720	439	9	3	50
uniq_399604	AY207060.1	0.915718	37	322	763	439	9	3	50
uniq_399674	AJ227795.1	0.915718	37	281	720	439	9	3	50
uniq_399841	AY485603.1	0.863326	60	317	781	439	9	3	50
uniq_399954	AJ227770.1	0.881549	52	281	720	439	9	3	50
uniq_400078	DQ825665.1	0.886105	50	281	720	439	9	3	50
uniq_400117	AF481209.1	0.867882	58	335	799	439	9	3	50
uniq_400379	AY445131.1	0.863326	60	332	796	439	9	3	50
uniq_400386	DQ160208.1	0.958998	18	342	780	439	9	3	50
uniq_400516	DQ160208.1	0.936219	28	342	780	439	9	3	50
uniq_400950	EF510424.1	0.876993	54	332	796	439	9	3	50
uniq_401054	AF292371.1	0.931663	30	311	754	439	9	3	50
uniq_401126	AJ227795.1	0.874715	55	281	720	439	9	3	50
uniq_401326	AF385559.1	0.922551	34	326	764	439	9	3	50
uniq_401331	EU071543.1	0.913440	38	298	740	439	9	3	50
uniq_401444	AJ227795.1	0.886105	50	281	720	439	9	3	50
uniq_401527	AY533381.1	0.913440	38	325	766	439	9	3	50
uniq_401792	AF287760.1	0.897494	45	311	752	439	9	3	50
uniq_401834	AY277938.1	0.854214	64	327	791	439	9	3	50
uniq_402218	AY444977.1	0.847380	67	281	720	439	9	3	50
uniq_402390	AF183404.1	0.858770	62	320	779	439	9	3	50
uniq_402543	AY207060.1	0.938497	27	322	763	439	9	3	50
uniq_402687	AF292371.1	0.895216	46	311	754	439	9	3	50
uniq_402983	AY207059.1	0.881549	52	326	764	439	9	3	50
uniq_403150	AJ227786.1	0.911162	39	281	720	439	9	3	50
uniq_403404	DQ160208.1	0.931663	30	342	780	439	9	3	50
uniq_403563	AY207064.1	0.856492	63	319	783	439	9	3	50
uniq_403875	AF385559.1	0.958998	18	326	764	439	9	3	50
uniq_404094	AF543291.1	0.856492	63	314	776	439	9	3	50
uniq_404413	AJ227766.1	0.863326	60	281	720	439	9	3	50
uniq_404417	AY277938.1	0.876993	54	327	791	439	9	3	50
uniq_404763	AJ227770.1	0.892938	47	281	720	439	9	3	50
uniq_404796	AM420148.1	0.883827	51	327	791	439	9	3	50
uniq_404926	AF385559.1	0.902050	43	326	764	439	9	3	50
uniq_404944	DQ825665.1	0.881549	52	281	720	439	9	3	50
uniq_404982	DQ160208.1	0.888383	49	342	780	439	9	3	50
uniq_405106	AF385559.1	0.933941	29	326	764	439	9	3	50
uniq_405214	AY533381.1	0.915718	37	325	766	439	9	3	50
uniq_405344	AY326462.1	0.870159	57	317	755	439	9	3	50
uniq_405356	DQ825665.1	0.842825	69	281	720	439	9	3	50
uniq_405495	AY533381.1	0.911162	39	325	766	439	9	3	50
uniq_405668	AY445131.1	0.858770	62	332	796	439	9	3	50
uniq_405707	U13038.1	0.927107	32	326	766	439	9	3	50
uniq_405946	DQ160208.1	0.965831	15	342	780	439	9	3	50
uniq_406298	DQ160208.1	0.961276	17	342	780	439	9	3	50
uniq_406307	AY533381.1	0.940774	26	325	766	439	9	3	50
uniq_406329	AF201981.1	0.947608	23	327	766	439	9	3	50
uniq_406508	AF385559.1	0.965831	15	326	764	439	9	3	50
uniq_406645	AJ251215.1	0.902050	43	326	767	439	9	3	50
uniq_407035	AF245033.1	0.879271	53	281	720	439	9	3	50
uniq_407041	AJ227786.1	0.915718	37	281	720	439	9	3	50
uniq_407212	AF287761.1	0.906606	41	326	767	439	9	3	50
uniq_407790	AY533381.1	0.922551	34	325	766	439	9	3	50
uniq_407876	AY533381.1	0.899772	44	325	766	439	9	3	50
uniq_408105	AB166881.1	0.874715	55	279	718	439	9	3	50
uniq_408173	AF385543.1	0.938497	27	326	764	439	9	3	50
uniq_408548	AY207064.1	0.897494	45	319	783	439	9	3	50
uniq_42741	DQ160208.1	0.915718	37	342	780	439	9	3	50
uniq_50605	AB075771.1	0.979499	9	293	729	439	9	3	50
uniq_52642	AF292375.1	0.899772	44	310	749	439	9	3	50
uniq_54883	AY438672.1	0.963554	16	300	738	439	9	3	50
uniq_56061	AB034015.1	0.965831	15	328	766	439	9	3	50
uniq_59917	AY349402.1	0.854214	64	318	776	439	9	3	50
uniq_63125	AF287777.1	0.879271	53	326	765	439	9	3	50
uniq_66117	AF408257.1	0.847380	67	320	783	439	9	3	50
uniq_68361	AF499908.1	0.904328	42	336	777	439	9	3	50
uniq_72304	AY134904.1	0.917995	36	326	767	439	9	3	50
uniq_74766	AF292371.1	0.902050	43	311	754	439	9	3	50
uniq_75326	EF510424.1	0.851936	65	332	796	439	9	3	50
uniq_75945	AF292371.1	0.879271	53	311	754	439	9	3	50
uniq_80247	AF481212.1	0.938497	27	326	767	439	9	3	50
uniq_83018	DQ160208.1	0.929385	31	342	780	439	9	3	50
uniq_84972	DQ160208.1	0.890661	48	342	780	439	9	3	50
uniq_87489	AF408257.1	0.897494	45	320	783	439	9	3	50
uniq_94219	AF432136.1	0.840547	70	319	783	439	9	3	50
uniq_94238	AY212760.1	0.890661	48	316	755	439	9	3	50
uniq_94511	AJ229203.1	0.895216	46	326	765	439	9	3	50
uniq_96388	AY207059.1	0.920273	35	326	764	439	9	3	50
uniq_96750	AY207059.1	0.904328	42	326	764	439	9	3	50
uniq_97263	AY312403.1	0.872437	56	318	759	439	9	3	50
uniq_98319	AF385510.1	0.913440	38	326	765	439	9	3	50
uniq_98573	AY278618.1	0.970387	13	326	765	439	9	3	50
uniq_99443	AY207059.1	0.897494	45	326	764	439	9	3	50
uniq_99536	AF385559.1	0.892938	47	326	764	439	9	3	50
uniq_102840	AF408269.1	0.926941	32	326	763	438	9	3	50
uniq_106179	AF408269.1	0.984018	7	326	763	438	9	3	50
uniq_130537	AB294338.1	0.885845	50	917	1354	438	9	3	50
uniq_140486	AB015542.1	0.789954	92	314	754	438	9	3	50
uniq_142201	EF603070.1	0.835616	72	319	758	438	9	3	50
uniq_143711	EU670056.1	0.835616	72	320	779	438	9	3	50
uniq_144943	AY008310.1	0.844749	68	318	777	438	9	3	50
uniq_145719	AY349385.1	0.885845	50	308	750	438	9	3	50
uniq_146337	AY134905.1	0.771689	100	318	777	438	9	3	50
uniq_147173	AY349376.1	0.910959	39	327	766	438	9	3	50
uniq_148931	AF385567.1	0.794521	90	329	768	438	9	3	50
uniq_151755	EF512007.1	0.858447	62	313	777	438	9	3	50
uniq_156666	AF481222.1	0.906393	41	325	764	438	9	3	50
uniq_158099	AM277334.1	0.858447	62	367	787	438	9	3	50
uniq_178859	AB076677.1	0.869863	57	310	750	438	9	3	50
uniq_186084	AF408269.1	0.952055	21	326	763	438	9	3	50
uniq_20561	EF510383.1	0.847032	67	321	785	438	9	3	50
uniq_211065	U65583.1	0.842466	69	315	779	438	9	3	50
uniq_223194	DQ113683.1	0.833333	73	300	738	438	9	3	50
uniq_224171	AY349395.1	0.815068	81	320	779	438	9	3	50
uniq_225512	AF432137.1	0.863014	60	319	783	438	9	3	50
uniq_225735	AF385571.1	0.874429	55	307	746	438	9	3	50
uniq_229475	AF385519.1	0.815068	81	320	779	438	9	3	50
uniq_232529	AM419984.1	0.856164	63	309	749	438	9	3	50
uniq_234382	AF408269.1	0.958904	18	326	763	438	9	3	50
uniq_236029	AF292371.1	0.890411	48	311	754	438	9	3	50
uniq_236860	AY349393.1	0.769406	101	320	779	438	9	3	50
uniq_240332	EF510424.1	0.872146	56	332	796	438	9	3	50
uniq_242302	AY207050.1	0.817352	80	320	779	438	9	3	50
uniq_272037	AF408269.1	0.940639	26	326	763	438	9	3	50
uniq_277346	AF408269.1	0.965753	15	326	763	438	9	3	50
uniq_278424	DQ517285.1	0.981735	8	939	1376	438	9	3	50
uniq_294155	AJ233428.1	0.926941	32	941	1378	438	9	3	50
uniq_317653	AY230771.1	0.901826	43	325	764	438	9	3	50
uniq_319823	AF432138.1	0.892694	47	308	750	438	9	3	50
uniq_321280	AF385510.1	0.869863	57	326	765	438	9	3	50
uniq_327538	AF385518.1	0.892694	47	308	750	438	9	3	50
uniq_330999	AJ508455.1	0.851598	65	315	755	438	9	3	50
uniq_333012	AY598817.1	0.869863	57	279	718	438	9	3	50
uniq_342063	AJ290755.1	0.885845	50	315	779	438	9	3	50
uniq_344408	AJ012210.1	0.894977	46	279	718	438	9	3	50
uniq_373761	AF030452.1	0.904110	42	312	747	438	9	3	50
uniq_379399	AF130928.1	0.972603	12	938	1375	438	9	3	50
uniq_398597	AF385519.1	0.835616	72	320	779	438	9	3	50
uniq_402028	AF394174.1	0.915525	37	281	720	438	9	3	50
uniq_403370	AY349374.1	0.892694	47	327	779	438	9	3	50
uniq_408521	AJ290758.1	0.878995	53	313	777	438	9	3	50
uniq_97987	AF385543.1	0.924658	33	326	764	438	9	3	50
uniq_108532	EF510424.1	0.858124	62	332	796	437	9	3	50
uniq_140769	AY044915.1	0.853547	64	314	772	437	9	3	50
uniq_142567	AY349403.1	0.851259	65	328	792	437	9	3	50
uniq_142873	AF287761.1	0.892449	47	326	767	437	9	3	50
uniq_146762	EF603070.1	0.844394	68	319	758	437	9	3	50
uniq_150671	AY349402.1	0.839817	70	318	776	437	9	3	50
uniq_151906	AY349402.1	0.796339	89	318	776	437	9	3	50
uniq_152266	EF603070.1	0.828375	75	319	758	437	9	3	50
uniq_152800	AF287761.1	0.915332	37	326	767	437	9	3	50
uniq_225044	AM420243.1	0.894737	46	298	740	437	9	3	50
uniq_233088	AY349414.1	0.787185	93	317	780	437	9	3	50
uniq_234665	EU071543.1	0.885584	50	298	740	437	9	3	50
uniq_259634	AF084529.1	0.974828	11	918	1354	437	9	3	50
uniq_298287	AF385550.1	0.848970	66	317	781	437	9	3	50
uniq_324454	Y13364.1	0.883295	51	323	787	437	9	3	50
uniq_398878	DQ160208.1	0.910755	39	342	780	437	9	3	50
uniq_08721	AY493980.1	0.993119	3	944	1379	436	9	3	50
uniq_328498	AF050605.1	0.883028	51	415	849	436	9	3	50
uniq_330346	AF432141.1	0.981609	8	350	781	435	9	3	50
uniq_39309	AF508112.1	0.933333	29	887	1323	435	9	3	50
uniq_285503	AF292371.1	0.896074	45	311	754	433	9	3	50
uniq_276623	EF511611.1	0.939535	26	283	724	430	9	3	50
uniq_220058	AF385521.1	0.858696	65	314	771	460	9	3	50
uniq_220086	AY278611.1	0.913043	40	314	771	460	9	3	50
uniq_220150	AB238922.1	0.845652	71	315	774	460	9	3	50
uniq_220236	AF385565.1	0.952174	22	315	774	460	9	3	50
uniq_220314	AY349393.1	0.971739	13	320	779	460	9	3	50
uniq_220330	AF385565.1	0.952174	22	315	774	460	9	3	50
uniq_220340	AF385512.1	0.932609	31	318	777	460	9	3	50
uniq_220437	AY278621.1	0.891304	50	308	750	460	9	3	50
uniq_220560	AF385515.1	0.930435	32	315	774	460	9	3	50
uniq_220583	EU670056.1	0.952174	22	320	779	460	9	3	50
uniq_220618	AF385512.1	0.960870	18	318	777	460	9	3	50
uniq_220686	AF543297.1	0.858696	65	316	775	460	9	3	50
uniq_220716	EU670056.1	0.930435	32	320	779	460	9	3	50
uniq_220759	AB108825.1	0.932609	31	318	777	460	9	3	50
uniq_220815	AY349374.1	0.854348	67	327	779	460	9	3	50
uniq_220822	AB108826.1	0.921739	36	318	777	460	9	3	50
uniq_220849	AY008308.1	0.923913	35	315	774	460	9	3	50
uniq_220950	AY349395.1	0.910870	41	320	779	460	9	3	50
uniq_220967	AB076677.1	0.880435	55	310	750	460	9	3	50
uniq_221096	AF287816.1	0.841304	73	307	749	460	9	3	50
uniq_221136	AY207050.1	0.900000	46	320	779	460	9	3	50
uniq_221156	AF385519.1	0.915217	39	320	779	460	9	3	50
uniq_221221	AF432133.1	0.928261	33	320	779	460	9	3	50
uniq_221224	AY349393.1	0.921739	36	320	779	460	9	3	50
uniq_221248	AF385519.1	0.958696	19	320	779	460	9	3	50
uniq_221253	AY349384.1	0.863043	63	308	753	460	9	3	50
uniq_221256	AF040719.1	0.913043	40	320	779	460	9	3	50
uniq_221281	AY278624.1	0.906522	43	318	777	460	9	3	50
uniq_221354	AY278614.1	0.915217	39	307	766	460	9	3	50
uniq_221384	AY349402.1	0.921739	36	318	776	460	9	3	50
uniq_221393	AM422125.1	0.913043	40	318	777	460	9	3	50
uniq_221405	AM422125.1	0.930435	32	318	777	460	9	3	50
uniq_221498	AF385563.1	0.847826	70	318	760	460	9	3	50
uniq_221536	AM420011.1	0.926087	34	318	777	460	9	3	50
uniq_221557	EU670056.1	0.923913	35	320	779	460	9	3	50
uniq_221634	AF385510.1	0.841304	73	326	765	460	9	3	50
uniq_221644	EU670056.1	0.941304	27	320	779	460	9	3	50
uniq_221670	AM419984.1	0.882609	54	309	749	460	9	3	50
uniq_221687	AF385564.1	0.858696	65	320	779	460	9	3	50
uniq_221707	AF385521.1	0.836957	75	314	771	460	9	3	50
uniq_221734	AF385512.1	0.947826	24	318	777	460	9	3	50
uniq_221752	AF385510.1	0.865217	62	326	765	460	9	3	50
uniq_221800	AF385551.1	0.943478	26	320	779	460	9	3	50
uniq_221890	AF385551.1	0.939130	28	320	779	460	9	3	50
uniq_221920	AF385564.1	0.895652	48	320	779	460	9	3	50
uniq_221932	AF385519.1	0.950000	23	320	779	460	9	3	50
uniq_221958	EU670056.1	0.930435	32	320	779	460	9	3	50
uniq_221994	AY349395.1	0.915217	39	320	779	460	9	3	50
uniq_222008	AF385512.1	0.900000	46	318	777	460	9	3	50
uniq_222045	AF385515.1	0.932609	31	315	774	460	9	3	50
uniq_222052	AF385551.1	0.936957	29	320	779	460	9	3	50
uniq_222211	AF385551.1	0.973913	12	320	779	460	9	3	50
uniq_222214	AY349395.1	0.847826	70	320	779	460	9	3	50
uniq_222226	AB108826.1	0.910870	41	318	777	460	9	3	50
uniq_222309	AY349393.1	0.941304	27	320	779	460	9	3	50
uniq_222323	AY349395.1	0.956522	20	320	779	460	9	3	50
uniq_222417	AF385519.1	0.943478	26	320	779	460	9	3	50
uniq_222475	EU670056.1	0.954348	21	320	779	460	9	3	50
uniq_222546	AY230771.1	0.865217	62	325	764	460	9	3	50
uniq_222589	AF385519.1	0.904348	44	320	779	460	9	3	50
uniq_222607	AF385564.1	0.913043	40	320	779	460	9	3	50
uniq_222614	AF385519.1	0.941304	27	320	779	460	9	3	50
uniq_222728	AF385515.1	0.950000	23	315	774	460	9	3	50
uniq_222928	AF481222.1	0.867391	61	325	764	460	9	3	50
uniq_222930	AF385519.1	0.921739	36	320	779	460	9	3	50
uniq_222989	AY349374.1	0.873913	58	327	779	460	9	3	50
uniq_223041	AF385519.1	0.923913	35	320	779	460	9	3	50
uniq_223049	AF385551.1	0.945652	25	320	779	460	9	3	50
uniq_223212	AF385563.1	0.852174	68	318	760	460	9	3	50
uniq_223242	AF385512.1	0.950000	23	318	777	460	9	3	50
uniq_223334	AF385564.1	0.941304	27	320	779	460	9	3	50
uniq_223339	AF385515.1	0.950000	23	315	774	460	9	3	50
uniq_223391	AF385564.1	0.893478	49	320	779	460	9	3	50
uniq_223438	AF385519.1	0.882609	54	320	779	460	9	3	50
uniq_223478	AF385551.1	0.919565	37	320	779	460	9	3	50
uniq_223521	AF385519.1	0.945652	25	320	779	460	9	3	50
uniq_223697	EF509159.1	0.856522	66	311	753	460	9	3	50
uniq_223702	AF385520.1	0.917391	38	350	791	460	9	3	50
uniq_223810	AF385551.1	0.939130	28	320	779	460	9	3	50
uniq_223814	EF511101.1	0.856522	66	313	777	460	9	3	50
uniq_223860	AF385564.1	0.860870	64	320	779	460	9	3	50
uniq_223867	AY178635.1	0.876087	57	329	782	460	9	3	50
uniq_223980	AB108825.1	0.934783	30	318	777	460	9	3	50
uniq_224062	AY349393.1	0.954348	21	320	779	460	9	3	50
uniq_224081	AY349393.1	0.895652	48	320	779	460	9	3	50
uniq_224086	AF543275.1	0.915217	39	317	776	460	9	3	50
uniq_224196	AF385551.1	0.973913	12	320	779	460	9	3	50
uniq_224236	AY349395.1	0.945652	25	320	779	460	9	3	50
uniq_224255	AF385564.1	0.910870	41	320	779	460	9	3	50
uniq_224273	AF385519.1	0.958696	19	320	779	460	9	3	50
uniq_224303	AF385564.1	0.917391	38	320	779	460	9	3	50
uniq_224339	AY349402.1	0.860870	64	318	776	460	9	3	50
uniq_224423	AF385519.1	0.939130	28	320	779	460	9	3	50
uniq_224534	EU670056.1	0.915217	39	320	779	460	9	3	50
uniq_224627	AB108825.1	0.973913	12	318	777	460	9	3	50
uniq_224678	AF385512.1	0.958696	19	318	777	460	9	3	50
uniq_224681	EU670056.1	0.945652	25	320	779	460	9	3	50
uniq_224700	AF385564.1	0.939130	28	320	779	460	9	3	50
uniq_224724	AF385551.1	0.900000	46	320	779	460	9	3	50
uniq_224736	AF385551.1	0.969565	14	320	779	460	9	3	50
uniq_224738	AF385551.1	0.941304	27	320	779	460	9	3	50
uniq_224742	AY349393.1	0.941304	27	320	779	460	9	3	50
uniq_224906	AY349395.1	0.952174	22	320	779	460	9	3	50
uniq_224933	AM422125.1	0.910870	41	318	777	460	9	3	50
uniq_225011	EF512007.1	0.884783	53	313	777	460	9	3	50
uniq_225031	AY349374.1	0.921739	36	327	779	460	9	3	50
uniq_225106	AF385551.1	0.973913	12	320	779	460	9	3	50
uniq_225140	EU670056.1	0.919565	37	320	778	460	9	3	50
uniq_225357	EU670056.1	0.943478	26	320	779	460	9	3	50
uniq_225376	AF385564.1	0.965217	16	320	779	460	9	3	50
uniq_225381	AY207050.1	0.945652	25	320	779	460	9	3	50
uniq_225383	AM422125.1	0.921739	36	318	777	460	9	3	50
uniq_225581	AY349395.1	0.919565	37	320	779	460	9	3	50
uniq_225586	AF385551.1	0.947826	24	320	779	460	9	3	50
uniq_225647	AY349402.1	0.856522	66	318	776	460	9	3	50
uniq_225791	AF385518.1	0.873913	58	308	750	460	9	3	50
uniq_225813	EF510383.1	0.850000	69	321	785	460	9	3	50
uniq_225867	AB076677.1	0.873913	58	310	750	460	9	3	50
uniq_225870	AF543275.1	0.902174	45	317	776	460	9	3	50
uniq_225895	AF385512.1	0.921739	36	318	777	460	9	3	50
uniq_225945	AM420011.1	0.923913	35	318	777	460	9	3	50
uniq_226003	AY349395.1	0.850000	69	320	779	460	9	3	50
uniq_226070	AY349395.1	0.928261	33	320	779	460	9	3	50
uniq_226209	AF385551.1	0.952174	22	320	779	460	9	3	50
uniq_226250	AY008314.1	0.889130	51	319	780	460	9	3	50
uniq_226251	AF385551.1	0.871739	59	320	779	460	9	3	50
uniq_226261	AF385564.1	0.950000	23	320	779	460	9	3	50
uniq_226480	EU670056.1	0.893478	49	320	779	460	9	3	50
uniq_226492	EU670056.1	0.967391	15	320	779	460	9	3	50
uniq_226535	EU670056.1	0.941304	27	320	779	460	9	3	50
uniq_226548	EU670056.1	0.847826	70	320	779	460	9	3	50
uniq_226641	AY008309.1	0.860870	64	308	750	460	9	3	50
uniq_226725	AF385564.1	0.873913	58	320	779	460	9	3	50
uniq_226731	AF385564.1	0.923913	35	320	779	460	9	3	50
uniq_226804	AF385551.1	0.897826	47	320	779	460	9	3	50
uniq_226871	AF328155.1	0.893478	49	313	777	460	9	3	50
uniq_226898	EU670056.1	0.934783	30	320	779	460	9	3	50
uniq_226990	AF385551.1	0.936957	29	320	779	460	9	3	50
uniq_226997	AF385521.1	0.871739	59	314	771	460	9	3	50
uniq_227009	AY349395.1	0.943478	26	320	779	460	9	3	50
uniq_227078	AY278621.1	0.871739	59	308	750	460	9	3	50
uniq_227132	AB098612.1	0.832609	77	313	777	460	9	3	50
uniq_227153	AF487886.1	0.867391	61	318	777	460	9	3	50
uniq_227159	AY005072.1	0.936957	29	314	773	460	9	3	50
uniq_227183	AF385551.1	0.939130	28	320	779	460	9	3	50
uniq_227205	AB214328.1	0.897826	47	313	772	460	9	3	50
uniq_227266	AF385510.1	0.852174	68	326	765	460	9	3	50
uniq_227369	AY278621.1	0.852174	68	308	750	460	9	3	50
uniq_227398	AF385564.1	0.941304	27	320	779	460	9	3	50
uniq_227408	AF385564.1	0.926087	34	320	779	460	9	3	50
uniq_227483	AY008691.1	0.923913	35	317	776	460	9	3	50
uniq_227718	AF385564.1	0.919565	37	320	779	460	9	3	50
uniq_227862	EU670056.1	0.895652	48	320	779	460	9	3	50
uniq_227920	AF543286.1	0.919565	37	327	786	460	9	3	50
uniq_227956	EU670056.1	0.895652	48	320	779	460	9	3	50
uniq_228150	AY349396.1	0.886957	52	318	777	460	9	3	50
uniq_228243	AM420011.1	0.884783	53	318	777	460	9	3	50
uniq_228299	AY349403.1	0.876087	57	328	792	460	9	3	50
uniq_228320	AF385564.1	0.856522	66	320	779	460	9	3	50
uniq_228379	EU670056.1	0.958696	19	320	779	460	9	3	50
uniq_228421	AB108826.1	0.930435	32	318	777	460	9	3	50
uniq_228431	AF385551.1	0.928261	33	320	779	460	9	3	50
uniq_228520	EU670056.1	0.873913	58	320	779	460	9	3	50
uniq_228669	AF385512.1	0.945652	25	318	777	460	9	3	50
uniq_228686	AF385551.1	0.967391	15	320	779	460	9	3	50
uniq_228725	AF385564.1	0.936957	29	320	779	460	9	3	50
uniq_228767	AY349395.1	0.934783	30	320	779	460	9	3	50
uniq_228768	EU670056.1	0.926087	34	320	779	460	9	3	50
uniq_228861	AF385519.1	0.928261	33	320	779	460	9	3	50
uniq_228930	AF385519.1	0.884783	53	320	779	460	9	3	50
uniq_228964	AF183405.1	0.834783	76	320	779	460	9	3	50
uniq_229136	AY349395.1	0.891304	50	320	779	460	9	3	50
uniq_229179	AY349402.1	0.917391	38	318	776	460	9	3	50
uniq_229247	AF385564.1	0.869565	60	320	779	460	9	3	50
uniq_229327	AF385519.1	0.865217	62	320	779	460	9	3	50
uniq_229430	AB053940.1	0.930435	32	313	772	460	9	3	50
uniq_229436	AF385564.1	0.954348	21	320	779	460	9	3	50
uniq_229456	AF385551.1	0.913043	40	320	779	460	9	3	50
uniq_229481	AY349395.1	0.967391	15	320	779	460	9	3	50
uniq_229497	EU670056.1	0.945652	25	320	779	460	9	3	50
uniq_229498	AF183406.1	0.965217	16	320	779	460	9	3	50
uniq_229545	AF385510.1	0.843478	72	326	765	460	9	3	50
uniq_229564	AF385577.1	0.865217	62	329	768	460	9	3	50
uniq_229627	AY349393.1	0.884783	53	320	779	460	9	3	50
uniq_229635	AF385518.1	0.863043	63	308	750	460	9	3	50
uniq_229724	AF385564.1	0.936957	29	320	779	460	9	3	50
uniq_229796	AF385564.1	0.928261	33	320	779	460	9	3	50
uniq_229838	AF432133.1	0.976087	11	320	779	460	9	3	50
uniq_229891	AF385521.1	0.876087	57	314	771	460	9	3	50
uniq_229903	AY005054.1	0.928261	33	320	779	460	9	3	50
uniq_229937	AF385551.1	0.945652	25	320	779	460	9	3	50
uniq_230027	AY008308.1	0.917391	38	315	774	460	9	3	50
uniq_230234	AM419984.1	0.845652	71	309	749	460	9	3	50
uniq_230345	AY278611.1	0.936957	29	314	771	460	9	3	50
uniq_230359	EU670056.1	0.945652	25	320	779	460	9	3	50
uniq_230382	AM422125.1	0.891304	50	318	777	460	9	3	50
uniq_230580	AY008308.1	0.973913	12	315	774	460	9	3	50
uniq_230776	AY349393.1	0.917391	38	320	779	460	9	3	50
uniq_230855	AF385566.1	0.858696	65	335	800	460	9	3	50
uniq_231149	EU670056.1	0.915217	39	320	779	460	9	3	50
uniq_231195	AF040719.1	0.930435	32	320	779	460	9	3	50
uniq_231200	AY349393.1	0.926087	34	320	779	460	9	3	50
uniq_231202	AY349374.1	0.863043	63	327	779	460	9	3	50
uniq_231337	AY278622.1	0.878261	56	335	800	460	9	3	50
uniq_231374	AF385519.1	0.960870	18	320	779	460	9	3	50
uniq_231422	EU670056.1	0.919565	37	320	779	460	9	3	50
uniq_231526	AF385563.1	0.873913	58	318	760	460	9	3	50
uniq_231560	AY349402.1	0.869565	60	318	776	460	9	3	50
uniq_231611	AF201981.1	0.867391	61	327	766	460	9	3	50
uniq_231698	AY349393.1	0.823913	81	320	779	460	9	3	50
uniq_231717	AF385551.1	0.976087	11	320	779	460	9	3	50
uniq_231895	AF385519.1	0.945652	25	320	779	460	9	3	50
uniq_231965	AY349401.1	0.932609	31	318	777	460	9	3	50
uniq_232035	AF385551.1	0.860870	64	320	779	460	9	3	50
uniq_232176	AY349374.1	0.863043	63	327	779	460	9	3	50
uniq_232195	AY278622.1	0.850000	69	335	800	460	9	3	50
uniq_232353	AY349395.1	0.934783	30	320	779	460	9	3	50
uniq_232405	EF512007.1	0.889130	51	313	777	460	9	3	50
uniq_232407	EU670056.1	0.956522	20	320	779	460	9	3	50
uniq_232605	AY349402.1	0.884783	53	318	776	460	9	3	50
uniq_232626	AF385519.1	0.908696	42	320	779	460	9	3	50
uniq_232875	AY008309.1	0.869565	60	308	750	460	9	3	50
uniq_233206	AF218619.1	0.880435	55	318	777	460	9	3	50
uniq_233230	AY349393.1	0.939130	28	320	779	460	9	3	50
uniq_233245	AF385564.1	0.945652	25	320	779	460	9	3	50
uniq_233255	AF139524.1	0.904348	44	317	776	460	9	3	50
uniq_233296	AY278621.1	0.878261	56	308	750	460	9	3	50
uniq_233427	AY349395.1	0.958696	19	320	779	460	9	3	50
uniq_233573	AY230771.1	0.873913	58	325	764	460	9	3	50
uniq_233576	AF385564.1	0.954348	21	320	779	460	9	3	50
uniq_233586	AF385519.1	0.917391	38	320	779	460	9	3	50
uniq_233673	AB108825.1	0.889130	51	318	777	460	9	3	50
uniq_233872	AY349395.1	0.969565	14	320	779	460	9	3	50
uniq_234045	AF385564.1	0.921739	36	320	779	460	9	3	50
uniq_234309	AB108826.1	0.965217	16	318	777	460	9	3	50
uniq_234312	AY349384.1	0.854348	67	308	753	460	9	3	50
uniq_234432	DQ203185.1	0.845652	71	307	757	460	9	3	50
uniq_234514	AY349402.1	0.878261	56	318	776	460	9	3	50
uniq_234543	AF385564.1	0.871739	59	320	779	460	9	3	50
uniq_234650	AF033305.1	0.871739	59	309	773	460	9	3	50
uniq_234732	AM420011.1	0.954348	21	318	777	460	9	3	50
uniq_235042	EU670056.1	0.960870	18	320	779	460	9	3	50
uniq_235057	EU670056.1	0.965217	16	320	779	460	9	3	50
uniq_235069	AF385515.1	0.934783	30	315	774	460	9	3	50
uniq_235081	AF385551.1	0.947826	24	320	779	460	9	3	50
uniq_235238	AF385564.1	0.969565	14	320	779	460	9	3	50
uniq_235303	AY349402.1	0.839130	74	318	776	460	9	3	50
uniq_235417	AF385512.1	0.958696	19	318	777	460	9	3	50
uniq_235433	AM419984.1	0.865217	62	309	749	460	9	3	50
uniq_235437	AF385564.1	0.954348	21	320	779	460	9	3	50
uniq_235458	AM422125.1	0.904348	44	318	777	460	9	3	50
uniq_235466	AF385551.1	0.923913	35	320	779	460	9	3	50
uniq_235521	AF385564.1	0.828261	79	320	779	460	9	3	50
uniq_235562	AY349374.1	0.865217	62	327	779	460	9	3	50
uniq_235877	EU670056.1	0.880435	55	320	779	460	9	3	50
uniq_235910	AF432130.1	0.867391	61	298	740	460	9	3	50
uniq_235918	AF385510.1	0.852174	68	326	765	460	9	3	50
uniq_236040	AF218619.1	0.876087	57	318	777	460	9	3	50
uniq_236091	AM422125.1	0.904348	44	318	777	460	9	3	50
uniq_236131	AF040719.1	0.886957	52	320	779	460	9	3	50
uniq_236142	EU670056.1	0.891304	50	320	779	460	9	3	50
uniq_236157	AY207050.1	0.893478	49	320	778	460	9	3	50
uniq_236182	EU670056.1	0.960870	18	320	779	460	9	3	50
uniq_236245	AF385551.1	0.928261	33	320	779	460	9	3	50
uniq_236266	AF385519.1	0.843478	72	320	779	460	9	3	50
uniq_236421	AY349395.1	0.930435	32	320	779	460	9	3	50
uniq_236516	AB076677.1	0.873913	58	310	750	460	9	3	50
uniq_236619	AY349393.1	0.906522	43	320	779	460	9	3	50
uniq_236716	AF385551.1	0.980435	9	320	779	460	9	3	50
uniq_236717	EU670056.1	0.939130	28	320	779	460	9	3	50
uniq_236804	AF385551.1	0.836957	75	320	779	460	9	3	50
uniq_236806	AB108826.1	0.876087	57	318	777	460	9	3	50
uniq_236861	AJ289997.1	0.913043	40	309	772	460	9	3	50
uniq_236865	AF385515.1	0.960870	18	315	774	460	9	3	50
uniq_236869	AF385518.1	0.852174	68	308	750	460	9	3	50
uniq_236905	EU670056.1	0.913043	40	320	779	460	9	3	50
uniq_237231	AY349393.1	0.976087	11	320	779	460	9	3	50
uniq_237236	AM419984.1	0.869565	60	309	749	460	9	3	50
uniq_237262	AY349374.1	0.889130	51	327	779	460	9	3	50
uniq_237307	EU670056.1	0.939130	28	320	779	460	9	3	50
uniq_237319	AY349395.1	0.923913	35	320	779	460	9	3	50
uniq_237364	AF385515.1	0.963043	17	315	774	460	9	3	50
uniq_237446	EU670056.1	0.947826	24	320	779	460	9	3	50
uniq_237487	EU670056.1	0.910870	41	320	779	460	9	3	50
uniq_237539	EU670056.1	0.950000	23	320	779	460	9	3	50
uniq_237593	AF487886.1	0.910870	41	318	777	460	9	3	50
uniq_237601	U43698.1	0.930435	32	317	777	460	9	3	50
uniq_237696	AF385519.1	0.802174	91	320	779	460	9	3	50
uniq_237757	AJ576081.1	0.867391	61	314	770	460	9	3	50
uniq_237834	AF385519.1	0.928261	33	320	779	460	9	3	50
uniq_237867	AY349393.1	0.958696	19	320	779	460	9	3	50
uniq_237938	AF371887.1	0.895652	48	319	778	460	9	3	50
uniq_237978	EF512007.1	0.884783	53	313	777	460	9	3	50
uniq_238014	AF432133.1	0.934783	30	320	779	460	9	3	50
uniq_238224	AY349385.1	0.854348	67	308	750	460	9	3	50
uniq_238252	AF385519.1	0.926087	34	320	779	460	9	3	50
uniq_238289	EU670056.1	0.936957	29	320	779	460	9	3	50
uniq_238369	AY278618.1	0.865217	62	326	765	460	9	3	50
uniq_238406	AF385519.1	0.906522	43	320	779	460	9	3	50
uniq_238549	AF385551.1	0.915217	39	320	779	460	9	3	50
uniq_238646	AF385519.1	0.934783	30	320	779	460	9	3	50
uniq_238763	AF385564.1	0.906522	43	320	779	460	9	3	50
uniq_238778	AY349393.1	0.969565	14	320	779	460	9	3	50
uniq_238917	AY278622.1	0.867391	61	335	800	460	9	3	50
uniq_238955	X67609.1	0.930435	32	308	767	460	9	3	50
uniq_238962	AY349395.1	0.947826	24	320	779	460	9	3	50
uniq_238963	AY349395.1	0.915217	39	320	779	460	9	3	50
uniq_239027	AF385563.1	0.882609	54	318	760	460	9	3	50
uniq_239072	AY005072.1	0.956522	20	314	773	460	9	3	50
uniq_239101	AF385565.1	0.858696	65	315	774	460	9	3	50
uniq_239179	AF543297.1	0.936957	29	316	775	460	9	3	50
uniq_239180	EU670056.1	0.963043	17	320	779	460	9	3	50
uniq_239381	AF385551.1	0.939130	28	320	779	460	9	3	50
uniq_239676	AF280841.1	0.886957	52	315	774	460	9	3	50
uniq_239815	AY349395.1	0.917391	38	320	779	460	9	3	50
uniq_239934	EF512007.1	0.834783	76	313	777	460	9	3	50
uniq_239964	AJ315486.1	0.850000	69	327	766	460	9	3	50
uniq_240020	AF385519.1	0.958696	19	320	779	460	9	3	50
uniq_240053	EU670056.1	0.967391	15	320	779	460	9	3	50
uniq_240086	AY349393.1	0.943478	26	320	779	460	9	3	50
uniq_240303	AF385515.1	0.960870	18	315	774	460	9	3	50
uniq_240478	AY008311.1	0.873913	58	313	771	460	9	3	50
uniq_240515	AF287816.1	0.867391	61	307	749	460	9	3	50
uniq_240637	AF385564.1	0.917391	38	320	779	460	9	3	50
uniq_240654	AY207050.1	0.930435	32	320	779	460	9	3	50
uniq_240755	AF385564.1	0.910870	41	320	779	460	9	3	50
uniq_241058	AF543297.1	0.895652	48	316	775	460	9	3	50
uniq_241257	AF183404.1	0.919565	37	320	779	460	9	3	50
uniq_241392	EU670056.1	0.956522	20	320	779	460	9	3	50
uniq_241615	AF385564.1	0.915217	39	320	779	460	9	3	50
uniq_241666	AF385508.1	0.856522	66	327	766	460	9	3	50
uniq_241707	AM422125.1	0.906522	43	318	777	460	9	3	50
uniq_241755	AF385551.1	0.965217	16	320	779	460	9	3	50
uniq_241830	AF385510.1	0.867391	61	326	765	460	9	3	50
uniq_241852	AY349396.1	0.845652	71	318	777	460	9	3	50
uniq_241918	AY008308.1	0.923913	35	315	774	460	9	3	50
uniq_242021	EU670056.1	0.895652	48	320	779	460	9	3	50
uniq_242113	AY429468.1	0.919565	37	304	763	460	9	3	50
uniq_242243	EU670056.1	0.910870	41	320	779	460	9	3	50
uniq_242379	AM697440.1	0.843478	72	322	787	460	9	3	50
uniq_242447	AY207053.1	0.854348	67	310	752	460	9	3	50
uniq_242452	AF385551.1	0.945652	25	320	779	460	9	3	50
uniq_242558	AM422125.1	0.897826	47	318	777	460	9	3	50
uniq_242865	AF385564.1	0.904348	44	320	779	460	9	3	50
uniq_242877	AY349362.1	0.928261	33	319	782	460	9	3	50
uniq_242976	AF385564.1	0.886957	52	320	779	460	9	3	50
uniq_243062	AY349402.1	0.893478	49	318	776	460	9	3	50
uniq_243139	AY331415.1	0.947826	24	320	779	460	9	3	50
uniq_243203	EU670056.1	0.884783	53	320	779	460	9	3	50
uniq_243242	EF511101.1	0.832609	77	313	777	460	9	3	50
uniq_243358	AF385564.1	0.947826	24	320	779	460	9	3	50
uniq_243396	AY005072.1	0.882609	54	314	773	460	9	3	50
uniq_243436	AF183404.1	0.947826	24	320	779	460	9	3	50
uniq_243442	AF385551.1	0.958696	19	320	779	460	9	3	50
uniq_243576	AF385519.1	0.904348	44	320	779	460	9	3	50
uniq_243666	AY349393.1	0.971739	13	320	779	460	9	3	50
uniq_243729	EF510424.1	0.856522	66	332	796	460	9	3	50
uniq_243739	AF385551.1	0.850000	69	320	779	460	9	3	50
uniq_244097	EU670056.1	0.860870	64	320	779	460	9	3	50
uniq_244107	AF183405.1	0.915217	39	320	779	460	9	3	50
uniq_244117	AF385551.1	0.834783	76	320	779	460	9	3	50
uniq_244128	AY349393.1	0.971739	13	320	779	460	9	3	50
uniq_244340	AY349402.1	0.930435	32	318	776	460	9	3	50
uniq_244505	AY349402.1	0.921739	36	318	776	460	9	3	50
uniq_244927	AF385509.1	0.934783	30	318	777	460	9	3	50
uniq_245021	AY207050.1	0.915217	39	320	779	460	9	3	50
uniq_245223	EU670056.1	0.839130	74	320	779	460	9	3	50
uniq_245260	AY008310.1	0.963043	17	318	777	460	9	3	50
uniq_245277	AY005054.1	0.943478	26	320	779	460	9	3	50
uniq_245361	AM420011.1	0.884783	53	318	777	460	9	3	50
uniq_245407	U43698.1	0.978261	10	317	777	460	9	3	50
uniq_245469	EU012315.1	0.917391	38	318	777	460	9	3	50
uniq_245482	AJ318154.1	0.893478	49	308	767	460	9	3	50
uniq_245717	AJ318191.1	0.943478	26	309	767	460	9	3	50
uniq_245763	AM419992.1	0.928261	33	320	779	460	9	3	50
uniq_245869	AY278611.1	0.843478	72	314	771	460	9	3	50
uniq_246010	AY349395.1	0.969565	14	320	779	460	9	3	50
uniq_246113	AF385510.1	0.873913	58	326	765	460	9	3	50
uniq_246324	AF481206.1	0.936957	29	317	776	460	9	3	50
uniq_246500	AY349402.1	0.902174	45	318	776	460	9	3	50
uniq_246640	AF366271.1	0.906522	43	318	777	460	9	3	50
uniq_246687	AM419984.1	0.886957	52	309	749	460	9	3	50
uniq_246942	EF512007.1	0.891304	50	313	777	460	9	3	50
uniq_246979	AY349395.1	0.980435	9	320	779	460	9	3	50
uniq_247032	AY278609.1	0.863043	63	319	783	460	9	3	50
uniq_247131	AY278618.1	0.869565	60	326	765	460	9	3	50
uniq_247181	AF371887.1	0.863043	63	319	778	460	9	3	50
uniq_247424	X79462.1	0.863043	63	311	755	460	9	3	50
uniq_247437	AM420056.1	0.908696	42	318	777	460	9	3	50
uniq_247440	U43698.1	0.965217	16	317	777	460	9	3	50
uniq_247487	AF385511.1	0.956522	20	320	779	460	9	3	50
uniq_247685	AY429468.1	0.932609	31	304	763	460	9	3	50
uniq_247852	AY008310.1	0.926087	34	318	777	460	9	3	50
uniq_247900	AY349393.1	0.858696	65	320	779	460	9	3	50
uniq_247925	AF385519.1	0.884783	53	320	779	460	9	3	50
uniq_247937	AY278611.1	0.882609	54	314	771	460	9	3	50
uniq_247989	AY349402.1	0.860870	64	318	776	460	9	3	50
uniq_248065	AY207057.1	0.915217	39	318	778	460	9	3	50
uniq_248135	AM419992.1	0.919565	37	320	779	460	9	3	50
uniq_248196	EF511101.1	0.884783	53	313	777	460	9	3	50
uniq_248246	EU670056.1	0.956522	20	320	779	460	9	3	50
uniq_248363	EU670056.1	0.939130	28	320	779	460	9	3	50
uniq_248388	AY349398.1	0.989130	5	318	777	460	9	3	50
uniq_248521	AF328155.1	0.897826	47	313	777	460	9	3	50
uniq_248658	AY212569.1	0.978261	10	316	775	460	9	3	50
uniq_248732	AM419992.1	0.921739	36	320	779	460	9	3	50
uniq_248861	AF371887.1	0.895652	48	319	778	460	9	3	50
uniq_248924	AY349393.1	0.932609	31	320	779	460	9	3	50
uniq_248970	AY207063.1	0.858696	65	325	789	460	9	3	50
uniq_249150	AY008310.1	0.930435	32	318	777	460	9	3	50
uniq_249179	AF432133.1	0.930435	32	320	779	460	9	3	50
uniq_249323	EU012315.1	0.943478	26	318	777	460	9	3	50
uniq_249347	AB098612.1	0.897826	47	313	777	460	9	3	50
uniq_249361	AF385561.1	0.921739	36	318	777	460	9	3	50
uniq_249366	AY005025.1	0.895652	48	313	777	460	9	3	50
uniq_24940	AF385512.1	0.965217	16	318	777	460	9	3	50
uniq_249609	AB108826.1	0.947826	24	318	777	460	9	3	50
uniq_249783	AM420056.1	0.917391	38	318	777	460	9	3	50
uniq_249822	AY349393.1	0.936957	29	320	779	460	9	3	50
uniq_250092	AY429468.1	0.900000	46	304	763	460	9	3	50
uniq_250250	AY349396.1	0.865217	62	318	777	460	9	3	50
uniq_250293	AF201981.1	0.886957	52	327	766	460	9	3	50
uniq_250318	AF481228.1	0.956522	20	318	777	460	9	3	50
uniq_250385	AF432136.1	0.873913	58	319	783	460	9	3	50
uniq_250398	EU012295.1	0.941304	27	318	777	460	9	3	50
uniq_250447	AF385509.1	0.936957	29	318	777	460	9	3	50
uniq_250460	AF385519.1	0.902174	45	320	779	460	9	3	50
uniq_250528	X67609.1	0.965217	16	308	767	460	9	3	50
uniq_250538	AF012090.1	0.858696	65	308	772	460	9	3	50
uniq_250564	AY008310.1	0.908696	42	318	777	460	9	3	50
uniq_250715	AB015525.1	0.945652	25	314	773	460	9	3	50
uniq_250775	AY349402.1	0.858696	65	318	776	460	9	3	50
uniq_250875	AF385510.1	0.856522	66	326	765	460	9	3	50
uniq_250905	AF385519.1	0.910870	41	320	779	460	9	3	50
uniq_250953	AY008310.1	0.852174	68	318	777	460	9	3	50
uniq_250980	U43698.1	0.965217	16	317	777	460	9	3	50
uniq_251027	EF512007.1	0.891304	50	313	777	460	9	3	50
uniq_251096	AY008310.1	0.971739	13	318	777	460	9	3	50
uniq_251183	AF385519.1	0.900000	46	320	779	460	9	3	50
uniq_251303	AF385519.1	0.895652	48	320	779	460	9	3	50
uniq_251405	AF385509.1	0.930435	32	318	777	460	9	3	50
uniq_251421	AF385519.1	0.921739	36	319	779	460	9	3	50
uniq_251503	AF385519.1	0.936957	29	320	779	460	9	3	50
uniq_251507	AB108826.1	0.952174	22	318	777	460	9	3	50
uniq_251513	AY349393.1	0.932609	31	320	779	460	9	3	50
uniq_251793	AB108825.1	0.863043	63	318	777	460	9	3	50
uniq_251825	AF385510.1	0.886957	52	326	765	460	9	3	50
uniq_252004	EF512007.1	0.882609	54	313	777	460	9	3	50
uniq_252232	AB108826.1	0.971739	13	318	777	460	9	3	50
uniq_252365	AF385519.1	0.947826	24	319	779	460	9	3	50
uniq_252396	AY008310.1	0.939130	28	318	777	460	9	3	50
uniq_252405	AY008310.1	0.871739	59	318	777	460	9	3	50
uniq_252407	AF432133.1	0.950000	23	320	779	460	9	3	50
uniq_252455	AY349402.1	0.904348	44	318	776	460	9	3	50
uniq_252524	EU012315.1	0.954348	21	318	777	460	9	3	50
uniq_252532	AF385512.1	0.963043	17	318	777	460	9	3	50
uniq_252548	AY005065.1	0.991304	4	319	778	460	9	3	50
uniq_252571	AF385519.1	0.915217	39	320	778	460	9	3	50
uniq_252575	AY005054.1	0.947826	24	320	779	460	9	3	50
uniq_252816	AY349395.1	0.906522	43	320	779	460	9	3	50
uniq_252964	AF432133.1	0.939130	28	320	779	460	9	3	50
uniq_253085	AM419984.1	0.880435	55	309	749	460	9	3	50
uniq_253254	EF510424.1	0.897826	47	332	796	460	9	3	50
uniq_253260	AY008310.1	0.886957	52	318	777	460	9	3	50
uniq_253275	EU012315.1	0.817391	84	318	777	460	9	3	50
uniq_253318	AY008310.1	0.954348	21	318	777	460	9	3	50
uniq_253460	EU012315.1	0.952174	22	318	777	460	9	3	50
uniq_253463	AB108825.1	0.910870	41	318	777	460	9	3	50
uniq_253918	AF481206.1	0.930435	32	317	776	460	9	3	50
uniq_254040	EF512007.1	0.886957	52	313	777	460	9	3	50
uniq_254391	AF287806.1	0.878261	56	311	753	460	9	3	50
uniq_254415	AF385564.1	0.928261	33	320	779	460	9	3	50
uniq_254574	AF366271.1	0.967391	15	318	777	460	9	3	50
uniq_254634	AF385577.1	0.836957	75	329	768	460	9	3	50
uniq_254681	AF385518.1	0.871739	59	308	750	460	9	3	50
uniq_255075	U43698.1	0.893478	49	317	777	460	9	3	50
uniq_255147	AF371887.1	0.884783	53	319	778	460	9	3	50
uniq_255223	X87140.1	0.880435	55	318	782	460	9	3	50
uniq_255427	AY008310.1	0.956522	20	318	777	460	9	3	50
uniq_255567	AB108825.1	0.954348	21	318	777	460	9	3	50
uniq_255825	AB108826.1	0.921739	36	318	777	460	9	3	50
uniq_255843	AF481206.1	0.871739	59	317	776	460	9	3	50
uniq_255926	AF287749.1	0.952174	22	331	791	460	9	3	50
uniq_256095	AF432133.1	0.926087	34	320	779	460	9	3	50
uniq_256142	AF481206.1	0.882609	54	317	776	460	9	3	50
uniq_256144	EU670056.1	0.945652	25	320	779	460	9	3	50
uniq_256246	AF385519.1	0.934783	30	320	779	460	9	3	50
uniq_256263	AF385519.1	0.897826	47	320	779	460	9	3	50
uniq_256423	AF385509.1	0.936957	29	318	777	460	9	3	50
uniq_256455	AF385551.1	0.973913	12	320	779	460	9	3	50
uniq_256456	EU670056.1	0.915217	39	320	779	460	9	3	50
uniq_256557	EU012315.1	0.900000	46	318	777	460	9	3	50
uniq_256581	AY349401.1	0.936957	29	318	777	460	9	3	50
uniq_256627	AY349374.1	0.869565	60	327	779	460	9	3	50
uniq_256637	AY349393.1	0.952174	22	320	779	460	9	3	50
uniq_256653	AF385566.1	0.852174	68	335	800	460	9	3	50
uniq_256947	AF385519.1	0.908696	42	320	779	460	9	3	50
uniq_257121	AF219234.1	0.878261	56	313	753	460	9	3	50
uniq_257747	X67609.1	0.897826	47	308	767	460	9	3	50
uniq_257786	AF385551.1	0.923913	35	320	779	460	9	3	50
uniq_257835	EF512007.1	0.893478	49	313	777	460	9	3	50
uniq_258354	AY005033.1	0.882609	54	313	777	460	9	3	50
uniq_258406	AY008310.1	0.971739	13	318	777	460	9	3	50
uniq_258661	AJ619070.1	0.902174	45	307	772	460	9	3	50
uniq_260310	AM491371.1	0.969565	14	310	769	460	9	3	50
uniq_260366	AF385564.1	0.926087	34	320	779	460	9	3	50
uniq_261025	AJ006457.1	0.871739	59	318	777	460	9	3	50
uniq_261910	AM419992.1	0.926087	34	320	779	460	9	3	50
uniq_262998	U43698.1	0.915217	39	317	777	460	9	3	50
uniq_264460	AB013253.1	0.910870	41	308	772	460	9	3	50
uniq_264729	EF572840.1	0.900000	46	307	771	460	9	3	50
uniq_264804	AB078046.1	0.863043	63	310	769	460	9	3	50
uniq_265657	AY263477.1	0.895652	48	306	770	460	9	3	50
uniq_266024	AF402976.1	0.917391	38	312	771	460	9	3	50
uniq_267278	AY263477.1	0.895652	48	306	770	460	9	3	50
uniq_267494	AF290490.1	0.891304	50	307	770	460	9	3	50
uniq_268398	AF385560.1	0.939130	28	318	777	460	9	3	50
uniq_268746	AF255336.1	0.830435	78	307	771	460	9	3	50
uniq_269350	AF385551.1	0.952174	22	320	779	460	9	3	50
uniq_26965	AM419984.1	0.895652	48	309	749	460	9	3	50
uniq_26977	X67609.1	0.950000	23	308	767	460	9	3	50
uniq_27028	AY349402.1	0.860870	64	318	776	460	9	3	50
uniq_27047	X67609.1	0.928261	33	308	767	460	9	3	50
uniq_27063	AF385561.1	0.915217	39	318	777	460	9	3	50
uniq_271260	AF385511.1	0.963043	17	320	779	460	9	3	50
uniq_27196	X67609.1	0.952174	22	308	767	460	9	3	50
uniq_272912	DQ178976.1	0.960870	18	308	767	460	9	3	50
uniq_27301	AY008310.1	0.860870	64	318	777	460	9	3	50
uniq_273084	AJ318153.1	0.930435	32	309	768	460	9	3	50
uniq_273237	AY218681.1	0.926087	34	312	771	460	9	3	50
uniq_27342	AM419984.1	0.876087	57	309	749	460	9	3	50
uniq_273824	AF423292.1	0.960870	18	315	774	460	9	3	50
uniq_273915	AM422125.1	0.984783	7	318	777	460	9	3	50
uniq_273963	AB021157.1	0.936957	29	317	775	460	9	3	50
uniq_27443	AJ400239.1	0.860870	64	352	794	460	9	3	50
uniq_274615	AY907801.1	0.873913	58	312	771	460	9	3	50
uniq_274965	AJ318185.1	0.917391	38	316	775	460	9	3	50
uniq_275110	AJ619044.1	0.989130	5	318	777	460	9	3	50
uniq_275801	AJ318185.1	0.945652	25	316	775	460	9	3	50
uniq_276132	AY218589.1	0.936957	29	312	771	460	9	3	50
uniq_276877	AY211072.1	0.956522	20	318	777	460	9	3	50
uniq_277104	EU046272.1	0.897826	47	318	777	460	9	3	50
uniq_277675	AF385519.1	0.915217	39	320	779	460	9	3	50
uniq_277950	DQ905595.1	0.997826	1	318	777	460	9	3	50
uniq_278431	AF132266.1	0.989130	5	318	777	460	9	3	50
uniq_278946	AY968205.1	0.993478	3	320	779	460	9	3	50
uniq_280173	AF534434.1	0.926087	34	311	770	460	9	3	50
uniq_281162	AB017048.1	0.926087	34	312	771	460	9	3	50
uniq_281592	AJ318154.1	0.884783	53	308	767	460	9	3	50
uniq_281717	AJ318141.1	0.960870	18	303	761	460	9	3	50
uniq_28174	X67609.1	0.910870	41	308	767	460	9	3	50
uniq_282068	AJ438175.1	0.986957	6	316	775	460	9	3	50
uniq_282170	AB176662.1	0.936957	29	309	769	460	9	3	50
uniq_282235	AF289153.1	0.941304	27	315	773	460	9	3	50
uniq_28226	AY008310.1	0.956522	20	318	777	460	9	3	50
uniq_282266	AF534433.1	0.958696	19	314	773	460	9	3	50
uniq_28242	AY008308.1	0.928261	33	315	774	460	9	3	50
uniq_282426	EF126993.1	0.913043	40	306	765	460	9	3	50
uniq_282848	AF385548.1	0.939130	28	314	773	460	9	3	50
uniq_283123	AF385519.1	0.963043	17	320	779	460	9	3	50
uniq_283290	AY349396.1	0.863043	63	318	777	460	9	3	50
uniq_283333	AF385519.1	0.915217	39	320	779	460	9	3	50
uniq_283583	AB108826.1	0.880435	55	318	777	460	9	3	50
uniq_283623	AY349393.1	0.941304	27	320	779	460	9	3	50
uniq_28365	AY008309.1	0.871739	59	308	750	460	9	3	50
uniq_283769	AF543297.1	0.945652	25	316	775	460	9	3	50
uniq_28392	X67609.1	0.921739	36	308	767	460	9	3	50
uniq_284061	AF385519.1	0.956522	20	320	779	460	9	3	50
uniq_284638	AF432133.1	0.919565	37	320	779	460	9	3	50
uniq_284998	AF432133.1	0.969565	14	320	779	460	9	3	50
uniq_285111	AY008310.1	0.915217	39	318	777	460	9	3	50
uniq_285283	AF432133.1	0.973913	12	320	779	460	9	3	50
uniq_285358	AF385518.1	0.876087	57	308	750	460	9	3	50
uniq_28556	AB108825.1	0.950000	23	318	777	460	9	3	50
uniq_285667	Y13364.1	0.867391	61	323	787	460	9	3	50
uniq_285887	AF385511.1	0.939130	28	320	779	460	9	3	50
uniq_285897	AF385508.1	0.867391	61	327	766	460	9	3	50
uniq_286088	AF385563.1	0.863043	63	318	760	460	9	3	50
uniq_286108	AF385551.1	0.976087	11	320	779	460	9	3	50
uniq_286300	AF432138.1	0.871739	59	308	750	460	9	3	50
uniq_286306	AF481222.1	0.893478	49	325	764	460	9	3	50
uniq_286528	AF432133.1	0.856522	66	320	779	460	9	3	50
uniq_286673	AF543297.1	0.926087	34	316	775	460	9	3	50
uniq_286734	AF385509.1	0.913043	40	318	777	460	9	3	50
uniq_286956	AY349396.1	0.845652	71	318	777	460	9	3	50
uniq_286988	AF385509.1	0.923913	35	318	777	460	9	3	50
uniq_287009	EF510424.1	0.852174	68	332	796	460	9	3	50
uniq_287066	AF219234.1	0.845652	71	313	753	460	9	3	50
uniq_287373	AF385509.1	0.926087	34	318	777	460	9	3	50
uniq_287432	AY349393.1	0.845652	71	320	779	460	9	3	50
uniq_287479	AY349393.1	0.897826	47	320	779	460	9	3	50
uniq_287564	AF385551.1	0.945652	25	320	779	460	9	3	50
uniq_287825	AY349396.1	0.841304	73	318	777	460	9	3	50
uniq_287913	AF543275.1	0.843478	72	317	776	460	9	3	50
uniq_287971	AY278611.1	0.880435	55	314	771	460	9	3	50
uniq_288247	AY278618.1	0.850000	69	326	765	460	9	3	50
uniq_288529	AF385551.1	0.917391	38	320	779	460	9	3	50
uniq_288759	AF385519.1	0.904348	44	320	779	460	9	3	50
uniq_288873	AY278618.1	0.867391	61	326	765	460	9	3	50
uniq_289085	AF543297.1	0.873913	58	316	775	460	9	3	50
uniq_289144	AF432133.1	0.982609	8	320	779	460	9	3	50
uniq_289673	AF543297.1	0.928261	33	316	775	460	9	3	50
uniq_289685	AF385508.1	0.871739	59	327	766	460	9	3	50
uniq_290324	AF543297.1	0.941304	27	316	775	460	9	3	50
uniq_290423	AY278621.1	0.867391	61	308	750	460	9	3	50
uniq_290514	AJ576328.1	0.856522	66	317	782	460	9	3	50
uniq_290598	AF183406.1	0.956522	20	320	779	460	9	3	50
uniq_290698	AY278618.1	0.913043	40	326	765	460	9	3	50
uniq_29072	AY008691.1	0.895652	48	317	776	460	9	3	50
uniq_291179	AB098612.1	0.884783	53	313	777	460	9	3	50
uniq_291629	AY212618.1	0.808696	88	308	767	460	9	3	50
uniq_291788	EF510383.1	0.836957	75	321	785	460	9	3	50
uniq_291983	U43698.1	0.936957	29	317	777	460	9	3	50
uniq_292035	AY207063.1	0.926087	34	325	789	460	9	3	50
uniq_292191	AF385508.1	0.869565	60	327	766	460	9	3	50
uniq_292235	AY349395.1	0.939130	28	320	779	460	9	3	50
uniq_292272	AF385519.1	0.950000	23	320	779	460	9	3	50
uniq_292306	AY278611.1	0.884783	53	314	771	460	9	3	50
uniq_29238	AF385561.1	0.906522	43	318	777	460	9	3	50
uniq_292648	AF543297.1	0.910870	41	316	775	460	9	3	50
uniq_292800	AF385566.1	0.882609	54	335	800	460	9	3	50
uniq_293446	AJ012605.1	0.947826	24	320	779	460	9	3	50
uniq_293490	AF432141.1	0.880435	55	350	791	460	9	3	50
uniq_294032	AY349402.1	0.843478	72	318	776	460	9	3	50
uniq_294055	AF385508.1	0.895652	48	327	766	460	9	3	50
uniq_29466	AF287775.1	0.841304	73	327	766	460	9	3	50
uniq_294675	AF385551.1	0.978261	10	320	779	460	9	3	50
uniq_295093	AF368190.1	0.921739	36	312	771	460	9	3	50
uniq_295328	AF432133.1	0.952174	22	320	779	460	9	3	50
uniq_29533	AF385519.1	0.917391	38	320	779	460	9	3	50
uniq_295432	AY278618.1	0.886957	52	326	765	460	9	3	50
uniq_295465	AF385565.1	0.930435	32	315	774	460	9	3	50
uniq_295530	AB193885.1	0.876087	57	307	772	460	9	3	50
uniq_295569	AF385521.1	0.882609	54	314	770	460	9	3	50
uniq_295708	AY349403.1	0.891304	50	328	792	460	9	3	50
uniq_296115	AF432133.1	0.836957	75	320	779	460	9	3	50
uniq_296256	AY005072.1	0.939130	28	314	773	460	9	3	50
uniq_29652	AY331415.1	0.865217	62	320	779	460	9	3	50
uniq_297135	AY005072.1	0.917391	38	314	773	460	9	3	50
uniq_29724	AF385519.1	0.876087	57	320	779	460	9	3	50
uniq_297268	AY349393.1	0.839130	74	320	779	460	9	3	50
uniq_29747	X67609.1	0.915217	39	308	767	460	9	3	50
uniq_297564	EF510424.1	0.889130	51	332	796	460	9	3	50
uniq_298176	AY349393.1	0.891304	50	320	779	460	9	3	50
uniq_298348	AF385551.1	0.854348	67	320	779	460	9	3	50
uniq_298372	AY349395.1	0.923913	35	320	779	460	9	3	50
uniq_298453	AM422125.1	0.902174	45	318	777	460	9	3	50
uniq_298558	AY008309.1	0.891304	50	308	750	460	9	3	50
uniq_298696	EU670056.1	0.930435	32	320	779	460	9	3	50
uniq_298904	AJ012605.1	0.928261	33	320	779	460	9	3	50
uniq_29930	AF385519.1	0.880435	55	320	779	460	9	3	50
uniq_299355	AF487886.1	0.904348	44	318	777	460	9	3	50
uniq_299386	AF385512.1	0.945652	25	318	777	460	9	3	50
uniq_299436	AF385563.1	0.867391	61	318	760	460	9	3	50
uniq_299473	AF543297.1	0.926087	34	316	775	460	9	3	50
uniq_300142	AF385509.1	0.939130	28	318	777	460	9	3	50
uniq_300217	AF543275.1	0.886957	52	317	776	460	9	3	50
uniq_300457	AF385512.1	0.963043	17	318	777	460	9	3	50
uniq_30103	AJ290755.1	0.897826	47	315	779	460	9	3	50
uniq_301047	AF385552.1	0.902174	45	327	766	460	9	3	50
uniq_301263	AY349393.1	0.930435	32	320	779	460	9	3	50
uniq_301306	AF385515.1	0.963043	17	315	774	460	9	3	50
uniq_301862	AF385551.1	0.976087	11	320	779	460	9	3	50
uniq_30199	X67609.1	0.928261	33	308	767	460	9	3	50
uniq_302177	AF385519.1	0.889130	51	320	779	460	9	3	50
uniq_302281	AY349395.1	0.930435	32	320	779	460	9	3	50
uniq_302290	AF385551.1	0.978261	10	320	779	460	9	3	50
uniq_302343	AF183405.1	0.919565	37	320	779	460	9	3	50
uniq_302519	EU670056.1	0.936957	29	320	779	460	9	3	50
uniq_30323	AF385569.1	0.906522	43	302	761	460	9	3	50
uniq_303360	AY349393.1	0.965217	16	320	779	460	9	3	50
uniq_303397	EF510424.1	0.889130	51	332	796	460	9	3	50
uniq_303548	AM410685.1	0.863043	63	309	757	460	9	3	50
uniq_303605	AF385509.1	0.932609	31	318	777	460	9	3	50
uniq_303816	EF512007.1	0.904348	44	313	777	460	9	3	50
uniq_303883	EU670056.1	0.863043	63	320	779	460	9	3	50
uniq_30440	AF385519.1	0.900000	46	320	779	460	9	3	50
uniq_304484	AY005076.1	0.991304	4	302	759	460	9	3	50
uniq_304519	AF385511.1	0.919565	37	320	779	460	9	3	50
uniq_304658	AF385551.1	0.882609	54	320	779	460	9	3	50
uniq_304679	AF432133.1	0.897826	47	320	779	460	9	3	50
uniq_304871	AF487886.1	0.947826	24	318	777	460	9	3	50
uniq_305062	AJ301825.1	0.836957	75	326	789	460	9	3	50
uniq_305065	AF292371.1	0.900000	46	311	754	460	9	3	50
uniq_305266	AF385566.1	0.863043	63	335	800	460	9	3	50
uniq_30546	AY842259.1	0.900000	46	309	773	460	9	3	50
uniq_305939	AF206305.1	0.889130	51	307	749	460	9	3	50
uniq_305958	AY331415.1	0.945652	25	320	779	460	9	3	50
uniq_306042	AF385551.1	0.932609	31	320	779	460	9	3	50
uniq_306204	AY278618.1	0.867391	61	326	765	460	9	3	50
uniq_306219	AY278611.1	0.880435	55	314	771	460	9	3	50
uniq_306453	AF385512.1	0.950000	23	318	777	460	9	3	50
uniq_306815	AF385551.1	0.960870	18	320	779	460	9	3	50
uniq_306975	AJ400239.1	0.876087	57	352	794	460	9	3	50
uniq_307018	AF183402.1	0.971739	13	320	779	460	9	3	50
uniq_307025	AY278625.1	0.945652	25	319	778	460	9	3	50
uniq_307177	AF543297.1	0.819565	83	316	775	460	9	3	50
uniq_307243	AF385512.1	0.960870	18	318	777	460	9	3	50
uniq_307411	AF385551.1	0.969565	14	320	779	460	9	3	50
uniq_307424	AM420011.1	0.936957	29	318	777	460	9	3	50
uniq_307511	AF385519.1	0.952174	22	320	779	460	9	3	50
uniq_307658	AF385508.1	0.854348	67	327	766	460	9	3	50
uniq_307698	AF385519.1	0.889130	51	320	779	460	9	3	50
uniq_307732	AF432133.1	0.915217	39	320	779	460	9	3	50
uniq_307840	AF385512.1	0.960870	18	318	777	460	9	3	50
uniq_30785	AF385561.1	0.923913	35	318	777	460	9	3	50
uniq_308608	AY349364.1	0.930435	32	327	786	460	9	3	50
uniq_308687	AF385512.1	0.921739	36	318	777	460	9	3	50
uniq_309248	AY008309.1	0.856522	66	308	750	460	9	3	50
uniq_309766	AY278625.1	0.923913	35	319	778	460	9	3	50
uniq_309986	AY429468.1	0.932609	31	304	763	460	9	3	50
uniq_310160	AB053940.1	0.928261	33	313	772	460	9	3	50
uniq_310326	AJ318185.1	0.932609	31	316	775	460	9	3	50
uniq_310445	AF385569.1	0.947826	24	302	761	460	9	3	50
uniq_31052	X67609.1	0.950000	23	308	767	460	9	3	50
uniq_310910	AY230771.1	0.886957	52	325	764	460	9	3	50
uniq_311081	AM419992.1	0.956522	20	320	779	460	9	3	50
uniq_31120	AY278613.1	0.891304	50	308	767	460	9	3	50
uniq_311441	AY349402.1	0.904348	44	318	776	460	9	3	50
uniq_311482	AF385519.1	0.952174	22	320	779	460	9	3	50
uniq_31185	AY134905.1	0.873913	58	318	777	460	9	3	50
uniq_312051	AY429468.1	0.939130	28	304	763	460	9	3	50
uniq_312188	EF511101.1	0.884783	53	313	777	460	9	3	50
uniq_312189	AF385519.1	0.930435	32	320	779	460	9	3	50
uniq_31221	AF385569.1	0.906522	43	302	761	460	9	3	50
uniq_31228	EF510424.1	0.882609	54	332	796	460	9	3	50
uniq_312495	AY008691.1	0.917391	38	317	776	460	9	3	50
uniq_312629	AY134905.1	0.869565	60	318	777	460	9	3	50
uniq_312641	EU670056.1	0.891304	50	320	779	460	9	3	50
uniq_312658	AF385519.1	0.963043	17	320	779	460	9	3	50
uniq_312976	AY008310.1	0.965217	16	318	777	460	9	3	50
uniq_312981	AF385511.1	0.939130	28	320	779	460	9	3	50
uniq_313411	EU670056.1	0.936957	29	320	779	460	9	3	50
uniq_313444	AF385519.1	0.902174	45	320	779	460	9	3	50
uniq_313518	AF132272.1	0.900000	46	320	779	460	9	3	50
uniq_313933	EF511101.1	0.889130	51	313	777	460	9	3	50
uniq_314218	EU670056.1	0.971739	13	320	779	460	9	3	50
uniq_314252	AF432133.1	0.945652	25	320	779	460	9	3	50
uniq_314346	AF385519.1	0.947826	24	320	779	460	9	3	50
uniq_314386	AF481206.1	0.960870	18	317	776	460	9	3	50
uniq_314390	AF385510.1	0.873913	58	326	765	460	9	3	50
uniq_314517	AF385518.1	0.852174	68	308	750	460	9	3	50
uniq_314701	AY429468.1	0.934783	30	304	763	460	9	3	50
uniq_31497	AF385519.1	0.876087	57	320	779	460	9	3	50
uniq_31500	EU071543.1	0.880435	55	298	740	460	9	3	50
uniq_315117	AM419992.1	0.921739	36	320	779	460	9	3	50
uniq_315335	AY008310.1	0.967391	15	318	777	460	9	3	50
uniq_315373	AY008691.1	0.945652	25	317	776	460	9	3	50
uniq_315781	AF385569.1	0.908696	42	302	761	460	9	3	50
uniq_315875	AM277334.1	0.845652	71	323	787	460	9	3	50
uniq_315923	EF534314.1	0.954348	21	319	778	460	9	3	50
uniq_316053	AY429468.1	0.895652	48	304	763	460	9	3	50
uniq_316400	AY349399.1	0.876087	57	318	776	460	9	3	50
uniq_316703	AF432133.1	0.947826	24	320	779	460	9	3	50
uniq_316876	AY008310.1	0.900000	46	318	777	460	9	3	50
uniq_316884	U43698.1	0.930435	32	317	777	460	9	3	50
uniq_316898	AY008308.1	0.906522	43	315	774	460	9	3	50
uniq_316949	AY349394.1	0.963043	17	324	783	460	9	3	50
uniq_317105	AY008310.1	0.958696	19	318	777	460	9	3	50
uniq_317156	AF371887.1	0.880435	55	319	778	460	9	3	50
uniq_317548	U43698.1	0.956522	20	317	777	460	9	3	50
uniq_317697	AF385519.1	0.923913	35	320	779	460	9	3	50
uniq_31777	AJ290754.1	0.878261	56	313	777	460	9	3	50
uniq_317966	AF385519.1	0.908696	42	320	779	460	9	3	50
uniq_317978	AY005026.1	0.895652	48	313	777	460	9	3	50
uniq_318163	AF385551.1	0.921739	36	320	779	460	9	3	50
uniq_318206	AF385551.1	0.921739	36	320	779	460	9	3	50
uniq_318244	AF385561.1	0.882609	54	318	777	460	9	3	50
uniq_319288	EF512007.1	0.852174	68	313	777	460	9	3	50
uniq_319497	AY278621.1	0.904348	44	308	750	460	9	3	50
uniq_319716	AF385519.1	0.904348	44	320	779	460	9	3	50
uniq_320058	AY044915.1	0.989130	5	314	772	460	9	3	50
uniq_320126	AF385561.1	0.895652	48	318	777	460	9	3	50
uniq_320144	AY005069.1	0.923913	35	318	778	460	9	3	50
uniq_320157	AF385569.1	0.945652	25	302	761	460	9	3	50
uniq_320246	AF534433.1	0.934783	30	314	773	460	9	3	50
uniq_320455	AY008310.1	0.884783	53	318	777	460	9	3	50
uniq_320550	AB108826.1	0.939130	28	318	777	460	9	3	50
uniq_320586	AY005025.1	0.856522	66	313	777	460	9	3	50
uniq_320718	AY008310.1	0.941304	27	318	777	460	9	3	50
uniq_321316	AF385561.1	0.947826	24	318	777	460	9	3	50
uniq_321504	AF385571.1	0.845652	71	307	746	460	9	3	50
uniq_321564	AM277334.1	0.869565	60	323	787	460	9	3	50
uniq_321722	AF385569.1	0.867391	61	302	761	460	9	3	50
uniq_321743	AY207050.1	0.934783	30	320	779	460	9	3	50
uniq_321761	AY008310.1	0.865217	62	318	777	460	9	3	50
uniq_322070	AF385511.1	0.960870	18	320	779	460	9	3	50
uniq_322117	EU670056.1	0.926087	34	320	779	460	9	3	50
uniq_322440	AF385518.1	0.865217	62	308	750	460	9	3	50
uniq_322747	AY008310.1	0.913043	40	318	777	460	9	3	50
uniq_323024	AY349393.1	0.886957	52	320	779	460	9	3	50
uniq_323230	AF385519.1	0.895652	48	320	779	460	9	3	50
uniq_323247	AY349401.1	0.950000	23	318	777	460	9	3	50
uniq_323570	EU071543.1	0.867391	61	298	740	460	9	3	50
uniq_323576	D45057.1	0.900000	46	311	755	460	9	3	50
uniq_323598	AY008310.1	0.921739	36	318	777	460	9	3	50
uniq_323621	AB098612.1	0.854348	67	313	777	460	9	3	50
uniq_323915	AF385551.1	0.915217	39	320	779	460	9	3	50
uniq_324015	AY008691.1	0.945652	25	317	776	460	9	3	50
uniq_324032	AM419984.1	0.886957	52	309	749	460	9	3	50
uniq_324158	AF385519.1	0.891304	50	320	779	460	9	3	50
uniq_324193	AF385551.1	0.906522	43	320	779	460	9	3	50
uniq_324700	X67610.1	0.908696	42	308	767	460	9	3	50
uniq_32481	AF385519.1	0.915217	39	320	779	460	9	3	50
uniq_324898	AF385519.1	0.902174	45	320	779	460	9	3	50
uniq_325030	AB108825.1	0.928261	33	318	777	460	9	3	50
uniq_325343	AF385561.1	0.923913	35	318	777	460	9	3	50
uniq_325836	AY429468.1	0.915217	39	304	763	460	9	3	50
uniq_326161	AY008310.1	0.906522	43	318	777	460	9	3	50
uniq_326372	AY008691.1	0.897826	47	317	776	460	9	3	50
uniq_326821	AB108825.1	0.958696	19	318	777	460	9	3	50
uniq_326843	X67609.1	0.919565	37	308	767	460	9	3	50
uniq_32713	AY008309.1	0.863043	63	308	750	460	9	3	50
uniq_327498	AY349395.1	0.971739	13	320	779	460	9	3	50
uniq_327755	AF385569.1	0.954348	21	302	761	460	9	3	50
uniq_328102	AF432133.1	0.971739	13	320	779	460	9	3	50
uniq_328122	AF287783.1	0.863043	63	334	799	460	9	3	50
uniq_328180	AY008310.1	0.926087	34	318	777	460	9	3	50
uniq_328212	AY158021.1	0.919565	37	320	779	460	9	3	50
uniq_328213	AF385510.1	0.873913	58	326	765	460	9	3	50
uniq_328304	AF385519.1	0.850000	69	320	779	460	9	3	50
uniq_32842	AY008691.1	0.919565	37	317	776	460	9	3	50
uniq_328676	AY349395.1	0.936957	29	320	779	460	9	3	50
uniq_32954	AY008691.1	0.867391	61	317	776	460	9	3	50
uniq_329629	AF481226.1	0.991304	4	322	781	460	9	3	50
uniq_329881	AF371887.1	0.904348	44	319	778	460	9	3	50
uniq_329944	AY008310.1	0.917391	38	318	777	460	9	3	50
uniq_330014	AF385561.1	0.869565	60	318	777	460	9	3	50
uniq_330057	AY005025.1	0.867391	61	313	777	460	9	3	50
uniq_33046	AF385569.1	0.976087	11	302	761	460	9	3	50
uniq_330473	EF512007.1	0.882609	54	313	777	460	9	3	50
uniq_33050	AY207053.1	0.869565	60	310	752	460	9	3	50
uniq_330915	AY349393.1	0.969565	14	320	779	460	9	3	50
uniq_331235	AF385519.1	0.930435	32	320	779	460	9	3	50
uniq_331295	AY429468.1	0.952174	22	304	763	460	9	3	50
uniq_331330	AY008310.1	0.850000	69	318	777	460	9	3	50
uniq_331441	D14503.1	0.893478	49	279	718	460	9	3	50
uniq_331502	AY008691.1	0.939130	28	317	776	460	9	3	50
uniq_331551	AF385519.1	0.906522	43	320	779	460	9	3	50
uniq_331577	AY341343.1	0.865217	62	279	718	460	9	3	50
uniq_331766	AY008310.1	0.900000	46	318	777	460	9	3	50
uniq_331810	AY008310.1	0.895652	48	318	777	460	9	3	50
uniq_331830	EF512007.1	0.902174	45	313	777	460	9	3	50
uniq_331903	AY008310.1	0.910870	41	318	777	460	9	3	50
uniq_332024	AB244774.1	0.863043	63	316	775	460	9	3	50
uniq_33220	AF371887.1	0.880435	55	319	778	460	9	3	50
uniq_332419	AF385519.1	0.876087	57	320	779	460	9	3	50
uniq_332513	AY005072.1	0.947826	24	314	773	460	9	3	50
uniq_332749	AF385509.1	0.960870	18	318	777	460	9	3	50
uniq_332760	AY008310.1	0.928261	33	318	777	460	9	3	50
uniq_332783	Z30542.1	0.889130	51	279	718	460	9	3	50
uniq_332789	AY008310.1	0.926087	34	318	777	460	9	3	50
uniq_332803	AY008310.1	0.841304	73	318	777	460	9	3	50
uniq_332866	EU670056.1	0.923913	35	320	779	460	9	3	50
uniq_332919	AY244921.1	0.915217	39	318	777	460	9	3	50
uniq_332988	D14503.1	0.902174	45	279	718	460	9	3	50
uniq_333082	AY008310.1	0.865217	62	318	777	460	9	3	50
uniq_333187	AF385512.1	0.950000	23	318	777	460	9	3	50
uniq_333295	EF511101.1	0.884783	53	313	777	460	9	3	50
uniq_333698	EU670056.1	0.904348	44	320	779	460	9	3	50
uniq_333783	AF385519.1	0.891304	50	320	779	460	9	3	50
uniq_333838	D14506.1	0.889130	51	279	718	460	9	3	50
uniq_333890	AM419992.1	0.906522	43	320	779	460	9	3	50
uniq_334217	EU670056.1	0.932609	31	320	779	460	9	3	50
uniq_334237	AY207050.1	0.930435	32	320	779	460	9	3	50
uniq_334266	AY349395.1	0.958696	19	320	779	460	9	3	50
uniq_334291	EU670056.1	0.928261	33	320	779	460	9	3	50
uniq_334312	AY349395.1	0.921739	36	320	779	460	9	3	50
uniq_334407	EU670056.1	0.930435	32	320	779	460	9	3	50
uniq_334624	AY349395.1	0.934783	30	320	779	460	9	3	50
uniq_334686	AF003374.1	0.865217	62	279	718	460	9	3	50
uniq_334715	EU670056.1	0.943478	26	320	779	460	9	3	50
uniq_334879	AB182485.1	0.976087	11	322	781	460	9	3	50
uniq_335208	AY008310.1	0.952174	22	318	777	460	9	3	50
uniq_335409	AM419992.1	0.945652	25	320	779	460	9	3	50
uniq_335448	D14506.1	0.917391	38	279	718	460	9	3	50
uniq_335985	AM419992.1	0.963043	17	320	779	460	9	3	50
uniq_336004	EU670056.1	0.845652	71	320	779	460	9	3	50
uniq_336043	EF512007.1	0.913043	40	313	777	460	9	3	50
uniq_336196	AY349393.1	0.965217	16	320	779	460	9	3	50
uniq_336204	AB108826.1	0.928261	33	318	777	460	9	3	50
uniq_336620	AB098612.1	0.891304	50	313	777	460	9	3	50
uniq_336677	AY008310.1	0.921739	36	318	777	460	9	3	50
uniq_336744	AF385551.1	0.950000	23	320	779	460	9	3	50
uniq_336805	AF385569.1	0.910870	41	302	761	460	9	3	50
uniq_336893	AF385512.1	0.934783	30	318	777	460	9	3	50
uniq_336896	AY008310.1	0.936957	29	318	777	460	9	3	50
uniq_336952	AY278611.1	0.919565	37	314	771	460	9	3	50
uniq_337037	EU670056.1	0.943478	26	320	779	460	9	3	50
uniq_337165	AF385566.1	0.839130	74	335	800	460	9	3	50
uniq_337298	AF371887.1	0.878261	56	319	778	460	9	3	50
uniq_337341	AF385561.1	0.895652	48	318	777	460	9	3	50
uniq_33770	AJ290755.1	0.900000	46	315	779	460	9	3	50
uniq_337722	AY008310.1	0.904348	44	318	777	460	9	3	50
uniq_337736	AF053893.1	0.876087	57	313	777	460	9	3	50
uniq_337811	AB108826.1	0.921739	36	318	777	460	9	3	50
uniq_337866	AF385569.1	0.891304	50	302	761	460	9	3	50
uniq_337907	AY008310.1	0.843478	72	318	777	460	9	3	50
uniq_337915	AY008310.1	0.954348	21	318	777	460	9	3	50
uniq_338056	AJ012605.1	0.915217	39	320	779	460	9	3	50
uniq_338109	AY349393.1	0.910870	41	320	779	460	9	3	50
uniq_338113	EU670056.1	0.967391	15	320	779	460	9	3	50
uniq_338557	AF432133.1	0.926087	34	320	779	460	9	3	50
uniq_338770	AF385564.1	0.908696	42	320	779	460	9	3	50
uniq_338823	AF224305.1	0.860870	64	313	777	460	9	3	50
uniq_33892	AF385520.1	0.897826	47	350	791	460	9	3	50
uniq_338982	AF487886.1	0.847826	70	318	777	460	9	3	50
uniq_338985	EF509159.1	0.865217	62	311	753	460	9	3	50
uniq_33901	AF385519.1	0.904348	44	320	779	460	9	3	50
uniq_339308	AF385569.1	0.967391	15	302	761	460	9	3	50
uniq_339377	AF385519.1	0.926087	34	320	779	460	9	3	50
uniq_339737	AF432133.1	0.965217	16	320	779	460	9	3	50
uniq_339955	AF385577.1	0.847826	70	329	768	460	9	3	50
uniq_340153	AY349402.1	0.915217	39	318	776	460	9	3	50
uniq_340165	AF385519.1	0.908696	42	320	779	460	9	3	50
uniq_340178	AF385569.1	0.945652	25	302	761	460	9	3	50
uniq_340398	AY959133.1	0.854348	67	318	777	460	9	3	50
uniq_340527	AF385569.1	0.886957	52	302	761	460	9	3	50
uniq_340551	AJ290754.1	0.904348	44	313	777	460	9	3	50
uniq_340690	EU670056.1	0.856522	66	320	779	460	9	3	50
uniq_340825	AY349393.1	0.954348	21	320	779	460	9	3	50
uniq_340838	EU670056.1	0.945652	25	320	779	460	9	3	50
uniq_341191	AF385519.1	0.921739	36	320	779	460	9	3	50
uniq_341509	AF385569.1	0.895652	48	302	761	460	9	3	50
uniq_341531	AF385519.1	0.913043	40	320	779	460	9	3	50
uniq_341630	EU670056.1	0.934783	30	320	779	460	9	3	50
uniq_341988	AY207050.1	0.956522	20	320	779	460	9	3	50
uniq_342091	EU670056.1	0.952174	22	320	779	460	9	3	50
uniq_342298	D14506.1	0.893478	49	279	718	460	9	3	50
uniq_342414	EF510424.1	0.854348	67	332	796	460	9	3	50
uniq_342643	AY429468.1	0.956522	20	304	763	460	9	3	50
uniq_342773	AY274868.1	0.897826	47	312	772	460	9	3	50
uniq_342834	D14506.1	0.893478	49	279	718	460	9	3	50
uniq_342868	AF154081.1	0.834783	76	320	784	460	9	3	50
uniq_342994	D14503.1	0.882609	54	279	718	460	9	3	50
uniq_343062	EU670056.1	0.969565	14	320	779	460	9	3	50
uniq_343224	AF385518.1	0.900000	46	308	750	460	9	3	50
uniq_343263	AY008310.1	0.943478	26	318	777	460	9	3	50
uniq_34340	EF511101.1	0.880435	55	313	777	460	9	3	50
uniq_343420	AF385519.1	0.910870	41	320	779	460	9	3	50
uniq_343501	AF385571.1	0.845652	71	307	746	460	9	3	50
uniq_343753	AF385564.1	0.854348	67	320	779	460	9	3	50
uniq_343906	AF385569.1	0.926087	34	302	761	460	9	3	50
uniq_343953	AY008691.1	0.913043	40	317	776	460	9	3	50
uniq_344078	AY331415.1	0.891304	50	320	779	460	9	3	50
uniq_344101	AF385512.1	0.910870	41	318	777	460	9	3	50
uniq_344111	AF385564.1	0.939130	28	320	779	460	9	3	50
uniq_344161	AY244921.1	0.889130	51	318	777	460	9	3	50
uniq_344234	Z30542.1	0.867391	61	279	718	460	9	3	50
uniq_344360	AY349395.1	0.941304	27	320	779	460	9	3	50
uniq_344384	AF385519.1	0.895652	48	320	779	460	9	3	50
uniq_344449	AF385519.1	0.917391	38	320	779	460	9	3	50
uniq_344816	EU670056.1	0.954348	21	320	779	460	9	3	50
uniq_344881	AY008310.1	0.856522	66	318	777	460	9	3	50
uniq_344917	AF385564.1	0.900000	46	320	779	460	9	3	50
uniq_344946	AF385519.1	0.869565	60	320	779	460	9	3	50
uniq_345360	AY005065.1	0.923913	35	319	778	460	9	3	50
uniq_345556	EF512007.1	0.884783	53	313	777	460	9	3	50
uniq_346175	AB108826.1	0.926087	34	318	777	460	9	3	50
uniq_346203	EF510383.1	0.860870	64	321	785	460	9	3	50
uniq_346320	AF385551.1	0.928261	33	320	779	460	9	3	50
uniq_346395	AY207057.1	0.845652	71	318	778	460	9	3	50
uniq_346519	AF385509.1	0.908696	42	318	777	460	9	3	50
uniq_346616	AF371887.1	0.884783	53	319	778	460	9	3	50
uniq_346720	AF385512.1	0.947826	24	318	777	460	9	3	50
uniq_347077	AF385519.1	0.869565	60	320	779	460	9	3	50
uniq_34709	X67609.1	0.960870	18	308	767	460	9	3	50
uniq_347117	AF385515.1	0.902174	45	315	774	460	9	3	50
uniq_34758	EF512007.1	0.893478	49	313	777	460	9	3	50
uniq_347588	EU670056.1	0.945652	25	320	779	460	9	3	50
uniq_34763	AY008310.1	0.908696	42	318	777	460	9	3	50
uniq_348006	AM420056.1	0.980435	9	318	777	460	9	3	50
uniq_348026	AY349395.1	0.950000	23	320	779	460	9	3	50
uniq_348239	AF385515.1	0.936957	29	315	774	460	9	3	50
uniq_348367	AF385519.1	0.932609	31	320	779	460	9	3	50
uniq_348400	AY429468.1	0.895652	48	304	763	460	9	3	50
uniq_348408	AF408257.1	0.815217	85	320	783	460	9	3	50
uniq_348471	AF385569.1	0.856522	66	302	761	460	9	3	50
uniq_348639	AY008310.1	0.921739	36	318	777	460	9	3	50
uniq_348947	AF432133.1	0.923913	35	320	779	460	9	3	50
uniq_348962	AF385569.1	0.897826	47	302	761	460	9	3	50
uniq_349114	AF385519.1	0.963043	17	320	779	460	9	3	50
uniq_349132	Z30542.1	0.895652	48	279	718	460	9	3	50
uniq_349135	AB002523.1	0.850000	69	319	783	460	9	3	50
uniq_349397	EF101551.1	0.895652	48	309	773	460	9	3	50
uniq_349466	EF101551.1	0.886957	52	309	773	460	9	3	50
uniq_349467	AF502204.1	0.936957	29	307	766	460	9	3	50
uniq_349504	EF101551.1	0.878261	56	309	773	460	9	3	50
uniq_349506	AF385561.1	0.917391	38	318	777	460	9	3	50
uniq_349553	AJ244722.1	0.876087	57	314	778	460	9	3	50
uniq_349862	AJ421528.1	0.873913	58	309	773	460	9	3	50
uniq_349863	AM232809.1	0.963043	17	307	766	460	9	3	50
uniq_349998	AF385551.1	0.928261	33	320	779	460	9	3	50
uniq_35001	AF385561.1	0.936957	29	318	777	460	9	3	50
uniq_350102	EU670056.1	0.941304	27	320	779	460	9	3	50
uniq_350154	AY349395.1	0.936957	29	320	779	460	9	3	50
uniq_350197	AJ244722.1	0.858696	65	314	778	460	9	3	50
uniq_350321	AF385519.1	0.878261	56	320	779	460	9	3	50
uniq_350365	AF385551.1	0.847826	70	320	779	460	9	3	50
uniq_350400	AF183404.1	0.941304	27	320	779	460	9	3	50
uniq_350435	AF385551.1	0.973913	12	320	779	460	9	3	50
uniq_35050	AM422125.1	0.928261	33	318	777	460	9	3	50
uniq_350551	EF101551.1	0.889130	51	309	773	460	9	3	50
uniq_350556	AF537212.1	0.991304	4	319	778	460	9	3	50
uniq_350592	AJ244722.1	0.873913	58	314	778	460	9	3	50
uniq_350601	AJ421528.1	0.882609	54	309	773	460	9	3	50
uniq_350696	AF385511.1	0.967391	15	320	779	460	9	3	50
uniq_350818	AF432133.1	0.978261	10	320	779	460	9	3	50
uniq_350926	AF385519.1	0.889130	51	320	779	460	9	3	50
uniq_350999	AY349393.1	0.939130	28	320	779	460	9	3	50
uniq_351002	EF101551.1	0.884783	53	309	773	460	9	3	50
uniq_351088	EF101551.1	0.897826	47	309	773	460	9	3	50
uniq_35109	AM697133.1	0.852174	68	322	787	460	9	3	50
uniq_351095	AF385509.1	0.915217	39	318	777	460	9	3	50
uniq_351113	AJ006457.1	0.843478	72	318	777	460	9	3	50
uniq_351319	AJ244722.1	0.902174	45	314	778	460	9	3	50
uniq_351345	AY030318.1	0.873913	58	320	784	460	9	3	50
uniq_351363	AF432133.1	0.878261	56	320	779	460	9	3	50
uniq_35166	AM697133.1	0.865217	62	322	787	460	9	3	50
uniq_351921	AF537212.1	0.963043	17	319	778	460	9	3	50
uniq_351990	EF510383.1	0.828261	79	321	785	460	9	3	50
uniq_352017	AY959092.1	0.869565	60	327	791	460	9	3	50
uniq_352227	AY008691.1	0.841304	73	317	776	460	9	3	50
uniq_352228	AF385509.1	0.880435	55	318	777	460	9	3	50
uniq_352237	AF385519.1	0.939130	28	320	779	460	9	3	50
uniq_352466	EU670056.1	0.936957	29	320	779	460	9	3	50
uniq_352470	AF201981.1	0.871739	59	327	766	460	9	3	50
uniq_352548	EF512007.1	0.891304	50	313	777	460	9	3	50
uniq_352669	AB245380.1	0.895652	48	307	771	460	9	3	50
uniq_35277	AY188293.1	0.963043	17	311	768	460	9	3	50
uniq_353091	AF385515.1	0.915217	39	315	774	460	9	3	50
uniq_353324	AF385519.1	0.928261	33	320	779	460	9	3	50
uniq_353712	AY349395.1	0.971739	13	320	779	460	9	3	50
uniq_353753	AM232809.1	0.897826	47	307	766	460	9	3	50
uniq_353858	EF101551.1	0.847826	70	309	773	460	9	3	50
uniq_353866	AJ519989.1	0.886957	52	313	777	460	9	3	50
uniq_354145	AF371887.1	0.871739	59	319	778	460	9	3	50
uniq_354371	AY349395.1	0.963043	17	320	779	460	9	3	50
uniq_354544	EF511101.1	0.867391	61	313	777	460	9	3	50
uniq_354608	AJ244722.1	0.882609	54	314	778	460	9	3	50
uniq_354753	AY349396.1	0.906522	43	318	777	460	9	3	50
uniq_35476	X67609.1	0.973913	12	308	767	460	9	3	50
uniq_354772	AM419984.1	0.876087	57	309	749	460	9	3	50
uniq_354862	EF101551.1	0.860870	64	309	773	460	9	3	50
uniq_354881	AJ244722.1	0.860870	64	314	778	460	9	3	50
uniq_354972	AF385571.1	0.865217	62	307	746	460	9	3	50
uniq_35510	AF385569.1	0.973913	12	302	761	460	9	3	50
uniq_355128	AY008691.1	0.869565	60	317	776	460	9	3	50
uniq_355176	AY349402.1	0.867391	61	318	776	460	9	3	50
uniq_355573	EF510383.1	0.826087	80	321	785	460	9	3	50
uniq_356638	AF385551.1	0.947826	24	320	779	460	9	3	50
uniq_356644	EF101551.1	0.847826	70	309	773	460	9	3	50
uniq_356718	AY239469.1	0.821739	82	322	781	460	9	3	50
uniq_356737	X89377.1	0.832609	77	316	780	460	9	3	50
uniq_356864	AY328770.1	0.891304	50	313	777	460	9	3	50
uniq_35705	AY008310.1	0.878261	56	318	777	460	9	3	50
uniq_357091	AB299978.1	0.882609	54	313	777	460	9	3	50
uniq_357153	AF023044.1	0.871739	59	313	777	460	9	3	50
uniq_357396	AF247720.1	0.847826	70	313	777	460	9	3	50
uniq_357627	AB098612.1	0.865217	62	313	777	460	9	3	50
uniq_357737	AF385519.1	0.847826	70	320	779	460	9	3	50
uniq_357800	AF385551.1	0.934783	30	320	779	460	9	3	50
uniq_357935	AJ421528.1	0.856522	66	309	773	460	9	3	50
uniq_358042	AY005072.1	0.936957	29	314	773	460	9	3	50
uniq_358047	EU670056.1	0.865217	62	320	779	460	9	3	50
uniq_358223	AF385519.1	0.897826	47	320	779	460	9	3	50
uniq_358231	EF511101.1	0.858696	65	313	777	460	9	3	50
uniq_358478	AM261868.1	0.917391	38	307	766	460	9	3	50
uniq_358741	AY349402.1	0.865217	62	318	776	460	9	3	50
uniq_358785	AF385512.1	0.943478	26	318	777	460	9	3	50
uniq_358935	AF385519.1	0.910870	41	320	779	460	9	3	50
uniq_359172	AF385519.1	0.865217	62	320	779	460	9	3	50
uniq_35934	AF287775.1	0.843478	72	327	766	460	9	3	50
uniq_359492	EF510424.1	0.858696	65	332	796	460	9	3	50
uniq_359547	EF101551.1	0.865217	62	309	773	460	9	3	50
uniq_359626	AJ519989.1	0.839130	74	313	777	460	9	3	50
uniq_359722	AY008691.1	0.941304	27	317	776	460	9	3	50
uniq_359767	AY212601.1	0.973913	12	307	766	460	9	3	50
uniq_35979	AF053893.1	0.863043	63	313	777	460	9	3	50
uniq_360024	AJ519989.1	0.867391	61	313	777	460	9	3	50
uniq_360227	AM420011.1	0.969565	14	318	777	460	9	3	50
uniq_360232	AM419992.1	0.941304	27	320	779	460	9	3	50
uniq_360337	AF385519.1	0.908696	42	320	779	460	9	3	50
uniq_360378	AF385519.1	0.932609	31	320	779	460	9	3	50
uniq_360394	AF385519.1	0.928261	33	320	779	460	9	3	50
uniq_360558	AJ244722.1	0.839130	74	314	778	460	9	3	50
uniq_36057	AY349402.1	0.884783	53	318	776	460	9	3	50
uniq_360893	EF101551.1	0.902174	45	309	773	460	9	3	50
uniq_360902	D83364.1	0.869565	60	320	784	460	9	3	50
uniq_360963	AF385509.1	0.954348	21	318	777	460	9	3	50
uniq_361364	EF101551.1	0.845652	71	309	773	460	9	3	50
uniq_361872	AY331415.1	0.963043	17	320	779	460	9	3	50
uniq_362001	AF502204.1	0.910870	41	307	766	460	9	3	50
uniq_362016	AY349393.1	0.893478	49	320	779	460	9	3	50
uniq_362324	AM419984.1	0.869565	60	309	749	460	9	3	50
uniq_362659	AB108826.1	0.904348	44	318	777	460	9	3	50
uniq_36293	X67609.1	0.950000	23	308	767	460	9	3	50
uniq_362944	AF487680.1	0.928261	33	316	771	460	9	3	50
uniq_363133	AM491368.1	0.989130	5	310	769	460	9	3	50
uniq_363246	AF527580.1	0.950000	23	311	771	460	9	3	50
uniq_363316	AM697309.1	0.967391	15	300	759	460	9	3	50
uniq_36400	AF385569.1	0.969565	14	302	761	460	9	3	50
uniq_364504	DQ889723.1	0.986957	6	310	769	460	9	3	50
uniq_364797	AY493956.1	0.919565	37	317	776	460	9	3	50
uniq_365207	AB267477.1	0.965217	16	317	776	460	9	3	50
uniq_365984	AF145849.1	0.947826	24	306	765	460	9	3	50
uniq_366797	AJ438176.1	0.936957	29	318	777	460	9	3	50
uniq_367069	AM697309.1	0.956522	20	300	759	460	9	3	50
uniq_367549	AF289153.1	0.980435	9	315	773	460	9	3	50
uniq_367710	AB024308.1	0.969565	14	307	766	460	9	3	50
uniq_36906	AM697440.1	0.891304	50	322	787	460	9	3	50
uniq_369087	AB214328.1	0.973913	12	313	772	460	9	3	50
uniq_369412	AJ408963.1	0.986957	6	316	775	460	9	3	50
uniq_369638	AF145849.1	0.939130	28	306	765	460	9	3	50
uniq_37019	AY008310.1	0.921739	36	318	777	460	9	3	50
uniq_370351	AB214328.1	0.980435	9	313	772	460	9	3	50
uniq_37169	AJ576364.1	0.847826	70	317	782	460	9	3	50
uniq_372275	AY212569.1	0.969565	14	316	775	460	9	3	50
uniq_372734	AF132263.1	0.982609	8	315	774	460	9	3	50
uniq_373220	AB238928.1	0.993478	3	319	778	460	9	3	50
uniq_373689	AF190460.1	0.839130	74	325	788	460	9	3	50
uniq_37411	X67609.1	0.923913	35	308	767	460	9	3	50
uniq_375083	AB108826.1	0.967391	15	318	777	460	9	3	50
uniq_37535	AY278613.1	0.906522	43	308	767	460	9	3	50
uniq_376076	AY349402.1	0.928261	33	318	776	460	9	3	50
uniq_37643	AY008310.1	0.834783	76	318	777	460	9	3	50
uniq_376760	AJ318185.1	0.960870	18	316	775	460	9	3	50
uniq_377048	AF385512.1	0.930435	32	318	777	460	9	3	50
uniq_377403	X76259.1	0.991304	4	318	777	460	9	3	50
uniq_37751	X67609.1	0.971739	13	308	767	460	9	3	50
uniq_377753	AF050544.1	0.945652	25	312	771	460	9	3	50
uniq_377783	EF126993.1	0.945652	25	306	765	460	9	3	50
uniq_378293	AY212569.1	0.958696	19	316	775	460	9	3	50
uniq_37837	AF287770.1	0.871739	59	325	763	460	9	3	50
uniq_380552	AY337604.1	0.939130	28	310	769	460	9	3	50
uniq_38104	AF385494.1	0.926087	34	302	760	460	9	3	50
uniq_382472	AF385519.1	0.963043	17	320	779	460	9	3	50
uniq_38308	X67609.1	0.936957	29	308	767	460	9	3	50
uniq_38336	AF385569.1	0.969565	14	302	761	460	9	3	50
uniq_38362	AY429468.1	0.913043	40	304	763	460	9	3	50
uniq_384638	AB154301.1	0.952174	22	313	772	460	9	3	50
uniq_385587	AB125062.1	0.897826	47	310	769	460	9	3	50
uniq_386036	AF537212.1	0.956522	20	319	778	460	9	3	50
uniq_38614	AY278613.1	0.923913	35	308	767	460	9	3	50
uniq_38666	AY349402.1	0.871739	59	318	776	460	9	3	50
uniq_387713	AM420011.1	0.989130	5	318	777	460	9	3	50
uniq_387761	AY218551.1	0.804348	90	309	766	460	9	3	50
uniq_388534	AF385509.1	0.969565	14	318	777	460	9	3	50
uniq_38865	AB108825.1	0.950000	23	318	777	460	9	3	50
uniq_389877	AM238680.1	0.919565	37	307	766	460	9	3	50
uniq_391096	AY429468.1	0.956522	20	304	763	460	9	3	50
uniq_391468	AY349401.1	0.963043	17	318	777	460	9	3	50
uniq_392559	AF385509.1	0.936957	29	318	777	460	9	3	50
uniq_392929	AY244921.1	0.891304	50	318	777	460	9	3	50
uniq_393011	AY278611.1	0.867391	61	314	771	460	9	3	50
uniq_393033	AY331415.1	0.936957	29	320	779	460	9	3	50
uniq_393070	X67609.1	0.882609	54	308	767	460	9	3	50
uniq_393263	AY349393.1	0.913043	40	320	779	460	9	3	50
uniq_393403	X67609.1	0.913043	40	308	767	460	9	3	50
uniq_393510	AF385551.1	0.965217	16	320	779	460	9	3	50
uniq_393580	X79463.1	0.867391	61	311	755	460	9	3	50
uniq_393602	AY207050.1	0.941304	27	320	779	460	9	3	50
uniq_393629	AY008310.1	0.926087	34	318	777	460	9	3	50
uniq_393875	AF385510.1	0.865217	62	326	765	460	9	3	50
uniq_393933	AB098612.1	0.839130	74	313	777	460	9	3	50
uniq_394036	AF385519.1	0.958696	19	320	779	460	9	3	50
uniq_39423	X67609.1	0.895652	48	308	767	460	9	3	50
uniq_394301	AF385519.1	0.860870	64	320	779	460	9	3	50
uniq_394539	AF371887.1	0.884783	53	319	778	460	9	3	50
uniq_394826	AF385519.1	0.926087	34	320	779	460	9	3	50
uniq_394887	Y14579.1	0.991304	4	314	773	460	9	3	50
uniq_394928	AF385551.1	0.926087	34	320	779	460	9	3	50
uniq_395267	EU670056.1	0.856522	66	320	779	460	9	3	50
uniq_395342	AY278618.1	0.867391	61	326	765	460	9	3	50
uniq_395379	AF432133.1	0.867391	61	320	779	460	9	3	50
uniq_395425	AY278621.1	0.860870	64	308	750	460	9	3	50
uniq_395715	AF385512.1	0.958696	19	318	777	460	9	3	50
uniq_395776	AF385519.1	0.882609	54	320	779	460	9	3	50
uniq_395925	AY044915.1	0.891304	50	314	772	460	9	3	50
uniq_396175	AF432133.1	0.954348	21	320	779	460	9	3	50
uniq_396364	EU012295.1	0.910870	41	318	777	460	9	3	50
uniq_396557	AF385519.1	0.913043	40	320	779	460	9	3	50
uniq_396739	AY005069.1	0.926087	34	318	778	460	9	3	50
uniq_396753	EF510424.1	0.856522	66	332	796	460	9	3	50
uniq_396918	AF385509.1	0.919565	37	318	777	460	9	3	50
uniq_396955	AF385511.1	0.921739	36	320	779	460	9	3	50
uniq_397251	AY008310.1	0.973913	12	318	777	460	9	3	50
uniq_397265	AM230485.1	0.939130	28	306	765	460	9	3	50
uniq_397366	AF481227.1	0.930435	32	318	777	460	9	3	50
uniq_397394	EF509159.1	0.850000	69	311	753	460	9	3	50
uniq_39745	AF385519.1	0.876087	57	320	779	460	9	3	50
uniq_397582	AF432133.1	0.902174	45	320	779	460	9	3	50
uniq_397691	AY008310.1	0.839130	74	318	777	460	9	3	50
uniq_397699	AF385515.1	0.960870	18	315	774	460	9	3	50
uniq_397815	AY008310.1	0.971739	13	318	777	460	9	3	50
uniq_397856	AF385512.1	0.971739	13	318	777	460	9	3	50
uniq_397936	AY369252.1	0.863043	63	319	783	460	9	3	50
uniq_397973	AY005065.1	0.967391	15	319	778	460	9	3	50
uniq_398003	AF385519.1	0.934783	30	320	779	460	9	3	50
uniq_398201	AF385511.1	0.952174	22	320	779	460	9	3	50
uniq_398419	AF385511.1	0.956522	20	320	779	460	9	3	50
uniq_398502	AM697133.1	0.865217	62	322	787	460	9	3	50
uniq_398528	AF385564.1	0.945652	25	320	779	460	9	3	50
uniq_398645	AF385564.1	0.945652	25	320	779	460	9	3	50
uniq_398646	AF385564.1	0.910870	41	320	779	460	9	3	50
uniq_39877	AF371887.1	0.791304	96	319	778	460	9	3	50
uniq_398772	Y13364.1	0.902174	45	323	787	460	9	3	50
uniq_398899	AF385564.1	0.921739	36	320	779	460	9	3	50
uniq_398908	AY278624.1	0.930435	32	318	777	460	9	3	50
uniq_398914	AJ012605.1	0.928261	33	320	779	460	9	3	50
uniq_399052	AF394174.1	0.886957	52	281	720	460	9	3	50
uniq_399067	AF183404.1	0.917391	38	320	779	460	9	3	50
uniq_399077	AJ295750.1	0.873913	58	300	742	460	9	3	50
uniq_399114	U43698.1	0.932609	31	317	777	460	9	3	50
uniq_39919	AF385494.1	0.952174	22	302	760	460	9	3	50
uniq_399295	AY349395.1	0.928261	33	320	779	460	9	3	50
uniq_399342	U43698.1	0.930435	32	317	777	460	9	3	50
uniq_399358	AF385564.1	0.873913	58	320	779	460	9	3	50
uniq_399363	AY008310.1	0.908696	42	318	777	460	9	3	50
uniq_399461	AY349395.1	0.945652	25	320	779	460	9	3	50
uniq_399496	AJ244709.1	0.880435	55	281	720	460	9	3	50
uniq_399559	EU670056.1	0.902174	45	320	779	460	9	3	50
uniq_399634	U43698.1	0.969565	14	317	777	460	9	3	50
uniq_399804	AY207057.1	0.902174	45	318	778	460	9	3	50
uniq_399852	AY349393.1	0.967391	15	320	779	460	9	3	50
uniq_399871	AY169433.1	0.880435	55	281	720	460	9	3	50
uniq_399966	U43698.1	0.919565	37	317	777	460	9	3	50
uniq_39999	AY008310.1	0.819565	83	318	777	460	9	3	50
uniq_400096	AF224306.1	0.876087	57	312	776	460	9	3	50
uniq_400231	AY278618.1	0.858696	65	326	765	460	9	3	50
uniq_400246	EU012315.1	0.921739	36	318	777	460	9	3	50
uniq_40037	X67609.1	0.943478	26	308	767	460	9	3	50
uniq_400401	AF385551.1	0.936957	29	320	779	460	9	3	50
uniq_400538	AF394174.1	0.889130	51	281	720	460	9	3	50
uniq_400727	U43698.1	0.943478	26	317	777	460	9	3	50
uniq_400815	X89377.1	0.869565	60	316	780	460	9	3	50
uniq_400816	EU670056.1	0.832609	77	320	779	460	9	3	50
uniq_400842	AF385519.1	0.932609	31	320	779	460	9	3	50
uniq_400914	AY349395.1	0.897826	47	320	779	460	9	3	50
uniq_401049	AF481206.1	0.969565	14	317	776	460	9	3	50
uniq_401077	AY840553.1	0.945652	25	320	779	460	9	3	50
uniq_401086	AF385551.1	0.943478	26	320	779	460	9	3	50
uniq_401102	AF385564.1	0.873913	58	320	779	460	9	3	50
uniq_401183	AJ012605.1	0.967391	15	320	779	460	9	3	50
uniq_401230	AF394174.1	0.847826	70	281	720	460	9	3	50
uniq_401233	AF481222.1	0.871739	59	325	764	460	9	3	50
uniq_401269	AM697440.1	0.863043	63	322	787	460	9	3	50
uniq_401309	AF183405.1	0.902174	45	320	779	460	9	3	50
uniq_401338	AY349393.1	0.954348	21	320	779	460	9	3	50
uniq_401397	AY005065.1	0.928261	33	319	778	460	9	3	50
uniq_401532	U43698.1	0.945652	25	317	777	460	9	3	50
uniq_401752	AF385559.1	0.839130	74	326	764	460	9	3	50
uniq_401832	AF183405.1	0.904348	44	320	779	460	9	3	50
uniq_401908	U43698.1	0.967391	15	317	777	460	9	3	50
uniq_401922	U43698.1	0.963043	17	317	777	460	9	3	50
uniq_402119	U43697.1	0.923913	35	315	777	460	9	3	50
uniq_402160	AF432133.1	0.943478	26	320	779	460	9	3	50
uniq_402191	AY207057.1	0.936957	29	318	778	460	9	3	50
uniq_402199	U87968.1	0.904348	44	305	749	460	9	3	50
uniq_402249	AF432133.1	0.958696	19	320	779	460	9	3	50
uniq_402360	AB089050.1	0.847826	70	312	754	460	9	3	50
uniq_402445	AY005069.1	0.910870	41	318	778	460	9	3	50
uniq_402477	EU071472.1	0.852174	68	323	787	460	9	3	50
uniq_402632	EU670056.1	0.860870	64	320	779	460	9	3	50
uniq_402725	AY349402.1	0.869565	60	318	776	460	9	3	50
uniq_402733	AF385556.1	0.865217	62	329	768	460	9	3	50
uniq_402834	AF394174.1	0.878261	56	281	720	460	9	3	50
uniq_402928	AY005065.1	0.952174	22	319	778	460	9	3	50
uniq_402947	AF183405.1	0.963043	17	320	779	460	9	3	50
uniq_403003	AF385511.1	0.847826	70	320	779	460	9	3	50
uniq_403030	AY138233.1	0.839130	74	319	783	460	9	3	50
uniq_403111	AF385519.1	0.906522	43	320	779	460	9	3	50
uniq_403156	AF385518.1	0.876087	57	308	750	460	9	3	50
uniq_403220	AF385512.1	0.939130	28	318	777	460	9	3	50
uniq_403409	AF385521.1	0.880435	55	314	771	460	9	3	50
uniq_403467	AF183405.1	0.891304	50	320	779	460	9	3	50
uniq_403604	U43698.1	0.956522	20	317	777	460	9	3	50
uniq_403639	AF432133.1	0.973913	12	320	779	460	9	3	50
uniq_403748	AY349384.1	0.856522	66	308	753	460	9	3	50
uniq_403789	AF432133.1	0.895652	48	320	779	460	9	3	50
uniq_403856	AF385556.1	0.863043	63	329	768	460	9	3	50
uniq_403988	AY349402.1	0.893478	49	318	776	460	9	3	50
uniq_404177	AF385564.1	0.926087	34	320	779	460	9	3	50
uniq_404181	AF385564.1	0.954348	21	320	779	460	9	3	50
uniq_404221	AF385569.1	0.915217	39	302	761	460	9	3	50
uniq_404237	AY207057.1	0.891304	50	318	778	460	9	3	50
uniq_404291	AY005065.1	0.945652	25	319	778	460	9	3	50
uniq_404317	AF385519.1	0.923913	35	320	779	460	9	3	50
uniq_404365	AY207057.1	0.904348	44	318	778	460	9	3	50
uniq_404445	EU670056.1	0.969565	14	320	779	460	9	3	50
uniq_404449	AJ244709.1	0.876087	57	281	720	460	9	3	50
uniq_40452	X67609.1	0.939130	28	308	767	460	9	3	50
uniq_404523	AM420011.1	0.910870	41	318	777	460	9	3	50
uniq_404619	AJ012605.1	0.963043	17	320	779	460	9	3	50
uniq_404620	AF385519.1	0.930435	32	320	779	460	9	3	50
uniq_404663	AF385519.1	0.917391	38	320	779	460	9	3	50
uniq_404669	AJ290758.1	0.836957	75	313	777	460	9	3	50
uniq_404792	AY005069.1	0.917391	38	318	778	460	9	3	50
uniq_404807	AY207057.1	0.871739	59	318	778	460	9	3	50
uniq_404820	AF040719.1	0.847826	70	320	779	460	9	3	50
uniq_405052	AY005065.1	0.950000	23	319	778	460	9	3	50
uniq_405266	AF385564.1	0.904348	44	320	779	460	9	3	50
uniq_405298	AF432133.1	0.850000	69	320	779	460	9	3	50
uniq_405398	AY008691.1	0.891304	50	317	776	460	9	3	50
uniq_405433	AY349395.1	0.967391	15	320	779	460	9	3	50
uniq_405450	U43698.1	0.943478	26	317	777	460	9	3	50
uniq_405537	AY005065.1	0.943478	26	319	778	460	9	3	50
uniq_405955	AY349395.1	0.889130	51	320	779	460	9	3	50
uniq_406029	AY211074.1	0.891304	50	307	751	460	9	3	50
uniq_406077	AY349393.1	0.965217	16	320	779	460	9	3	50
uniq_406090	AF287770.1	0.867391	61	325	763	460	9	3	50
uniq_406177	AF543275.1	0.915217	39	317	776	460	9	3	50
uniq_406290	AY331415.1	0.936957	29	320	779	460	9	3	50
uniq_406446	EU012315.1	0.934783	30	318	777	460	9	3	50
uniq_406495	AY008310.1	0.889130	51	318	777	460	9	3	50
uniq_406558	U43698.1	0.943478	26	317	777	460	9	3	50
uniq_406576	AF394174.1	0.873913	58	281	720	460	9	3	50
uniq_40662	AF385569.1	0.913043	40	302	761	460	9	3	50
uniq_406656	EF511101.1	0.886957	52	313	777	460	9	3	50
uniq_406694	AY005065.1	0.928261	33	319	778	460	9	3	50
uniq_406741	AF385519.1	0.902174	45	320	779	460	9	3	50
uniq_406858	AY008691.1	0.908696	42	317	776	460	9	3	50
uniq_406861	AJ012605.1	0.941304	27	320	779	460	9	3	50
uniq_406887	AF385564.1	0.904348	44	320	779	460	9	3	50
uniq_407016	AF385519.1	0.900000	46	320	779	460	9	3	50
uniq_407056	AF385551.1	0.843478	72	320	779	460	9	3	50
uniq_407122	AF385564.1	0.919565	37	320	779	460	9	3	50
uniq_407217	AB098612.1	0.886957	52	313	777	460	9	3	50
uniq_407318	AY005065.1	0.965217	16	319	778	460	9	3	50
uniq_407381	AF385564.1	0.943478	26	320	779	460	9	3	50
uniq_407448	AF040719.1	0.917391	38	320	779	460	9	3	50
uniq_407557	AB214328.1	0.886957	52	313	772	460	9	3	50
uniq_407850	AF385519.1	0.906522	43	320	779	460	9	3	50
uniq_407878	AF385564.1	0.954348	21	320	779	460	9	3	50
uniq_40792	AY526575.1	0.869565	60	302	766	460	9	3	50
uniq_407948	AJ431371.1	0.884783	53	308	752	460	9	3	50
uniq_408009	AF385569.1	0.904348	44	302	761	460	9	3	50
uniq_408038	EU012315.1	0.897826	47	318	777	460	9	3	50
uniq_408056	AF385521.1	0.852174	68	314	771	460	9	3	50
uniq_408057	AB108825.1	0.856522	66	318	777	460	9	3	50
uniq_408160	AF385519.1	0.947826	24	320	779	460	9	3	50
uniq_408183	AJ244709.1	0.891304	50	281	720	460	9	3	50
uniq_408220	AY138231.1	0.852174	68	317	781	460	9	3	50
uniq_408231	U43698.1	0.934783	30	317	777	460	9	3	50
uniq_408306	U43698.1	0.952174	22	317	777	460	9	3	50
uniq_408347	AF385519.1	0.904348	44	320	779	460	9	3	50
uniq_408416	AF385515.1	0.913043	40	315	774	460	9	3	50
uniq_408452	AF385551.1	0.928261	33	320	779	460	9	3	50
uniq_408729	AY211074.1	0.891304	50	307	751	460	9	3	50
uniq_408774	AM420249.1	0.952174	22	313	772	460	9	3	50
uniq_40956	AF385519.1	0.904348	44	320	779	460	9	3	50
uniq_41111	AF385561.1	0.908696	42	318	777	460	9	3	50
uniq_41597	AF481227.1	0.910870	41	318	777	460	9	3	50
uniq_41607	AY429468.1	0.958696	19	304	763	460	9	3	50
uniq_41662	AY008691.1	0.915217	39	317	776	460	9	3	50
uniq_41704	AY331415.1	0.967391	15	320	779	460	9	3	50
uniq_42033	X67609.1	0.945652	25	308	767	460	9	3	50
uniq_42093	X67609.1	0.867391	61	308	767	460	9	3	50
uniq_42178	X67609.1	0.923913	35	308	767	460	9	3	50
uniq_42505	AF385519.1	0.882609	54	320	779	460	9	3	50
uniq_42762	AF493694.1	0.947826	24	315	774	460	9	3	50
uniq_42825	AY278611.1	0.889130	51	314	771	460	9	3	50
uniq_42827	X67609.1	0.821739	82	308	767	460	9	3	50
uniq_42888	AF287770.1	0.865217	62	325	763	460	9	3	50
uniq_43311	AF385494.1	0.897826	47	302	760	460	9	3	50
uniq_43386	AY008310.1	0.928261	33	318	777	460	9	3	50
uniq_43473	EF512007.1	0.913043	40	313	777	460	9	3	50
uniq_44491	AY429468.1	0.947826	24	304	763	460	9	3	50
uniq_44682	AM419984.1	0.902174	45	309	749	460	9	3	50
uniq_44738	AF385551.1	0.960870	18	320	779	460	9	3	50
uniq_45217	AY008310.1	0.963043	17	318	777	460	9	3	50
uniq_45227	AY244898.1	0.828261	79	318	778	460	9	3	50
uniq_45458	AY008309.1	0.884783	53	308	750	460	9	3	50
uniq_45703	AF287770.1	0.852174	68	325	763	460	9	3	50
uniq_46074	AB108825.1	0.945652	25	318	777	460	9	3	50
uniq_46200	AY008310.1	0.928261	33	318	777	460	9	3	50
uniq_46428	AY008691.1	0.930435	32	317	776	460	9	3	50
uniq_46471	AY008308.1	0.904348	44	315	774	460	9	3	50
uniq_46660	AB245369.1	0.969565	14	297	756	460	9	3	50
uniq_47064	CP000140.1	0.908696	42	315	774	460	9	3	50
uniq_47205	AJ318185.1	0.939130	28	316	775	460	9	3	50
uniq_47347	AJ318198.1	0.958696	19	305	764	460	9	3	50
uniq_49025	AB267478.1	0.936957	29	312	771	460	9	3	50
uniq_49086	AB108826.1	0.939130	28	318	777	460	9	3	50
uniq_49716	X85208.1	0.936957	29	307	766	460	9	3	50
uniq_51260	AJ438176.1	0.989130	5	318	777	460	9	3	50
uniq_51430	AY250872.1	0.884783	53	305	756	460	9	3	50
uniq_51523	AJ619037.1	0.989130	5	307	766	460	9	3	50
uniq_52402	AY212736.1	0.973913	12	307	766	460	9	3	50
uniq_52494	AJ440996.1	0.934783	30	308	767	460	9	3	50
uniq_52718	EU670056.1	0.965217	16	320	779	460	9	3	50
uniq_52930	AF236015.1	0.921739	36	306	765	460	9	3	50
uniq_53462	AJ440984.1	0.919565	37	304	763	460	9	3	50
uniq_53565	AY218593.1	0.941304	27	312	771	460	9	3	50
uniq_53885	DQ451495.1	0.926087	34	321	784	460	9	3	50
uniq_54538	AF139524.1	0.989130	5	317	776	460	9	3	50
uniq_54902	AY468465.1	0.971739	13	306	765	460	9	3	50
uniq_55536	AY468472.1	0.973913	12	307	766	460	9	3	50
uniq_55978	AM261868.1	0.971739	13	307	766	460	9	3	50
uniq_57687	AF361195.1	0.939130	28	314	775	460	9	3	50
uniq_57832	AF534433.1	0.947826	24	314	773	460	9	3	50
uniq_58334	AM000023.1	0.902174	45	296	755	460	9	3	50
uniq_58537	AJ249107.1	0.876087	57	314	773	460	9	3	50
uniq_58895	AJ575720.1	0.939130	28	310	769	460	9	3	50
uniq_59227	AY345400.1	0.984783	7	306	765	460	9	3	50
uniq_59334	AY212618.1	0.965217	16	308	767	460	9	3	50
uniq_59745	AY349393.1	0.936957	29	320	779	460	9	3	50
uniq_60029	AM422125.1	0.884783	53	318	777	460	9	3	50
uniq_60655	AY349395.1	0.976087	11	320	779	460	9	3	50
uniq_61374	AF385519.1	0.908696	42	320	779	460	9	3	50
uniq_61745	AF385521.1	0.860870	64	314	771	460	9	3	50
uniq_62438	AJ290758.1	0.869565	60	313	777	460	9	3	50
uniq_62482	AF385519.1	0.869565	60	320	779	460	9	3	50
uniq_62818	AF385515.1	0.882609	54	315	774	460	9	3	50
uniq_62979	AF385563.1	0.860870	64	318	760	460	9	3	50
uniq_63017	AF385519.1	0.852174	68	320	779	460	9	3	50
uniq_64110	AF385566.1	0.858696	65	335	800	460	9	3	50
uniq_64845	AF385512.1	0.910870	41	318	777	460	9	3	50
uniq_64988	AY349402.1	0.843478	72	318	776	460	9	3	50
uniq_65284	AF201981.1	0.865217	62	327	766	460	9	3	50
uniq_65368	AF432133.1	0.980435	9	320	779	460	9	3	50
uniq_65412	AM422125.1	0.882609	54	318	777	460	9	3	50
uniq_65816	AF385520.1	0.895652	48	350	791	460	9	3	50
uniq_65915	AF385509.1	0.850000	69	318	777	460	9	3	50
uniq_65948	AF385519.1	0.936957	29	320	779	460	9	3	50
uniq_66350	AF385571.1	0.880435	55	307	746	460	9	3	50
uniq_66355	AF385515.1	0.934783	30	315	774	460	9	3	50
uniq_66518	AF432133.1	0.950000	23	320	779	460	9	3	50
uniq_66673	AF432133.1	0.923913	35	320	779	460	9	3	50
uniq_66809	EU670056.1	0.919565	37	320	779	460	9	3	50
uniq_67289	AF432133.1	0.967391	15	320	779	460	9	3	50
uniq_67892	AF481222.1	0.863043	63	325	764	460	9	3	50
uniq_68300	AY321375.1	0.900000	46	327	792	460	9	3	50
uniq_68365	AF385519.1	0.915217	39	320	779	460	9	3	50
uniq_69372	AY349395.1	0.926087	34	320	779	460	9	3	50
uniq_69517	AF287816.1	0.863043	63	307	749	460	9	3	50
uniq_69846	EU670056.1	0.928261	33	320	779	460	9	3	50
uniq_70137	EU670056.1	0.891304	50	320	779	460	9	3	50
uniq_70149	AF016390.1	0.845652	71	321	785	460	9	3	50
uniq_70469	AM277334.1	0.836957	75	323	787	460	9	3	50
uniq_70907	AF481206.1	0.832609	77	317	776	460	9	3	50
uniq_71060	AY008314.1	0.893478	49	319	780	460	9	3	50
uniq_71091	AF385519.1	0.893478	49	320	779	460	9	3	50
uniq_71280	AF385515.1	0.919565	37	315	774	460	9	3	50
uniq_71414	AY008691.1	0.947826	24	317	776	460	9	3	50
uniq_71425	AF385515.1	0.936957	29	315	774	460	9	3	50
uniq_71458	AF385551.1	0.969565	14	320	779	460	9	3	50
uniq_71551	EU670056.1	0.954348	21	320	779	460	9	3	50
uniq_71714	AF385551.1	0.941304	27	320	779	460	9	3	50
uniq_71804	AF287770.1	0.826087	80	325	763	460	9	3	50
uniq_71864	AY278611.1	0.850000	69	314	771	460	9	3	50
uniq_72203	AY349395.1	0.832609	77	320	779	460	9	3	50
uniq_73176	AF385519.1	0.971739	13	320	779	460	9	3	50
uniq_73206	AF543297.1	0.915217	39	316	775	460	9	3	50
uniq_73579	AF287755.1	0.886957	52	322	784	460	9	3	50
uniq_73616	AF385519.1	0.952174	22	320	779	460	9	3	50
uniq_74104	Y13364.1	0.943478	26	323	787	460	9	3	50
uniq_74316	AF432133.1	0.945652	25	320	779	460	9	3	50
uniq_74635	AY349396.1	0.891304	50	318	777	460	9	3	50
uniq_74871	AY349387.1	0.884783	53	308	750	460	9	3	50
uniq_75818	AF432133.1	0.976087	11	320	779	460	9	3	50
uniq_75821	AF385519.1	0.950000	23	320	779	460	9	3	50
uniq_76035	AF206305.1	0.897826	47	307	749	460	9	3	50
uniq_76053	AY456086.1	0.869565	60	320	784	460	9	3	50
uniq_76185	U43698.1	0.956522	20	317	777	460	9	3	50
uniq_76466	AY349402.1	0.854348	67	318	776	460	9	3	50
uniq_76540	AF385569.1	0.884783	53	302	761	460	9	3	50
uniq_76863	EU670056.1	0.910870	41	320	779	460	9	3	50
uniq_77102	U43698.1	0.971739	13	317	777	460	9	3	50
uniq_77148	AF385519.1	0.934783	30	320	779	460	9	3	50
uniq_77256	AF385569.1	0.900000	46	302	761	460	9	3	50
uniq_77285	AF385515.1	0.873913	58	315	774	460	9	3	50
uniq_78000	AF432133.1	0.954348	21	320	779	460	9	3	50
uniq_78259	AB108826.1	0.906522	43	318	777	460	9	3	50
uniq_78419	AY008691.1	0.897826	47	317	776	460	9	3	50
uniq_78897	AB053943.1	0.889130	51	313	772	460	9	3	50
uniq_79052	AF543297.1	0.923913	35	316	775	460	9	3	50
uniq_79064	AY008310.1	0.926087	34	318	777	460	9	3	50
uniq_79321	AJ619043.1	0.867391	61	299	740	460	9	3	50
uniq_79416	AF385512.1	0.939130	28	318	777	460	9	3	50
uniq_79588	AY958904.1	0.923913	35	322	786	460	9	3	50
uniq_79888	AB108825.1	0.956522	20	318	777	460	9	3	50
uniq_79989	AF385563.1	0.876087	57	318	760	460	9	3	50
uniq_80175	AF385511.1	0.843478	72	320	779	460	9	3	50
uniq_80653	AY278621.1	0.908696	42	308	750	460	9	3	50
uniq_80774	AF432138.1	0.878261	56	308	750	460	9	3	50
uniq_80876	X89377.1	0.860870	64	316	780	460	9	3	50
uniq_80975	AF371887.1	0.873913	58	319	778	460	9	3	50
uniq_80987	EU670056.1	0.958696	19	320	779	460	9	3	50
uniq_81189	AF432138.1	0.884783	53	308	750	460	9	3	50
uniq_81380	EU670056.1	0.965217	16	320	779	460	9	3	50
uniq_81509	AF385519.1	0.858696	65	320	779	460	9	3	50
uniq_81761	AY349395.1	0.965217	16	320	779	460	9	3	50
uniq_81918	AF385519.1	0.928261	33	320	779	460	9	3	50
uniq_82030	AY008691.1	0.917391	38	317	776	460	9	3	50
uniq_82569	EF509789.1	0.908696	42	311	775	460	9	3	50
uniq_82598	AF385519.1	0.952174	22	320	779	460	9	3	50
uniq_82973	AF385519.1	0.900000	46	320	779	460	9	3	50
uniq_83340	U43698.1	0.926087	34	317	777	460	9	3	50
uniq_83622	AF385519.1	0.923913	35	320	779	460	9	3	50
uniq_83687	AF385519.1	0.939130	28	320	779	460	9	3	50
uniq_83725	AF385519.1	0.926087	34	320	779	460	9	3	50
uniq_83801	AF385569.1	0.939130	28	302	761	460	9	3	50
uniq_84053	AF385569.1	0.939130	28	302	761	460	9	3	50
uniq_84120	AF385515.1	0.917391	38	315	774	460	9	3	50
uniq_84309	AF385551.1	0.952174	22	320	779	460	9	3	50
uniq_84345	AB182485.1	0.947826	24	322	781	460	9	3	50
uniq_84361	AY278611.1	0.867391	61	314	771	460	9	3	50
uniq_84412	AF432133.1	0.941304	27	320	779	460	9	3	50
uniq_84554	AF432133.1	0.945652	25	320	779	460	9	3	50
uniq_85638	AF385515.1	0.923913	35	315	774	460	9	3	50
uniq_85795	AJ419629.1	0.873913	58	319	784	460	9	3	50
uniq_86120	AJ001190.1	0.886957	52	311	775	460	9	3	50
uniq_86739	AY008310.1	0.902174	45	318	777	460	9	3	50
uniq_86972	AF287770.1	0.871739	59	325	763	460	9	3	50
uniq_87033	AY349395.1	0.945652	25	320	779	460	9	3	50
uniq_87061	AF432133.1	0.954348	21	320	779	460	9	3	50
uniq_87401	AY008310.1	0.915217	39	318	777	460	9	3	50
uniq_87841	U43698.1	0.967391	15	317	777	460	9	3	50
uniq_87885	AJ290754.1	0.882609	54	313	777	460	9	3	50
uniq_88706	AF385551.1	0.882609	54	320	779	460	9	3	50
uniq_88815	AF385519.1	0.856522	66	320	779	460	9	3	50
uniq_88873	AF206305.1	0.869565	60	307	749	460	9	3	50
uniq_88877	AF385519.1	0.902174	45	320	779	460	9	3	50
uniq_88991	AY008310.1	0.941304	27	318	777	460	9	3	50
uniq_89344	AB108826.1	0.945652	25	318	777	460	9	3	50
uniq_89462	AM277334.1	0.882609	54	323	787	460	9	3	50
uniq_89472	AJ307888.1	0.871739	59	319	783	460	9	3	50
uniq_89790	AF399956.1	0.867391	61	327	769	460	9	3	50
uniq_89839	EU670056.1	0.908696	42	320	779	460	9	3	50
uniq_90250	AF176566.1	0.886957	52	311	775	460	9	3	50
uniq_90369	EU670056.1	0.923913	35	320	779	460	9	3	50
uniq_90383	AY008310.1	0.960870	18	318	777	460	9	3	50
uniq_90531	AY596467.1	0.880435	55	313	777	460	9	3	50
uniq_90538	AF385515.1	0.960870	18	315	774	460	9	3	50
uniq_90716	AY349385.1	0.889130	51	308	750	460	9	3	50
uniq_91219	EU670056.1	0.928261	33	320	779	460	9	3	50
uniq_91612	AY043360.1	0.852174	68	307	771	460	9	3	50
uniq_91934	AF385559.1	0.867391	61	326	764	460	9	3	50
uniq_92006	EU670056.1	0.904348	44	320	779	460	9	3	50
uniq_92361	AF385511.1	0.960870	18	320	779	460	9	3	50
uniq_92672	AF385519.1	0.863043	63	320	779	460	9	3	50
uniq_93003	AY349393.1	0.845652	71	320	779	460	9	3	50
uniq_93072	AF385519.1	0.932609	31	320	779	460	9	3	50
uniq_93733	AY349374.1	0.871739	59	327	779	460	9	3	50
uniq_93853	AY661993.1	0.897826	47	307	771	460	9	3	50
uniq_94395	AY138233.1	0.878261	56	319	783	460	9	3	50
uniq_94740	EF510424.1	0.836957	75	332	796	460	9	3	50
uniq_94771	EF511101.1	0.873913	58	313	777	460	9	3	50
uniq_94836	AY278621.1	0.900000	46	308	750	460	9	3	50
uniq_94849	AF432133.1	0.956522	20	320	779	460	9	3	50
uniq_95313	AY661993.1	0.895652	48	307	771	460	9	3	50
uniq_95429	AF289504.1	0.865217	62	307	771	460	9	3	50
uniq_95478	AY349398.1	0.860870	64	318	777	460	9	3	50
uniq_95744	AY468465.1	0.913043	40	306	765	460	9	3	50
uniq_95912	AF385519.1	0.928261	33	320	779	460	9	3	50
uniq_96263	AF385519.1	0.841304	73	320	779	460	9	3	50
uniq_96284	AF385519.1	0.878261	56	320	779	460	9	3	50
uniq_96518	AF176567.1	0.889130	51	311	775	460	9	3	50
uniq_96858	AF289504.1	0.873913	58	307	771	460	9	3	50
uniq_97073	EU670056.1	0.850000	69	320	779	460	9	3	50
uniq_97279	U43698.1	0.971739	13	317	777	460	9	3	50
uniq_97564	AF408257.1	0.871739	59	320	783	460	9	3	50
uniq_97676	AF481206.1	0.897826	47	317	776	460	9	3	50
uniq_98429	AF385551.1	0.834783	76	320	779	460	9	3	50
uniq_98581	AF432133.1	0.965217	16	320	779	460	9	3	50
uniq_98586	AY342005.1	0.897826	47	307	771	460	9	3	50
uniq_98641	AY468465.1	0.915217	39	306	765	460	9	3	50
uniq_98660	AF385512.1	0.936957	29	318	777	460	9	3	50
uniq_98888	AB108825.1	0.921739	36	318	777	460	9	3	50
uniq_99227	AF385519.1	0.939130	28	320	779	460	9	3	50
uniq_99616	AF385512.1	0.904348	44	318	777	460	9	3	50
uniq_99850	AF074384.1	0.902174	45	307	771	460	9	3	50
uniq_01451	AF537594.1	0.910675	41	309	758	459	9	3	50
uniq_03950	AM905356.1	0.869281	60	300	742	459	9	3	50
uniq_04639	AJ318126.1	0.827887	79	317	776	459	9	3	50
uniq_09455	U81712.1	0.827887	79	316	775	459	9	3	50
uniq_100762	AY044915.1	0.960784	18	314	772	459	9	3	50
uniq_100774	AY138231.1	0.847495	70	317	781	459	9	3	50
uniq_100866	AY138233.1	0.854031	67	319	783	459	9	3	50
uniq_101030	AY349402.1	0.906318	43	318	776	459	9	3	50
uniq_101364	AY349402.1	0.910675	41	318	776	459	9	3	50
uniq_102533	AF361200.1	0.993464	3	298	756	459	9	3	50
uniq_10678	AY349402.1	0.908497	42	318	776	459	9	3	50
uniq_107272	AJ639827.1	0.923747	35	311	763	459	9	3	50
uniq_107525	AY349402.1	0.864924	62	318	776	459	9	3	50
uniq_107945	AM905356.1	0.873638	58	300	742	459	9	3	50
uniq_108029	EU071543.1	0.877996	56	298	740	459	9	3	50
uniq_108149	AY138231.1	0.836601	75	317	781	459	9	3	50
uniq_108157	EU670056.1	0.847495	70	320	779	459	9	3	50
uniq_108370	AY349402.1	0.891068	50	318	776	459	9	3	50
uniq_108524	AF287809.1	0.882353	54	312	754	459	9	3	50
uniq_108828	EU071543.1	0.867102	61	298	740	459	9	3	50
uniq_108891	EU071543.1	0.867102	61	298	740	459	9	3	50
uniq_109040	AY349402.1	0.908497	42	318	776	459	9	3	50
uniq_109151	EU071543.1	0.873638	58	298	740	459	9	3	50
uniq_109205	AY349402.1	0.934641	30	318	776	459	9	3	50
uniq_109510	AF432133.1	0.858388	65	320	779	459	9	3	50
uniq_109598	EF510424.1	0.858388	65	332	796	459	9	3	50
uniq_109979	EF510424.1	0.882353	54	332	796	459	9	3	50
uniq_110017	AF432130.1	0.880174	55	298	740	459	9	3	50
uniq_110108	AF292371.1	0.908497	42	311	754	459	9	3	50
uniq_110234	AF287809.1	0.877996	56	312	754	459	9	3	50
uniq_110349	AY349402.1	0.886710	52	318	776	459	9	3	50
uniq_110353	AY138233.1	0.860566	64	319	783	459	9	3	50
uniq_110485	AF183406.1	0.938998	28	320	779	459	9	3	50
uniq_110509	EF510424.1	0.877996	56	332	796	459	9	3	50
uniq_110598	EF510424.1	0.884532	53	332	796	459	9	3	50
uniq_110646	AJ133496.1	0.862745	63	312	754	459	9	3	50
uniq_110659	AM905356.1	0.871460	59	300	742	459	9	3	50
uniq_110708	EF510424.1	0.860566	64	332	796	459	9	3	50
uniq_111334	EU071543.1	0.871460	59	298	740	459	9	3	50
uniq_111457	AY008310.1	0.840959	73	318	777	459	9	3	50
uniq_111458	EF510424.1	0.847495	70	332	796	459	9	3	50
uniq_111481	EF510424.1	0.864924	62	332	796	459	9	3	50
uniq_111532	AY349395.1	0.925926	34	320	779	459	9	3	50
uniq_111811	EU071543.1	0.875817	57	298	740	459	9	3	50
uniq_112006	AF432136.1	0.943355	26	319	783	459	9	3	50
uniq_112227	AY349402.1	0.880174	55	318	776	459	9	3	50
uniq_112343	AY008691.1	0.873638	58	317	776	459	9	3	50
uniq_112555	EU071543.1	0.899782	46	298	740	459	9	3	50
uniq_112793	EF510424.1	0.877996	56	332	796	459	9	3	50
uniq_112963	AB015525.1	0.832244	77	314	773	459	9	3	50
uniq_113524	AY044915.1	0.971678	13	314	772	459	9	3	50
uniq_113647	AY278609.1	0.851852	68	319	783	459	9	3	50
uniq_113724	EF510424.1	0.864924	62	332	796	459	9	3	50
uniq_114214	DQ160208.1	0.864924	62	342	780	459	9	3	50
uniq_114341	AF287761.1	0.877996	56	326	767	459	9	3	50
uniq_114605	AF183406.1	0.899782	46	320	779	459	9	3	50
uniq_114685	EF510424.1	0.871460	59	332	796	459	9	3	50
uniq_114708	AF183404.1	0.882353	54	320	779	459	9	3	50
uniq_114965	AY008311.1	0.989107	5	313	771	459	9	3	50
uniq_115122	AF481230.1	0.869281	60	319	783	459	9	3	50
uniq_115802	AY349402.1	0.958606	19	318	776	459	9	3	50
uniq_116072	AF287761.1	0.897603	47	326	767	459	9	3	50
uniq_116589	EU071543.1	0.873638	58	298	740	459	9	3	50
uniq_116793	AY008310.1	0.901961	45	318	777	459	9	3	50
uniq_116987	AF183404.1	0.930283	32	320	779	459	9	3	50
uniq_117080	AF432136.1	0.849673	69	319	783	459	9	3	50
uniq_117445	AF481230.1	0.858388	65	319	783	459	9	3	50
uniq_117788	AY349402.1	0.880174	55	318	776	459	9	3	50
uniq_118152	EF511070.1	0.864924	62	319	783	459	9	3	50
uniq_118412	AF287761.1	0.877996	56	326	767	459	9	3	50
uniq_118752	AY349402.1	0.919390	37	318	776	459	9	3	50
uniq_12203	AY044915.1	0.947712	24	314	772	459	9	3	50
uniq_13179	AF287761.1	0.891068	50	326	767	459	9	3	50
uniq_140049	AY349402.1	0.901961	45	318	776	459	9	3	50
uniq_140264	AY349395.1	0.912854	40	320	779	459	9	3	50
uniq_140332	AY349402.1	0.945534	25	318	776	459	9	3	50
uniq_140334	AY349402.1	0.891068	50	318	776	459	9	3	50
uniq_140403	AY349402.1	0.884532	53	318	776	459	9	3	50
uniq_140450	AY349402.1	0.908497	42	318	776	459	9	3	50
uniq_140500	AY349402.1	0.912854	40	318	776	459	9	3	50
uniq_140504	AY349402.1	0.925926	34	318	776	459	9	3	50
uniq_140518	AY349402.1	0.941176	27	318	776	459	9	3	50
uniq_140527	AF385519.1	0.897603	47	320	779	459	9	3	50
uniq_140668	AB108825.1	0.895425	48	318	777	459	9	3	50
uniq_140858	EF510424.1	0.910675	41	332	796	459	9	3	50
uniq_140871	AY349402.1	0.895425	48	318	776	459	9	3	50
uniq_140983	EF511070.1	0.851852	68	319	783	459	9	3	50
uniq_141308	AY044915.1	0.928105	33	314	772	459	9	3	50
uniq_141396	AY349402.1	0.967320	15	318	776	459	9	3	50
uniq_141538	AY349402.1	0.969499	14	318	776	459	9	3	50
uniq_141819	AY349402.1	0.932462	31	318	776	459	9	3	50
uniq_141932	EF509244.1	0.877996	56	311	753	459	9	3	50
uniq_142087	AF385543.1	0.873638	58	326	764	459	9	3	50
uniq_142289	AF287761.1	0.867102	61	326	767	459	9	3	50
uniq_142359	AY278609.1	0.869281	60	319	783	459	9	3	50
uniq_142391	AY349402.1	0.875817	57	318	776	459	9	3	50
uniq_142417	AY349402.1	0.884532	53	318	776	459	9	3	50
uniq_142525	AY349402.1	0.941176	27	318	776	459	9	3	50
uniq_142616	AY349402.1	0.906318	43	318	776	459	9	3	50
uniq_142626	AY044915.1	0.930283	32	314	772	459	9	3	50
uniq_142643	AY008310.1	0.908497	42	318	777	459	9	3	50
uniq_142722	AY349402.1	0.915033	39	318	776	459	9	3	50
uniq_142754	AY044915.1	0.864924	62	314	772	459	9	3	50
uniq_142774	AF385564.1	0.862745	63	320	779	459	9	3	50
uniq_142792	EU071543.1	0.869281	60	298	740	459	9	3	50
uniq_142911	EF510424.1	0.851852	68	332	796	459	9	3	50
uniq_142968	AF385551.1	0.873638	58	320	779	459	9	3	50
uniq_143011	AF385519.1	0.851852	68	320	779	459	9	3	50
uniq_143448	AY044915.1	0.860566	64	314	772	459	9	3	50
uniq_143475	AY349395.1	0.836601	75	320	779	459	9	3	50
uniq_143477	AF432133.1	0.895425	48	320	779	459	9	3	50
uniq_143748	AY044915.1	0.851852	68	314	772	459	9	3	50
uniq_143967	AY398698.1	0.860566	64	317	776	459	9	3	50
uniq_144071	AF287775.1	0.830065	78	327	766	459	9	3	50
uniq_144444	AY349402.1	0.910675	41	318	776	459	9	3	50
uniq_144686	AF385564.1	0.891068	50	320	779	459	9	3	50
uniq_144786	AF183404.1	0.912854	40	320	779	459	9	3	50
uniq_144999	AY349402.1	0.958606	19	318	776	459	9	3	50
uniq_145035	AY349402.1	0.917211	38	318	776	459	9	3	50
uniq_145047	AY044915.1	0.945534	25	314	772	459	9	3	50
uniq_145113	AY349402.1	0.936819	29	318	776	459	9	3	50
uniq_145187	AY349402.1	0.980392	9	318	776	459	9	3	50
uniq_145196	AY349402.1	0.849673	69	318	776	459	9	3	50
uniq_145232	AY349402.1	0.899782	46	318	776	459	9	3	50
uniq_145744	AY349399.1	0.875817	57	318	776	459	9	3	50
uniq_145791	AY349402.1	0.956427	20	318	776	459	9	3	50
uniq_145797	EF510424.1	0.838780	74	332	796	459	9	3	50
uniq_145943	AY349402.1	0.886710	52	318	776	459	9	3	50
uniq_146241	AF385565.1	0.899782	46	315	774	459	9	3	50
uniq_146721	AY044915.1	0.880174	55	314	772	459	9	3	50
uniq_146816	AF432137.1	0.923747	35	319	783	459	9	3	50
uniq_146841	AY044915.1	0.947712	24	314	772	459	9	3	50
uniq_146857	AY349403.1	0.849673	69	328	792	459	9	3	50
uniq_147082	AY044915.1	0.932462	31	314	772	459	9	3	50
uniq_147191	AY349402.1	0.917211	38	318	776	459	9	3	50
uniq_147227	AY044915.1	0.860566	64	314	772	459	9	3	50
uniq_147232	AY044915.1	0.849673	69	314	772	459	9	3	50
uniq_147493	AF385519.1	0.967320	15	320	779	459	9	3	50
uniq_147657	AF385519.1	0.851852	68	320	779	459	9	3	50
uniq_147660	AY349402.1	0.971678	13	318	776	459	9	3	50
uniq_147734	AY349402.1	0.856209	66	318	776	459	9	3	50
uniq_147843	AY044915.1	0.856209	66	314	772	459	9	3	50
uniq_148194	AY349402.1	0.901961	45	318	776	459	9	3	50
uniq_148403	AY044915.1	0.965142	16	314	772	459	9	3	50
uniq_148487	AF183404.1	0.915033	39	320	779	459	9	3	50
uniq_148870	EF510424.1	0.875817	57	332	796	459	9	3	50
uniq_148938	AY349402.1	0.919390	37	318	776	459	9	3	50
uniq_148964	AY349402.1	0.888889	51	318	776	459	9	3	50
uniq_149113	AY008691.1	0.871460	59	317	776	459	9	3	50
uniq_149658	AY349402.1	0.967320	15	318	776	459	9	3	50
uniq_149732	AJ427451.1	0.854031	67	312	769	459	9	3	50
uniq_150201	AY044915.1	0.947712	24	314	772	459	9	3	50
uniq_150388	AY349402.1	0.904139	44	318	776	459	9	3	50
uniq_150515	AF432133.1	0.830065	78	320	779	459	9	3	50
uniq_150804	AY349402.1	0.943355	26	318	776	459	9	3	50
uniq_150895	AY349402.1	0.891068	50	318	776	459	9	3	50
uniq_151067	AY349402.1	0.888889	51	318	776	459	9	3	50
uniq_151152	AF432133.1	0.843137	72	320	779	459	9	3	50
uniq_151168	AF201981.1	0.864924	62	327	766	459	9	3	50
uniq_151193	EF511070.1	0.867102	61	319	783	459	9	3	50
uniq_15125	EF510424.1	0.858388	65	332	796	459	9	3	50
uniq_151370	AY044915.1	0.947712	24	314	772	459	9	3	50
uniq_151424	AY349402.1	0.845316	71	318	776	459	9	3	50
uniq_151443	AY008310.1	0.882353	54	318	777	459	9	3	50
uniq_151467	AY349402.1	0.851852	68	318	776	459	9	3	50
uniq_151475	AY349402.1	0.952070	22	318	776	459	9	3	50
uniq_151486	EF509096.1	0.993464	3	314	772	459	9	3	50
uniq_151594	AY349402.1	0.965142	16	318	776	459	9	3	50
uniq_151765	AY349402.1	0.919390	37	318	776	459	9	3	50
uniq_151896	AY349402.1	0.912854	40	318	776	459	9	3	50
uniq_152014	AY349402.1	0.884532	53	318	776	459	9	3	50
uniq_152837	AY349402.1	0.945534	25	318	776	459	9	3	50
uniq_152871	AY044915.1	0.899782	46	314	772	459	9	3	50
uniq_152982	AY349402.1	0.877996	56	318	776	459	9	3	50
uniq_153056	EF512007.1	0.947712	24	313	777	459	9	3	50
uniq_153116	AY349402.1	0.862745	63	318	776	459	9	3	50
uniq_153429	AY349402.1	0.888889	51	318	776	459	9	3	50
uniq_153573	AY138231.1	0.860566	64	317	781	459	9	3	50
uniq_153741	AY044915.1	0.934641	30	314	772	459	9	3	50
uniq_153859	AM420243.1	0.904139	44	298	740	459	9	3	50
uniq_153870	AY044915.1	0.956427	20	314	772	459	9	3	50
uniq_153995	AF385550.1	0.871460	59	317	781	459	9	3	50
uniq_154217	AY349402.1	0.906318	43	318	776	459	9	3	50
uniq_154340	AY349402.1	0.845316	71	318	776	459	9	3	50
uniq_154589	DQ160208.1	0.871460	59	342	780	459	9	3	50
uniq_154623	AY044915.1	0.932462	31	314	772	459	9	3	50
uniq_154650	AY349402.1	0.941176	27	318	776	459	9	3	50
uniq_154812	AY349402.1	0.912854	40	318	776	459	9	3	50
uniq_155017	AF385518.1	0.873638	58	308	750	459	9	3	50
uniq_155021	EF510424.1	0.871460	59	332	796	459	9	3	50
uniq_155068	AF432133.1	0.886710	52	320	779	459	9	3	50
uniq_155095	AY044915.1	0.825708	80	314	772	459	9	3	50
uniq_155574	AF385574.1	0.845316	71	319	783	459	9	3	50
uniq_155704	AM420249.1	0.862745	63	313	772	459	9	3	50
uniq_155728	AY349402.1	0.871460	59	318	776	459	9	3	50
uniq_155942	AF287761.1	0.912854	40	326	767	459	9	3	50
uniq_155976	AY349402.1	0.888889	51	318	776	459	9	3	50
uniq_156098	AY349402.1	0.943355	26	318	776	459	9	3	50
uniq_156232	AY349402.1	0.893246	49	318	776	459	9	3	50
uniq_156244	AF385519.1	0.917211	38	320	779	459	9	3	50
uniq_156300	AF287761.1	0.877996	56	326	767	459	9	3	50
uniq_156486	AY349395.1	0.871460	59	320	779	459	9	3	50
uniq_156622	EF510424.1	0.847495	70	332	796	459	9	3	50
uniq_156633	AF481203.1	0.991285	4	318	776	459	9	3	50
uniq_156726	AY349402.1	0.840959	73	318	776	459	9	3	50
uniq_156948	AY349402.1	0.969499	14	318	776	459	9	3	50
uniq_157073	AY349402.1	0.912854	40	318	776	459	9	3	50
uniq_157294	AF287767.1	0.845316	71	326	764	459	9	3	50
uniq_157438	EU071543.1	0.849673	69	298	740	459	9	3	50
uniq_157926	AY349403.1	0.864924	62	328	792	459	9	3	50
uniq_158473	AF385551.1	0.867102	61	320	779	459	9	3	50
uniq_158569	AY349402.1	0.891068	50	318	776	459	9	3	50
uniq_158722	AF292371.1	0.875817	57	311	754	459	9	3	50
uniq_158864	EF510424.1	0.864924	62	332	796	459	9	3	50
uniq_159090	EF511070.1	0.845316	71	319	783	459	9	3	50
uniq_159154	AY349402.1	0.893246	49	318	776	459	9	3	50
uniq_159547	AY138231.1	0.838780	74	317	781	459	9	3	50
uniq_159617	AY134904.1	0.893246	49	326	767	459	9	3	50
uniq_159657	AY349402.1	0.915033	39	318	776	459	9	3	50
uniq_159766	AY349402.1	0.938998	28	318	776	459	9	3	50
uniq_159791	AJ006457.1	0.816993	84	318	777	459	9	3	50
uniq_159893	AJ550617.1	0.893246	49	321	784	459	9	3	50
uniq_159944	AY349402.1	0.928105	33	318	776	459	9	3	50
uniq_160248	AY044915.1	0.969499	14	314	772	459	9	3	50
uniq_160485	AF537211.1	0.845316	71	328	766	459	9	3	50
uniq_160650	AY349402.1	0.945534	25	318	776	459	9	3	50
uniq_160869	AY349402.1	0.928105	33	318	776	459	9	3	50
uniq_161124	AY349402.1	0.908497	42	318	776	459	9	3	50
uniq_161182	AY349402.1	0.897603	47	318	776	459	9	3	50
uniq_161258	AF385519.1	0.864924	62	320	779	459	9	3	50
uniq_16286	AY485605.1	0.867102	61	319	783	459	9	3	50
uniq_163462	AF432139.1	0.843137	72	319	783	459	9	3	50
uniq_163625	AY134906.1	0.991285	4	314	772	459	9	3	50
uniq_16432	EF510424.1	0.860566	64	332	796	459	9	3	50
uniq_168425	AY278609.1	0.871460	59	319	783	459	9	3	50
uniq_169040	EF510424.1	0.847495	70	332	796	459	9	3	50
uniq_170241	DQ160208.1	0.875817	57	342	780	459	9	3	50
uniq_171217	AY008308.1	0.830065	78	315	774	459	9	3	50
uniq_172936	EF509159.1	0.849673	69	311	753	459	9	3	50
uniq_173652	AY349402.1	0.875817	57	318	776	459	9	3	50
uniq_174669	AF481213.1	0.897603	47	309	751	459	9	3	50
uniq_175178	AF481203.1	0.899782	46	318	776	459	9	3	50
uniq_176081	AY138233.1	0.860566	64	319	783	459	9	3	50
uniq_176315	EF510424.1	0.849673	69	332	796	459	9	3	50
uniq_176931	EF510424.1	0.875817	57	332	796	459	9	3	50
uniq_176979	EU071543.1	0.886710	52	298	740	459	9	3	50
uniq_177089	AF481203.1	0.954248	21	318	776	459	9	3	50
uniq_177418	AY349402.1	0.884532	53	318	776	459	9	3	50
uniq_178244	EU071543.1	0.867102	61	298	740	459	9	3	50
uniq_178315	AY008308.1	0.895425	48	315	774	459	9	3	50
uniq_178885	AY533382.1	0.901961	45	348	789	459	9	3	50
uniq_179336	AY349402.1	0.915033	39	318	776	459	9	3	50
uniq_179720	AB108825.1	0.851852	68	318	777	459	9	3	50
uniq_179971	AF385519.1	0.856209	66	320	779	459	9	3	50
uniq_179981	AY349402.1	0.945534	25	318	776	459	9	3	50
uniq_180003	Y09434.1	0.845316	71	324	787	459	9	3	50
uniq_180061	AF009505.1	0.869281	60	327	791	459	9	3	50
uniq_180496	EF510424.1	0.925926	34	332	796	459	9	3	50
uniq_180687	EF510424.1	0.836601	75	332	796	459	9	3	50
uniq_181062	DQ905554.1	0.930283	32	319	783	459	9	3	50
uniq_181396	AY044915.1	0.873638	58	314	772	459	9	3	50
uniq_181847	AY349402.1	0.945534	25	318	776	459	9	3	50
uniq_183521	EF117329.1	0.960784	18	308	767	459	9	3	50
uniq_185516	AY250875.1	0.917211	38	311	769	459	9	3	50
uniq_188678	AF224306.1	0.949891	23	312	776	459	9	3	50
uniq_195049	AY250875.1	0.917211	38	311	769	459	9	3	50
uniq_197879	AF543300.1	0.873638	58	311	753	459	9	3	50
uniq_198101	EF510424.1	0.869281	60	332	796	459	9	3	50
uniq_198413	AF183404.1	0.921569	36	320	779	459	9	3	50
uniq_198424	AF183405.1	0.877996	56	320	779	459	9	3	50
uniq_198729	AF183404.1	0.938998	28	320	779	459	9	3	50
uniq_199151	AF183404.1	0.873638	58	320	779	459	9	3	50
uniq_199187	EF510424.1	0.858388	65	332	796	459	9	3	50
uniq_199506	AF183404.1	0.856209	66	320	779	459	9	3	50
uniq_199836	AF183404.1	0.941176	27	320	779	459	9	3	50
uniq_199889	AF287761.1	0.873638	58	326	767	459	9	3	50
uniq_200031	AY485605.1	0.845316	71	319	783	459	9	3	50
uniq_200115	AF432139.1	0.860566	64	319	783	459	9	3	50
uniq_200865	AF292371.1	0.875817	57	311	754	459	9	3	50
uniq_201152	EU071543.1	0.880174	55	298	740	459	9	3	50
uniq_201168	AF183405.1	0.901961	45	320	779	459	9	3	50
uniq_201189	AY349395.1	0.904139	44	320	779	459	9	3	50
uniq_201408	EU071543.1	0.862745	63	298	740	459	9	3	50
uniq_201923	AF183404.1	0.941176	27	320	779	459	9	3	50
uniq_202195	AY349402.1	0.886710	52	318	776	459	9	3	50
uniq_202537	AF183404.1	0.882353	54	320	779	459	9	3	50
uniq_202736	EF510424.1	0.845316	71	332	796	459	9	3	50
uniq_202870	AF183404.1	0.925926	34	320	779	459	9	3	50
uniq_202988	EU670056.1	0.893246	49	320	779	459	9	3	50
uniq_203111	EF510424.1	0.880174	55	332	796	459	9	3	50
uniq_203393	AY349402.1	0.877996	56	318	776	459	9	3	50
uniq_203451	AY349402.1	0.899782	46	318	776	459	9	3	50
uniq_203703	AF487886.1	0.843137	72	318	777	459	9	3	50
uniq_203731	EU670056.1	0.923747	35	320	779	459	9	3	50
uniq_20385	AY349402.1	0.869281	60	318	776	459	9	3	50
uniq_204109	AF432133.1	0.930283	32	320	779	459	9	3	50
uniq_206044	AF183405.1	0.917211	38	320	779	459	9	3	50
uniq_206824	AF183404.1	0.882353	54	320	779	459	9	3	50
uniq_206839	AY349402.1	0.967320	15	318	776	459	9	3	50
uniq_206865	AY349403.1	0.867102	61	328	792	459	9	3	50
uniq_206878	AY349402.1	0.910675	41	318	776	459	9	3	50
uniq_207300	AY533381.1	0.854031	67	325	766	459	9	3	50
uniq_207521	AF183406.1	0.840959	73	320	779	459	9	3	50
uniq_207683	AY349402.1	0.925926	34	318	776	459	9	3	50
uniq_208007	EU670056.1	0.880174	55	320	779	459	9	3	50
uniq_208070	AY008310.1	0.873638	58	318	777	459	9	3	50
uniq_208682	AF183404.1	0.934641	30	320	779	459	9	3	50
uniq_208991	AF183404.1	0.908497	42	320	779	459	9	3	50
uniq_209049	EF510424.1	0.895425	48	332	796	459	9	3	50
uniq_209078	EU071543.1	0.880174	55	298	740	459	9	3	50
uniq_209147	AF292371.1	0.862745	63	311	754	459	9	3	50
uniq_209894	AY212653.1	0.969499	14	298	756	459	9	3	50
uniq_20991	AY349402.1	0.873638	58	318	776	459	9	3	50
uniq_210067	EU670056.1	0.843137	72	320	779	459	9	3	50
uniq_210069	AY349402.1	0.862745	63	318	776	459	9	3	50
uniq_210119	EF510424.1	0.867102	61	332	796	459	9	3	50
uniq_210240	EF510424.1	0.864924	62	332	796	459	9	3	50
uniq_210709	DQ160208.1	0.873638	58	342	780	459	9	3	50
uniq_211157	AF183404.1	0.917211	38	320	779	459	9	3	50
uniq_211270	AF183404.1	0.877996	56	320	779	459	9	3	50
uniq_211433	EF510424.1	0.854031	67	332	796	459	9	3	50
uniq_211750	AY008309.1	0.901961	45	308	750	459	9	3	50
uniq_211932	AF183404.1	0.919390	37	320	779	459	9	3	50
uniq_211968	AY278618.1	0.867102	61	326	765	459	9	3	50
uniq_212229	AF385561.1	0.877996	56	318	777	459	9	3	50
uniq_212657	AY278611.1	0.947712	24	314	771	459	9	3	50
uniq_213120	AY341820.1	0.845316	71	324	788	459	9	3	50
uniq_213482	AF183404.1	0.864924	62	320	779	459	9	3	50
uniq_213811	AY349402.1	0.956427	20	318	776	459	9	3	50
uniq_213834	AY349395.1	0.840959	73	320	779	459	9	3	50
uniq_214483	AY044915.1	0.943355	26	314	772	459	9	3	50
uniq_214701	AY008308.1	0.921569	36	315	774	459	9	3	50
uniq_215508	DQ160208.1	0.880174	55	342	780	459	9	3	50
uniq_215865	AY485605.1	0.869281	60	319	783	459	9	3	50
uniq_216199	DQ905554.1	0.854031	67	319	783	459	9	3	50
uniq_216978	AF183405.1	0.899782	46	320	779	459	9	3	50
uniq_217428	AY349395.1	0.875817	57	320	779	459	9	3	50
uniq_217600	AF292371.1	0.875817	57	311	754	459	9	3	50
uniq_217866	AY349402.1	0.943355	26	318	776	459	9	3	50
uniq_217876	AY349402.1	0.901961	45	318	776	459	9	3	50
uniq_218399	AY349403.1	0.862745	63	328	792	459	9	3	50
uniq_219456	EF510424.1	0.843137	72	332	796	459	9	3	50
uniq_220007	AF432136.1	0.864924	62	319	783	459	9	3	50
uniq_220090	AF183404.1	0.910675	41	320	779	459	9	3	50
uniq_220120	AY178635.1	0.862745	63	329	782	459	9	3	50
uniq_220143	AY349402.1	0.912854	40	318	776	459	9	3	50
uniq_220399	AY349402.1	0.917211	38	318	776	459	9	3	50
uniq_220452	EF510424.1	0.860566	64	332	796	459	9	3	50
uniq_220487	AY349396.1	0.825708	80	318	777	459	9	3	50
uniq_220529	EF510424.1	0.856209	66	332	796	459	9	3	50
uniq_220705	AY349402.1	0.901961	45	318	776	459	9	3	50
uniq_220715	EF510424.1	0.864924	62	332	796	459	9	3	50
uniq_220935	AF385521.1	0.945534	25	314	771	459	9	3	50
uniq_221000	AY349402.1	0.928105	33	318	776	459	9	3	50
uniq_221298	EU071543.1	0.888889	51	298	740	459	9	3	50
uniq_221346	EF510424.1	0.847495	70	332	796	459	9	3	50
uniq_221408	AY341820.1	0.871460	59	324	788	459	9	3	50
uniq_221456	AF385564.1	0.925926	34	320	779	459	9	3	50
uniq_221497	AF385564.1	0.908497	42	320	779	459	9	3	50
uniq_221639	AY349395.1	0.888889	51	320	779	459	9	3	50
uniq_221654	AY349402.1	0.932462	31	318	776	459	9	3	50
uniq_222343	AY349402.1	0.877996	56	318	776	459	9	3	50
uniq_222554	AF385497.1	0.908497	42	324	788	459	9	3	50
uniq_222565	AF385551.1	0.936819	29	320	779	459	9	3	50
uniq_222737	EF511070.1	0.854031	67	319	783	459	9	3	50
uniq_223070	EF510424.1	0.862745	63	332	796	459	9	3	50
uniq_223176	AF287761.1	0.843137	72	326	767	459	9	3	50
uniq_223308	AF385497.1	0.851852	68	324	788	459	9	3	50
uniq_223468	EF510424.1	0.856209	66	332	796	459	9	3	50
uniq_223614	EU071543.1	0.847495	70	298	740	459	9	3	50
uniq_223691	AY278609.1	0.864924	62	319	783	459	9	3	50
uniq_223864	EF510424.1	0.912854	40	332	796	459	9	3	50
uniq_223954	AY349402.1	0.886710	52	318	776	459	9	3	50
uniq_224414	AF385564.1	0.925926	34	320	779	459	9	3	50
uniq_224630	AF385519.1	0.867102	61	320	779	459	9	3	50
uniq_224953	EU071543.1	0.860566	64	298	740	459	9	3	50
uniq_225504	AF543300.1	0.869281	60	311	753	459	9	3	50
uniq_225528	AY349402.1	0.871460	59	318	776	459	9	3	50
uniq_225550	EF510424.1	0.891068	50	332	796	459	9	3	50
uniq_225560	AY349402.1	0.904139	44	318	775	459	9	3	50
uniq_225687	AY278609.1	0.836601	75	319	783	459	9	3	50
uniq_225715	EU670056.1	0.899782	46	320	779	459	9	3	50
uniq_225906	AY349402.1	0.930283	32	318	776	459	9	3	50
uniq_226362	AY349403.1	0.893246	49	328	792	459	9	3	50
uniq_226409	AY349402.1	0.941176	27	318	776	459	9	3	50
uniq_226411	AY349402.1	0.891068	50	318	776	459	9	3	50
uniq_226519	AF481210.1	0.904139	44	335	799	459	9	3	50
uniq_226758	AY349402.1	0.851852	68	318	776	459	9	3	50
uniq_226952	AF385574.1	0.825708	80	319	783	459	9	3	50
uniq_226988	EU071543.1	0.877996	56	298	740	459	9	3	50
uniq_227019	AF287761.1	0.901961	45	326	767	459	9	3	50
uniq_227143	AY349395.1	0.888889	51	320	779	459	9	3	50
uniq_227269	AY349402.1	0.917211	38	318	776	459	9	3	50
uniq_227494	EU071543.1	0.840959	73	298	740	459	9	3	50
uniq_227497	AF487886.1	0.845316	71	318	777	459	9	3	50
uniq_227985	AF385564.1	0.873638	58	320	779	459	9	3	50
uniq_228106	AF432130.1	0.832244	77	298	740	459	9	3	50
uniq_228109	AY485605.1	0.871460	59	319	783	459	9	3	50
uniq_22821	AM398646.1	0.969499	14	303	759	459	9	3	50
uniq_228274	EU670056.1	0.873638	58	320	779	459	9	3	50
uniq_228337	AF183404.1	0.912854	40	320	779	459	9	3	50
uniq_228546	EF510424.1	0.888889	51	332	796	459	9	3	50
uniq_228774	AF432139.1	0.836601	75	319	783	459	9	3	50
uniq_228813	AF183406.1	0.910675	41	320	779	459	9	3	50
uniq_228988	AF385520.1	0.867102	61	350	791	459	9	3	50
uniq_229079	AY349402.1	0.860566	64	318	776	459	9	3	50
uniq_229320	AF487886.1	0.847495	70	318	777	459	9	3	50
uniq_229375	AY349402.1	0.891068	50	318	776	459	9	3	50
uniq_229385	AY349403.1	0.849673	69	328	792	459	9	3	50
uniq_229537	AF385551.1	0.915033	39	320	779	459	9	3	50
uniq_229659	EF510424.1	0.871460	59	332	796	459	9	3	50
uniq_229676	AY044915.1	0.952070	22	314	772	459	9	3	50
uniq_229821	AY349396.1	0.908497	42	318	777	459	9	3	50
uniq_229892	AY349402.1	0.897603	47	318	776	459	9	3	50
uniq_229985	EF510424.1	0.849673	69	332	796	459	9	3	50
uniq_230114	AY349402.1	0.934641	30	318	776	459	9	3	50
uniq_230191	EU670056.1	0.843137	72	320	779	459	9	3	50
uniq_230337	AY349402.1	0.915033	39	318	776	459	9	3	50
uniq_230379	AY341820.1	0.840959	73	324	788	459	9	3	50
uniq_230652	AY349402.1	0.906318	43	318	776	459	9	3	50
uniq_230662	AF385564.1	0.845316	71	320	779	459	9	3	50
uniq_230743	AY349402.1	0.886710	52	318	776	459	9	3	50
uniq_230889	AY349395.1	0.912854	40	320	779	459	9	3	50
uniq_231435	AF385566.1	0.851852	68	335	800	459	9	3	50
uniq_231562	AF287760.1	0.840959	73	311	752	459	9	3	50
uniq_231567	AF183404.1	0.908497	42	320	779	459	9	3	50
uniq_231791	AF183404.1	0.925926	34	320	779	459	9	3	50
uniq_210348	AF287761.1	0.885776	53	326	767	464	9	3	50
uniq_210846	AJ290758.1	0.883621	54	313	777	464	9	3	50
uniq_210969	AF292371.1	0.887931	52	311	754	464	9	3	50
uniq_211125	AJ550662.1	0.978448	10	309	772	464	9	3	50
uniq_211666	AY349402.1	0.834052	77	318	776	464	9	3	50
uniq_212105	AM849219.1	0.851293	69	311	753	464	9	3	50
uniq_212134	AY005033.1	0.883621	54	313	777	464	9	3	50
uniq_212405	DQ905554.1	0.872845	59	319	783	464	9	3	50
uniq_213725	AY429468.1	0.894397	49	304	763	464	9	3	50
uniq_213796	EF510424.1	0.896552	48	332	796	464	9	3	50
uniq_214157	DQ160208.1	0.859914	65	342	780	464	9	3	50
uniq_214371	EU071543.1	0.862069	64	298	740	464	9	3	50
uniq_215493	EF510424.1	0.855603	67	332	796	464	9	3	50
uniq_216049	EF510424.1	0.892241	50	332	796	464	9	3	50
uniq_216339	EU071472.1	0.909483	42	323	787	464	9	3	50
uniq_216448	AJ290758.1	0.862069	64	313	777	464	9	3	50
uniq_217584	AY349402.1	0.881466	55	318	776	464	9	3	50
uniq_218423	EF511101.1	0.842672	73	313	777	464	9	3	50
uniq_218518	AY134901.1	0.879310	56	327	791	464	9	3	50
uniq_219139	EF510383.1	0.859914	65	321	785	464	9	3	50
uniq_219288	EF510424.1	0.864224	63	332	796	464	9	3	50
uniq_220116	AY349403.1	0.883621	54	328	792	464	9	3	50
uniq_220179	AF543289.1	0.857759	66	317	781	464	9	3	50
uniq_220841	AY341820.1	0.872845	59	324	788	464	9	3	50
uniq_220984	AF023051.1	0.877155	57	319	783	464	9	3	50
uniq_221216	AF183405.1	0.829741	79	320	779	464	9	3	50
uniq_221269	EF510424.1	0.862069	64	332	796	464	9	3	50
uniq_221350	AY349414.1	0.885776	53	317	780	464	9	3	50
uniq_221442	AY349403.1	0.877155	57	328	792	464	9	3	50
uniq_221970	AY349402.1	0.836207	76	318	776	464	9	3	50
uniq_222281	EF510383.1	0.894397	49	321	785	464	9	3	50
uniq_222358	AF016981.1	0.950431	23	305	768	464	9	3	50
uniq_222514	AY005025.1	0.851293	69	313	777	464	9	3	50
uniq_223475	DQ160208.1	0.868534	61	342	780	464	9	3	50
uniq_223732	AF287788.1	0.859914	65	336	800	464	9	3	50
uniq_224227	AY445131.1	0.909483	42	332	796	464	9	3	50
uniq_224552	AF003931.1	0.866379	62	327	791	464	9	3	50
uniq_225276	EF510383.1	0.877155	57	321	785	464	9	3	50
uniq_225514	AY445131.1	0.918103	38	332	796	464	9	3	50
uniq_225699	AF016390.1	0.875000	58	321	785	464	9	3	50
uniq_226010	AY349403.1	0.890086	51	328	792	464	9	3	50
uniq_227484	AF287788.1	0.844828	72	336	800	464	9	3	50
uniq_230801	EF510424.1	0.857759	66	332	796	464	9	3	50
uniq_232296	EF510424.1	0.892241	50	332	796	464	9	3	50
uniq_232551	AY005025.1	0.864224	63	313	777	464	9	3	50
uniq_233462	EF510424.1	0.915948	39	332	796	464	9	3	50
uniq_233472	AF385566.1	0.883621	54	335	800	464	9	3	50
uniq_233676	AF287761.1	0.892241	50	326	767	464	9	3	50
uniq_234476	EF510424.1	0.879310	56	332	796	464	9	3	50
uniq_234599	AF385497.1	0.885776	53	324	788	464	9	3	50
uniq_234611	EF512007.1	0.846983	71	313	777	464	9	3	50
uniq_234668	AF432855.1	0.859914	65	327	791	464	9	3	50
uniq_234811	AY341820.1	0.913793	40	324	788	464	9	3	50
uniq_236239	AY349403.1	0.881466	55	328	792	464	9	3	50
uniq_236545	EU071543.1	0.866379	62	298	740	464	9	3	50
uniq_236895	AF287780.1	0.911638	41	331	794	464	9	3	50
uniq_237537	AY341820.1	0.868534	61	324	788	464	9	3	50
uniq_237712	AF543300.1	0.879310	56	311	753	464	9	3	50
uniq_238203	AY005025.1	0.834052	77	313	777	464	9	3	50
uniq_238671	AF287761.1	0.890086	51	326	767	464	9	3	50
uniq_238974	EF511101.1	0.864224	63	313	777	464	9	3	50
uniq_239945	AY349402.1	0.864224	63	318	776	464	9	3	50
uniq_240024	AF183404.1	0.855603	67	320	779	464	9	3	50
uniq_240223	AY005025.1	0.868534	61	313	777	464	9	3	50
uniq_240267	AY349403.1	0.900862	46	328	792	464	9	3	50
uniq_240398	EF510424.1	0.922414	36	332	796	464	9	3	50
uniq_240504	AF432140.1	0.872845	59	349	813	464	9	3	50
uniq_241220	U43699.1	0.881466	55	321	783	464	9	3	50
uniq_241951	AY278622.1	0.853448	68	335	800	464	9	3	50
uniq_241963	EF510424.1	0.898707	47	332	796	464	9	3	50
uniq_242918	AY349374.1	0.898707	47	327	779	464	9	3	50
uniq_243867	AF224305.1	0.859914	65	313	777	464	9	3	50
uniq_244153	AY349414.1	0.950431	23	317	780	464	9	3	50
uniq_245521	AY044915.1	0.896552	48	314	772	464	9	3	50
uniq_246698	AY278609.1	0.862069	64	319	783	464	9	3	50
uniq_246782	AF432855.1	0.859914	65	327	791	464	9	3	50
uniq_248422	DQ905554.1	0.877155	57	319	783	464	9	3	50
uniq_248491	AF287790.1	0.937500	29	318	781	464	9	3	50
uniq_248691	AF397060.1	0.980603	9	320	784	464	9	3	50
uniq_249219	EF510424.1	0.875000	58	332	796	464	9	3	50
uniq_249661	AY005025.1	0.853448	68	313	777	464	9	3	50
uniq_249950	EF510424.1	0.881466	55	332	796	464	9	3	50
uniq_250042	AJ290758.1	0.859914	65	313	777	464	9	3	50
uniq_250159	AY005025.1	0.896552	48	313	777	464	9	3	50
uniq_250768	EF510424.1	0.887931	52	332	796	464	9	3	50
uniq_250849	EF510424.1	0.864224	63	332	796	464	9	3	50
uniq_251397	AY207063.1	0.877155	57	325	789	464	9	3	50
uniq_251466	AF016390.1	0.875000	58	321	785	464	9	3	50
uniq_251994	AY008310.1	0.887931	52	318	777	464	9	3	50
uniq_252878	AF385520.1	0.898707	47	350	791	464	9	3	50
uniq_253700	EF510424.1	0.881466	55	332	796	464	9	3	50
uniq_253775	AJ290754.1	0.883621	54	313	777	464	9	3	50
uniq_254534	EU071543.1	0.885776	53	298	740	464	9	3	50
uniq_255694	EF510424.1	0.877155	57	332	796	464	9	3	50
uniq_255955	AF224306.1	0.868534	61	312	776	464	9	3	50
uniq_255982	AY445131.1	0.898707	47	332	796	464	9	3	50
uniq_256054	AF287793.1	0.881466	55	323	787	464	9	3	50
uniq_257046	EF510424.1	0.866379	62	332	795	464	9	3	50
uniq_258020	AF287806.1	0.868534	61	311	753	464	9	3	50
uniq_258465	EU071543.1	0.851293	69	298	740	464	9	3	50
uniq_258952	AY005025.1	0.963362	17	313	777	464	9	3	50
uniq_259271	AF183404.1	0.875000	58	320	779	464	9	3	50
uniq_259302	AF534209.1	0.898707	47	307	771	464	9	3	50
uniq_259749	AY349402.1	0.853448	68	318	776	464	9	3	50
uniq_260261	AF074384.1	0.885776	53	307	771	464	9	3	50
uniq_260677	AF534209.1	0.903017	45	307	771	464	9	3	50
uniq_260792	EU071543.1	0.887931	52	298	740	464	9	3	50
uniq_261125	AB046995.1	0.905172	44	307	771	464	9	3	50
uniq_261501	AY622234.1	0.890086	51	307	771	464	9	3	50
uniq_262574	AF408257.1	0.890086	51	320	783	464	9	3	50
uniq_265947	EF510424.1	0.894397	49	332	796	464	9	3	50
uniq_267148	AY456712.1	0.896552	48	307	771	464	9	3	50
uniq_267439	AF064460.1	0.885776	53	307	771	464	9	3	50
uniq_268146	AF468404.1	0.918103	38	305	769	464	9	3	50
uniq_268339	AM411992.1	0.918103	38	307	771	464	9	3	50
uniq_268817	AF094738.1	0.870690	60	307	771	464	9	3	50
uniq_268832	AF094726.1	0.896552	48	309	773	464	9	3	50
uniq_270400	AY263477.1	0.892241	50	306	770	464	9	3	50
uniq_270807	AF468404.1	0.896552	48	305	769	464	9	3	50
uniq_271001	AF385492.1	0.898707	47	328	792	464	9	3	50
uniq_271598	AM420148.1	0.857759	66	327	791	464	9	3	50
uniq_271681	AF501878.1	0.924569	35	307	771	464	9	3	50
uniq_272076	AJ229246.1	0.954741	21	329	792	464	9	3	50
uniq_272552	AJ318168.1	0.952586	22	309	773	464	9	3	50
uniq_275093	AF028352.1	0.892241	50	322	785	464	9	3	50
uniq_27519	EF512007.1	0.846983	71	313	777	464	9	3	50
uniq_276640	EU373341.1	0.943966	26	320	784	464	9	3	50
uniq_27881	AF385543.1	0.887931	52	326	764	464	9	3	50
uniq_279530	AJ617907.1	0.980603	9	322	785	464	9	3	50
uniq_279601	Y18188.1	0.926724	34	307	770	464	9	3	50
uniq_28005	AY349402.1	0.890086	51	318	776	464	9	3	50
uniq_280411	AJ229246.1	0.941810	27	329	792	464	9	3	50
uniq_280584	AF013522.1	0.952586	22	323	787	464	9	3	50
uniq_28084	AF385543.1	0.877155	57	326	764	464	9	3	50
uniq_281639	X87758.1	0.961207	18	293	759	464	9	3	50
uniq_281844	U60013.1	0.982759	8	313	776	464	9	3	50
uniq_282786	AY555797.1	0.892241	50	329	795	464	9	3	50
uniq_284594	DQ905554.1	0.877155	57	319	783	464	9	3	50
uniq_286346	AM277334.1	0.922414	36	323	787	464	9	3	50
uniq_28671	AF183404.1	0.864224	63	320	779	464	9	3	50
uniq_289279	AF432137.1	0.887931	52	319	783	464	9	3	50
uniq_28931	EF511101.1	0.900862	46	313	777	464	9	3	50
uniq_289619	EF510424.1	0.903017	45	332	796	464	9	3	50
uniq_290296	EF512007.1	0.857759	66	313	777	464	9	3	50
uniq_291779	EF510383.1	0.890086	51	321	785	464	9	3	50
uniq_292516	EF510424.1	0.954741	21	332	796	464	9	3	50
uniq_292700	EF510383.1	0.887931	52	321	785	464	9	3	50
uniq_294473	AY349414.1	0.946121	25	317	780	464	9	3	50
uniq_29510	EF512007.1	0.859914	65	313	777	464	9	3	50
uniq_296923	EF510424.1	0.875000	58	332	796	464	9	3	50
uniq_297163	EF510383.1	0.900862	46	321	785	464	9	3	50
uniq_297342	EU071472.1	0.922414	36	323	787	464	9	3	50
uniq_297502	EF512007.1	0.840517	74	313	777	464	9	3	50
uniq_298491	EF512007.1	0.872845	59	313	777	464	9	3	50
uniq_300107	DQ905554.1	0.922414	36	320	783	464	9	3	50
uniq_300277	EF510424.1	0.894397	49	332	796	464	9	3	50
uniq_30065	EF510424.1	0.868534	61	332	796	464	9	3	50
uniq_300927	EU071472.1	0.898707	47	323	787	464	9	3	50
uniq_301061	EF510383.1	0.859914	65	321	785	464	9	3	50
uniq_305225	EF512007.1	0.868534	61	313	777	464	9	3	50
uniq_307573	AF432139.1	0.890086	51	319	783	464	9	3	50
uniq_309304	EF511070.1	0.959052	19	319	783	464	9	3	50
uniq_309538	EF510424.1	0.864224	63	332	796	464	9	3	50
uniq_310450	AM277334.1	0.883621	54	323	787	464	9	3	50
uniq_310628	DQ905554.1	0.881466	55	319	783	464	9	3	50
uniq_311076	DQ160208.1	0.900862	46	342	780	464	9	3	50
uniq_312016	AF432137.1	0.896552	48	319	783	464	9	3	50
uniq_312313	AY044915.1	0.918103	38	314	772	464	9	3	50
uniq_314541	AF432137.1	0.883621	54	319	783	464	9	3	50
uniq_314587	AY212598.1	0.976293	11	329	792	464	9	3	50
uniq_314923	EU071472.1	0.840517	74	323	787	464	9	3	50
uniq_315728	EF510424.1	0.918103	38	332	796	464	9	3	50
uniq_315846	DQ160208.1	0.900862	46	342	780	464	9	3	50
uniq_316341	EF512007.1	0.844828	72	313	777	464	9	3	50
uniq_317389	AY485604.1	0.866379	62	319	783	464	9	3	50
uniq_318210	EF510424.1	0.905172	44	332	796	464	9	3	50
uniq_318989	EF510424.1	0.870690	60	332	796	464	9	3	50
uniq_322081	EF510383.1	0.905172	44	321	785	464	9	3	50
uniq_32390	AY278609.1	0.918103	38	319	783	464	9	3	50
uniq_323995	DQ675076.1	0.935345	30	297	760	464	9	3	50
uniq_32439	AF432136.1	0.872845	59	319	783	464	9	3	50
uniq_324787	AY349414.1	0.954741	21	317	780	464	9	3	50
uniq_325242	AB179503.1	0.959052	19	307	770	464	9	3	50
uniq_325854	AF016390.1	0.870690	60	321	785	464	9	3	50
uniq_326106	AJ290758.1	0.879310	56	313	777	464	9	3	50
uniq_326760	AY349403.1	0.883621	54	328	792	464	9	3	50
uniq_32696	DQ009623.1	0.911638	41	302	761	464	9	3	50
uniq_32711	EF511070.1	0.879310	56	319	783	464	9	3	50
uniq_327204	AF432137.1	0.885776	53	319	783	464	9	3	50
uniq_330292	EF512007.1	0.857759	66	313	777	464	9	3	50
uniq_331391	EU071472.1	0.918103	38	323	787	464	9	3	50
uniq_331568	AY533381.1	0.870690	60	325	766	464	9	3	50
uniq_331607	DQ160208.1	0.866379	62	342	780	464	9	3	50
uniq_331846	AY349402.1	0.857759	66	318	776	464	9	3	50
uniq_332079	AY349414.1	0.941810	27	317	780	464	9	3	50
uniq_332121	EU071472.1	0.900862	46	323	787	464	9	3	50
uniq_332641	AF009509.1	0.885776	53	327	791	464	9	3	50
uniq_333446	AF432136.1	0.892241	50	319	783	464	9	3	50
uniq_333645	AF145239.1	0.892241	50	327	791	464	9	3	50
uniq_333898	AF432136.1	0.900862	46	319	783	464	9	3	50
uniq_333945	AF432136.1	0.948276	24	319	783	464	9	3	50
uniq_333988	EF510424.1	0.851293	69	332	796	464	9	3	50
uniq_334162	EF512007.1	0.864224	63	313	777	464	9	3	50
uniq_334564	AY349414.1	0.943966	26	317	780	464	9	3	50
uniq_335317	EF512007.1	0.928879	33	313	777	464	9	3	50
uniq_336157	U87826.1	0.890086	51	309	760	464	9	3	50
uniq_336712	EF511101.1	0.842672	73	313	777	464	9	3	50
uniq_336874	AJ290754.1	0.956897	20	313	777	464	9	3	50
uniq_337126	AY277938.1	0.890086	51	327	791	464	9	3	50
uniq_337152	AY959092.1	0.900862	46	327	791	464	9	3	50
uniq_337360	AY349402.1	0.834052	77	318	776	464	9	3	50
uniq_337614	EU071472.1	0.926724	34	323	787	464	9	3	50
uniq_337628	AY958874.1	0.980603	9	334	797	464	9	3	50
uniq_337723	AY485604.1	0.974138	12	319	783	464	9	3	50
uniq_337981	AF432137.1	0.881466	55	319	783	464	9	3	50
uniq_338149	EF510424.1	0.900862	46	332	796	464	9	3	50
uniq_338454	DQ462421.1	0.924569	35	319	783	464	9	3	50
uniq_338481	EU071472.1	0.900862	46	323	787	464	9	3	50
uniq_338530	EU071472.1	0.909483	42	323	787	464	9	3	50
uniq_338641	EU071472.1	0.905172	44	323	787	464	9	3	50
uniq_338680	EF512007.1	0.868534	61	313	777	464	9	3	50
uniq_338909	EF511070.1	0.903017	45	319	783	464	9	3	50
uniq_339263	EF512007.1	0.887931	52	313	777	464	9	3	50
uniq_339544	AF016390.1	0.933190	31	321	785	464	9	3	50
uniq_339895	AF543289.1	0.864224	63	317	781	464	9	3	50
uniq_339974	EF510424.1	0.866379	62	332	796	464	9	3	50
uniq_341544	AY277938.1	0.941810	27	327	791	464	9	3	50
uniq_341684	AF287791.1	0.987069	6	318	781	464	9	3	50
uniq_341950	EF510424.1	0.868534	61	332	796	464	9	3	50
uniq_342203	AY277938.1	0.885776	53	327	791	464	9	3	50
uniq_342290	EF511101.1	0.883621	54	313	777	464	9	3	50
uniq_343602	EF512007.1	0.900862	46	313	777	464	9	3	50
uniq_343917	EF511101.1	0.864224	63	313	777	464	9	3	50
uniq_344014	EF511101.1	0.946121	25	313	777	464	9	3	50
uniq_344763	EF510424.1	0.913793	40	332	796	464	9	3	50
uniq_344787	EU071472.1	0.894397	49	323	787	464	9	3	50
uniq_344855	EF511070.1	0.892241	50	319	783	464	9	3	50
uniq_345202	AF432136.1	0.875000	58	319	783	464	9	3	50
uniq_345619	AF543300.1	0.870690	60	311	753	464	9	3	50
uniq_345828	EF512007.1	0.855603	67	313	777	464	9	3	50
uniq_345991	AY349414.1	0.967672	15	317	780	464	9	3	50
uniq_346096	EU071472.1	0.900862	46	323	787	464	9	3	50
uniq_346113	EF512007.1	0.842672	73	313	777	464	9	3	50
uniq_346663	AY349407.1	0.903017	45	332	796	464	9	3	50
uniq_346912	AY277938.1	0.896552	48	327	791	464	9	3	50
uniq_347469	AF287761.1	0.872845	59	326	767	464	9	3	50
uniq_347631	EF510424.1	0.859914	65	332	796	464	9	3	50
uniq_348321	EF510424.1	0.887931	52	332	796	464	9	3	50
uniq_348684	AF432136.1	0.898707	47	319	783	464	9	3	50
uniq_348856	EF510424.1	0.862069	64	332	796	464	9	3	50
uniq_348948	EF512007.1	0.846983	71	313	777	464	9	3	50
uniq_349171	EF510424.1	0.894397	49	332	796	464	9	3	50
uniq_349261	EF101551.1	0.887931	52	309	773	464	9	3	50
uniq_349275	AM396916.1	0.866379	62	309	773	464	9	3	50
uniq_349339	EF510424.1	0.890086	51	332	796	464	9	3	50
uniq_349407	EF101551.1	0.918103	38	309	773	464	9	3	50
uniq_349474	AF287761.1	0.894397	49	326	767	464	9	3	50
uniq_349579	EF510424.1	0.877155	57	332	796	464	9	3	50
uniq_349597	AF287761.1	0.885776	53	326	767	464	9	3	50
uniq_349598	EF510424.1	0.939655	28	332	796	464	9	3	50
uniq_349615	AY349403.1	0.879310	56	328	792	464	9	3	50
uniq_349790	AF432137.1	0.857759	66	319	783	464	9	3	50
uniq_349869	EF509159.1	0.879310	56	311	753	464	9	3	50
uniq_349873	AF432136.1	0.894397	49	319	783	464	9	3	50
uniq_350166	AF432137.1	0.879310	56	319	783	464	9	3	50
uniq_351166	EF101551.1	0.866379	62	309	773	464	9	3	50
uniq_351372	EU071543.1	0.866379	62	298	740	464	9	3	50
uniq_351539	AM403587.1	0.892241	50	313	777	464	9	3	50
uniq_351783	AF183404.1	0.885776	53	320	779	464	9	3	50
uniq_351803	AJ308373.1	0.877155	57	309	773	464	9	3	50
uniq_352115	AJ244722.1	0.935345	30	315	778	464	9	3	50
uniq_352346	AM403587.1	0.885776	53	313	777	464	9	3	50
uniq_352471	EU071543.1	0.879310	56	298	740	464	9	3	50
uniq_352475	EF101551.1	0.896552	48	309	773	464	9	3	50
uniq_352864	AY278609.1	0.887931	52	319	783	464	9	3	50
uniq_353770	AY044915.1	0.885776	53	314	772	464	9	3	50
uniq_353792	AJ244722.1	0.933190	31	314	778	464	9	3	50
uniq_353930	AJ308373.1	0.885776	53	309	773	464	9	3	50
uniq_353971	Y10765.1	0.883621	54	315	779	464	9	3	50
uniq_354167	EF101551.1	0.946121	25	309	773	464	9	3	50
uniq_354421	AY044915.1	0.900862	46	314	772	464	9	3	50
uniq_354576	EF510424.1	0.924569	35	332	796	464	9	3	50
uniq_354818	AF408257.1	0.879310	56	320	783	464	9	3	50
uniq_354917	AY689031.1	0.868534	61	313	777	464	9	3	50
uniq_354930	AJ244722.1	0.946121	25	314	778	464	9	3	50
uniq_355730	AF385521.1	0.877155	57	314	771	464	9	3	50
uniq_355771	EF101551.1	0.877155	57	309	773	464	9	3	50
uniq_355889	EF101551.1	0.909483	42	309	773	464	9	3	50
uniq_357931	EF101551.1	0.887931	52	309	773	464	9	3	50
uniq_358011	EU071472.1	0.890086	51	323	787	464	9	3	50
uniq_358135	AY349403.1	0.879310	56	328	792	464	9	3	50
uniq_358317	AB002523.1	0.898707	47	319	783	464	9	3	50
uniq_358432	EF101551.1	0.885776	53	309	773	464	9	3	50
uniq_358753	AF292371.1	0.892241	50	311	754	464	9	3	50
uniq_358861	EU352763.1	0.866379	62	315	779	464	9	3	50
uniq_359044	U43699.1	0.890086	51	321	783	464	9	3	50
uniq_359276	AJ229246.1	0.954741	21	329	792	464	9	3	50
uniq_359868	AM403587.1	0.890086	51	313	777	464	9	3	50
uniq_359890	EF101551.1	0.870690	60	309	773	464	9	3	50
uniq_360071	AF479674.1	0.859914	65	330	794	464	9	3	50
uniq_360204	EF512007.1	0.875000	58	313	777	464	9	3	50
uniq_360307	AF183405.1	0.844828	72	320	779	464	9	3	50
uniq_361105	EF512007.1	0.877155	57	313	777	464	9	3	50
uniq_361197	AF183405.1	0.851293	69	320	779	464	9	3	50
uniq_361767	AY044915.1	0.898707	47	314	772	464	9	3	50
uniq_361838	AY959092.1	0.883621	54	327	791	464	9	3	50
uniq_362050	AY044915.1	0.881466	55	314	772	464	9	3	50
uniq_362558	AJ290755.1	0.857759	66	315	779	464	9	3	50
uniq_362564	AY959092.1	0.883621	54	327	791	464	9	3	50
uniq_362569	EF101551.1	0.898707	47	309	773	464	9	3	50
uniq_362618	EF510424.1	0.872845	59	332	796	464	9	3	50
uniq_362667	AY727530.1	0.894397	49	320	784	464	9	3	50
uniq_363338	AY326618.1	0.946121	25	316	779	464	9	3	50
uniq_364199	Z95736.1	0.974138	12	323	786	464	9	3	50
uniq_366537	AJ233948.1	0.920259	37	321	784	464	9	3	50
uniq_37140	AY349402.1	0.866379	62	318	776	464	9	3	50
uniq_371811	AB073362.1	0.961207	18	313	776	464	9	3	50
uniq_374397	AJ233910.1	0.989224	5	321	784	464	9	3	50
uniq_374806	AJ833647.1	0.926724	34	322	785	464	9	3	50
uniq_377464	DQ295897.1	0.931034	32	305	768	464	9	3	50
uniq_37797	AY207060.1	0.877155	57	322	763	464	9	3	50
uniq_37917	EF512007.1	0.866379	62	313	777	464	9	3	50
uniq_380495	AB240477.1	0.971983	13	321	784	464	9	3	50
uniq_38090	EF512007.1	0.842672	73	313	777	464	9	3	50
uniq_382779	AY250096.1	0.885776	53	309	773	464	9	3	50
uniq_386496	AY212589.1	0.909483	42	324	787	464	9	3	50
uniq_390831	Y07839.1	0.872845	59	327	765	464	9	3	50
uniq_392242	EF510424.1	0.883621	54	332	796	464	9	3	50
uniq_393282	EF512007.1	0.857759	66	313	777	464	9	3	50
uniq_393836	EF511101.1	0.853448	68	313	777	464	9	3	50
uniq_39550	AY049941.1	0.870690	60	313	777	464	9	3	50
uniq_395862	EF510424.1	0.864224	63	332	796	464	9	3	50
uniq_397627	EF512007.1	0.875000	58	313	777	464	9	3	50
uniq_398474	AY005025.1	0.862069	64	313	777	464	9	3	50
uniq_398685	DQ160208.1	0.872845	59	342	780	464	9	3	50
uniq_399277	AY349403.1	0.857759	66	328	792	464	9	3	50
uniq_399356	L14327.1	0.890086	51	322	786	464	9	3	50
uniq_399539	EF511101.1	0.866379	62	313	777	464	9	3	50
uniq_400063	AF292371.1	0.885776	53	311	754	464	9	3	50
uniq_400402	AY277938.1	0.933190	31	327	791	464	9	3	50
uniq_400797	L14327.1	0.928879	33	322	786	464	9	3	50
uniq_400847	AF481209.1	0.879310	56	335	799	464	9	3	50
uniq_400875	L14327.1	0.900862	46	322	786	464	9	3	50
uniq_400945	AY445131.1	0.905172	44	332	796	464	9	3	50
uniq_400992	AY005033.1	0.870690	60	313	777	464	9	3	50
uniq_401069	AJ290754.1	0.894397	49	313	777	464	9	3	50
uniq_401442	AY533382.1	0.898707	47	348	789	464	9	3	50
uniq_401675	AY959014.1	0.915948	39	322	786	464	9	3	50
uniq_401703	EU071472.1	0.911638	41	323	787	464	9	3	50
uniq_401747	AF432855.1	0.851293	69	327	791	464	9	3	50
uniq_401872	EF511070.1	0.913793	40	319	783	464	9	3	50
uniq_402092	L14327.1	0.928879	33	322	786	464	9	3	50
uniq_402273	L14327.1	0.911638	41	322	786	464	9	3	50
uniq_402927	AY533382.1	0.892241	50	348	789	464	9	3	50
uniq_403043	EU071472.1	0.905172	44	323	787	464	9	3	50
uniq_403580	AY349402.1	0.877155	57	318	776	464	9	3	50
uniq_404444	AJ290758.1	0.890086	51	313	777	464	9	3	50
uniq_404459	Y09434.1	0.855603	67	324	787	464	9	3	50
uniq_404499	EF510424.1	0.855603	67	332	796	464	9	3	50
uniq_404503	AY533382.1	0.903017	45	348	789	464	9	3	50
uniq_40453	EU071543.1	0.872845	59	298	740	464	9	3	50
uniq_404598	L14327.1	0.896552	48	322	786	464	9	3	50
uniq_404676	DQ160208.1	0.890086	51	342	780	464	9	3	50
uniq_404839	EU071472.1	0.872845	59	323	787	464	9	3	50
uniq_405033	EU071472.1	0.937500	29	323	787	464	9	3	50
uniq_405194	AF183404.1	0.868534	61	320	779	464	9	3	50
uniq_405339	AF385495.1	0.905172	44	328	792	464	9	3	50
uniq_405547	AJ251215.1	0.840517	74	326	767	464	9	3	50
uniq_405748	AY533382.1	0.905172	44	348	789	464	9	3	50
uniq_405751	EU071472.1	0.903017	45	323	787	464	9	3	50
uniq_406019	AF292371.1	0.890086	51	311	754	464	9	3	50
uniq_406416	EU071472.1	0.900862	46	323	787	464	9	3	50
uniq_406506	AY727530.1	0.926724	34	320	784	464	9	3	50
uniq_406614	AM697440.1	0.857759	66	322	787	464	9	3	50
uniq_407073	AY533382.1	0.900862	46	348	789	464	9	3	50
uniq_407471	DQ160208.1	0.870690	60	342	780	464	9	3	50
uniq_407487	AY277938.1	0.961207	18	327	791	464	9	3	50
uniq_407799	AY727530.1	0.900862	46	320	784	464	9	3	50
uniq_407844	EU071472.1	0.948276	24	323	787	464	9	3	50
uniq_407959	AF023044.1	0.853448	68	313	777	464	9	3	50
uniq_408317	AY349407.1	0.909483	42	332	796	464	9	3	50
uniq_408392	AF432855.1	0.877155	57	327	791	464	9	3	50
uniq_408406	EU071472.1	0.870690	60	323	787	464	9	3	50
uniq_41443	AY526575.1	0.881466	55	302	766	464	9	3	50
uniq_41689	EF510424.1	0.868534	61	332	796	464	9	3	50
uniq_42499	AM277334.1	0.866379	62	323	787	464	9	3	50
uniq_44280	AJ233900.1	0.922414	36	321	784	464	9	3	50
uniq_44976	EU071543.1	0.875000	58	298	739	464	9	3	50
uniq_48734	AY622263.1	0.961207	18	321	784	464	9	3	50
uniq_49715	AF361200.1	0.894397	49	298	756	464	9	3	50
uniq_52300	AJ233941.1	0.913793	40	323	786	464	9	3	50
uniq_54592	AB073362.1	0.987069	6	313	776	464	9	3	50
uniq_57427	AY326525.1	0.961207	18	330	793	464	9	3	50
uniq_57876	AY250872.1	0.827586	80	305	756	464	9	3	50
uniq_58168	AY162144.1	0.907328	43	303	768	464	9	3	50
uniq_58188	Z95716.1	0.974138	12	318	781	464	9	3	50
uniq_58579	AY326619.1	0.950431	23	314	777	464	9	3	50
uniq_59384	AY218640.1	0.896552	48	330	793	464	9	3	50
uniq_59893	L14327.1	0.887931	52	322	786	464	9	3	50
uniq_60629	AF408257.1	0.883621	54	320	783	464	9	3	50
uniq_61074	EF512007.1	0.853448	68	313	777	464	9	3	50
uniq_61189	EF512007.1	0.842672	73	313	777	464	9	3	50
uniq_62364	AY445131.1	0.896552	48	332	796	464	9	3	50
uniq_62474	EF510424.1	0.890086	51	332	796	464	9	3	50
uniq_62522	EF510424.1	0.834052	77	332	796	464	9	3	50
uniq_64238	EF511101.1	0.898707	47	313	777	464	9	3	50
uniq_65170	AF432137.1	0.851293	69	319	783	464	9	3	50
uniq_66002	AF292371.1	0.872845	59	311	754	464	9	3	50
uniq_66265	EF511101.1	0.875000	58	313	777	464	9	3	50
uniq_66385	EF512007.1	0.840517	74	313	777	464	9	3	50
uniq_68004	AY485605.1	0.937500	29	319	783	464	9	3	50
uniq_69744	AF292371.1	0.885776	53	311	754	464	9	3	50
uniq_71813	AY349402.1	0.842672	73	318	776	464	9	3	50
uniq_72601	AF050574.1	0.840517	74	311	769	464	9	3	50
uniq_72907	EF510424.1	0.885776	53	332	796	464	9	3	50
uniq_73167	AF432136.1	0.896552	48	319	783	464	9	3	50
uniq_75633	DQ160208.1	0.859914	65	342	780	464	9	3	50
uniq_76189	AB002523.1	0.866379	62	319	783	464	9	3	50
uniq_76759	AF432136.1	0.872845	59	319	783	464	9	3	50
uniq_77179	AY727530.1	0.931034	32	320	784	464	9	3	50
uniq_77357	AY349414.1	0.946121	25	317	780	464	9	3	50
uniq_77437	EF510424.1	0.894397	49	332	796	464	9	3	50
uniq_77818	AF432137.1	0.894397	49	319	783	464	9	3	50
uniq_78821	EF510424.1	0.907328	43	332	796	464	9	3	50
uniq_79424	DQ160208.1	0.881466	55	342	780	464	9	3	50
uniq_79586	AY044915.1	0.898707	47	314	772	464	9	3	50
uniq_82310	DQ905554.1	0.935345	30	319	783	464	9	3	50
uniq_82553	DQ160208.1	0.868534	61	342	780	464	9	3	50
uniq_82861	DQ905554.1	0.892241	50	319	783	464	9	3	50
uniq_84973	AF408257.1	0.887931	52	320	783	464	9	3	50
uniq_85272	AY005025.1	0.862069	64	313	777	464	9	3	50
uniq_85810	AF408257.1	0.877155	57	320	783	464	9	3	50
uniq_86442	EF509838.1	0.887931	52	311	775	464	9	3	50
uniq_86588	EU071472.1	0.883621	54	323	786	464	9	3	50
uniq_86595	AY044915.1	0.907328	43	314	772	464	9	3	50
uniq_87385	EF510383.1	0.864224	63	321	785	464	9	3	50
uniq_87605	AF432136.1	0.935345	30	319	783	464	9	3	50
uniq_87840	AY278622.1	0.862069	64	335	800	464	9	3	50
uniq_87877	AM696931.1	0.896552	48	322	786	464	9	3	50
uniq_87944	EF510424.1	0.862069	64	332	796	464	9	3	50
uniq_88045	EF512007.1	0.855603	67	313	777	464	9	3	50
uniq_88443	EF510383.1	0.877155	57	321	785	464	9	3	50
uniq_88561	EF510424.1	0.857759	66	332	796	464	9	3	50
uniq_88842	AF385559.1	0.855603	67	326	764	464	9	3	50
uniq_88868	AB023575.1	0.933190	31	319	783	464	9	3	50
uniq_90429	AF247717.1	0.926724	34	313	777	464	9	3	50
uniq_90652	AY005025.1	0.827586	80	313	777	464	9	3	50
uniq_91120	AY349371.1	0.909483	42	306	747	464	9	3	50
uniq_91182	AY207064.1	0.864224	63	319	783	464	9	3	50
uniq_91369	AF184220.1	0.877155	57	308	772	464	9	3	50
uniq_91471	AB013827.1	0.961207	18	308	772	464	9	3	50
uniq_91747	AF451270.1	0.913793	40	307	771	464	9	3	50
uniq_92168	AF534209.1	0.879310	56	307	771	464	9	3	50
uniq_93096	AF432139.1	0.896552	48	319	783	464	9	3	50
uniq_93440	AF184220.1	0.911638	41	308	772	464	9	3	50
uniq_93956	AY472116.1	0.915948	39	307	771	464	9	3	50
uniq_94003	AY044915.1	0.894397	49	314	772	464	9	3	50
uniq_94466	AY349385.1	0.909483	42	308	750	464	9	3	50
uniq_94668	AF534209.1	0.866379	62	307	771	464	9	3	50
uniq_94889	AY661993.1	0.905172	44	307	771	464	9	3	50
uniq_95067	AF176567.1	0.887931	52	311	775	464	9	3	50
uniq_95282	DQ160208.1	0.875000	58	342	780	464	9	3	50
uniq_95446	AF290479.1	0.963362	17	307	770	464	9	3	50
uniq_95510	DQ378190.1	0.911638	41	307	771	464	9	3	50
uniq_95568	AJ551146.1	0.879310	56	308	772	464	9	3	50
uniq_95692	AF184220.1	0.864224	63	308	772	464	9	3	50
uniq_96052	DQ160208.1	0.868534	61	342	780	464	9	3	50
uniq_96305	AB013827.1	0.890086	51	308	772	464	9	3	50
uniq_96417	AY472116.1	0.924569	35	307	771	464	9	3	50
uniq_96977	AF481212.1	0.879310	56	326	767	464	9	3	50
uniq_97151	AM277334.1	0.894397	49	323	787	464	9	3	50
uniq_97315	AY007296.1	0.954741	21	305	768	464	9	3	50
uniq_97626	AY472116.1	0.926724	34	307	771	464	9	3	50
uniq_98191	DQ160208.1	0.883621	54	342	780	464	9	3	50
uniq_98488	DQ378190.1	0.915948	39	307	771	464	9	3	50
uniq_98508	U13037.1	0.875000	58	326	766	464	9	3	50
uniq_98688	AF184220.1	0.898707	47	308	772	464	9	3	50
uniq_98830	AF074384.1	0.900862	46	307	771	464	9	3	50
uniq_98884	AF287761.1	0.885776	53	326	767	464	9	3	50
uniq_98984	AF184220.1	0.896552	48	308	772	464	9	3	50
uniq_99090	AF064458.1	0.898707	47	306	770	464	9	3	50
uniq_99108	EU603456.1	0.868534	61	307	771	464	9	3	50
uniq_99148	AF408257.1	0.879310	56	320	783	464	9	3	50
uniq_106549	AY382609.1	0.969762	14	326	788	463	9	3	50
uniq_117370	AF543287.1	0.989201	5	322	783	463	9	3	50
uniq_137098	DQ378190.1	0.976242	11	307	771	463	9	3	50
uniq_154214	AF432141.1	0.896328	48	350	791	463	9	3	50
uniq_158893	AF385520.1	0.896328	48	350	791	463	9	3	50
uniq_170974	AJ234039.1	0.956803	20	323	783	463	9	3	50
uniq_176151	AF016390.1	0.954644	21	321	785	463	9	3	50
uniq_176738	AY612844.1	0.831533	78	317	781	463	9	3	50
uniq_206510	AF432141.1	0.900648	46	350	791	463	9	3	50
uniq_212944	EF510424.1	0.879050	56	332	796	463	9	3	50
uniq_214933	EF510424.1	0.887689	52	332	796	463	9	3	50
uniq_234452	AF385520.1	0.887689	52	350	791	463	9	3	50
uniq_23741	AJ507295.1	0.946004	25	326	789	463	9	3	50
uniq_248886	AY959014.1	0.898488	47	322	786	463	9	3	50
uniq_271076	AF224306.1	0.941685	27	312	776	463	9	3	50
uniq_283710	AF385550.1	0.885529	53	317	781	463	9	3	50
uniq_292952	EF510383.1	0.915767	39	321	785	463	9	3	50
uniq_337359	AF003931.1	0.991361	4	327	791	463	9	3	50
uniq_338903	AF385520.1	0.885529	53	350	791	463	9	3	50
uniq_345353	AY349414.1	0.965443	16	317	780	463	9	3	50
uniq_347813	AF224305.1	0.866091	62	313	777	463	9	3	50
uniq_352705	EF101551.1	0.879050	56	309	773	463	9	3	50
uniq_354070	EF093123.1	0.935205	30	308	764	463	9	3	50
uniq_369667	AY212589.1	0.917927	38	324	787	463	9	3	50
uniq_378530	DQ451480.1	0.924406	35	323	787	463	9	3	50
uniq_382821	AY533381.1	0.894168	49	325	766	463	9	3	50
uniq_385665	AF385512.1	0.987041	6	318	777	463	9	3	50
uniq_390624	AJ575555.1	0.889849	51	306	750	463	9	3	50
uniq_393136	AY278609.1	0.874730	58	319	783	463	9	3	50
uniq_398820	DQ160208.1	0.825054	81	342	780	463	9	3	50
uniq_401288	EF510424.1	0.892009	50	332	796	463	9	3	50
uniq_403671	AY005069.1	0.917927	38	318	781	463	9	3	50
uniq_41411	EF510424.1	0.861771	64	332	796	463	9	3	50
uniq_49394	AF236007.1	0.967603	15	300	764	463	9	3	50
uniq_59223	AY344427.1	0.887689	52	313	777	463	9	3	50
uniq_65689	AF385520.1	0.894168	49	350	791	463	9	3	50
uniq_78350	EF509861.1	0.946004	25	311	775	463	9	3	50
uniq_88858	AY188347.1	0.963283	17	317	781	463	9	3	50
uniq_92283	AY472116.1	0.963283	17	307	771	463	9	3	50
uniq_97108	AF513102.1	0.881210	55	299	740	463	9	3	50
uniq_108237	AY008314.1	0.991342	4	319	780	462	9	3	50
uniq_108395	AF385520.1	0.902597	45	350	791	462	9	3	50
uniq_110015	AF385520.1	0.891775	50	350	791	462	9	3	50
uniq_110228	X80748.1	0.939394	28	308	763	462	9	3	50
uniq_114670	AF432133.1	0.943723	26	320	779	462	9	3	50
uniq_115387	AY278618.1	0.961039	18	312	765	462	9	3	50
uniq_116720	AF432141.1	0.902597	45	350	791	462	9	3	50
uniq_116903	AF543288.1	0.948052	24	322	783	462	9	3	50
uniq_118475	AJ009479.1	0.937229	29	326	788	462	9	3	50
uniq_140905	EF686530.1	0.833333	77	363	803	462	9	3	50
uniq_140959	AJ400239.1	0.859307	65	352	794	462	9	3	50
uniq_142225	AF432141.1	0.891775	50	350	791	462	9	3	50
uniq_143115	AF432133.1	0.861472	64	305	779	462	9	3	50
uniq_146534	AJ538351.1	0.848485	70	312	772	462	9	3	50
uniq_146898	AF385520.1	0.889610	51	350	791	462	9	3	50
uniq_149577	AF385520.1	0.900433	46	350	791	462	9	3	50
uniq_150717	AF385520.1	0.900433	46	350	791	462	9	3	50
uniq_151972	AF385520.1	0.900433	46	350	791	462	9	3	50
uniq_153981	AF432141.1	0.891775	50	350	791	462	9	3	50
uniq_154368	AF385520.1	0.900433	46	350	791	462	9	3	50
uniq_154837	AJ400239.1	0.872294	59	352	794	462	9	3	50
uniq_157769	AY207057.1	0.984848	7	318	778	462	9	3	50
uniq_158733	AF385520.1	0.893939	49	350	791	462	9	3	50
uniq_165288	X87758.1	0.889610	51	314	759	462	9	3	50
uniq_180734	AF432141.1	0.889610	51	350	791	462	9	3	50
uniq_198058	AJ538351.1	0.859307	65	312	772	462	9	3	50
uniq_204384	EF512007.1	0.876623	57	313	777	462	9	3	50
uniq_213408	EF512007.1	0.900433	46	313	777	462	9	3	50
uniq_214112	AF385520.1	0.896104	48	350	791	462	9	3	50
uniq_220446	AF385520.1	0.906926	43	350	791	462	9	3	50
uniq_221598	AF385520.1	0.854978	67	350	791	462	9	3	50
uniq_221991	AF385520.1	0.906926	43	350	791	462	9	3	50
uniq_226457	AF385520.1	0.891775	50	350	791	462	9	3	50
uniq_228572	AJ400239.1	0.861472	64	352	794	462	9	3	50
uniq_229472	AF385520.1	0.865801	62	350	791	462	9	3	50
uniq_233915	AF385520.1	0.902597	45	350	791	462	9	3	50
uniq_250580	AJ400239.1	0.863636	63	352	794	462	9	3	50
uniq_251457	AF432141.1	0.870130	60	350	791	462	9	3	50
uniq_253773	AF432141.1	0.880952	55	350	791	462	9	3	50
uniq_254480	AJ400239.1	0.848485	70	352	794	462	9	3	50
uniq_272697	AF513967.1	0.891775	50	292	738	462	9	3	50
uniq_273262	AY493926.1	0.932900	31	326	787	462	9	3	50
uniq_299646	AF385510.1	0.880952	55	326	765	462	9	3	50
uniq_304615	AF432141.1	0.880952	55	350	791	462	9	3	50
uniq_308961	AF287749.1	0.958874	19	331	791	462	9	3	50
uniq_309336	AF385520.1	0.891775	50	350	791	462	9	3	50
uniq_31008	AF385519.1	0.928571	33	320	779	462	9	3	50
uniq_315735	AF432141.1	0.893939	49	350	791	462	9	3	50
uniq_321217	AF432141.1	0.878788	56	350	791	462	9	3	50
uniq_322766	AF432141.1	0.846320	71	350	791	462	9	3	50
uniq_324954	AF385520.1	0.859307	65	350	791	462	9	3	50
uniq_325733	EF510424.1	0.913420	40	332	796	462	9	3	50
uniq_326258	AF432141.1	0.889610	51	350	791	462	9	3	50
uniq_329093	AF385520.1	0.878788	56	350	791	462	9	3	50
uniq_333352	AF183405.1	0.885281	53	319	779	462	9	3	50
uniq_35316	AY278611.1	0.980519	9	314	771	462	9	3	50
uniq_360595	X87758.1	0.893939	49	314	759	462	9	3	50
uniq_364577	X84258.1	0.978355	10	305	762	462	9	3	50
uniq_398545	AF385519.1	0.917749	38	319	779	462	9	3	50
uniq_399509	AF534432.1	0.971861	13	307	769	462	9	3	50
uniq_402878	AF183405.1	0.867965	61	320	779	462	9	3	50
uniq_404488	AY727530.1	0.874459	58	320	784	462	9	3	50
uniq_404861	X87758.1	0.872294	59	314	759	462	9	3	50
uniq_48368	AJ231188.1	0.928571	33	303	764	462	9	3	50
uniq_50941	AF280862.1	0.926407	34	294	755	462	9	3	50
uniq_59123	X81950.1	0.961039	18	305	766	462	9	3	50
uniq_77967	AF385520.1	0.885281	53	350	791	462	9	3	50
uniq_86523	AF432133.1	0.872294	59	320	779	462	9	3	50
uniq_97879	AY536217.1	0.883117	54	296	757	462	9	3	50
uniq_00881	AY570514.1	0.960954	18	314	774	461	9	3	50
uniq_01023	AY008314.1	0.934924	30	319	780	461	9	3	50
uniq_03800	AF385515.1	0.980477	9	315	774	461	9	3	50
uniq_100879	AJ440983.1	0.891540	50	304	768	461	9	3	50
uniq_105032	AY005065.1	0.926247	34	319	778	461	9	3	50
uniq_106031	AY968205.1	0.882863	54	320	779	461	9	3	50
uniq_107508	X87758.1	0.889371	51	314	759	461	9	3	50
uniq_107881	AF385518.1	0.889371	51	308	750	461	9	3	50
uniq_108334	AF385519.1	0.856833	66	320	779	461	9	3	50
uniq_108510	AB108825.1	0.939262	28	318	777	461	9	3	50
uniq_108677	AF366271.1	0.943601	26	318	777	461	9	3	50
uniq_108823	AY207053.1	0.867679	61	310	752	461	9	3	50
uniq_109098	U43698.1	0.956616	20	317	777	461	9	3	50
uniq_109512	AF219234.1	0.878525	56	313	753	461	9	3	50
uniq_110032	AY005068.1	0.865510	62	318	778	461	9	3	50
uniq_110063	AF432133.1	0.928416	33	320	779	461	9	3	50
uniq_113987	AY278611.1	0.954447	21	314	771	461	9	3	50
uniq_114437	AF385519.1	0.908894	42	320	779	461	9	3	50
uniq_114759	X87758.1	0.945770	25	314	759	461	9	3	50
uniq_115575	AF385519.1	0.937093	29	320	779	461	9	3	50
uniq_115608	AF371887.1	0.876356	57	319	778	461	9	3	50
uniq_115753	X87758.1	0.880694	55	314	759	461	9	3	50
uniq_116517	AF385551.1	0.919740	37	320	779	461	9	3	50
uniq_117976	EU670056.1	0.941432	27	320	779	461	9	3	50
uniq_119308	X87758.1	0.874187	58	314	759	461	9	3	50
uniq_132307	AB245370.1	0.958785	19	300	760	461	9	3	50
uniq_13426	EU670056.1	0.965293	16	320	779	461	9	3	50
uniq_13590	AF385564.1	0.980477	9	320	779	461	9	3	50
uniq_140229	AY278611.1	0.947939	24	314	771	461	9	3	50
uniq_140272	AY005024.1	0.895879	48	313	777	461	9	3	50
uniq_140631	AF432141.1	0.859002	65	350	791	461	9	3	50
uniq_140985	AF371887.1	0.900217	46	319	778	461	9	3	50
uniq_141010	AF543297.1	0.919740	37	316	775	461	9	3	50
uniq_141118	AF385519.1	0.924078	35	320	779	461	9	3	50
uniq_141276	AY008314.1	0.848156	70	319	780	461	9	3	50
uniq_141441	AF385551.1	0.835141	76	320	779	461	9	3	50
uniq_141645	AY008314.1	0.908894	42	319	780	461	9	3	50
uniq_141680	AY457056.1	0.778742	102	305	749	461	9	3	50
uniq_142073	AF385566.1	0.887202	52	335	800	461	9	3	50
uniq_143056	AF543297.1	0.906725	43	316	775	461	9	3	50
uniq_143313	AJ640198.1	0.800434	92	308	763	461	9	3	50
uniq_143574	AY207050.1	0.921909	36	320	779	461	9	3	50
uniq_143586	AY429468.1	0.978308	10	304	763	461	9	3	50
uniq_143688	AF385564.1	0.867679	61	320	779	461	9	3	50
uniq_143733	AY349402.1	0.863341	63	318	776	461	9	3	50
uniq_143923	AF385519.1	0.947939	24	318	779	461	9	3	50
uniq_144007	AY008314.1	0.915401	39	319	780	461	9	3	50
uniq_144285	AY008314.1	0.908894	42	319	780	461	9	3	50
uniq_144342	EF512007.1	0.904555	44	313	777	461	9	3	50
uniq_144465	X87758.1	0.887202	52	314	759	461	9	3	50
uniq_145870	EF511101.1	0.921909	36	313	777	461	9	3	50
uniq_145905	EF512007.1	0.876356	57	313	777	461	9	3	50
uniq_145925	EF512007.1	0.906725	43	313	777	461	9	3	50
uniq_146390	AY349393.1	0.906725	43	320	779	461	9	3	50
uniq_146640	AY244916.1	0.852495	68	318	777	461	9	3	50
uniq_146837	EF510383.1	0.863341	63	321	785	461	9	3	50
uniq_147909	AY207057.1	0.971800	13	318	778	461	9	3	50
uniq_147958	DQ394661.1	0.830803	78	347	787	461	9	3	50
uniq_148026	AF385571.1	0.865510	62	307	746	461	9	3	50
uniq_148159	AF201981.1	0.900217	46	327	766	461	9	3	50
uniq_148932	AJ290758.1	0.906725	43	313	777	461	9	3	50
uniq_149190	AB108825.1	0.947939	24	318	777	461	9	3	50
uniq_149248	AY349393.1	0.850325	69	320	779	461	9	3	50
uniq_149639	AF481222.1	0.852495	68	325	763	461	9	3	50
uniq_149815	AY349395.1	0.945770	25	320	779	461	9	3	50
uniq_149853	AF385551.1	0.904555	44	320	779	461	9	3	50
uniq_150068	AF432133.1	0.971800	13	320	779	461	9	3	50
uniq_150282	AY349393.1	0.869848	60	320	779	461	9	3	50
uniq_150573	AF385510.1	0.885033	53	326	765	461	9	3	50
uniq_151236	AY207054.1	0.811280	87	318	778	461	9	3	50
uniq_151696	AY207050.1	0.947939	24	320	779	461	9	3	50
uniq_152481	AY207057.1	0.965293	16	318	778	461	9	3	50
uniq_152859	EU670056.1	0.960954	18	320	779	461	9	3	50
uniq_153180	AY349395.1	0.908894	42	320	779	461	9	3	50
uniq_153788	AF371887.1	0.900217	46	319	778	461	9	3	50
uniq_153903	AM420056.1	0.915401	39	318	777	461	9	3	50
uniq_154030	EF511101.1	0.891540	50	313	777	461	9	3	50
uniq_154495	AF385564.1	0.950108	23	320	779	461	9	3	50
uniq_155097	EF512007.1	0.867679	61	313	777	461	9	3	50
uniq_155111	AY008314.1	0.917570	38	319	780	461	9	3	50
uniq_156259	EU670056.1	0.819957	83	320	779	461	9	3	50
uniq_156535	AY008314.1	0.904555	44	319	780	461	9	3	50
uniq_156832	AY008310.1	0.908894	42	318	777	461	9	3	50
uniq_156908	AF385577.1	0.863341	63	329	768	461	9	3	50
uniq_157277	AY005065.1	0.906725	43	319	778	461	9	3	50
uniq_158692	AF183405.1	0.854664	67	320	779	461	9	3	50
uniq_159708	X67609.1	0.893709	49	308	767	461	9	3	50
uniq_159739	AY429468.1	0.973970	12	304	763	461	9	3	50
uniq_160385	X87758.1	0.902386	45	314	759	461	9	3	50
uniq_161410	EF512007.1	0.891540	50	313	777	461	9	3	50
uniq_161439	AY005068.1	0.941432	27	318	778	461	9	3	50
uniq_163030	AF481228.1	0.880694	55	317	777	461	9	3	50
uniq_163111	AY349385.1	0.867679	61	308	750	461	9	3	50
uniq_163221	AF385519.1	0.917570	38	320	779	461	9	3	50
uniq_163472	EU670056.1	0.945770	25	320	779	461	9	3	50
uniq_164123	AF385555.1	0.917570	38	318	777	461	9	3	50
uniq_164333	AY005068.1	0.956616	20	318	778	461	9	3	50
uniq_164568	AY207057.1	0.945770	25	318	778	461	9	3	50
uniq_164873	DQ009623.1	0.982646	8	302	761	461	9	3	50
uniq_166542	AY005068.1	0.934924	30	318	778	461	9	3	50
uniq_166589	AF023044.1	0.872017	59	313	777	461	9	3	50
uniq_167791	EF512007.1	0.872017	59	313	777	461	9	3	50
uniq_168471	EU012315.1	0.941432	27	318	777	461	9	3	50
uniq_168576	AF481206.1	0.989154	5	317	776	461	9	3	50
uniq_168753	AY005033.1	0.885033	53	313	777	461	9	3	50
uniq_170786	AY008309.1	0.863341	63	308	750	461	9	3	50
uniq_172528	EF512007.1	0.891540	50	313	777	461	9	3	50
uniq_173516	AY005068.1	0.960954	18	318	778	461	9	3	50
uniq_174684	AM277334.1	0.876356	57	323	787	461	9	3	50
uniq_179566	AY207057.1	0.950108	23	318	778	461	9	3	50
uniq_180826	AF385551.1	0.898048	47	320	779	461	9	3	50
uniq_182008	AF385551.1	0.924078	35	320	779	461	9	3	50
uniq_182281	EF510424.1	0.965293	16	332	792	461	9	3	50
uniq_182607	AF385551.1	0.963124	17	320	779	461	9	3	50
uniq_182626	AB108825.1	0.902386	45	318	777	461	9	3	50
uniq_18931	AF287761.1	0.887202	52	326	767	461	9	3	50
uniq_195976	AJ306736.1	0.947939	24	312	772	461	9	3	50
uniq_197737	AF385551.1	0.930586	32	320	779	461	9	3	50
uniq_197751	AF432133.1	0.950108	23	320	779	461	9	3	50
uniq_198017	AY207050.1	0.924078	35	320	779	461	9	3	50
uniq_198119	AB108826.1	0.943601	26	318	777	461	9	3	50
uniq_198511	AJ290758.1	0.880694	55	313	777	461	9	3	50
uniq_200289	X87758.1	0.891540	50	314	759	461	9	3	50
uniq_200815	AF183405.1	0.865510	62	320	779	461	9	3	50
uniq_201052	AF385551.1	0.926247	34	320	779	461	9	3	50
uniq_201644	AF287816.1	0.865510	62	307	749	461	9	3	50
uniq_201796	AF385551.1	0.950108	23	320	779	461	9	3	50
uniq_202343	AF385564.1	0.921909	36	320	779	461	9	3	50
uniq_203002	AB076677.1	0.869848	60	310	750	461	9	3	50
uniq_203679	AF385518.1	0.878525	56	308	750	461	9	3	50
uniq_20521	AY349402.1	0.850325	69	318	776	461	9	3	50
uniq_205259	AF183406.1	0.854664	67	318	779	461	9	3	50
uniq_205282	AM419984.1	0.880694	55	309	749	461	9	3	50
uniq_205475	EU670056.1	0.837310	75	320	779	461	9	3	50
uniq_205764	X67609.1	0.893709	49	308	767	461	9	3	50
uniq_206394	AF183405.1	0.845987	71	320	779	461	9	3	50
uniq_207768	AY207057.1	0.926247	34	318	778	461	9	3	50
uniq_208377	AM697440.1	0.859002	65	322	787	461	9	3	50
uniq_209167	AF224299.1	0.876356	57	313	777	461	9	3	50
uniq_209879	AB108826.1	0.963124	17	318	777	461	9	3	50
uniq_210896	AF289504.1	0.865510	62	307	771	461	9	3	50
uniq_212468	AF385551.1	0.919740	37	320	779	461	9	3	50
uniq_214566	AF385551.1	0.924078	35	320	779	461	9	3	50
uniq_214857	AB182485.1	0.924078	35	322	781	461	9	3	50
uniq_215596	AY008691.1	0.986985	6	317	776	461	9	3	50
uniq_215600	AF543297.1	0.943601	26	316	775	461	9	3	50
uniq_215676	AF385519.1	0.863341	63	320	779	461	9	3	50
uniq_215843	AY278611.1	0.891540	50	314	771	461	9	3	50
uniq_216018	EF510424.1	0.854664	67	332	796	461	9	3	50
uniq_216287	AF371887.1	0.913232	40	319	778	461	9	3	50
uniq_217166	AF432138.1	0.865510	62	308	750	461	9	3	50
uniq_218117	AY008308.1	0.917570	38	315	774	461	9	3	50
uniq_218177	AF481227.1	0.908894	42	318	777	461	9	3	50
uniq_219090	AB108826.1	0.921909	36	318	777	461	9	3	50
uniq_219125	AF385519.1	0.902386	45	320	779	461	9	3	50
uniq_219512	AF183406.1	0.856833	66	320	779	461	9	3	50
uniq_220193	AF385551.1	0.900217	46	320	779	461	9	3	50
uniq_220289	AF385515.1	0.893709	49	315	774	461	9	3	50
uniq_220321	AY349367.1	0.945770	25	332	792	461	9	3	50
uniq_220645	EU670056.1	0.956616	20	320	779	461	9	3	50
uniq_221444	EU670056.1	0.902386	45	320	779	461	9	3	50
uniq_222349	AF183405.1	0.880694	55	320	779	461	9	3	50
uniq_222385	AF385564.1	0.937093	29	320	779	461	9	3	50
uniq_223004	AF385551.1	0.889371	51	320	779	461	9	3	50
uniq_223569	EU670056.1	0.921909	36	320	779	461	9	3	50
uniq_223978	AJ538351.1	0.841649	73	312	772	461	9	3	50
uniq_224017	AF385565.1	0.984816	7	315	774	461	9	3	50
uniq_224104	AY244921.1	0.895879	48	318	777	461	9	3	50
uniq_224683	AY349402.1	0.852495	68	318	776	461	9	3	50
uniq_224967	AF385519.1	0.963124	17	320	780	461	9	3	50
uniq_225198	AY349393.1	0.934924	30	320	779	461	9	3	50
uniq_225309	AF385515.1	0.928416	33	315	774	461	9	3	50
uniq_225563	AY134905.1	0.854664	67	318	777	461	9	3	50
uniq_225822	AY349395.1	0.848156	70	320	779	461	9	3	50
uniq_225872	AF385519.1	0.911063	41	320	779	461	9	3	50
uniq_226359	AF385519.1	0.928416	33	320	779	461	9	3	50
uniq_227697	AF385564.1	0.926247	34	320	779	461	9	3	50
uniq_227745	EU670056.1	0.926247	34	320	779	461	9	3	50
uniq_228165	EU670056.1	0.921909	36	320	779	461	9	3	50
uniq_228730	AY008691.1	0.893709	49	317	776	461	9	3	50
uniq_229818	AF385512.1	0.967462	15	318	777	461	9	3	50
uniq_230675	AY349362.1	0.971800	13	319	782	461	9	3	50
uniq_231172	EU670056.1	0.947939	24	320	779	461	9	3	50
uniq_231458	AF385577.1	0.869848	60	329	768	461	9	3	50
uniq_232905	EU670056.1	0.928416	33	320	779	461	9	3	50
uniq_233249	AY278621.1	0.845987	71	308	750	461	9	3	50
uniq_234796	AF385519.1	0.932755	31	318	779	461	9	3	50
uniq_235172	AF543297.1	0.904555	44	316	775	461	9	3	50
uniq_236225	AY044915.1	0.885033	53	314	772	461	9	3	50
uniq_236362	AF385551.1	0.915401	39	320	779	461	9	3	50
uniq_237353	AF543297.1	0.859002	65	316	775	461	9	3	50
uniq_238811	AF385519.1	0.919740	37	320	779	461	9	3	50
uniq_239333	AF385519.1	0.898048	47	320	779	461	9	3	50
uniq_239761	AY044915.1	0.869848	60	314	772	461	9	3	50
uniq_239893	AY207057.1	0.952278	22	318	778	461	9	3	50
uniq_239911	AY349393.1	0.924078	35	320	779	461	9	3	50
uniq_240283	AF385564.1	0.930586	32	318	779	461	9	3	50
uniq_240495	AF385564.1	0.960954	18	320	779	461	9	3	50
uniq_240897	AF543288.1	0.898048	47	322	783	461	9	3	50
uniq_244061	EF512007.1	0.865510	62	313	777	461	9	3	50
uniq_244083	AF385566.1	0.854664	67	335	800	461	9	3	50
uniq_244308	EU670056.1	0.924078	35	320	779	461	9	3	50
uniq_244900	AY008310.1	0.917570	38	318	777	461	9	3	50
uniq_245119	EU670056.1	0.934924	30	320	779	461	9	3	50
uniq_245682	AB108826.1	0.945770	25	318	777	461	9	3	50
uniq_247226	AY349395.1	0.943601	26	320	779	461	9	3	50
uniq_247935	AY005026.1	0.880694	55	313	777	461	9	3	50
uniq_248365	EF512007.1	0.869848	60	313	777	461	9	3	50
uniq_248638	AY005068.1	0.906725	43	318	778	461	9	3	50
uniq_249232	AY207054.1	0.863341	63	318	778	461	9	3	50
uniq_249368	AF385561.1	0.934924	30	318	777	461	9	3	50
uniq_249455	AY207054.1	0.813449	86	318	778	461	9	3	50
uniq_250252	AF385519.1	0.902386	45	320	779	461	9	3	50
uniq_250726	EF512007.1	0.893709	49	313	777	461	9	3	50
uniq_250763	AY207057.1	0.928416	33	318	778	461	9	3	50
uniq_251827	AY005068.1	0.963124	17	318	778	461	9	3	50
uniq_253951	AF385521.1	0.939262	28	314	771	461	9	3	50
uniq_254379	AF385521.1	0.874187	58	314	771	461	9	3	50
uniq_254742	AF385510.1	0.863341	63	326	765	461	9	3	50
uniq_254847	AF371887.1	0.900217	46	319	778	461	9	3	50
uniq_255244	AY349366.1	0.980477	9	326	786	461	9	3	50
uniq_256224	AF385519.1	0.915401	39	320	779	461	9	3	50
uniq_257000	AF385551.1	0.967462	15	320	779	461	9	3	50
uniq_258319	AY005067.1	0.926247	34	318	777	461	9	3	50
uniq_271513	AJ440983.1	0.902386	45	304	768	461	9	3	50
uniq_276659	AF481226.1	0.874187	58	322	781	461	9	3	50
uniq_276992	AY570514.1	0.978308	10	314	774	461	9	3	50
uniq_277736	AF529063.1	0.945770	25	308	761	461	9	3	50
uniq_28023	X87758.1	0.878525	56	314	759	461	9	3	50
uniq_282132	AB200223.1	0.934924	30	318	777	461	9	3	50
uniq_283273	EF512007.1	0.865510	62	313	777	461	9	3	50
uniq_286235	AY278611.1	0.872017	59	314	771	461	9	3	50
uniq_288716	AY278611.1	0.913232	40	314	771	461	9	3	50
uniq_289784	AF385551.1	0.963124	17	320	779	461	9	3	50
uniq_290934	AF385519.1	0.941432	27	320	779	461	9	3	50
uniq_292822	AF287770.1	0.882863	54	325	763	461	9	3	50
uniq_297919	AY349384.1	0.882863	54	308	753	461	9	3	50
uniq_298337	AF385551.1	0.848156	70	320	779	461	9	3	50
uniq_299729	AB108826.1	0.917570	38	318	777	461	9	3	50
uniq_300210	AF385515.1	0.958785	19	315	774	461	9	3	50
uniq_30112	X87758.1	0.898048	47	314	759	461	9	3	50
uniq_30453	X87758.1	0.911063	41	314	759	461	9	3	50
uniq_305859	X80748.1	0.932755	31	308	763	461	9	3	50
uniq_30786	AY008310.1	0.952278	22	318	777	461	9	3	50
uniq_309289	AF385511.1	0.960954	18	320	779	461	9	3	50
uniq_309305	AF385519.1	0.832972	77	320	779	461	9	3	50
uniq_309407	AF385519.1	0.937093	29	320	779	461	9	3	50
uniq_312140	AF385519.1	0.924078	35	320	779	461	9	3	50
uniq_31225	EU670056.1	0.960954	18	320	779	461	9	3	50
uniq_314151	U43698.1	0.986985	6	317	777	461	9	3	50
uniq_31596	AF183405.1	0.872017	59	320	779	461	9	3	50
uniq_316147	X87758.1	0.885033	53	314	759	461	9	3	50
uniq_317773	AY349402.1	0.876356	57	318	776	461	9	3	50
uniq_320081	AY044915.1	0.845987	71	314	772	461	9	3	50
uniq_320496	AY008310.1	0.863341	63	318	777	461	9	3	50
uniq_326513	AF385566.1	0.856833	66	335	800	461	9	3	50
uniq_326599	EU670056.1	0.934924	30	320	779	461	9	3	50
uniq_327396	EF511101.1	0.876356	57	313	777	461	9	3	50
uniq_329489	AF385519.1	0.872017	59	320	779	461	9	3	50
uniq_330115	AF385521.1	0.856833	66	314	772	461	9	3	50
uniq_330584	AY005069.1	0.971800	13	318	778	461	9	3	50
uniq_332796	EU670056.1	0.934924	30	320	779	461	9	3	50
uniq_333107	D14503.1	0.885033	53	279	718	461	9	3	50
uniq_333438	AY008310.1	0.965293	16	318	777	461	9	3	50
uniq_334437	X87758.1	0.874187	58	314	759	461	9	3	50
uniq_336088	DQ009623.1	0.943601	26	302	761	461	9	3	50
uniq_337072	X87758.1	0.876356	57	314	759	461	9	3	50
uniq_340749	EF512007.1	0.867679	61	313	777	461	9	3	50
uniq_341348	X87758.1	0.880694	55	314	759	461	9	3	50
uniq_342045	X87758.1	0.872017	59	314	759	461	9	3	50
uniq_342836	Y13364.1	0.867679	61	323	787	461	9	3	50
uniq_344306	AY349395.1	0.956616	20	320	779	461	9	3	50
uniq_344971	AF385564.1	0.878525	56	319	779	461	9	3	50
uniq_345837	AF385569.1	0.917570	38	302	761	461	9	3	50
uniq_346754	Z30542.1	0.893709	49	278	718	461	9	3	50
uniq_347430	EU670056.1	0.943601	26	320	779	461	9	3	50
uniq_347575	AY005065.1	0.891540	50	319	778	461	9	3	50
uniq_348040	AF287749.1	0.939262	28	331	791	461	9	3	50
uniq_351755	AY005069.1	0.934924	30	317	777	461	9	3	50
uniq_351874	AF385551.1	0.880694	55	320	779	461	9	3	50
uniq_35216	AF053901.1	0.880694	55	313	777	461	9	3	50
uniq_352369	EF101551.1	0.848156	70	309	773	461	9	3	50
uniq_353178	AJ276810.1	0.882863	54	320	784	461	9	3	50
uniq_353733	AM419992.1	0.991323	4	320	779	461	9	3	50
uniq_354356	AY278622.1	0.880694	55	335	800	461	9	3	50
uniq_354476	AF385519.1	0.876356	57	320	779	461	9	3	50
uniq_354622	AY278609.1	0.872017	59	319	783	461	9	3	50
uniq_355531	AY328770.1	0.915401	39	313	777	461	9	3	50
uniq_355867	X87758.1	0.867679	61	314	759	461	9	3	50
uniq_356420	AY008310.1	0.895879	48	318	777	461	9	3	50
uniq_356436	AF385574.1	0.869848	60	319	783	461	9	3	50
uniq_357243	AY328770.1	0.880694	55	313	777	461	9	3	50
uniq_357533	AY345501.1	0.919740	37	319	783	461	9	3	50
uniq_357738	AY005069.1	0.943601	26	318	778	461	9	3	50
uniq_358638	EF101551.1	0.872017	59	309	773	461	9	3	50
uniq_35931	AB108825.1	0.993492	3	318	777	461	9	3	50
uniq_360357	AF543275.1	0.841649	73	317	776	461	9	3	50
uniq_361101	EF101551.1	0.893709	49	309	773	461	9	3	50
uniq_361989	AJ244722.1	0.874187	58	314	778	461	9	3	50
uniq_362669	AF385519.1	0.926247	34	320	779	461	9	3	50
uniq_367453	AM238683.1	0.989154	5	307	766	461	9	3	50
uniq_37239	AF385561.1	0.919740	37	318	777	461	9	3	50
uniq_37681	X67609.1	0.991323	4	308	767	461	9	3	50
uniq_379789	AY234608.1	0.806941	89	312	751	461	9	3	50
uniq_391043	AB108826.1	0.921909	36	318	777	461	9	3	50
uniq_392263	AY093698.1	0.895879	48	305	769	461	9	3	50
uniq_392780	AF366271.1	0.913232	40	318	777	461	9	3	50
uniq_39332	X87758.1	0.882863	54	314	759	461	9	3	50
uniq_393512	AY331415.1	0.908894	42	320	779	461	9	3	50
uniq_398680	AF385519.1	0.911063	41	320	779	461	9	3	50
uniq_399078	AF432133.1	0.891540	50	320	779	461	9	3	50
uniq_399112	AJ244709.1	0.887202	52	281	720	461	9	3	50
uniq_399248	AM420011.1	0.941432	27	318	777	461	9	3	50
uniq_399602	X89377.1	0.869848	60	316	780	461	9	3	50
uniq_399649	U43698.1	0.921909	36	317	777	461	9	3	50
uniq_399935	AF385519.1	0.887202	52	320	779	461	9	3	50
uniq_399957	AF385510.1	0.843818	72	326	765	461	9	3	50
uniq_399988	AF385519.1	0.906725	43	320	779	461	9	3	50
uniq_400124	AF385519.1	0.921909	36	320	779	461	9	3	50
uniq_400146	AY840553.1	0.943601	26	320	779	461	9	3	50
uniq_400225	AB010910.1	0.887202	52	305	749	461	9	3	50
uniq_400480	AF385519.1	0.902386	45	320	779	461	9	3	50
uniq_400975	AF385519.1	0.895879	48	320	779	461	9	3	50
uniq_401423	AY005068.1	0.947939	24	318	778	461	9	3	50
uniq_401468	AF183405.1	0.845987	71	320	779	461	9	3	50
uniq_402206	AY207057.1	0.906725	43	318	778	461	9	3	50
uniq_402342	AF385519.1	0.891540	50	320	779	461	9	3	50
uniq_402406	AF385519.1	0.915401	39	320	779	461	9	3	50
uniq_402430	AF385519.1	0.919740	37	320	779	461	9	3	50
uniq_402482	AF385519.1	0.913232	40	320	779	461	9	3	50
uniq_402549	AF385519.1	0.867679	61	320	779	461	9	3	50
uniq_402653	U43698.1	0.919740	37	317	777	461	9	3	50
uniq_403218	AY207057.1	0.976139	11	318	778	461	9	3	50
uniq_403385	AF385564.1	0.904555	44	320	779	461	9	3	50
uniq_404068	AY278621.1	0.856833	66	308	750	461	9	3	50
uniq_404352	AF385519.1	0.876356	57	320	779	461	9	3	50
uniq_404623	AM277334.1	0.893709	49	323	787	461	9	3	50
uniq_404677	U43698.1	0.945770	25	317	777	461	9	3	50
uniq_405332	AY207057.1	0.973970	12	318	778	461	9	3	50
uniq_405348	AF385519.1	0.911063	41	320	779	461	9	3	50
uniq_405521	U87968.1	0.891540	50	305	749	461	9	3	50
uniq_405601	AF394174.1	0.874187	58	281	720	461	9	3	50
uniq_405786	AY008691.1	0.911063	41	317	776	461	9	3	50
uniq_405998	U43698.1	0.937093	29	317	777	461	9	3	50
uniq_406633	AF385519.1	0.941432	27	320	779	461	9	3	50
uniq_406930	AF432138.1	0.861171	64	308	750	461	9	3	50
uniq_407062	AY207057.1	0.906725	43	318	778	461	9	3	50
uniq_407111	AB125062.1	0.891540	50	310	769	461	9	3	50
uniq_407146	AY207057.1	0.887202	52	318	778	461	9	3	50
uniq_407177	EU670056.1	0.947939	24	320	779	461	9	3	50
uniq_407438	AJ006457.1	0.848156	70	318	777	461	9	3	50
uniq_407738	AM697133.1	0.845987	71	322	787	461	9	3	50
uniq_407852	AF385564.1	0.919740	37	320	779	461	9	3	50
uniq_408702	DQ325537.1	0.850325	69	314	756	461	9	3	50
uniq_408737	AF385564.1	0.943601	26	320	779	461	9	3	50
uniq_408838	U43698.1	0.932755	31	317	777	461	9	3	50
uniq_43521	AY230771.1	0.874187	58	325	764	461	9	3	50
uniq_47870	AF452599.1	0.887202	52	310	769	461	9	3	50
uniq_51962	AY493903.1	0.789588	97	304	743	461	9	3	50
uniq_53579	AJ431253.1	0.924078	35	310	769	461	9	3	50
uniq_60332	AF385551.1	0.950108	23	320	779	461	9	3	50
uniq_60722	AF385519.1	0.939262	28	320	779	461	9	3	50
uniq_63086	X80748.1	0.932755	31	308	763	461	9	3	50
uniq_67800	AF385551.1	0.924078	35	320	779	461	9	3	50
uniq_71705	AF385509.1	0.982646	8	317	777	461	9	3	50
uniq_72641	AY349395.1	0.939262	28	320	779	461	9	3	50
uniq_77955	AF531765.1	0.891540	50	307	766	461	9	3	50
uniq_85547	DQ009623.1	0.952278	22	302	761	461	9	3	50
uniq_86010	AY005069.1	0.932755	31	318	778	461	9	3	50
uniq_90104	EU670056.1	0.965293	16	320	779	461	9	3	50
uniq_90915	AB013253.1	0.891540	50	308	772	461	9	3	50
uniq_91077	AF094731.1	0.887202	52	307	771	461	9	3	50
uniq_91772	AY008314.1	0.889371	51	319	780	461	9	3	50
uniq_94439	X80748.1	0.882863	54	308	763	461	9	3	50
uniq_95547	U43698.1	0.915401	39	317	777	461	9	3	50
uniq_96931	AF385554.1	0.993492	3	319	778	461	9	3	50
uniq_97087	AY008314.1	0.919740	37	319	780	461	9	3	50
uniq_97962	AY005068.1	0.952278	22	318	778	461	9	3	50
uniq_98482	AY008314.1	0.891540	50	319	780	461	9	3	50
uniq_99178	AY456712.1	0.843818	72	307	771	461	9	3	50
uniq_99438	AY661993.1	0.908894	42	307	771	461	9	3	50
uniq_00296	AY840553.1	0.995652	2	320	779	460	9	3	50
uniq_00660	AF385554.1	0.954348	21	319	778	460	9	3	50
uniq_00752	AY278614.1	0.991304	4	307	766	460	9	3	50
uniq_00790	AF385519.1	0.930435	32	320	779	460	9	3	50
uniq_01106	AY207050.1	0.978261	10	320	779	460	9	3	50
uniq_02189	AM238683.1	0.947826	24	307	766	460	9	3	50
uniq_02779	AF432133.1	0.978261	10	320	779	460	9	3	50
uniq_03138	AJ619978.1	0.967391	15	297	756	460	9	3	50
uniq_05428	AM232809.1	0.963043	17	307	766	460	9	3	50
uniq_06526	AB053940.1	1.000000	0	313	772	460	9	3	50
uniq_06561	AF385551.1	0.973913	12	320	779	460	9	3	50
uniq_08042	EF534314.1	0.980435	9	319	778	460	9	3	50
uniq_100013	EU670056.1	0.947826	24	320	779	460	9	3	50
uniq_100054	AY043360.1	0.897826	47	307	771	460	9	3	50
uniq_100130	AF385519.1	0.906522	43	320	779	460	9	3	50
uniq_100134	AF385551.1	0.954348	21	320	779	460	9	3	50
uniq_100217	AY661993.1	0.897826	47	307	771	460	9	3	50
uniq_100230	AB013253.1	0.906522	43	308	772	460	9	3	50
uniq_100280	AF385519.1	0.936957	29	320	779	460	9	3	50
uniq_100283	EU012315.1	0.980435	9	318	777	460	9	3	50
uniq_100286	AF385551.1	0.934783	30	320	779	460	9	3	50
uniq_100293	AF385519.1	0.889130	51	320	779	460	9	3	50
uniq_100324	AB108826.1	0.954348	21	318	777	460	9	3	50
uniq_100352	AY043360.1	0.880435	55	307	771	460	9	3	50
uniq_100423	AJ440983.1	0.880435	55	304	768	460	9	3	50
uniq_100506	AY349395.1	0.939130	28	320	779	460	9	3	50
uniq_100529	AJ440983.1	0.891304	50	304	768	460	9	3	50
uniq_100531	AY349395.1	0.932609	31	320	779	460	9	3	50
uniq_100532	AY661993.1	0.886957	52	307	771	460	9	3	50
uniq_100546	AF385512.1	0.973913	12	318	777	460	9	3	50
uniq_100549	AM420011.1	0.960870	18	318	777	460	9	3	50
uniq_100583	AY349395.1	0.958696	19	320	779	460	9	3	50
uniq_100591	AF385519.1	0.926087	34	320	779	460	9	3	50
uniq_100732	AF183402.1	0.939130	28	320	779	460	9	3	50
uniq_100744	EU670056.1	0.856522	66	320	779	460	9	3	50
uniq_100915	AY008310.1	0.934783	30	318	777	460	9	3	50
uniq_100941	EU670056.1	0.934783	30	320	779	460	9	3	50
uniq_100991	AY349402.1	0.913043	40	318	776	460	9	3	50
uniq_101156	EU670056.1	0.945652	25	320	779	460	9	3	50
uniq_101220	AF385519.1	0.921739	36	320	779	460	9	3	50
uniq_101367	EU670056.1	0.852174	68	320	779	460	9	3	50
uniq_101430	U43698.1	0.971739	13	317	777	460	9	3	50
uniq_101498	AF385519.1	0.895652	48	320	779	460	9	3	50
uniq_101793	AY212601.1	0.960870	18	307	766	460	9	3	50
uniq_102024	AJ223454.1	0.926087	34	307	766	460	9	3	50
uniq_103271	AY008691.1	0.952174	22	317	776	460	9	3	50
uniq_103715	AF534433.1	0.976087	11	314	773	460	9	3	50
uniq_104194	AB015525.1	0.930435	32	314	773	460	9	3	50
uniq_104533	AJ223454.1	0.967391	15	307	766	460	9	3	50
uniq_104703	AM261868.1	0.993478	3	307	766	460	9	3	50
uniq_107101	AF385519.1	0.958696	19	320	779	460	9	3	50
uniq_107118	EU670056.1	0.939130	28	320	779	460	9	3	50
uniq_107151	AF385519.1	0.863043	63	320	779	460	9	3	50
uniq_107156	AF385569.1	0.932609	31	302	761	460	9	3	50
uniq_107180	AB098612.1	0.876087	57	313	777	460	9	3	50
uniq_107184	AY008310.1	0.897826	47	318	777	460	9	3	50
uniq_107195	AF385519.1	0.936957	29	320	779	460	9	3	50
uniq_107283	EF512007.1	0.880435	55	313	777	460	9	3	50
uniq_107308	AF385518.1	0.876087	57	308	750	460	9	3	50
uniq_107315	EU670056.1	0.856522	66	320	779	460	9	3	50
uniq_107317	EF509159.1	0.858696	65	311	753	460	9	3	50
uniq_107319	AY008310.1	0.926087	34	318	777	460	9	3	50
uniq_107330	AY349395.1	0.952174	22	320	779	460	9	3	50
uniq_107333	AJ244765.1	0.871739	59	307	772	460	9	3	50
uniq_107345	AY008310.1	0.950000	23	318	777	460	9	3	50
uniq_107424	AF385561.1	0.923913	35	318	777	460	9	3	50
uniq_107468	AB108826.1	0.952174	22	318	777	460	9	3	50
uniq_107579	AF385561.1	0.934783	30	318	777	460	9	3	50
uniq_107651	AF385519.1	0.963043	17	320	779	460	9	3	50
uniq_107752	EF512007.1	0.919565	37	313	777	460	9	3	50
uniq_107762	AF366270.1	0.993478	3	302	761	460	9	3	50
uniq_107785	AY032601.1	0.858696	65	319	784	460	9	3	50
uniq_107902	AF371887.1	0.897826	47	319	778	460	9	3	50
uniq_108003	AF385569.1	0.976087	11	302	761	460	9	3	50
uniq_108084	AY349386.1	0.873913	58	308	752	460	9	3	50
uniq_108086	AB108825.1	0.950000	23	318	777	460	9	3	50
uniq_10810	AF385511.1	0.852174	68	320	779	460	9	3	50
uniq_108155	AY207057.1	0.943478	26	318	778	460	9	3	50
uniq_108196	AY008310.1	0.934783	30	318	777	460	9	3	50
uniq_108239	EF511101.1	0.915217	39	313	777	460	9	3	50
uniq_108250	AF385494.1	0.976087	11	302	760	460	9	3	50
uniq_108289	EF512007.1	0.902174	45	313	777	460	9	3	50
uniq_108450	AY008310.1	0.941304	27	318	777	460	9	3	50
uniq_108533	AY008691.1	0.919565	37	317	776	460	9	3	50
uniq_108541	AF287816.1	0.865217	62	307	749	460	9	3	50
uniq_108561	AF385519.1	0.854348	67	320	779	460	9	3	50
uniq_108621	EF512007.1	0.884783	53	313	777	460	9	3	50
uniq_108665	AB098612.1	0.873913	58	313	777	460	9	3	50
uniq_10867	AF385519.1	0.936957	29	320	779	460	9	3	50
uniq_108679	AY429468.1	0.963043	17	304	763	460	9	3	50
uniq_108728	AB076677.1	0.863043	63	310	750	460	9	3	50
uniq_108777	EU670056.1	0.856522	66	320	779	460	9	3	50
uniq_108923	AF385512.1	0.947826	24	318	777	460	9	3	50
uniq_108940	AB108826.1	0.967391	15	318	777	460	9	3	50
uniq_108966	AY207050.1	0.952174	22	320	779	460	9	3	50
uniq_108987	AB108825.1	0.873913	58	318	777	460	9	3	50
uniq_109001	AY008310.1	0.936957	29	318	777	460	9	3	50
uniq_109030	AY008310.1	0.941304	27	318	777	460	9	3	50
uniq_109066	EF511101.1	0.904348	44	313	777	460	9	3	50
uniq_109072	AY008691.1	0.952174	22	317	776	460	9	3	50
uniq_109108	AF432133.1	0.947826	24	320	779	460	9	3	50
uniq_109116	AF543275.1	0.906522	43	317	776	460	9	3	50
uniq_109123	AF385519.1	0.954348	21	320	779	460	9	3	50
uniq_109126	AF385551.1	0.976087	11	320	779	460	9	3	50
uniq_109135	AF385564.1	0.873913	58	320	779	460	9	3	50
uniq_109183	AB108826.1	0.967391	15	318	777	460	9	3	50
uniq_109198	AF432133.1	0.939130	28	320	779	460	9	3	50
uniq_109221	EU670056.1	0.943478	26	320	779	460	9	3	50
uniq_109428	EF512007.1	0.891304	50	313	777	460	9	3	50
uniq_109561	AY349401.1	0.989130	5	318	777	460	9	3	50
uniq_109593	AY008310.1	0.917391	38	318	777	460	9	3	50
uniq_109635	AF183404.1	0.939130	28	320	779	460	9	3	50
uniq_109678	AY429468.1	0.967391	15	304	763	460	9	3	50
uniq_109695	AF487886.1	0.836957	75	318	777	460	9	3	50
uniq_109934	AF385519.1	0.932609	31	320	779	460	9	3	50
uniq_109958	EU670056.1	0.963043	17	320	779	460	9	3	50
uniq_109974	EU670056.1	0.869565	60	320	779	460	9	3	50
uniq_110043	AY278621.1	0.865217	62	308	750	460	9	3	50
uniq_110193	EF512007.1	0.900000	46	313	777	460	9	3	50
uniq_110258	AB108825.1	0.958696	19	318	777	460	9	3	50
uniq_110299	AY349402.1	0.902174	45	318	776	460	9	3	50
uniq_110305	AY349395.1	0.934783	30	320	779	460	9	3	50
uniq_110394	AY278618.1	0.867391	61	326	765	460	9	3	50
uniq_110448	AB108825.1	0.943478	26	318	777	460	9	3	50
uniq_110457	AF385563.1	0.891304	50	318	760	460	9	3	50
uniq_110465	AB108825.1	0.969565	14	318	777	460	9	3	50
uniq_110531	AY207050.1	0.910870	41	320	779	460	9	3	50
uniq_110555	AY349395.1	0.954348	21	320	779	460	9	3	50
uniq_110740	X67609.1	0.915217	39	308	767	460	9	3	50
uniq_110812	AF432133.1	0.965217	16	320	779	460	9	3	50
uniq_110854	AF385519.1	0.969565	14	320	779	460	9	3	50
uniq_110877	EF511101.1	0.889130	51	313	777	460	9	3	50
uniq_110894	AF385519.1	0.926087	34	320	779	460	9	3	50
uniq_110987	AF385521.1	0.884783	53	314	771	460	9	3	50
uniq_111004	EF510383.1	0.845652	71	321	785	460	9	3	50
uniq_111102	AF385519.1	0.943478	26	320	779	460	9	3	50
uniq_111163	AY162144.1	0.854348	67	303	768	460	9	3	50
uniq_111184	AF385519.1	0.947826	24	320	779	460	9	3	50
uniq_111357	AF287770.1	0.863043	63	325	763	460	9	3	50
uniq_111490	AB098612.1	0.882609	54	313	777	460	9	3	50
uniq_111546	AF385551.1	0.926087	34	320	779	460	9	3	50
uniq_111733	U43698.1	0.978261	10	317	777	460	9	3	50
uniq_111790	EF512007.1	0.913043	40	313	777	460	9	3	50
uniq_111844	EF511101.1	0.882609	54	313	777	460	9	3	50
uniq_111943	X79463.1	0.852174	68	311	755	460	9	3	50
uniq_111986	AF385510.1	0.854348	67	326	765	460	9	3	50
uniq_111994	AF183405.1	0.965217	16	320	779	460	9	3	50
uniq_112041	AY008310.1	0.956522	20	318	777	460	9	3	50
uniq_112087	AB108825.1	0.930435	32	318	777	460	9	3	50
uniq_112113	AY349395.1	0.950000	23	320	779	460	9	3	50
uniq_112260	AY429468.1	0.926087	34	304	763	460	9	3	50
uniq_112383	AF385519.1	0.958696	19	320	779	460	9	3	50
uniq_112390	AY008691.1	0.930435	32	317	776	460	9	3	50
uniq_112435	AF432133.1	0.904348	44	320	779	460	9	3	50
uniq_112448	AF385518.1	0.863043	63	308	750	460	9	3	50
uniq_112604	EU670056.1	0.913043	40	320	779	460	9	3	50
uniq_112627	AF385519.1	0.923913	35	320	779	460	9	3	50
uniq_112662	U43698.1	0.956522	20	317	777	460	9	3	50
uniq_112760	EU670056.1	0.969565	14	320	779	460	9	3	50
uniq_112934	EU670056.1	0.963043	17	320	779	460	9	3	50
uniq_113002	EU670056.1	0.939130	28	320	779	460	9	3	50
uniq_113096	AY008310.1	0.889130	51	317	777	460	9	3	50
uniq_113120	AY005072.1	0.986957	6	314	773	460	9	3	50
uniq_113297	AY008310.1	0.952174	22	318	777	460	9	3	50
uniq_113357	AY244921.1	0.863043	63	318	777	460	9	3	50
uniq_113497	EU670056.1	0.960870	18	320	779	460	9	3	50
uniq_113664	AF385519.1	0.956522	20	320	779	460	9	3	50
uniq_113670	AB108825.1	0.969565	14	318	777	460	9	3	50
uniq_113671	AY207057.1	0.908696	42	318	778	460	9	3	50
uniq_113757	AB108825.1	0.867391	61	318	777	460	9	3	50
uniq_113941	AF385566.1	0.854348	67	335	800	460	9	3	50
uniq_113949	AY278621.1	0.889130	51	308	750	460	9	3	50
uniq_114091	AY207053.1	0.858696	65	310	752	460	9	3	50
uniq_114216	AF385519.1	0.930435	32	320	779	460	9	3	50
uniq_114288	EF510383.1	0.854348	67	321	785	460	9	3	50
uniq_114342	EU670056.1	0.947826	24	320	779	460	9	3	50
uniq_114344	AY008310.1	0.863043	63	318	777	460	9	3	50
uniq_114355	AY331415.1	0.989130	5	320	779	460	9	3	50
uniq_114365	AJ011683.1	0.930435	32	320	779	460	9	3	50
uniq_114451	EF512007.1	0.891304	50	313	777	460	9	3	50
uniq_114667	AF385512.1	0.958696	19	318	777	460	9	3	50
uniq_115106	AY008310.1	0.967391	15	318	777	460	9	3	50
uniq_115147	AF183404.1	0.939130	28	320	779	460	9	3	50
uniq_115191	EF510383.1	0.900000	46	321	785	460	9	3	50
uniq_115232	AF385509.1	0.958696	19	318	777	460	9	3	50
uniq_115256	AF432138.1	0.884783	53	308	750	460	9	3	50
uniq_115286	AY008308.1	0.943478	26	315	774	460	9	3	50
uniq_115813	AF432133.1	0.934783	30	320	779	460	9	3	50
uniq_115846	AY207050.1	0.921739	36	320	779	460	9	3	50
uniq_115867	AY008310.1	0.926087	34	318	777	460	9	3	50
uniq_115905	AY349385.1	0.882609	54	308	750	460	9	3	50
uniq_115910	AY008310.1	0.921739	36	318	777	460	9	3	50
uniq_115913	EF512007.1	0.910870	41	313	777	460	9	3	50
uniq_115955	AF385511.1	0.856522	66	320	779	460	9	3	50
uniq_116076	EU670056.1	0.847826	70	320	779	460	9	3	50
uniq_116127	AF385519.1	0.934783	30	320	779	460	9	3	50
uniq_116157	AF385569.1	0.928261	33	302	761	460	9	3	50
uniq_116349	AF385551.1	0.941304	27	320	779	460	9	3	50
uniq_116664	EF510383.1	0.850000	69	321	785	460	9	3	50
uniq_116675	AF385574.1	0.869565	60	319	783	460	9	3	50
uniq_116730	AF385577.1	0.902174	45	329	768	460	9	3	50
uniq_116829	AY278613.1	0.900000	46	308	767	460	9	3	50
uniq_116831	EU670056.1	0.900000	46	320	779	460	9	3	50
uniq_116871	AF385510.1	0.839130	74	326	765	460	9	3	50
uniq_116929	AY008310.1	0.884783	53	318	777	460	9	3	50
uniq_116975	AF385511.1	0.958696	19	320	779	460	9	3	50
uniq_117090	AY349402.1	0.923913	35	318	776	460	9	3	50
uniq_117216	AY008310.1	0.967391	15	318	777	460	9	3	50
uniq_117230	AB108825.1	0.858696	65	318	777	460	9	3	50
uniq_117236	EU670056.1	0.923913	35	320	779	460	9	3	50
uniq_117310	AF385569.1	0.954348	21	302	761	460	9	3	50
uniq_117479	AF385519.1	0.960870	18	320	779	460	9	3	50
uniq_117565	AF385519.1	0.910870	41	320	779	460	9	3	50
uniq_117582	AB076677.1	0.876087	57	310	750	460	9	3	50
uniq_117630	AB182485.1	0.982609	8	322	781	460	9	3	50
uniq_117740	AF183404.1	0.943478	26	320	779	460	9	3	50
uniq_117745	AF543275.1	0.919565	37	317	776	460	9	3	50
uniq_117830	AF432133.1	0.932609	31	320	779	460	9	3	50
uniq_117886	AM277334.1	0.843478	72	323	787	460	9	3	50
uniq_117992	AF385569.1	0.897826	47	302	761	460	9	3	50
uniq_118058	AY005069.1	0.900000	46	318	778	460	9	3	50
uniq_118093	EF512007.1	0.893478	49	313	777	460	9	3	50
uniq_118118	AF385519.1	0.895652	48	320	779	460	9	3	50
uniq_118161	AM419984.1	0.863043	63	309	749	460	9	3	50
uniq_118208	AF385519.1	0.939130	28	320	779	460	9	3	50
uniq_118319	AY005026.1	0.891304	50	313	777	460	9	3	50
uniq_118380	AB108825.1	0.963043	17	318	777	460	9	3	50
uniq_118452	AY005025.1	0.863043	63	313	777	460	9	3	50
uniq_118675	AY349398.1	0.958696	19	318	777	460	9	3	50
uniq_118696	AF385577.1	0.865217	62	329	768	460	9	3	50
uniq_118747	AY008691.1	0.936957	29	317	776	460	9	3	50
uniq_118788	AB076677.1	0.873913	58	310	750	460	9	3	50
uniq_118814	AY429469.1	0.984783	7	308	767	460	9	3	50
uniq_118914	AY008691.1	0.969565	14	317	776	460	9	3	50
uniq_118983	AF432138.1	0.863043	63	308	750	460	9	3	50
uniq_119103	AY207053.1	0.882609	54	310	752	460	9	3	50
uniq_119267	AF385512.1	0.926087	34	318	777	460	9	3	50
uniq_119280	AF385551.1	0.980435	9	320	779	460	9	3	50
uniq_119304	AY008691.1	0.960870	18	317	776	460	9	3	50
uniq_119672	AF371887.1	0.900000	46	319	778	460	9	3	50
uniq_119789	AY207050.1	0.915217	39	320	779	460	9	3	50
uniq_119886	EU670056.1	0.891304	50	320	779	460	9	3	50
uniq_120079	AF432133.1	0.978261	10	320	779	460	9	3	50
uniq_122841	AJ229217.1	0.902174	45	310	769	460	9	3	50
uniq_123711	AF361200.1	0.917391	38	298	756	460	9	3	50
uniq_125909	DQ201327.1	0.915217	39	314	778	460	9	3	50
uniq_127806	AY212601.1	0.986957	6	307	766	460	9	3	50
uniq_129108	AF361200.1	0.956522	20	298	756	460	9	3	50
uniq_131054	AY218561.1	0.863043	63	312	771	460	9	3	50
uniq_133756	AB267477.1	0.936957	29	317	776	460	9	3	50
uniq_135110	AJ289993.1	0.989130	5	301	760	460	9	3	50
uniq_13557	EU670056.1	0.963043	17	320	779	460	9	3	50
uniq_13721	AF432133.1	0.978261	10	320	779	460	9	3	50
uniq_138083	AF236016.1	0.978261	10	308	767	460	9	3	50
uniq_139982	AB108825.1	0.960870	18	318	777	460	9	3	50
uniq_139988	AF219234.1	0.876087	57	313	753	460	9	3	50
uniq_139994	AY349395.1	0.939130	28	320	779	460	9	3	50
uniq_140024	AY244921.1	0.895652	48	318	777	460	9	3	50
uniq_140080	AF385564.1	0.934783	30	320	779	460	9	3	50
uniq_140086	AF385519.1	0.878261	56	320	779	460	9	3	50
uniq_140119	AF531765.1	0.928261	33	307	766	460	9	3	50
uniq_140128	AY008310.1	0.889130	51	318	777	460	9	3	50
uniq_140141	AF385564.1	0.947826	24	320	779	460	9	3	50
uniq_140147	AF385519.1	0.934783	30	320	779	460	9	3	50
uniq_140153	AY331415.1	0.889130	51	320	779	460	9	3	50
uniq_140159	AY349393.1	0.915217	39	320	779	460	9	3	50
uniq_140274	AB108825.1	0.936957	29	318	777	460	9	3	50
uniq_140333	AY349402.1	0.900000	46	318	776	460	9	3	50
uniq_140337	AF385511.1	0.906522	43	320	779	460	9	3	50
uniq_140390	AY349393.1	0.954348	21	320	779	460	9	3	50
uniq_140545	AF385519.1	0.923913	35	320	779	460	9	3	50
uniq_140615	AF385511.1	0.956522	20	320	779	460	9	3	50
uniq_140757	AY349399.1	0.873913	58	318	776	460	9	3	50
uniq_140767	AF385563.1	0.878261	56	318	760	460	9	3	50
uniq_140802	EU670056.1	0.906522	43	320	779	460	9	3	50
uniq_140822	AY244921.1	0.889130	51	318	777	460	9	3	50
uniq_140859	AY349395.1	0.971739	13	320	779	460	9	3	50
uniq_140870	AF183404.1	0.976087	11	320	779	460	9	3	50
uniq_140891	AY349402.1	0.815217	85	318	776	460	9	3	50
uniq_140919	AY349395.1	0.917391	38	320	779	460	9	3	50
uniq_140931	AM697133.1	0.854348	67	322	787	460	9	3	50
uniq_140933	AF385519.1	0.969565	14	320	779	460	9	3	50
uniq_141033	AF385551.1	0.947826	24	320	779	460	9	3	50
uniq_141052	AB108825.1	0.943478	26	318	777	460	9	3	50
uniq_141076	AF432133.1	0.971739	13	320	779	460	9	3	50
uniq_141139	AF371887.1	0.897826	47	319	778	460	9	3	50
uniq_141151	AF366271.1	0.923913	35	318	777	460	9	3	50
uniq_141164	EF512007.1	0.871739	59	313	777	460	9	3	50
uniq_141188	AF385519.1	0.926087	34	320	779	460	9	3	50
uniq_141192	AM422125.1	0.895652	48	318	777	460	9	3	50
uniq_141206	AY398698.1	0.841304	73	317	776	460	9	3	50
uniq_141219	AY278611.1	0.847826	70	314	771	460	9	3	50
uniq_141232	AB108825.1	0.947826	24	318	777	460	9	3	50
uniq_141320	X85208.1	0.880435	55	307	766	460	9	3	50
uniq_141331	AF183405.1	0.908696	42	320	779	460	9	3	50
uniq_141335	AY278618.1	0.845652	71	326	765	460	9	3	50
uniq_141343	AY008310.1	0.969565	14	318	777	460	9	3	50
uniq_141351	AF385519.1	0.806522	89	320	779	460	9	3	50
uniq_141355	AF183405.1	0.958696	19	320	779	460	9	3	50
uniq_141424	AF385519.1	0.963043	17	320	779	460	9	3	50
uniq_14145	AY349394.1	0.989130	5	324	783	460	9	3	50
uniq_141540	AF287816.1	0.858696	65	307	749	460	9	3	50
uniq_141598	AY349402.1	0.845652	71	318	776	460	9	3	50
uniq_141608	AF385519.1	0.943478	26	320	779	460	9	3	50
uniq_141642	AF385564.1	0.971739	13	320	779	460	9	3	50
uniq_141644	AF385509.1	0.893478	49	318	777	460	9	3	50
uniq_141654	AF371887.1	0.804348	90	319	778	460	9	3	50
uniq_141666	AJ006457.1	0.897826	47	318	777	460	9	3	50
uniq_141698	AF385565.1	0.936957	29	315	774	460	9	3	50
uniq_141721	AB108825.1	0.917391	38	318	777	460	9	3	50
uniq_141762	AF385519.1	0.928261	33	320	779	460	9	3	50
uniq_141791	AY349399.1	0.834783	76	318	776	460	9	3	50
uniq_141805	AF385515.1	0.950000	23	315	774	460	9	3	50
uniq_141808	AY008310.1	0.908696	42	318	777	460	9	3	50
uniq_141847	AF385561.1	0.906522	43	318	777	460	9	3	50
uniq_141887	AF385561.1	0.915217	39	318	777	460	9	3	50
uniq_141893	EF512007.1	0.860870	64	313	777	460	9	3	50
uniq_141901	AF385564.1	0.956522	20	320	779	460	9	3	50
uniq_141951	EF510424.1	0.900000	46	332	796	460	9	3	50
uniq_141967	AY278611.1	0.884783	53	314	771	460	9	3	50
uniq_142005	AF385519.1	0.969565	14	320	779	460	9	3	50
uniq_142048	AY349393.1	0.958696	19	320	779	460	9	3	50
uniq_142081	AF385512.1	0.952174	22	318	777	460	9	3	50
uniq_142154	AF385519.1	0.906522	43	320	779	460	9	3	50
uniq_142336	AY044915.1	0.821739	82	314	772	460	9	3	50
uniq_142369	AF385563.1	0.878261	56	318	760	460	9	3	50
uniq_142404	AF385519.1	0.928261	33	320	779	460	9	3	50
uniq_142441	AY008310.1	0.871739	59	318	777	460	9	3	50
uniq_142547	AF385519.1	0.917391	38	320	779	460	9	3	50
uniq_142563	AY008308.1	0.954348	21	315	774	460	9	3	50
uniq_142586	AF385563.1	0.891304	50	318	760	460	9	3	50
uniq_142592	EF512007.1	0.904348	44	313	777	460	9	3	50
uniq_142605	AF385519.1	0.952174	22	320	779	460	9	3	50
uniq_142619	AY207050.1	0.958696	19	320	779	460	9	3	50
uniq_142667	AB108825.1	0.932609	31	318	777	460	9	3	50
uniq_142726	AY349402.1	0.797826	93	318	776	460	9	3	50
uniq_142771	EF512007.1	0.889130	51	313	777	460	9	3	50
uniq_142816	AB108825.1	0.967391	15	318	777	460	9	3	50
uniq_142835	AF385511.1	0.941304	27	320	779	460	9	3	50
uniq_142862	AY349393.1	0.850000	69	320	779	460	9	3	50
uniq_142929	AF385519.1	0.915217	39	320	779	460	9	3	50
uniq_142936	AY349395.1	0.941304	27	320	779	460	9	3	50
uniq_142967	AF385561.1	0.917391	38	318	777	460	9	3	50
uniq_142989	AB098612.1	0.880435	55	313	777	460	9	3	50
uniq_143032	AB108825.1	0.939130	28	318	777	460	9	3	50
uniq_143042	AF385564.1	0.906522	43	320	779	460	9	3	50
uniq_143044	AF385512.1	0.889130	51	318	777	460	9	3	50
uniq_143093	AF371887.1	0.904348	44	319	778	460	9	3	50
uniq_143100	EU071543.1	0.858696	65	298	740	460	9	3	50
uniq_143185	AY278611.1	0.845652	71	314	771	460	9	3	50
uniq_143191	AY005065.1	0.904348	44	319	778	460	9	3	50
uniq_143245	AY429468.1	0.928261	33	304	763	460	9	3	50
uniq_143254	AY008310.1	0.967391	15	318	777	460	9	3	50
uniq_143276	AF385551.1	0.915217	39	320	779	460	9	3	50
uniq_143296	AF385551.1	0.904348	44	320	779	460	9	3	50
uniq_143330	AF385519.1	0.960870	18	320	779	460	9	3	50
uniq_143358	EF512007.1	0.886957	52	313	777	460	9	3	50
uniq_143436	AY429468.1	0.934783	30	304	763	460	9	3	50
uniq_143446	AF385566.1	0.856522	66	335	800	460	9	3	50
uniq_143455	AY244899.1	0.841304	73	318	777	460	9	3	50
uniq_143465	EU670056.1	0.967391	15	320	779	460	9	3	50
uniq_143532	AM419984.1	0.886957	52	309	749	460	9	3	50
uniq_143554	AF287770.1	0.860870	64	325	763	460	9	3	50
uniq_143625	AY349395.1	0.969565	14	320	779	460	9	3	50
uniq_143633	AM422125.1	0.891304	50	318	777	460	9	3	50
uniq_143653	AY278624.1	0.932609	31	318	777	460	9	3	50
uniq_143674	AF385519.1	0.913043	40	320	779	460	9	3	50
uniq_143709	AY278622.1	0.932609	31	335	800	460	9	3	50
uniq_143785	AF385510.1	0.893478	49	326	765	460	9	3	50
uniq_143793	Y13364.1	0.936957	29	323	787	460	9	3	50
uniq_143810	AF385564.1	0.921739	36	320	779	460	9	3	50
uniq_143833	AF371887.1	0.873913	58	319	778	460	9	3	50
uniq_143848	AF385510.1	0.876087	57	326	765	460	9	3	50
uniq_143859	EF512007.1	0.882609	54	313	777	460	9	3	50
uniq_143861	AF385509.1	0.954348	21	318	777	460	9	3	50
uniq_143881	EF510424.1	0.860870	64	332	796	460	9	3	50
uniq_143929	U43698.1	0.958696	19	317	777	460	9	3	50
uniq_143996	AY008310.1	0.928261	33	318	777	460	9	3	50
uniq_144036	DQ009623.1	0.813043	86	302	761	460	9	3	50
uniq_144094	AF385561.1	0.876087	57	318	777	460	9	3	50
uniq_144111	EF510424.1	0.880435	55	332	796	460	9	3	50
uniq_144114	AM420056.1	0.930435	32	318	777	460	9	3	50
uniq_144279	AB125062.1	0.865217	62	310	769	460	9	3	50
uniq_144297	AF385519.1	0.893478	49	320	779	460	9	3	50
uniq_144390	AY349374.1	0.867391	61	327	779	460	9	3	50
uniq_144527	AF219234.1	0.867391	61	313	753	460	9	3	50
uniq_144562	AF385511.1	0.839130	74	320	779	460	9	3	50
uniq_144609	AY349402.1	0.897826	47	318	776	460	9	3	50
uniq_144699	AY349393.1	0.956522	20	320	779	460	9	3	50
uniq_144755	AY429468.1	0.934783	30	304	763	460	9	3	50
uniq_144756	AF385566.1	0.886957	52	335	800	460	9	3	50
uniq_144806	AY349399.1	0.867391	61	318	776	460	9	3	50
uniq_144888	AB108826.1	0.958696	19	318	777	460	9	3	50
uniq_144947	EU670056.1	0.932609	31	320	779	460	9	3	50
uniq_144959	AF003931.1	0.878261	56	327	791	460	9	3	50
uniq_145013	AF432133.1	0.919565	37	320	779	460	9	3	50
uniq_145029	AF385512.1	0.919565	37	318	777	460	9	3	50
uniq_145031	AY008310.1	0.947826	24	318	777	460	9	3	50
uniq_145054	AY349402.1	0.932609	31	318	776	460	9	3	50
uniq_145068	AB108825.1	0.967391	15	318	777	460	9	3	50
uniq_145116	EU670056.1	0.973913	12	320	779	460	9	3	50
uniq_145132	AB098612.1	0.886957	52	313	777	460	9	3	50
uniq_145141	AY008310.1	0.889130	51	318	777	460	9	3	50
uniq_145162	AF385519.1	0.932609	31	320	779	460	9	3	50
uniq_145204	AB108825.1	0.945652	25	317	777	460	9	3	50
uniq_145237	AB076677.1	0.867391	61	310	750	460	9	3	50
uniq_145295	AF385519.1	0.919565	37	320	776	460	9	3	50
uniq_145304	EF512007.1	0.865217	62	313	777	460	9	3	50
uniq_145340	AY349395.1	0.934783	30	320	779	460	9	3	50
uniq_145424	EU670056.1	0.921739	36	320	779	460	9	3	50
uniq_145498	AF385519.1	0.960870	18	320	779	460	9	3	50
uniq_145586	AF385569.1	0.921739	36	302	761	460	9	3	50
uniq_145640	AF385564.1	0.965217	16	320	779	460	9	3	50
uniq_145663	AF385519.1	0.936957	29	320	779	460	9	3	50
uniq_145773	AF217562.1	0.902174	45	307	766	460	9	3	50
uniq_145779	AB108826.1	0.928261	33	318	777	460	9	3	50
uniq_145807	AY008310.1	0.939130	28	318	777	460	9	3	50
uniq_145829	AB108825.1	0.945652	25	318	777	460	9	3	50
uniq_145841	AF385571.1	0.865217	62	307	746	460	9	3	50
uniq_145854	AF371887.1	0.919565	37	319	778	460	9	3	50
uniq_145861	AF385566.1	0.876087	57	335	800	460	9	3	50
uniq_145940	AY044915.1	0.878261	56	314	772	460	9	3	50
uniq_145952	AY207054.1	0.897826	47	318	778	460	9	3	50
uniq_145965	AF371887.1	0.906522	43	319	778	460	9	3	50
uniq_146145	AY349402.1	0.869565	60	318	776	460	9	3	50
uniq_146244	AF432133.1	0.873913	58	320	779	460	9	3	50
uniq_146266	AF053901.1	0.884783	53	313	777	460	9	3	50
uniq_146295	AY321375.1	0.930435	32	327	792	460	9	3	50
uniq_146328	AY349393.1	0.804348	90	320	779	460	9	3	50
uniq_146448	AY207050.1	0.958696	19	320	779	460	9	3	50
uniq_146492	X67609.1	0.943478	26	308	767	460	9	3	50
uniq_146511	AF385519.1	0.841304	73	320	779	460	9	3	50
uniq_146512	AF385564.1	0.936957	29	320	779	460	9	3	50
uniq_146558	AY008691.1	0.926087	34	317	776	460	9	3	50
uniq_146582	AF385551.1	0.904348	44	320	779	460	9	3	50
uniq_146765	AF183405.1	0.963043	17	320	779	460	9	3	50
uniq_146889	AY207050.1	0.943478	26	320	779	460	9	3	50
uniq_146928	AY349395.1	0.932609	31	320	779	460	9	3	50
uniq_147007	EF512007.1	0.906522	43	313	777	460	9	3	50
uniq_147034	AF385519.1	0.910870	41	320	779	460	9	3	50
uniq_147042	AF385551.1	0.897826	47	320	779	460	9	3	50
uniq_147048	AF481205.1	0.991304	4	319	778	460	9	3	50
uniq_147174	AF287816.1	0.886957	52	307	749	460	9	3	50
uniq_147200	AF385577.1	0.876087	57	329	768	460	9	3	50
uniq_147236	AB108825.1	0.923913	35	318	777	460	9	3	50
uniq_147259	AY349395.1	0.930435	32	320	779	460	9	3	50
uniq_147270	AY044915.1	0.817391	84	314	772	460	9	3	50
uniq_147326	AF385564.1	0.956522	20	320	779	460	9	3	50
uniq_147379	AY008308.1	0.915217	39	315	774	460	9	3	50
uniq_147381	AF385565.1	0.958696	19	315	774	460	9	3	50
uniq_147442	AY345495.1	0.867391	61	307	766	460	9	3	50
uniq_147449	AF371887.1	0.867391	61	319	778	460	9	3	50
uniq_147454	AF385551.1	0.954348	21	320	779	460	9	3	50
uniq_147474	AB076677.1	0.863043	63	310	750	460	9	3	50
uniq_147621	AM697440.1	0.856522	66	322	787	460	9	3	50
uniq_147625	X79463.1	0.843478	72	311	755	460	9	3	50
uniq_147721	AF201981.1	0.858696	65	327	766	460	9	3	50
uniq_147733	AF481222.1	0.841304	73	325	764	460	9	3	50
uniq_147772	AJ301825.1	0.856522	66	326	789	460	9	3	50
uniq_147794	AY008310.1	0.806522	89	318	777	460	9	3	50
uniq_147798	AF385518.1	0.882609	54	308	750	460	9	3	50
uniq_147799	AF385551.1	0.941304	27	320	779	460	9	3	50
uniq_147951	AB108825.1	0.930435	32	318	777	460	9	3	50
uniq_147967	AF385551.1	0.943478	26	320	779	460	9	3	50
uniq_147993	AM697440.1	0.867391	61	322	787	460	9	3	50
uniq_148086	AF287775.1	0.847826	70	327	766	460	9	3	50
uniq_148096	AB108826.1	0.954348	21	318	777	460	9	3	50
uniq_148114	AY207050.1	0.913043	40	320	779	460	9	3	50
uniq_148196	AF385519.1	0.932609	31	320	779	460	9	3	50
uniq_148205	AF385511.1	0.960870	18	320	779	460	9	3	50
uniq_148214	AF016390.1	0.867391	61	321	785	460	9	3	50
uniq_148220	AF385519.1	0.882609	54	320	779	460	9	3	50
uniq_148256	AB108825.1	0.945652	25	318	777	460	9	3	50
uniq_148268	AY349395.1	0.830435	78	320	779	460	9	3	50
uniq_148313	AF432133.1	0.932609	31	320	779	460	9	3	50
uniq_148316	AF385512.1	0.945652	25	318	777	460	9	3	50
uniq_148355	AF385519.1	0.926087	34	320	779	460	9	3	50
uniq_148397	AB108825.1	0.936957	29	318	777	460	9	3	50
uniq_148398	AF385571.1	0.865217	62	307	746	460	9	3	50
uniq_148417	DQ256729.1	0.886957	52	307	766	460	9	3	50
uniq_148458	AF385519.1	0.930435	32	320	779	460	9	3	50
uniq_148517	AY008310.1	0.947826	24	318	777	460	9	3	50
uniq_148713	AY349393.1	0.954348	21	320	779	460	9	3	50
uniq_148718	AB108825.1	0.923913	35	318	777	460	9	3	50
uniq_148769	AY044915.1	0.858696	65	314	772	460	9	3	50
uniq_148779	AM697133.1	0.836957	75	322	787	460	9	3	50
uniq_148813	EU670056.1	0.969565	14	320	779	460	9	3	50
uniq_148828	AY244921.1	0.880435	55	318	777	460	9	3	50
uniq_148829	AF385564.1	0.923913	35	320	779	460	9	3	50
uniq_148869	AY044915.1	0.897826	47	314	771	460	9	3	50
uniq_148879	EU670056.1	0.950000	23	320	779	460	9	3	50
uniq_148887	AY207050.1	0.913043	40	320	779	460	9	3	50
uniq_148914	AY008310.1	0.971739	13	318	777	460	9	3	50
uniq_148955	AF385512.1	0.958696	19	318	777	460	9	3	50
uniq_148959	EF511101.1	0.880435	55	313	777	460	9	3	50
uniq_148990	AF385510.1	0.869565	60	326	765	460	9	3	50
uniq_149001	AF385519.1	0.884783	53	320	779	460	9	3	50
uniq_149047	AY008691.1	0.932609	31	317	776	460	9	3	50
uniq_149125	AF385511.1	0.819565	83	320	779	460	9	3	50
uniq_14914	AY278611.1	0.873913	58	314	771	460	9	3	50
uniq_14918	AY349393.1	0.976087	11	320	779	460	9	3	50
uniq_149194	AY429468.1	0.926087	34	304	763	460	9	3	50
uniq_149239	AY278611.1	0.871739	59	314	771	460	9	3	50
uniq_149282	AF287770.1	0.863043	63	325	763	460	9	3	50
uniq_149296	AF385519.1	0.897826	47	320	779	460	9	3	50
uniq_149322	EF510383.1	0.847826	70	321	785	460	9	3	50
uniq_149388	AJ006457.1	0.882609	54	318	777	460	9	3	50
uniq_149407	AF183404.1	0.934783	30	320	779	460	9	3	50
uniq_149410	AF385563.1	0.860870	64	318	760	460	9	3	50
uniq_149421	AY207057.1	0.934783	30	318	778	460	9	3	50
uniq_149462	AF385519.1	0.947826	24	320	779	460	9	3	50
uniq_149512	AF432133.1	0.950000	23	320	779	460	9	3	50
uniq_149571	AF385564.1	0.910870	41	320	779	460	9	3	50
uniq_149633	AF366271.1	0.982609	8	318	777	460	9	3	50
uniq_149680	AB108826.1	0.926087	34	318	777	460	9	3	50
uniq_149705	AY349393.1	0.943478	26	320	779	460	9	3	50
uniq_149752	AF385512.1	0.893478	49	318	777	460	9	3	50
uniq_149761	AB108825.1	0.860870	64	318	777	460	9	3	50
uniq_149777	EU670056.1	0.836957	75	320	779	460	9	3	50
uniq_149783	AF183404.1	0.971739	13	320	779	460	9	3	50
uniq_149785	AM697133.1	0.867391	61	322	787	460	9	3	50
uniq_149829	AF385551.1	0.936957	29	320	779	460	9	3	50
uniq_149849	AF385519.1	0.910870	41	320	779	460	9	3	50
uniq_149975	AB108825.1	0.969565	14	318	777	460	9	3	50
uniq_149992	AF385564.1	0.932609	31	320	779	460	9	3	50
uniq_150064	AM232809.1	0.884783	53	307	766	460	9	3	50
uniq_150123	AY349402.1	0.858696	65	318	776	460	9	3	50
uniq_150315	AF432138.1	0.852174	68	308	750	460	9	3	50
uniq_150319	AB108825.1	0.854348	67	318	777	460	9	3	50
uniq_150431	AF385564.1	0.934783	30	320	779	460	9	3	50
uniq_150443	AY207050.1	0.939130	28	320	779	460	9	3	50
uniq_150445	AY349402.1	0.854348	67	318	776	460	9	3	50
uniq_150450	AY349395.1	0.906522	43	320	779	460	9	3	50
uniq_150470	AF385521.1	0.869565	60	314	771	460	9	3	50
uniq_150475	EU670056.1	0.817391	84	320	779	460	9	3	50
uniq_150478	AF385564.1	0.941304	27	320	779	460	9	3	50
uniq_150517	AF385564.1	0.958696	19	320	779	460	9	3	50
uniq_150723	AF385565.1	0.936957	29	315	774	460	9	3	50
uniq_150728	EF512007.1	0.897826	47	313	777	460	9	3	50
uniq_150830	AF385511.1	0.810870	87	320	779	460	9	3	50
uniq_150834	AB108825.1	0.954348	21	318	777	460	9	3	50
uniq_150863	AF385518.1	0.882609	54	308	750	460	9	3	50
uniq_150945	AF385511.1	0.910870	41	320	779	460	9	3	50
uniq_151007	AF385519.1	0.908696	42	320	779	460	9	3	50
uniq_151010	AY321375.1	0.902174	45	327	792	460	9	3	50
uniq_151024	AF385566.1	0.893478	49	335	800	460	9	3	50
uniq_151082	AY349389.1	0.860870	64	326	765	460	9	3	50
uniq_151167	AF385519.1	0.878261	56	320	779	460	9	3	50
uniq_151200	EU670056.1	0.952174	22	320	779	460	9	3	50
uniq_151269	AF385551.1	0.930435	32	320	779	460	9	3	50
uniq_151275	AF050539.1	0.943478	26	314	773	460	9	3	50
uniq_151430	AF287770.1	0.867391	61	325	763	460	9	3	50
uniq_151464	AF385551.1	0.921739	36	320	779	460	9	3	50
uniq_151480	AF385512.1	0.939130	28	318	777	460	9	3	50
uniq_151513	AY207050.1	0.952174	22	320	779	460	9	3	50
uniq_151529	AF481227.1	0.923913	35	318	777	460	9	3	50
uniq_151670	AB108826.1	0.928261	33	318	777	460	9	3	50
uniq_151726	AF432133.1	0.934783	30	320	779	460	9	3	50
uniq_151762	AF385561.1	0.928261	33	318	777	460	9	3	50
uniq_151781	AF385566.1	0.867391	61	335	800	460	9	3	50
uniq_151827	AY005065.1	0.902174	45	319	778	460	9	3	50
uniq_151912	EF512007.1	0.891304	50	313	777	460	9	3	50
uniq_151916	AF385519.1	0.965217	16	320	779	460	9	3	50
uniq_152081	AY349384.1	0.880435	55	308	753	460	9	3	50
uniq_152149	AF201981.1	0.856522	66	327	766	460	9	3	50
uniq_152197	AF385519.1	0.921739	36	320	779	460	9	3	50
uniq_152244	AF385551.1	0.865217	62	320	779	460	9	3	50
uniq_152255	AM422125.1	0.893478	49	318	777	460	9	3	50
uniq_152282	AY429468.1	0.928261	33	304	763	460	9	3	50
uniq_152300	AF385519.1	0.945652	25	320	779	460	9	3	50
uniq_152353	AF217562.1	0.923913	35	307	766	460	9	3	50
uniq_152380	AF385511.1	0.958696	19	320	779	460	9	3	50
uniq_152548	AY044915.1	0.843478	72	314	772	460	9	3	50
uniq_152562	AF385577.1	0.860870	64	329	768	460	9	3	50
uniq_152659	AF183405.1	0.958696	19	320	779	460	9	3	50
uniq_152661	AF385510.1	0.841304	73	326	765	460	9	3	50
uniq_152685	AF487886.1	0.902174	45	318	777	460	9	3	50
uniq_152826	AF371887.1	0.884783	53	319	778	460	9	3	50
uniq_152901	AB108825.1	0.921739	36	318	777	460	9	3	50
uniq_152905	AM419984.1	0.880435	55	309	749	460	9	3	50
uniq_152933	AY207050.1	0.945652	25	320	779	460	9	3	50
uniq_152945	AF371887.1	0.873913	58	319	778	460	9	3	50
uniq_152952	AF385511.1	0.956522	20	320	779	460	9	3	50
uniq_152981	AF292371.1	0.915217	39	311	754	460	9	3	50
uniq_152997	EF510383.1	0.860870	64	321	785	460	9	3	50
uniq_153024	AY207050.1	0.943478	26	320	779	460	9	3	50
uniq_153087	AY349393.1	0.945652	25	320	779	460	9	3	50
uniq_153132	AY349393.1	0.906522	43	320	779	460	9	3	50
uniq_153140	AF385510.1	0.876087	57	326	765	460	9	3	50
uniq_153153	AY429468.1	0.915217	39	304	763	460	9	3	50
uniq_153291	AM232809.1	0.882609	54	307	766	460	9	3	50
uniq_153420	AY429468.1	0.919565	37	304	763	460	9	3	50
uniq_153467	AB108825.1	0.845652	71	318	777	460	9	3	50
uniq_153509	AM419984.1	0.889130	51	309	749	460	9	3	50
uniq_153568	AF385551.1	0.919565	37	320	779	460	9	3	50
uniq_153592	AF481222.1	0.889130	51	325	764	460	9	3	50
uniq_153609	AY244921.1	0.884783	53	318	777	460	9	3	50
uniq_153747	AF183405.1	0.902174	45	320	779	460	9	3	50
uniq_153814	AJ301825.1	0.815217	85	326	789	460	9	3	50
uniq_153820	AY008310.1	0.884783	53	318	777	460	9	3	50
uniq_153938	AF385519.1	0.923913	35	320	779	460	9	3	50
uniq_154052	AF432133.1	0.928261	33	320	779	460	9	3	50
uniq_154091	AB108825.1	0.947826	24	318	777	460	9	3	50
uniq_154358	AF432138.1	0.878261	56	308	750	460	9	3	50
uniq_154371	AJ012605.1	0.967391	15	320	779	460	9	3	50
uniq_154451	AY008310.1	0.910870	41	318	777	460	9	3	50
uniq_154456	AF385519.1	0.850000	69	320	779	460	9	3	50
uniq_154497	AB076677.1	0.865217	62	310	750	460	9	3	50
uniq_154553	EF511101.1	0.884783	53	313	777	460	9	3	50
uniq_154839	AF385551.1	0.926087	34	320	779	460	9	3	50
uniq_154962	AF385551.1	0.900000	46	320	779	460	9	3	50
uniq_155126	AY349395.1	0.908696	42	320	779	460	9	3	50
uniq_155161	X67609.1	0.902174	45	308	767	460	9	3	50
uniq_155203	AF432133.1	0.889130	51	320	779	460	9	3	50
uniq_155215	AY008310.1	0.952174	22	318	777	460	9	3	50
uniq_155219	EU670056.1	0.936957	29	320	779	460	9	3	50
uniq_155242	AB108825.1	0.943478	26	318	777	460	9	3	50
uniq_155314	AF371887.1	0.878261	56	319	778	460	9	3	50
uniq_155426	AY008310.1	0.936957	29	318	777	460	9	3	50
uniq_155431	AY349395.1	0.934783	30	320	779	460	9	3	50
uniq_155457	AB108825.1	0.804348	90	318	777	460	9	3	50
uniq_155497	AF385519.1	0.902174	45	320	779	460	9	3	50
uniq_155576	AF217562.1	0.830435	78	307	766	460	9	3	50
uniq_155598	AY429468.1	0.960870	18	304	763	460	9	3	50
uniq_155767	AY008310.1	0.878261	56	318	777	460	9	3	50
uniq_155928	AY349393.1	0.926087	34	320	779	460	9	3	50
uniq_155955	AB076677.1	0.863043	63	310	750	460	9	3	50
uniq_155988	AF385519.1	0.906522	43	320	779	460	9	3	50
uniq_156056	AY008691.1	0.947826	24	317	776	460	9	3	50
uniq_156091	AF385564.1	0.926087	34	320	779	460	9	3	50
uniq_156114	AM422125.1	0.900000	46	318	777	460	9	3	50
uniq_156290	AF371887.1	0.917391	38	319	778	460	9	3	50
uniq_156312	AY349402.1	0.826087	80	318	776	460	9	3	50
uniq_156364	AF385519.1	0.854348	67	320	779	460	9	3	50
uniq_156398	AY349393.1	0.941304	27	320	779	460	9	3	50
uniq_156475	AF385519.1	0.921739	36	320	779	460	9	3	50
uniq_156568	AF385519.1	0.858696	65	320	779	460	9	3	50
uniq_156601	AF371887.1	0.802174	91	319	778	460	9	3	50
uniq_156664	AM419984.1	0.893478	49	309	749	460	9	3	50
uniq_156795	AF385519.1	0.919565	37	320	779	460	9	3	50
uniq_156815	AY349402.1	0.882609	54	318	776	460	9	3	50
uniq_156967	AF385564.1	0.873913	58	320	779	460	9	3	50
uniq_157036	AF543297.1	0.858696	65	316	775	460	9	3	50
uniq_157079	AY008310.1	0.895652	48	318	777	460	9	3	50
uniq_157126	AM422125.1	0.915217	39	318	777	460	9	3	50
uniq_157190	AF385515.1	0.936957	29	315	774	460	9	3	50
uniq_157250	AY278621.1	0.843478	72	308	750	460	9	3	50
uniq_157320	AY349402.1	0.928261	33	318	776	460	9	3	50
uniq_157330	AF385519.1	0.943478	26	320	779	460	9	3	50
uniq_157378	AF385511.1	0.960870	18	320	779	460	9	3	50
uniq_157401	AY008310.1	0.889130	51	318	777	460	9	3	50
uniq_157452	AM419984.1	0.886957	52	309	749	460	9	3	50
uniq_157521	AF385519.1	0.915217	39	320	779	460	9	3	50
uniq_157638	AF432138.1	0.854348	67	308	750	460	9	3	50
uniq_157667	AB078046.1	0.902174	45	310	769	460	9	3	50
uniq_157822	EU670056.1	0.945652	25	320	779	460	9	3	50
uniq_157895	AF385564.1	0.904348	44	320	779	460	9	3	50
uniq_157955	AF385519.1	0.923913	35	320	779	460	9	3	50
uniq_158063	AY008691.1	0.865217	62	317	776	460	9	3	50
uniq_158064	AF287770.1	0.871739	59	325	763	460	9	3	50
uniq_158087	AF481222.1	0.865217	62	325	764	460	9	3	50
uniq_158095	AY349399.1	0.873913	58	318	776	460	9	3	50
uniq_158100	AB098612.1	0.886957	52	313	777	460	9	3	50
uniq_158116	X67609.1	0.958696	19	308	767	460	9	3	50
uniq_158289	AB015542.1	0.797826	93	314	754	460	9	3	50
uniq_158535	EU670056.1	0.934783	30	320	779	460	9	3	50
uniq_158555	AM422125.1	0.900000	46	318	777	460	9	3	50
uniq_158556	AY008310.1	0.913043	40	318	777	460	9	3	50
uniq_158604	AF385577.1	0.852174	68	329	768	460	9	3	50
uniq_158683	AF385511.1	0.950000	23	320	779	460	9	3	50
uniq_158807	AF371887.1	0.869565	60	319	778	460	9	3	50
uniq_158812	AF385565.1	0.921739	36	315	774	460	9	3	50
uniq_158821	AF385511.1	0.952174	22	320	779	460	9	3	50
uniq_158838	AF371887.1	0.900000	46	319	778	460	9	3	50
uniq_158961	EU670056.1	0.945652	25	320	779	460	9	3	50
uniq_159236	AF432133.1	0.936957	29	320	779	460	9	3	50
uniq_159261	AF385564.1	0.871739	59	320	779	460	9	3	50
uniq_159290	AY008691.1	0.884783	53	317	776	460	9	3	50
uniq_159400	X67609.1	0.939130	28	308	767	460	9	3	50
uniq_159498	EU670056.1	0.941304	27	320	779	460	9	3	50
uniq_159641	AM277334.1	0.850000	69	323	787	460	9	3	50
uniq_159660	AF385519.1	0.956522	20	320	779	460	9	3	50
uniq_159734	AY349395.1	0.913043	40	320	779	460	9	3	50
uniq_159836	AF385510.1	0.906522	43	326	765	460	9	3	50
uniq_159935	AM697133.1	0.856522	66	322	787	460	9	3	50
uniq_159959	AF385519.1	0.889130	51	320	779	460	9	3	50
uniq_159979	AM422125.1	0.897826	47	318	777	460	9	3	50
uniq_159991	AF385519.1	0.865217	62	320	779	460	9	3	50
uniq_160165	AB053943.1	0.915217	39	313	772	460	9	3	50
uniq_160177	AY134905.1	0.856522	66	318	777	460	9	3	50
uniq_160225	AF371887.1	0.910870	41	319	778	460	9	3	50
uniq_160265	AF385561.1	0.956522	20	318	777	460	9	3	50
uniq_160307	AY349384.1	0.863043	63	308	753	460	9	3	50
uniq_160320	AF385509.1	0.958696	19	318	777	460	9	3	50
uniq_160500	AF385551.1	0.965217	16	320	779	460	9	3	50
uniq_160634	AF385519.1	0.923913	35	320	779	460	9	3	50
uniq_160759	AB108825.1	0.852174	68	318	777	460	9	3	50
uniq_160785	AF385571.1	0.869565	60	307	746	460	9	3	50
uniq_160808	AY349395.1	0.882609	54	320	779	460	9	3	50
uniq_161099	AF385571.1	0.863043	63	307	746	460	9	3	50
uniq_161136	AY008309.1	0.863043	63	308	750	460	9	3	50
uniq_161194	AF432133.1	0.928261	33	320	779	460	9	3	50
uniq_161451	AY278609.1	0.869565	60	319	783	460	9	3	50
uniq_161490	AF481206.1	0.841304	73	317	776	460	9	3	50
uniq_161704	AJ290758.1	0.895652	48	313	777	460	9	3	50
uniq_161715	AY008691.1	0.928261	33	317	776	460	9	3	50
uniq_161735	X67610.1	0.913043	40	308	767	460	9	3	50
uniq_161988	AY158021.1	0.928261	33	320	779	460	9	3	50
uniq_162083	AM420249.1	0.993478	3	313	772	460	9	3	50
uniq_162691	AM277334.1	0.895652	48	323	787	460	9	3	50
uniq_162940	EF512007.1	0.904348	44	313	777	460	9	3	50
uniq_163104	AF481206.1	0.921739	36	317	776	460	9	3	50
uniq_163160	AB108825.1	0.950000	23	318	777	460	9	3	50
uniq_163297	X67609.1	0.947826	24	308	767	460	9	3	50
uniq_163374	AY218561.1	0.865217	62	312	771	460	9	3	50
uniq_163451	AF481206.1	0.943478	26	317	776	460	9	3	50
uniq_163517	AY349398.1	0.863043	63	318	777	460	9	3	50
uniq_164480	AM419984.1	0.865217	62	309	749	460	9	3	50
uniq_165094	AF385569.1	0.939130	28	302	761	460	9	3	50
uniq_165111	AB182485.1	0.869565	60	322	781	460	9	3	50
uniq_165327	AJ431253.1	0.880435	55	310	769	460	9	3	50
uniq_165592	AF534433.1	0.984783	7	314	773	460	9	3	50
uniq_165631	AF481228.1	0.995652	2	318	777	460	9	3	50
uniq_165821	AY349394.1	0.934783	30	324	783	460	9	3	50
uniq_165968	AY278609.1	0.867391	61	319	783	460	9	3	50
uniq_166050	AY429468.1	0.963043	17	304	763	460	9	3	50
uniq_166103	DQ325537.1	0.854348	67	314	756	460	9	3	50
uniq_166304	AF481206.1	0.958696	19	317	776	460	9	3	50
uniq_166601	EF510424.1	0.854348	67	332	796	460	9	3	50
uniq_166616	AY005069.1	0.926087	34	318	778	460	9	3	50
uniq_166698	AB125062.1	0.889130	51	310	769	460	9	3	50
uniq_167281	AF385569.1	0.971739	13	302	761	460	9	3	50
uniq_167296	AF224306.1	0.858696	65	312	776	460	9	3	50
uniq_168303	AF481206.1	0.830435	78	317	776	460	9	3	50
uniq_168354	DQ325537.1	0.858696	65	314	756	460	9	3	50
uniq_168858	AM420056.1	0.965217	16	318	777	460	9	3	50
uniq_169489	AY485603.1	0.850000	69	317	781	460	9	3	50
uniq_16976	AF385518.1	0.860870	64	308	750	460	9	3	50
uniq_170002	AF366276.1	0.880435	55	310	751	460	9	3	50
uniq_170291	AY005033.1	0.895652	48	313	777	460	9	3	50
uniq_17044	AY138231.1	0.869565	60	317	781	460	9	3	50
uniq_170722	AY008310.1	0.963043	17	318	777	460	9	3	50
uniq_170764	AY008310.1	0.960870	18	318	777	460	9	3	50
uniq_170814	AF385512.1	0.941304	27	318	777	460	9	3	50
uniq_171031	EU670056.1	0.967391	15	320	779	460	9	3	50
uniq_171176	EF511101.1	0.886957	52	313	777	460	9	3	50
uniq_171817	AF224306.1	0.880435	55	312	776	460	9	3	50
uniq_172041	AY030318.1	0.878261	56	320	784	460	9	3	50
uniq_17215	AF385521.1	0.867391	61	314	771	460	9	3	50
uniq_172152	AF023044.1	0.882609	54	313	777	460	9	3	50
uniq_172166	DQ675066.1	0.865217	62	307	772	460	9	3	50
uniq_172397	AY005033.1	0.858696	65	313	777	460	9	3	50
uniq_172560	AY349395.1	0.943478	26	320	779	460	9	3	50
uniq_172573	AM420249.1	0.904348	44	313	772	460	9	3	50
uniq_173014	AY030318.1	0.889130	51	320	784	460	9	3	50
uniq_173182	AY008691.1	0.913043	40	317	776	460	9	3	50
uniq_173249	AF481206.1	0.917391	38	317	776	460	9	3	50
uniq_173258	AF385569.1	0.936957	29	302	761	460	9	3	50
uniq_173586	AF385569.1	0.863043	63	302	761	460	9	3	50
uniq_173677	AY207057.1	0.915217	39	318	778	460	9	3	50
uniq_173682	DQ325537.1	0.878261	56	314	756	460	9	3	50
uniq_174506	AY005033.1	0.904348	44	313	777	460	9	3	50
uniq_174964	AF432133.1	0.950000	23	320	779	460	9	3	50
uniq_174982	AY005069.1	0.873913	58	318	778	460	9	3	50
uniq_175011	AB015525.1	0.956522	20	314	773	460	9	3	50
uniq_175290	DQ325537.1	0.860870	64	314	756	460	9	3	50
uniq_176286	AF385551.1	0.980435	9	320	779	460	9	3	50
uniq_176424	DQ256729.1	0.889130	51	307	766	460	9	3	50
uniq_176465	AJ229217.1	0.958696	19	310	769	460	9	3	50
uniq_176466	EF510383.1	0.856522	66	321	785	460	9	3	50
uniq_176671	AF385551.1	0.930435	32	320	779	460	9	3	50
uniq_177174	AF385511.1	0.939130	28	320	779	460	9	3	50
uniq_177498	AF385519.1	0.947826	24	320	779	460	9	3	50
uniq_177656	EU670056.1	0.971739	13	320	779	460	9	3	50
uniq_177821	AY207050.1	0.930435	32	320	779	460	9	3	50
uniq_177969	DQ256729.1	0.893478	49	307	766	460	9	3	50
uniq_177977	AF385515.1	0.967391	15	315	774	460	9	3	50
uniq_178037	AJ318186.1	0.956522	20	310	769	460	9	3	50
uniq_178086	AY008310.1	0.936957	29	318	777	460	9	3	50
uniq_178427	U43698.1	0.965217	16	317	777	460	9	3	50
uniq_178882	AF402976.1	0.913043	40	312	771	460	9	3	50
uniq_178897	AB108825.1	0.965217	16	318	777	460	9	3	50
uniq_178948	AY278621.1	0.878261	56	308	750	460	9	3	50
uniq_179022	EU670056.1	0.965217	16	320	779	460	9	3	50
uniq_179070	AF385551.1	0.978261	10	320	779	460	9	3	50
uniq_179180	AY349399.1	0.863043	63	318	776	460	9	3	50
uniq_179640	AF385551.1	0.806522	89	320	779	460	9	3	50
uniq_180431	AF432133.1	0.963043	17	320	779	460	9	3	50
uniq_180492	AF481222.1	0.865217	62	325	764	460	9	3	50
uniq_180717	AF385571.1	0.863043	63	307	746	460	9	3	50
uniq_180763	EF511101.1	0.889130	51	313	777	460	9	3	50
uniq_180778	AY532556.1	0.954348	21	306	764	460	9	3	50
uniq_181576	AF385511.1	0.952174	22	320	779	460	9	3	50
uniq_181640	AY008691.1	0.917391	38	317	776	460	9	3	50
uniq_181645	AY008308.1	0.952174	22	315	774	460	9	3	50
uniq_181857	AF385521.1	0.880435	55	314	771	460	9	3	50
uniq_182380	AM238683.1	0.902174	45	307	766	460	9	3	50
uniq_18241	AF534436.1	0.915217	39	304	763	460	9	3	50
uniq_182831	AF432133.1	0.978261	10	320	779	460	9	3	50
uniq_183142	AF534433.1	0.936957	29	314	773	460	9	3	50
uniq_184722	AJ575738.1	0.984783	7	303	762	460	9	3	50
uniq_185639	AB238922.1	0.984783	7	315	774	460	9	3	50
uniq_185740	DQ904737.1	0.991304	4	320	779	460	9	3	50
uniq_185868	AJ408981.1	0.976087	11	317	776	460	9	3	50
uniq_186056	AY212665.1	0.971739	13	304	763	460	9	3	50
uniq_186304	AF132273.1	0.989130	5	319	779	460	9	3	50
uniq_187636	AJ289998.1	0.967391	15	304	765	460	9	3	50
uniq_188478	AJ431253.1	0.876087	57	310	769	460	9	3	50
uniq_190949	AY278614.1	0.965217	16	307	766	460	9	3	50
uniq_19225	AF385511.1	0.965217	16	320	779	460	9	3	50
uniq_192519	AM422125.1	0.945652	25	318	777	460	9	3	50
uniq_19358	AY345400.1	0.980435	9	306	765	460	9	3	50
uniq_193895	AF385551.1	0.967391	15	320	779	460	9	3	50
uniq_193898	AY548930.1	0.897826	47	310	769	460	9	3	50
uniq_194107	AF289153.1	0.917391	38	315	773	460	9	3	50
uniq_194152	AY398698.1	0.958696	19	317	776	460	9	3	50
uniq_194675	AB244774.1	0.917391	38	316	775	460	9	3	50
uniq_194821	AY337604.1	0.930435	32	310	769	460	9	3	50
uniq_194855	AY958868.1	0.995652	2	318	777	460	9	3	50
uniq_194872	AF385519.1	0.910870	41	320	779	460	9	3	50
uniq_197274	AJ318185.1	0.965217	16	316	775	460	9	3	50
uniq_197633	EF510424.1	0.906522	43	332	796	460	9	3	50
uniq_197735	AF408257.1	0.856522	66	320	783	460	9	3	50
uniq_197741	AF385508.1	0.856522	66	327	766	460	9	3	50
uniq_197841	AF371887.1	0.910870	41	319	778	460	9	3	50
uniq_197927	AB108826.1	0.950000	23	318	777	460	9	3	50
uniq_197948	AY349395.1	0.967391	15	320	779	460	9	3	50
uniq_197952	AY005082.1	0.869565	60	318	781	460	9	3	50
uniq_197969	EF510424.1	0.856522	66	332	796	460	9	3	50
uniq_198055	Y13366.1	0.867391	61	322	786	460	9	3	50
uniq_198137	EU670056.1	0.923913	35	320	779	460	9	3	50
uniq_198240	AF183406.1	0.963043	17	320	779	460	9	3	50
uniq_198259	AF287761.1	0.876087	57	326	767	460	9	3	50
uniq_198427	EU670056.1	0.919565	37	320	779	460	9	3	50
uniq_198593	AY005069.1	0.921739	36	318	778	460	9	3	50
uniq_198634	AF385512.1	0.967391	15	318	777	460	9	3	50
uniq_198635	AF385494.1	0.919565	37	302	760	460	9	3	50
uniq_198657	AF183405.1	0.945652	25	320	779	460	9	3	50
uniq_19870	AF385512.1	0.963043	17	318	777	460	9	3	50
uniq_198710	AY349396.1	0.841304	73	318	777	460	9	3	50
uniq_198776	AF183405.1	0.867391	61	320	779	460	9	3	50
uniq_198830	AF224306.1	0.878261	56	312	776	460	9	3	50
uniq_198886	EU670056.1	0.936957	29	320	779	460	9	3	50
uniq_198960	AF385519.1	0.934783	30	320	779	460	9	3	50
uniq_199106	X67609.1	0.973913	12	308	767	460	9	3	50
uniq_199162	AY349395.1	0.976087	11	320	779	460	9	3	50
uniq_199368	EU670056.1	0.886957	52	320	779	460	9	3	50
uniq_199427	EU670056.1	0.932609	31	320	779	460	9	3	50
uniq_199469	AF385564.1	0.941304	27	320	779	460	9	3	50
uniq_19949	EU670056.1	0.850000	69	320	779	460	9	3	50
uniq_199494	AY278618.1	0.863043	63	326	765	460	9	3	50
uniq_199681	X67609.1	0.967391	15	308	767	460	9	3	50
uniq_199726	AF183406.1	0.919565	37	320	779	460	9	3	50
uniq_199788	AF385551.1	0.860870	64	320	779	460	9	3	50
uniq_199927	EF510383.1	0.850000	69	321	785	460	9	3	50
uniq_200262	AF183406.1	0.863043	63	320	779	460	9	3	50
uniq_200302	EU670056.1	0.965217	16	320	779	460	9	3	50
uniq_200410	AY349395.1	0.908696	42	320	779	460	9	3	50
uniq_200456	AB108826.1	0.921739	36	318	777	460	9	3	50
uniq_200506	AF385565.1	0.952174	22	315	774	460	9	3	50
uniq_200570	AF183404.1	0.906522	43	318	779	460	9	3	50
uniq_200626	AF385551.1	0.943478	26	320	779	460	9	3	50
uniq_200976	AM039968.1	0.845652	71	331	795	460	9	3	50
uniq_201004	EF512007.1	0.928261	33	313	777	460	9	3	50
uniq_201276	AB108826.1	0.921739	36	318	777	460	9	3	50
uniq_201326	AF385508.1	0.852174	68	327	766	460	9	3	50
uniq_201401	AB108826.1	0.947826	24	318	777	460	9	3	50
uniq_201517	AF432133.1	0.978261	10	320	779	460	9	3	50
uniq_20152	AF432133.1	0.984783	7	320	779	460	9	3	50
uniq_201660	U43698.1	0.926087	34	317	777	460	9	3	50
uniq_201738	AY244921.1	0.897826	47	318	777	460	9	3	50
uniq_201937	AY429469.1	0.915217	39	308	767	460	9	3	50
uniq_202117	AB108825.1	0.919565	37	318	777	460	9	3	50
uniq_202204	AF385519.1	0.910870	41	320	779	460	9	3	50
uniq_202323	AF183406.1	0.950000	23	320	779	460	9	3	50
uniq_202394	AF371887.1	0.891304	50	319	778	460	9	3	50
uniq_202595	AB108825.1	0.960870	18	318	777	460	9	3	50
uniq_202636	AF481224.1	0.869565	60	334	798	460	9	3	50
uniq_202678	EF512007.1	0.882609	54	313	777	460	9	3	50
uniq_202907	AF385512.1	0.943478	26	318	777	460	9	3	50
uniq_203039	AY008691.1	0.884783	53	317	776	460	9	3	50
uniq_203178	AF139524.1	0.943478	26	317	776	460	9	3	50
uniq_203259	AF385519.1	0.889130	51	320	779	460	9	3	50
uniq_203438	AF366270.1	0.930435	32	302	761	460	9	3	50
uniq_203575	AF385519.1	0.900000	46	320	779	460	9	3	50
uniq_203599	EU670056.1	0.915217	39	320	779	460	9	3	50
uniq_203641	AF385512.1	0.952174	22	318	777	460	9	3	50
uniq_203826	AJ289998.1	0.954348	21	304	765	460	9	3	50
uniq_203895	AF139203.1	0.876087	57	314	779	460	9	3	50
uniq_203986	AY278613.1	0.871739	59	308	767	460	9	3	50
uniq_204038	AF385519.1	0.915217	39	320	779	460	9	3	50
uniq_204086	AB182485.1	0.967391	15	322	781	460	9	3	50
uniq_204316	AF385519.1	0.908696	42	320	779	460	9	3	50
uniq_204410	AF183404.1	0.886957	52	320	779	460	9	3	50
uniq_204537	AY207050.1	0.923913	35	320	779	460	9	3	50
uniq_204559	AY349395.1	0.832609	77	320	779	460	9	3	50
uniq_204569	AY008308.1	0.976087	11	315	774	460	9	3	50
uniq_204596	AF385512.1	0.945652	25	318	777	460	9	3	50
uniq_204852	AF183404.1	0.947826	24	320	779	460	9	3	50
uniq_204940	AF385551.1	0.982609	8	320	779	460	9	3	50
uniq_205006	AF385519.1	0.928261	33	320	779	460	9	3	50
uniq_205076	AB108825.1	0.939130	28	318	777	460	9	3	50
uniq_205095	AF385512.1	0.939130	28	318	777	460	9	3	50
uniq_205302	EU670056.1	0.934783	30	320	779	460	9	3	50
uniq_205366	AF385569.1	0.941304	27	302	761	460	9	3	50
uniq_205421	AF385519.1	0.900000	46	320	779	460	9	3	50
uniq_205604	AB108826.1	0.897826	47	318	777	460	9	3	50
uniq_205717	AY008310.1	0.969565	14	318	777	460	9	3	50
uniq_205787	AY008691.1	0.891304	50	317	776	460	9	3	50
uniq_205858	AF219234.1	0.860870	64	313	753	460	9	3	50
uniq_205888	EF510424.1	0.858696	65	332	796	460	9	3	50
uniq_206009	AY008310.1	0.913043	40	318	777	460	9	3	50
uniq_206359	AY349402.1	0.921739	36	318	776	460	9	3	50
uniq_206618	AF385509.1	0.954348	21	318	777	460	9	3	50
uniq_206731	AF385569.1	0.932609	31	302	761	460	9	3	50
uniq_206882	AB076677.1	0.865217	62	310	750	460	9	3	50
uniq_207075	AF224306.1	0.893478	49	312	776	460	9	3	50
uniq_207143	AF371887.1	0.908696	42	319	778	460	9	3	50
uniq_207161	AY005069.1	0.936957	29	318	778	460	9	3	50
uniq_207283	AF385564.1	0.926087	34	320	779	460	9	3	50
uniq_207334	AF183406.1	0.965217	16	320	779	460	9	3	50
uniq_207364	AF385551.1	0.943478	26	320	779	460	9	3	50
uniq_207396	AF366270.1	0.941304	27	302	761	460	9	3	50
uniq_207445	AF183404.1	0.936957	29	320	779	460	9	3	50
uniq_207470	AB108826.1	0.956522	20	318	777	460	9	3	50
uniq_207533	AY207050.1	0.941304	27	320	779	460	9	3	50
uniq_207764	EF511101.1	0.854348	67	313	777	460	9	3	50
uniq_207770	AF183406.1	0.865217	62	320	779	460	9	3	50
uniq_207925	AF385569.1	0.930435	32	302	761	460	9	3	50
uniq_207994	AF224299.1	0.850000	69	313	777	460	9	3	50
uniq_208033	AJ290758.1	0.876087	57	313	777	460	9	3	50
uniq_208038	EU670056.1	0.921739	36	320	779	460	9	3	50
uniq_208174	EU670056.1	0.958696	19	320	779	460	9	3	50
uniq_208194	AF139524.1	0.850000	69	317	776	460	9	3	50
uniq_208198	AF385551.1	0.978261	10	320	779	460	9	3	50
uniq_208967	AY349394.1	0.954348	21	324	783	460	9	3	50
uniq_209006	AY138231.1	0.854348	67	317	781	460	9	3	50
uniq_209146	AY349402.1	0.902174	45	318	776	460	9	3	50
uniq_209376	AY278611.1	0.884783	53	314	771	460	9	3	50
uniq_209403	AF183406.1	0.860870	64	320	779	460	9	3	50
uniq_209413	AF385512.1	0.930435	32	318	777	460	9	3	50
uniq_209750	AY429468.1	0.963043	17	304	763	460	9	3	50
uniq_209943	AY207050.1	0.960870	18	320	779	460	9	3	50
uniq_209955	AY429468.1	0.908696	42	304	763	460	9	3	50
uniq_210068	AY008310.1	0.965217	16	318	777	460	9	3	50
uniq_210135	AY207057.1	0.934783	30	318	778	460	9	3	50
uniq_210197	U43698.1	0.936957	29	317	777	460	9	3	50
uniq_210414	AM410631.1	0.863043	63	307	771	460	9	3	50
uniq_210746	AM277334.1	0.871739	59	323	787	460	9	3	50
uniq_210829	X67609.1	0.910870	41	308	767	460	9	3	50
uniq_211123	AY429468.1	0.923913	35	304	763	460	9	3	50
uniq_211156	AF385494.1	0.954348	21	302	760	460	9	3	50
uniq_211209	AF183404.1	0.932609	31	320	779	460	9	3	50
uniq_211244	AM230484.1	0.954348	21	316	775	460	9	3	50
uniq_211285	AF385512.1	0.947826	24	318	777	460	9	3	50
uniq_211439	AB108825.1	0.936957	29	318	777	460	9	3	50
uniq_211530	EU670056.1	0.926087	34	320	779	460	9	3	50
uniq_211630	AF385508.1	0.858696	65	327	766	460	9	3	50
uniq_211894	EU670056.1	0.960870	18	320	779	460	9	3	50
uniq_211911	AY008310.1	0.889130	51	318	777	460	9	3	50
uniq_211944	AF183405.1	0.884783	53	320	779	460	9	3	50
uniq_211980	AF385512.1	0.965217	16	318	777	460	9	3	50
uniq_212027	AF183406.1	0.845652	71	320	779	460	9	3	50
uniq_212192	AY349393.1	0.841304	73	320	779	460	9	3	50
uniq_212780	AY008308.1	0.919565	37	315	774	460	9	3	50
uniq_212927	AF385563.1	0.884783	53	318	760	460	9	3	50
uniq_213185	AY008310.1	0.971739	13	318	777	460	9	3	50
uniq_213280	EF510383.1	0.843478	72	321	785	460	9	3	50
uniq_213339	EU670056.1	0.921739	36	320	779	460	9	3	50
uniq_213383	AF385519.1	0.936957	29	320	779	460	9	3	50
uniq_213564	EF512007.1	0.850000	69	313	777	460	9	3	50
uniq_213786	AY429468.1	0.939130	28	304	763	460	9	3	50
uniq_213865	AF385512.1	0.913043	40	318	777	460	9	3	50
uniq_213867	EF509159.1	0.867391	61	311	753	460	9	3	50
uniq_214039	AF183404.1	0.932609	31	320	779	460	9	3	50
uniq_214246	AF033058.1	0.856522	66	315	779	460	9	3	50
uniq_214265	AB108826.1	0.952174	22	318	777	460	9	3	50
uniq_214338	AF183404.1	0.913043	40	320	779	460	9	3	50
uniq_214607	AF385561.1	0.928261	33	318	777	460	9	3	50
uniq_214798	AY008691.1	0.923913	35	317	776	460	9	3	50
uniq_214924	AY008308.1	0.960870	18	315	774	460	9	3	50
uniq_215066	AY008691.1	0.958696	19	317	776	460	9	3	50
uniq_215136	AF183404.1	0.904348	44	320	779	460	9	3	50
uniq_215211	AF385519.1	0.928261	33	320	779	460	9	3	50
uniq_215241	AF287749.1	0.980435	9	331	791	460	9	3	50
uniq_215346	AF371887.1	0.865217	62	319	778	460	9	3	50
uniq_215530	EU670056.1	0.908696	42	320	779	460	9	3	50
uniq_215815	AY008310.1	0.965217	16	318	777	460	9	3	50
uniq_215889	AY207057.1	0.919565	37	318	778	460	9	3	50
uniq_215979	AY008310.1	0.960870	18	318	777	460	9	3	50
uniq_215992	AY429468.1	0.900000	46	304	763	460	9	3	50
uniq_216019	AY218551.1	0.808696	88	309	766	460	9	3	50
uniq_216075	EF512007.1	0.867391	61	313	777	460	9	3	50
uniq_216119	AF385512.1	0.958696	19	318	777	460	9	3	50
uniq_216141	AY008691.1	0.928261	33	317	776	460	9	3	50
uniq_216347	AF385551.1	0.973913	12	320	779	460	9	3	50
uniq_216360	EF512007.1	0.906522	43	313	777	460	9	3	50
uniq_216449	AY207050.1	0.919565	37	320	779	460	9	3	50
uniq_216518	AY349394.1	0.954348	21	324	783	460	9	3	50
uniq_216615	AF385494.1	0.958696	19	302	760	460	9	3	50
uniq_216910	AJ290758.1	0.878261	56	313	777	460	9	3	50
uniq_216933	AF385512.1	0.923913	35	318	777	460	9	3	50
uniq_217082	AY008691.1	0.923913	35	317	776	460	9	3	50
uniq_217087	AF385564.1	0.943478	26	320	779	460	9	3	50
uniq_217123	EU670056.1	0.900000	46	320	779	460	9	3	50
uniq_217188	AF385564.1	0.947826	24	320	779	460	9	3	50
uniq_217534	EU670056.1	0.939130	28	320	779	460	9	3	50
uniq_217958	AF481228.1	0.963043	17	318	777	460	9	3	50
uniq_217961	AF385569.1	0.952174	22	302	761	460	9	3	50
uniq_217963	AF366270.1	0.941304	27	302	761	460	9	3	50
uniq_218068	AY349395.1	0.908696	42	320	779	460	9	3	50
uniq_218088	AF385512.1	0.880435	55	318	777	460	9	3	50
uniq_218120	AY278611.1	0.869565	60	314	771	460	9	3	50
uniq_218306	AF385564.1	0.854348	67	320	779	460	9	3	50
uniq_218359	EU670056.1	0.889130	51	320	779	460	9	3	50
uniq_218376	AF385518.1	0.860870	64	308	750	460	9	3	50
uniq_218461	AY331415.1	0.850000	69	320	779	460	9	3	50
uniq_218477	AY207050.1	0.956522	20	320	779	460	9	3	50
uniq_218490	AF385494.1	0.930435	32	302	760	460	9	3	50
uniq_218629	AB108825.1	0.960870	18	318	777	460	9	3	50
uniq_218830	AY005033.1	0.882609	54	313	777	460	9	3	50
uniq_218849	AY207050.1	0.939130	28	320	779	460	9	3	50
uniq_219608	AY349393.1	0.980435	9	320	779	460	9	3	50
uniq_219630	AF385564.1	0.943478	26	320	779	460	9	3	50
uniq_219992	AF385564.1	0.930435	32	320	779	460	9	3	50
uniq_219999	EU670056.1	0.956522	20	320	779	460	9	3	50
uniq_220050	AF385519.1	0.952174	22	320	779	460	9	3	50
uniq_408606	DQ160208.1	0.905405	42	342	780	444	9	3	50
uniq_44328	EF512007.1	0.871622	57	313	777	444	9	3	50
uniq_45628	AB015542.1	0.833333	74	314	754	444	9	3	50
uniq_50129	AY212628.1	0.912162	39	298	739	444	9	3	50
uniq_58907	AY699590.1	0.878378	54	305	768	444	9	3	50
uniq_62851	AF292371.1	0.905405	42	311	754	444	9	3	50
uniq_63183	AY445131.1	0.873874	56	332	796	444	9	3	50
uniq_63383	EF509159.1	0.860360	62	311	753	444	9	3	50
uniq_65580	AF385563.1	0.939189	27	318	760	444	9	3	50
uniq_66399	AF292371.1	0.864865	60	311	754	444	9	3	50
uniq_69123	AY134900.1	0.876126	55	298	740	444	9	3	50
uniq_69971	EU071543.1	0.957207	19	298	740	444	9	3	50
uniq_73983	X87758.1	0.867117	59	314	759	444	9	3	50
uniq_75143	AM697389.1	0.972973	12	307	749	444	9	3	50
uniq_75513	AF292371.1	0.952703	21	311	754	444	9	3	50
uniq_88790	AY349403.1	0.909910	40	328	792	444	9	3	50
uniq_92821	AM411994.1	0.882883	52	307	771	444	9	3	50
uniq_94103	AF292371.1	0.950450	22	311	754	444	9	3	50
uniq_94461	AB013827.1	0.849099	67	308	772	444	9	3	50
uniq_95856	AF292371.1	0.941441	26	311	754	444	9	3	50
uniq_00544	AF287806.1	0.990971	4	311	753	443	9	3	50
uniq_02054	AM905356.1	0.986456	6	300	742	443	9	3	50
uniq_02336	AY349387.1	0.997743	1	308	750	443	9	3	50
uniq_02412	AF432138.1	0.990971	4	308	750	443	9	3	50
uniq_05699	AM905356.1	0.934537	29	300	742	443	9	3	50
uniq_100000	AF064459.1	0.884876	51	307	771	443	9	3	50
uniq_100148	AB108826.1	0.864560	60	318	777	443	9	3	50
uniq_100282	AF201981.1	0.925508	33	327	766	443	9	3	50
uniq_100589	AF385563.1	0.966140	15	318	760	443	9	3	50
uniq_100638	AF201981.1	0.927765	32	327	766	443	9	3	50
uniq_100798	AF094731.1	0.878104	54	307	771	443	9	3	50
uniq_100959	AF385510.1	0.918736	36	326	765	443	9	3	50
uniq_102912	AY008309.1	0.984199	7	308	750	443	9	3	50
uniq_103326	EU259447.1	0.923251	34	341	784	443	9	3	50
uniq_107096	EU071543.1	0.943567	25	298	740	443	9	3	50
uniq_107135	EF512007.1	0.880361	53	313	777	443	9	3	50
uniq_107144	AJ508455.1	0.893905	47	315	755	443	9	3	50
uniq_107201	AJ295750.1	0.970655	13	300	742	443	9	3	50
uniq_107209	EU670056.1	0.878104	54	320	779	443	9	3	50
uniq_107681	AB098612.1	0.896163	46	313	777	443	9	3	50
uniq_107884	EU071543.1	0.952596	21	298	740	443	9	3	50
uniq_107915	AF287761.1	0.981941	8	326	767	443	9	3	50
uniq_107923	AY008310.1	0.873589	56	318	777	443	9	3	50
uniq_107984	DQ160208.1	0.916479	37	342	780	443	9	3	50
uniq_108019	AF385519.1	0.875847	55	320	779	443	9	3	50
uniq_108068	AY008309.1	0.970655	13	308	750	443	9	3	50
uniq_108256	AY008309.1	0.954853	20	308	750	443	9	3	50
uniq_108284	AJ290755.1	0.900677	44	315	779	443	9	3	50
uniq_108492	EU670056.1	0.855530	64	320	779	443	9	3	50
uniq_108791	EU071543.1	0.950339	22	298	740	443	9	3	50
uniq_108847	AF385569.1	0.884876	51	302	761	443	9	3	50
uniq_108895	X79463.1	0.898420	45	311	755	443	9	3	50
uniq_108896	AF432139.1	0.871332	57	319	783	443	9	3	50
uniq_108946	AY029806.1	0.984199	7	308	750	443	9	3	50
uniq_109084	AM905356.1	0.948081	23	300	742	443	9	3	50
uniq_109388	AF385510.1	0.914221	38	326	765	443	9	3	50
uniq_109686	AY278618.1	0.914221	38	326	765	443	9	3	50
uniq_109714	EF512007.1	0.896163	46	313	777	443	9	3	50
uniq_109816	AY207053.1	0.993228	3	310	752	443	9	3	50
uniq_109851	AB087265.1	0.851016	66	313	777	443	9	3	50
uniq_110013	AB098612.1	0.891648	48	313	777	443	9	3	50
uniq_110654	AY008310.1	0.884876	51	318	777	443	9	3	50
uniq_110667	EU670056.1	0.869074	58	320	779	443	9	3	50
uniq_110923	AB076677.1	0.882619	52	310	750	443	9	3	50
uniq_111003	AM905356.1	0.869074	58	300	742	443	9	3	50
uniq_111164	AY278621.1	0.943567	25	308	750	443	9	3	50
uniq_111699	AF385518.1	0.884876	51	308	750	443	9	3	50
uniq_112105	AF287775.1	0.880361	53	327	766	443	9	3	50
uniq_112119	AF432138.1	0.970655	13	308	750	443	9	3	50
uniq_112167	EU071543.1	0.862302	61	298	740	443	9	3	50
uniq_112420	AF385518.1	0.943567	25	308	750	443	9	3	50
uniq_112459	EF512007.1	0.887133	50	313	777	443	9	3	50
uniq_112792	EU670056.1	0.878104	54	320	779	443	9	3	50
uniq_112922	AF287761.1	0.905192	42	326	767	443	9	3	50
uniq_113097	AF385518.1	0.963883	16	308	750	443	9	3	50
uniq_113258	AF481217.1	0.864560	60	311	753	443	9	3	50
uniq_113495	AY278618.1	0.925508	33	326	765	443	9	3	50
uniq_113621	AM697133.1	0.862302	61	322	787	443	9	3	50
uniq_113697	AY162222.1	0.972912	12	312	754	443	9	3	50
uniq_114244	AY008309.1	0.968397	14	308	750	443	9	3	50
uniq_114258	AM697133.1	0.832957	74	322	787	443	9	3	50
uniq_114609	AF366270.1	0.878104	54	302	761	443	9	3	50
uniq_114946	AF385518.1	0.939052	27	308	750	443	9	3	50
uniq_114954	AF385518.1	0.939052	27	308	750	443	9	3	50
uniq_115752	AY278621.1	0.941309	26	308	750	443	9	3	50
uniq_116006	EU071543.1	0.943567	25	298	740	443	9	3	50
uniq_116028	EF510383.1	0.866817	59	321	785	443	9	3	50
uniq_116287	AF385510.1	0.927765	32	326	765	443	9	3	50
uniq_116457	AM905356.1	0.911964	39	300	742	443	9	3	50
uniq_116483	AM905356.1	0.968397	14	300	742	443	9	3	50
uniq_117234	AF385575.1	0.902935	43	298	740	443	9	3	50
uniq_117791	AM905356.1	0.957111	19	300	742	443	9	3	50
uniq_117905	AF481217.1	0.975169	11	311	753	443	9	3	50
uniq_118473	AY134900.1	0.871332	57	298	740	443	9	3	50
uniq_118866	DQ160208.1	0.911964	39	342	780	443	9	3	50
uniq_119016	AM905356.1	0.918736	36	300	742	443	9	3	50
uniq_119047	DQ087193.1	0.943567	25	308	750	443	9	3	50
uniq_119383	AM697389.1	0.936795	28	307	749	443	9	3	50
uniq_119391	AM905356.1	0.943567	25	300	742	443	9	3	50
uniq_119430	EU071543.1	0.943567	25	298	740	443	9	3	50
uniq_119856	AY005069.1	0.869074	58	318	778	443	9	3	50
uniq_121921	AF432138.1	0.966140	15	308	750	443	9	3	50
uniq_123123	AF418973.1	0.968397	14	282	725	443	9	3	50
uniq_140251	AF287775.1	0.902935	43	327	766	443	9	3	50
uniq_140358	AF543300.1	0.966140	15	311	753	443	9	3	50
uniq_140586	EU071543.1	0.920993	35	298	740	443	9	3	50
uniq_140696	AY008309.1	0.968397	14	308	750	443	9	3	50
uniq_140993	AF385566.1	0.893905	47	335	800	443	9	3	50
uniq_141003	AF385566.1	0.866817	59	335	800	443	9	3	50
uniq_141016	AF385518.1	0.930023	31	308	750	443	9	3	50
uniq_141021	EF512007.1	0.898420	45	313	777	443	9	3	50
uniq_141095	AY349402.1	0.855530	64	318	776	443	9	3	50
uniq_141124	AY207063.1	0.841986	70	325	789	443	9	3	50
uniq_141194	AY008309.1	0.943567	25	308	750	443	9	3	50
uniq_141255	AF385571.1	0.891648	48	307	746	443	9	3	50
uniq_141694	EU071543.1	0.857788	63	298	740	443	9	3	50
uniq_142307	AY349402.1	0.889391	49	318	776	443	9	3	50
uniq_142491	AF432141.1	0.918736	36	350	791	443	9	3	50
uniq_142518	AY278621.1	0.950339	22	308	750	443	9	3	50
uniq_142876	EU071543.1	0.925508	33	298	740	443	9	3	50
uniq_143142	AF287777.1	0.855530	64	326	765	443	9	3	50
uniq_143280	AF287761.1	0.814898	82	326	767	443	9	3	50
uniq_143482	Y09656.1	0.902935	43	310	754	443	9	3	50
uniq_143593	AF385520.1	0.988713	5	350	791	443	9	3	50
uniq_143606	AY278621.1	0.914221	38	308	750	443	9	3	50
uniq_144673	DQ814460.1	0.794582	91	306	748	443	9	3	50
uniq_144907	AF385563.1	0.939052	27	318	760	443	9	3	50
uniq_144992	AB015542.1	0.814898	82	314	754	443	9	3	50
uniq_145553	EF512007.1	0.873589	56	313	777	443	9	3	50
uniq_146021	AF385563.1	0.966140	15	318	760	443	9	3	50
uniq_146128	AF385519.1	0.857788	63	320	779	443	9	3	50
uniq_146149	AY278621.1	0.830700	75	308	750	443	9	3	50
uniq_146246	AY008309.1	0.966140	15	308	750	443	9	3	50
uniq_146417	AF385519.1	0.844244	69	320	779	443	9	3	50
uniq_146692	EF512007.1	0.878104	54	313	777	443	9	3	50
uniq_146824	EU071543.1	0.939052	27	298	740	443	9	3	50
uniq_146920	AY008310.1	0.878104	54	318	777	443	9	3	50
uniq_147185	AF481217.1	0.862302	61	311	753	443	9	3	50
uniq_147501	AF432138.1	0.907449	41	308	750	443	9	3	50
uniq_147571	AY029807.1	0.920993	35	310	752	443	9	3	50
uniq_147573	EU071543.1	0.957111	19	298	740	443	9	3	50
uniq_147726	AY278621.1	0.950339	22	308	750	443	9	3	50
uniq_147747	AJ400239.1	0.916479	37	352	794	443	9	3	50
uniq_148018	AY278621.1	0.941309	26	308	750	443	9	3	50
uniq_148335	AF385518.1	0.954853	20	308	750	443	9	3	50
uniq_148494	AM420011.1	0.857788	63	318	777	443	9	3	50
uniq_148976	AY349387.1	0.837472	72	308	750	443	9	3	50
uniq_149049	AM697389.1	0.799097	89	307	749	443	9	3	50
uniq_149131	AJ488072.1	0.941309	26	327	766	443	9	3	50
uniq_149379	AY029807.1	0.948081	23	310	752	443	9	3	50
uniq_149420	AF385510.1	0.914221	38	326	765	443	9	3	50
uniq_149475	AB076677.1	0.896163	46	310	750	443	9	3	50
uniq_149650	Y09656.1	0.869074	58	310	754	443	9	3	50
uniq_149655	AB076677.1	0.884876	51	310	750	443	9	3	50
uniq_150013	AF481217.1	0.860045	62	311	753	443	9	3	50
uniq_150328	AF385571.1	0.941309	26	307	746	443	9	3	50
uniq_150434	AF385563.1	0.952596	21	318	760	443	9	3	50
uniq_150866	AY278621.1	0.945824	24	308	750	443	9	3	50
uniq_150915	AY207053.1	0.839729	71	310	752	443	9	3	50
uniq_151057	AY445131.1	0.871332	57	332	796	443	9	3	50
uniq_151083	AY278621.1	0.961625	17	308	750	443	9	3	50
uniq_151087	AJ508455.1	0.887133	50	315	755	443	9	3	50
uniq_151388	AF385511.1	0.862302	61	320	779	443	9	3	50
uniq_151445	AF385519.1	0.835214	73	320	779	443	9	3	50
uniq_151538	AY134900.1	0.866817	59	298	740	443	9	3	50
uniq_151582	AF287770.1	0.907449	41	325	763	443	9	3	50
uniq_151940	AF543300.1	0.887133	50	311	753	443	9	3	50
uniq_152210	AY134905.1	0.814898	82	318	777	443	9	3	50
uniq_152516	AF385520.1	0.934537	29	350	791	443	9	3	50
uniq_152580	AF432141.1	0.889391	49	350	791	443	9	3	50
uniq_152635	DQ160208.1	0.893905	47	342	780	443	9	3	50
uniq_152738	AF432130.1	0.943567	25	298	740	443	9	3	50
uniq_153101	EF511101.1	0.896163	46	313	777	443	9	3	50
uniq_153548	AF385518.1	0.857788	63	308	750	443	9	3	50
uniq_153611	AF432138.1	0.939052	27	308	750	443	9	3	50
uniq_153934	Z35304.1	0.920993	35	314	756	443	9	3	50
uniq_154040	AF385518.1	0.966140	15	308	750	443	9	3	50
uniq_154442	AY345495.1	0.848758	67	307	766	443	9	3	50
uniq_154565	AF287770.1	0.920993	35	325	763	443	9	3	50
uniq_154600	AF385520.1	0.943567	25	350	791	443	9	3	50
uniq_154697	AY278621.1	0.952596	21	308	750	443	9	3	50
uniq_154982	AF385519.1	0.864560	60	320	779	443	9	3	50
uniq_155065	AJ535710.1	0.787810	94	283	722	443	9	3	50
uniq_155258	AJ400239.1	0.893905	47	352	794	443	9	3	50
uniq_155417	AY278621.1	0.821670	79	308	750	443	9	3	50
uniq_155517	AF385563.1	0.848758	67	318	760	443	9	3	50
uniq_155622	AF287816.1	0.911964	39	307	749	443	9	3	50
uniq_155626	EF510424.1	0.869074	58	332	796	443	9	3	50
uniq_155932	AF385572.1	0.984199	7	310	752	443	9	3	50
uniq_155958	AF481217.1	0.968397	14	311	753	443	9	3	50
uniq_156051	EF512007.1	0.869074	58	313	777	443	9	3	50
uniq_156284	AY134905.1	0.814898	82	318	777	443	9	3	50
uniq_156511	AY278622.1	0.887133	50	335	800	443	9	3	50
uniq_156608	AY345495.1	0.846501	68	307	766	443	9	3	50
uniq_156759	AF287770.1	0.918736	36	325	763	443	9	3	50
uniq_157148	AY349393.1	0.887133	50	320	779	443	9	3	50
uniq_157468	AY207064.1	0.819413	80	319	783	443	9	3	50
uniq_157538	AF287761.1	0.880361	53	326	767	443	9	3	50
uniq_157649	AY212583.1	0.970655	13	284	727	443	9	3	50
uniq_157703	AJ400239.1	0.900677	44	352	794	443	9	3	50
uniq_157782	AF385571.1	0.943567	25	307	746	443	9	3	50
uniq_158226	AY349374.1	0.907449	41	327	779	443	9	3	50
uniq_158570	AJ251215.1	0.844244	69	326	767	443	9	3	50
uniq_159863	AY029807.1	0.988713	5	310	752	443	9	3	50
uniq_160065	EU071543.1	0.952596	21	298	740	443	9	3	50
uniq_160186	AM696906.1	0.984199	7	308	750	443	9	3	50
uniq_160727	AY349402.1	0.875847	55	318	776	443	9	3	50
uniq_160956	Y09658.1	0.893905	47	310	754	443	9	3	50
uniq_161010	AY429468.1	0.882619	52	304	763	443	9	3	50
uniq_161160	AF292371.1	0.900677	44	311	754	443	9	3	50
uniq_161636	AF481213.1	0.981941	8	309	751	443	9	3	50
uniq_162616	AY005033.1	0.884876	51	313	777	443	9	3	50
uniq_162870	EU259447.1	0.891648	48	341	784	443	9	3	50
uniq_163164	EF512007.1	0.896163	46	313	777	443	9	3	50
uniq_164282	AY005033.1	0.887133	50	313	777	443	9	3	50
uniq_166204	AY958914.1	0.972912	12	310	751	443	9	3	50
uniq_166221	DQ325537.1	0.959368	18	314	756	443	9	3	50
uniq_166497	DQ325537.1	0.925508	33	314	756	443	9	3	50
uniq_166579	AF224306.1	0.882619	52	312	776	443	9	3	50
uniq_166649	AY493984.1	0.961625	17	282	725	443	9	3	50
uniq_166874	EF032789.1	0.939052	27	282	723	443	9	3	50
uniq_166997	AY331415.1	0.869074	58	320	779	443	9	3	50
uniq_167298	AF432138.1	0.957111	19	308	750	443	9	3	50
uniq_167425	AY005069.1	0.860045	62	318	778	443	9	3	50
uniq_167497	DQ814830.1	0.796840	90	306	748	443	9	3	50
uniq_167725	AJ575539.1	0.866817	59	311	755	443	9	3	50
uniq_168910	AY278621.1	0.954853	20	308	750	443	9	3	50
uniq_169194	AY349385.1	0.869074	58	308	750	443	9	3	50
uniq_169514	AJ290758.1	0.878104	54	313	777	443	9	3	50
uniq_170353	AJ290758.1	0.884876	51	313	777	443	9	3	50
uniq_170520	Y09659.1	0.880361	53	311	755	443	9	3	50
uniq_170592	AF537211.1	0.948081	23	328	766	443	9	3	50
uniq_172979	AY008309.1	0.941309	26	308	750	443	9	3	50
uniq_173115	DQ666091.1	0.902935	43	310	752	443	9	3	50
uniq_173647	AM697440.1	0.878104	54	322	787	443	9	3	50
uniq_174483	AF481213.1	0.961625	17	309	751	443	9	3	50
uniq_174558	AY005069.1	0.882619	52	318	778	443	9	3	50
uniq_180472	AB098582.1	0.884876	51	311	775	443	9	3	50
uniq_181192	AF287770.1	0.920993	35	325	763	443	9	3	50
uniq_186802	AF050580.1	0.950339	22	322	764	443	9	3	50
uniq_187661	AJ133163.1	0.959368	18	280	722	443	9	3	50
uniq_199627	AY008691.1	0.875847	55	317	776	443	9	3	50
uniq_201476	AF432138.1	0.934537	29	308	750	443	9	3	50
uniq_202926	EF512007.1	0.871332	57	313	777	443	9	3	50
uniq_202937	AY134896.1	0.995485	2	308	750	443	9	3	50
uniq_202948	AB108826.1	0.866817	59	318	777	443	9	3	50
uniq_203031	EU071543.1	0.923251	34	298	740	443	9	3	50
uniq_203276	EF509150.1	0.848758	67	310	752	443	9	3	50
uniq_205030	AF385510.1	0.939052	27	326	765	443	9	3	50
uniq_205146	AF385518.1	0.853273	65	308	750	443	9	3	50
uniq_206025	AJ290758.1	0.864560	60	313	777	443	9	3	50
uniq_208530	AF385518.1	0.880361	53	308	750	443	9	3	50
uniq_209735	AB098612.1	0.839729	71	313	777	443	9	3	50
uniq_210666	AY278618.1	0.941309	26	326	765	443	9	3	50
uniq_211781	AF432133.1	0.866817	59	320	779	443	9	3	50
uniq_213038	AF432138.1	0.950339	22	308	750	443	9	3	50
uniq_216164	AY008691.1	0.882619	52	317	776	443	9	3	50
uniq_216298	AY116496.1	0.857788	63	313	757	443	9	3	50
uniq_217293	AY008309.1	0.837472	72	308	750	443	9	3	50
uniq_217633	AF287813.1	0.970655	13	308	750	443	9	3	50
uniq_219347	AY008310.1	0.880361	53	318	777	443	9	3	50
uniq_219579	AF224306.1	0.878104	54	312	776	443	9	3	50
uniq_220094	AJ307980.1	0.857788	63	310	752	443	9	3	50
uniq_220111	AM420075.1	0.873589	56	311	753	443	9	3	50
uniq_220159	AY134900.1	0.914221	38	298	740	443	9	3	50
uniq_220679	AF385563.1	0.884876	51	318	760	443	9	3	50
uniq_220768	AF399956.1	0.997743	1	327	769	443	9	3	50
uniq_220823	AY278621.1	0.945824	24	308	750	443	9	3	50
uniq_220868	AF385520.1	0.952596	21	350	791	443	9	3	50
uniq_221282	AF432133.1	0.864560	60	320	779	443	9	3	50
uniq_221373	EU670056.1	0.882619	52	320	779	443	9	3	50
uniq_221377	AF385563.1	0.939052	27	318	760	443	9	3	50
uniq_221904	AB076677.1	0.869074	58	310	750	443	9	3	50
uniq_222066	AY445131.1	0.860045	62	332	796	443	9	3	50
uniq_222976	AY321375.1	0.848758	67	327	792	443	9	3	50
uniq_223218	AF385564.1	0.862302	61	320	778	443	9	3	50
uniq_223290	AF481222.1	0.914221	38	325	764	443	9	3	50
uniq_223439	AF385543.1	0.880361	53	326	764	443	9	3	50
uniq_223773	EU670056.1	0.866817	59	320	779	443	9	3	50
uniq_224030	AF385518.1	0.927765	32	308	750	443	9	3	50
uniq_224391	AY278621.1	0.934537	29	308	750	443	9	3	50
uniq_224585	AF385559.1	0.889391	49	326	764	443	9	3	50
uniq_224725	AY349385.1	0.968397	14	308	750	443	9	3	50
uniq_224808	AF385566.1	0.866817	59	335	800	443	9	3	50
uniq_225030	AY134900.1	0.860045	62	298	740	443	9	3	50
uniq_225289	AF385565.1	0.880361	53	315	774	443	9	3	50
uniq_225515	DQ087193.1	0.844244	69	308	750	443	9	3	50
uniq_226363	EU670056.1	0.837472	72	320	779	443	9	3	50
uniq_226403	AF385564.1	0.878104	54	320	779	443	9	3	50
uniq_226629	DQ113683.1	0.864560	60	300	742	443	9	3	50
uniq_226633	AY278621.1	0.855530	64	308	750	443	9	3	50
uniq_227295	AM420011.1	0.864560	60	318	777	443	9	3	50
uniq_227359	AY662018.1	0.896163	46	307	749	443	9	3	50
uniq_227765	AY134900.1	0.844244	69	298	740	443	9	3	50
uniq_228069	AF432130.1	0.871332	57	298	740	443	9	3	50
uniq_228407	AF050580.1	0.853273	65	322	764	443	9	3	50
uniq_228422	AF385510.1	0.887133	50	326	765	443	9	3	50
uniq_228822	AY162222.1	0.873589	56	312	754	443	9	3	50
uniq_229099	AF385551.1	0.860045	62	320	779	443	9	3	50
uniq_229363	AF385571.1	0.900677	44	307	746	443	9	3	50
uniq_229382	AY349393.1	0.871332	57	320	779	443	9	3	50
uniq_229694	AY349403.1	0.871332	57	328	792	443	9	3	50
uniq_229967	AY230771.1	0.923251	34	325	764	443	9	3	50
uniq_230005	AF385519.1	0.830700	75	320	779	443	9	3	50
uniq_230682	EF512007.1	0.860045	62	313	777	443	9	3	50
uniq_230770	AY278621.1	0.952596	21	308	750	443	9	3	50
uniq_230957	AJ415376.1	0.857788	63	310	754	443	9	3	50
uniq_230967	AF385566.1	0.900677	44	335	800	443	9	3	50
uniq_231286	AY278621.1	0.936795	28	308	750	443	9	3	50
uniq_23143	AY485603.1	0.857788	63	317	781	443	9	3	50
uniq_231431	AB098612.1	0.891648	48	313	777	443	9	3	50
uniq_231507	AB108826.1	0.869074	58	318	777	443	9	3	50
uniq_232411	AY008309.1	0.975169	11	308	750	443	9	3	50
uniq_232838	AF385510.1	0.905192	42	326	765	443	9	3	50
uniq_232946	AM697133.1	0.846501	68	322	787	443	9	3	50
uniq_233110	AF481217.1	0.972912	12	311	753	443	9	3	50
uniq_233148	EU071543.1	0.871332	57	298	740	443	9	3	50
uniq_233431	AF481217.1	0.918736	36	311	753	443	9	3	50
uniq_233833	AF040719.1	0.826185	77	320	779	443	9	3	50
uniq_233927	AY134900.1	0.839729	71	298	740	443	9	3	50
uniq_234353	AM277334.1	0.905192	42	323	787	443	9	3	50
uniq_234585	AB076677.1	0.916479	37	310	750	443	9	3	50
uniq_234700	AJ295750.1	0.934537	29	300	742	443	9	3	50
uniq_235336	AM420075.1	0.846501	68	311	753	443	9	3	50
uniq_235391	AY278611.1	0.909707	40	314	771	443	9	3	50
uniq_235491	AF385563.1	0.855530	64	318	760	443	9	3	50
uniq_235809	AY230771.1	0.945824	24	325	764	443	9	3	50
uniq_235887	AM420243.1	0.954853	20	298	740	443	9	3	50
uniq_235978	EF445244.1	0.862302	61	318	760	443	9	3	50
uniq_236016	AF385510.1	0.893905	47	326	765	443	9	3	50
uniq_236535	AF287761.1	0.871332	57	326	767	443	9	3	50
uniq_236777	AF385518.1	0.864560	60	308	750	443	9	3	50
uniq_236992	AF385571.1	0.934537	29	307	746	443	9	3	50
uniq_237010	EF512007.1	0.848758	67	313	777	443	9	3	50
uniq_237218	AY278621.1	0.923251	34	308	750	443	9	3	50
uniq_237403	AJ508455.1	0.893905	47	315	755	443	9	3	50
uniq_237571	DQ113683.1	0.873589	56	300	742	443	9	3	50
uniq_237675	AY134900.1	0.846501	68	298	740	443	9	3	50
uniq_237697	AM420011.1	0.828442	76	318	777	443	9	3	50
uniq_237902	AJ276810.1	0.862302	61	320	784	443	9	3	50
uniq_237990	AF385577.1	0.873589	56	329	768	443	9	3	50
uniq_238003	EU071543.1	0.873589	56	298	740	443	9	3	50
uniq_238127	EU071543.1	0.932280	30	298	740	443	9	3	50
uniq_238164	AY349385.1	0.972912	12	308	750	443	9	3	50
uniq_238470	AB108826.1	0.855530	64	318	777	443	9	3	50
uniq_238501	AF292371.1	0.871332	57	311	754	443	9	3	50
uniq_238615	AY278621.1	0.972912	12	308	750	443	9	3	50
uniq_238798	AF385565.1	0.853273	65	315	774	443	9	3	50
uniq_239095	AF385519.1	0.837472	72	320	779	443	9	3	50
uniq_239152	AY278621.1	0.871332	57	308	750	443	9	3	50
uniq_239340	AM419984.1	0.905192	42	309	749	443	9	3	50
uniq_239639	AF385563.1	0.961625	17	318	760	443	9	3	50
uniq_240042	AF385515.1	0.837472	72	315	774	443	9	3	50
uniq_240650	AY278621.1	0.950339	22	308	750	443	9	3	50
uniq_240891	AY134900.1	0.866817	59	298	740	443	9	3	50
uniq_241441	AY278621.1	0.918736	36	308	750	443	9	3	50
uniq_241550	AF201981.1	0.869074	58	327	766	443	9	3	50
uniq_242612	AY278618.1	0.896163	46	326	765	443	9	3	50
uniq_243205	AY489565.1	0.993228	3	308	750	443	9	3	50
uniq_243217	AB098612.1	0.896163	46	313	777	443	9	3	50
uniq_243637	AJ307980.1	0.851016	66	310	752	443	9	3	50
uniq_243792	AM420075.1	0.866817	59	311	753	443	9	3	50
uniq_243959	AY278618.1	0.927765	32	326	765	443	9	3	50
uniq_244121	AB076677.1	0.914221	38	310	750	443	9	3	50
uniq_244375	AF385563.1	0.871332	57	318	760	443	9	3	50
uniq_244813	AF287761.1	0.891648	48	326	767	443	9	3	50
uniq_244838	AY278622.1	0.875847	55	335	800	443	9	3	50
uniq_244976	AY278621.1	0.934537	29	308	750	443	9	3	50
uniq_245009	AJ508455.1	0.887133	50	315	755	443	9	3	50
uniq_245446	AF385518.1	0.945824	24	308	750	443	9	3	50
uniq_246187	AY008310.1	0.864560	60	318	777	443	9	3	50
uniq_246327	EU670056.1	0.860045	62	320	779	443	9	3	50
uniq_246710	AY349369.1	0.927765	32	328	767	443	9	3	50
uniq_246781	AF385515.1	0.873589	56	315	774	443	9	3	50
uniq_248168	AF385577.1	0.920993	35	329	768	443	9	3	50
uniq_248218	AF385571.1	0.920993	35	307	746	443	9	3	50
uniq_248449	AF537211.1	0.878104	54	328	766	443	9	3	50
uniq_249164	AF292371.1	0.875847	55	311	754	443	9	3	50
uniq_249188	AM697440.1	0.882619	52	322	787	443	9	3	50
uniq_251006	EU071543.1	0.864560	60	298	740	443	9	3	50
uniq_251048	EU071543.1	0.862302	61	298	740	443	9	3	50
uniq_251327	EU071543.1	0.943567	25	298	740	443	9	3	50
uniq_252059	AF287770.1	0.930023	31	325	763	443	9	3	50
uniq_253190	EU071543.1	0.930023	31	298	740	443	9	3	50
uniq_254122	AY134900.1	0.873589	56	298	740	443	9	3	50
uniq_254360	AY008309.1	0.968397	14	308	750	443	9	3	50
uniq_255233	AF481217.1	0.869074	58	311	753	443	9	3	50
uniq_255904	EF512007.1	0.884876	51	313	777	443	9	3	50
uniq_255920	EF512007.1	0.871332	57	313	777	443	9	3	50
uniq_256001	U43698.1	0.844244	69	317	777	443	9	3	50
uniq_256178	AF481217.1	0.875847	55	311	753	443	9	3	50
uniq_256195	AF481217.1	0.900677	44	311	753	443	9	3	50
uniq_256403	AY008309.1	0.934537	29	308	750	443	9	3	50
uniq_257182	D45057.1	0.925508	33	311	755	443	9	3	50
uniq_257580	AF385518.1	0.977427	10	308	750	443	9	3	50
uniq_257732	AJ575732.1	0.984199	7	317	759	443	9	3	50
uniq_25865	DQ413094.1	0.884876	51	298	741	443	9	3	50
uniq_259605	AF206305.1	0.939052	27	307	749	443	9	3	50
uniq_261990	U87968.1	0.941309	26	305	749	443	9	3	50
uniq_263575	AM411992.1	0.882619	52	307	771	443	9	3	50
uniq_266463	EU071543.1	0.945824	24	298	740	443	9	3	50
uniq_268681	AY278621.1	0.943567	25	308	750	443	9	3	50
uniq_271052	AB013253.1	0.887133	50	308	772	443	9	3	50
uniq_272411	AY328596.1	0.970655	13	298	740	443	9	3	50
uniq_272997	AF407407.1	0.936795	28	320	762	443	9	3	50
uniq_27529	AJ290754.1	0.891648	48	313	777	443	9	3	50
uniq_276492	AF481208.1	0.984199	7	329	771	443	9	3	50
uniq_277681	AF132261.1	0.970655	13	309	752	443	9	3	50
uniq_278215	AF018544.1	0.916479	37	312	750	443	9	3	50
uniq_278740	AY244961.1	0.932280	30	338	779	443	9	3	50
uniq_280142	EF511611.1	0.988713	5	283	724	443	9	3	50
uniq_282961	U70717.1	0.889391	49	282	723	443	9	3	50
uniq_283288	EF512007.1	0.887133	50	313	777	443	9	3	50
uniq_283426	AF385518.1	0.927765	32	308	750	443	9	3	50
uniq_283601	AB108826.1	0.869074	58	318	777	443	9	3	50
uniq_288584	AF201981.1	0.920993	35	327	766	443	9	3	50
uniq_288884	AF385563.1	0.957111	19	318	760	443	9	3	50
uniq_289983	DQ394599.1	0.875847	55	363	803	443	9	3	50
uniq_290258	EU071543.1	0.932280	30	298	740	443	9	3	50
uniq_291124	AF206305.1	0.970655	13	307	749	443	9	3	50
uniq_291925	AF224306.1	0.884876	51	312	776	443	9	3	50
uniq_293473	AF385518.1	0.916479	37	308	750	443	9	3	50
uniq_293517	AY349385.1	0.975169	11	308	750	443	9	3	50
uniq_293818	AF385575.1	0.864560	60	298	740	443	9	3	50
uniq_294472	AF432141.1	0.959368	18	350	792	443	9	3	50
uniq_295090	AF296873.1	0.923251	34	280	723	443	9	3	50
uniq_295250	AF385577.1	0.909707	40	329	768	443	9	3	50
uniq_295716	AF385564.1	0.864560	60	319	779	443	9	3	50
uniq_295958	AF385563.1	0.945824	24	318	760	443	9	3	50
uniq_296140	AF287770.1	0.920993	35	325	763	443	9	3	50
uniq_296617	AY349395.1	0.873589	56	320	779	443	9	3	50
uniq_29663	AY008309.1	0.860045	62	308	750	443	9	3	50
uniq_29696	AY429468.1	0.900677	44	304	763	443	9	3	50
uniq_297978	X80750.1	0.864560	60	310	754	443	9	3	50
uniq_298231	AF385551.1	0.871332	57	320	779	443	9	3	50
uniq_298512	AF385515.1	0.853273	65	315	774	443	9	3	50
uniq_298937	AJ307980.1	0.862302	61	310	752	443	9	3	50
uniq_299239	AY134900.1	0.855530	64	298	740	443	9	3	50
uniq_301139	AY207053.1	0.963883	16	310	752	443	9	3	50
uniq_301674	AY349395.1	0.862302	61	320	779	443	9	3	50
uniq_302731	AY207053.1	0.954853	20	310	752	443	9	3	50
uniq_303939	AF432139.1	0.848758	67	319	783	443	9	3	50
uniq_304459	EF510383.1	0.880361	53	321	785	443	9	3	50
uniq_305361	AY278618.1	0.907449	41	326	765	443	9	3	50
uniq_30561	AY429468.1	0.866817	59	304	763	443	9	3	50
uniq_306196	AF287809.1	0.855530	64	312	754	443	9	3	50
uniq_308639	DQ113683.1	0.878104	54	300	742	443	9	3	50
uniq_309475	AM420011.1	0.853273	65	318	777	443	9	3	50
uniq_309669	AF287770.1	0.907449	41	325	763	443	9	3	50
uniq_310059	AF287770.1	0.875847	55	325	763	443	9	3	50
uniq_31047	AY008309.1	0.932280	30	308	750	443	9	3	50
uniq_310795	AY134894.1	0.898420	45	302	761	443	9	3	50
uniq_311874	AF385518.1	0.945824	24	308	750	443	9	3	50
uniq_31198	EU071543.1	0.963883	16	298	740	443	9	3	50
uniq_31230	EF509150.1	0.954853	20	310	752	443	9	3	50
uniq_312597	AY278621.1	0.952596	21	308	750	443	9	3	50
uniq_312858	AY008309.1	0.902935	43	308	750	443	9	3	50
uniq_313223	AJ229203.1	0.907449	41	326	765	443	9	3	50
uniq_314339	AF399956.1	0.920993	35	327	769	443	9	3	50
uniq_315514	X71856.1	0.853273	65	318	760	443	9	3	50
uniq_31553	AY207053.1	0.841986	70	310	752	443	9	3	50
uniq_316892	AF385508.1	0.896163	46	327	766	443	9	3	50
uniq_317539	AM419984.1	0.918736	36	309	749	443	9	3	50
uniq_318400	EF512007.1	0.866817	59	313	777	443	9	3	50
uniq_320862	AY278621.1	0.941309	26	308	750	443	9	3	50
uniq_320913	AY230771.1	0.920993	35	325	764	443	9	3	50
uniq_320934	AF287770.1	0.932280	30	325	763	443	9	3	50
uniq_322263	AY349374.1	0.916479	37	327	779	443	9	3	50
uniq_324359	DQ160208.1	0.871332	57	342	780	443	9	3	50
uniq_325405	AF432133.1	0.841986	70	320	779	443	9	3	50
uniq_325600	AF287761.1	0.855530	64	326	767	443	9	3	50
uniq_326791	AF385577.1	0.963883	16	329	768	443	9	3	50
uniq_327130	AF432130.1	0.871332	57	298	740	443	9	3	50
uniq_328233	U65583.1	0.893905	47	315	779	443	9	3	50
uniq_329984	AF385543.1	0.925508	33	326	764	443	9	3	50
uniq_330552	AF385563.1	0.948081	23	318	760	443	9	3	50
uniq_332438	D14506.1	0.925508	33	279	718	443	9	3	50
uniq_332534	EU071543.1	0.957111	19	298	740	443	9	3	50
uniq_332640	AJ229203.1	0.882619	52	326	765	443	9	3	50
uniq_332747	AJ290758.1	0.828442	76	313	777	443	9	3	50
uniq_332810	AF385518.1	0.936795	28	307	750	443	9	3	50
uniq_332916	AY533382.1	0.907449	41	348	789	443	9	3	50
uniq_334133	AY188328.1	0.893905	47	313	752	443	9	3	50
uniq_334565	AY278621.1	0.914221	38	308	750	443	9	3	50
uniq_335938	AF385572.1	0.939052	27	310	752	443	9	3	50
uniq_335939	AF385571.1	0.925508	33	307	746	443	9	3	50
uniq_335977	AY134900.1	0.878104	54	298	740	443	9	3	50
uniq_336162	AY005025.1	0.853273	65	313	777	443	9	3	50
uniq_33753	AY207053.1	0.959368	18	310	752	443	9	3	50
uniq_337573	AY349387.1	0.939052	27	308	750	443	9	3	50
uniq_337835	AY134900.1	0.875847	55	298	740	443	9	3	50
uniq_338189	AY134900.1	0.866817	59	298	740	443	9	3	50
uniq_344374	D14506.1	0.920993	35	279	718	443	9	3	50
uniq_344585	AY029807.1	0.905192	42	310	752	443	9	3	50
uniq_345765	D14503.1	0.902935	43	279	718	443	9	3	50
uniq_345866	AY277938.1	0.869074	58	327	791	443	9	3	50
uniq_346895	DQ814793.1	0.823928	78	306	748	443	9	3	50
uniq_347385	D14506.1	0.907449	41	279	718	443	9	3	50
uniq_347993	AF053901.1	0.871332	57	313	777	443	9	3	50
uniq_348891	AB098612.1	0.841986	70	313	777	443	9	3	50
uniq_349221	AF292371.1	0.855530	64	311	754	443	9	3	50
uniq_350288	EF101551.1	0.871332	57	309	773	443	9	3	50
uniq_350579	AY328770.1	0.864560	60	313	777	443	9	3	50
uniq_350595	AF385510.1	0.941309	26	326	765	443	9	3	50
uniq_351108	AY278621.1	0.961625	17	308	750	443	9	3	50
uniq_354061	Y13366.1	0.880361	53	322	786	443	9	3	50
uniq_354634	AF385563.1	0.948081	23	318	760	443	9	3	50
uniq_35482	X87758.1	0.916479	37	314	759	443	9	3	50
uniq_354990	AY328770.1	0.851016	66	313	777	443	9	3	50
uniq_355706	AY349387.1	0.841986	70	308	750	443	9	3	50
uniq_356247	AF287761.1	0.880361	53	326	767	443	9	3	50
uniq_357075	EF101551.1	0.891648	48	309	773	443	9	3	50
uniq_357415	AF385571.1	0.898420	45	307	746	443	9	3	50
uniq_359197	AJ307980.1	0.862302	61	310	752	443	9	3	50
uniq_359424	AF385571.1	0.945824	24	307	746	443	9	3	50
uniq_360004	EF511070.1	0.851016	66	319	783	443	9	3	50
uniq_360624	AF385572.1	0.961625	17	310	752	443	9	3	50
uniq_36080	AF366276.1	0.866817	59	310	751	443	9	3	50
uniq_368314	AJ270478.1	0.990971	4	328	769	443	9	3	50
uniq_369339	AY662018.1	0.952596	21	307	749	443	9	3	50
uniq_372242	EF400347.1	0.997743	1	320	762	443	9	3	50
uniq_375481	AF132261.1	0.898420	45	309	752	443	9	3	50
uniq_38213	AY312403.1	0.871332	57	318	759	443	9	3	50
uniq_382998	EF512007.1	0.871332	57	313	777	443	9	3	50
uniq_386330	AF385508.1	0.943567	25	327	766	443	9	3	50
uniq_387172	AY349385.1	0.961625	17	308	750	443	9	3	50
uniq_389274	AY278618.1	0.941309	26	326	765	443	9	3	50
uniq_39258	X67609.1	0.902935	43	308	767	443	9	3	50
uniq_393239	AF432138.1	0.934537	29	308	750	443	9	3	50
uniq_394560	AY278618.1	0.927765	32	326	765	443	9	3	50
uniq_394588	AF385509.1	0.880361	53	318	777	443	9	3	50
uniq_394888	AY008310.1	0.862302	61	318	777	443	9	3	50
uniq_395195	AJ251215.1	0.909707	40	326	767	443	9	3	50
uniq_396048	AF385566.1	0.900677	44	335	800	443	9	3	50
uniq_396067	AB076677.1	0.887133	50	310	750	443	9	3	50
uniq_396079	AY008309.1	0.902935	43	308	750	443	9	3	50
uniq_396398	AB098612.1	0.891648	48	313	777	443	9	3	50
uniq_397533	AF385566.1	0.896163	46	335	800	443	9	3	50
uniq_397891	EF512007.1	0.857788	63	313	777	443	9	3	50
uniq_398168	AY278621.1	0.900677	44	308	750	443	9	3	50
uniq_398236	EF512007.1	0.875847	55	313	777	443	9	3	50
uniq_398579	AF385511.1	0.875847	55	320	779	443	9	3	50
uniq_398708	AM419984.1	0.875847	55	309	749	443	9	3	50
uniq_399134	AF481217.1	0.950339	22	311	753	443	9	3	50
uniq_399504	U65583.1	0.902935	43	315	779	443	9	3	50
uniq_399569	AF537211.1	0.898420	45	328	766	443	9	3	50
uniq_399933	AY278621.1	0.943567	25	308	750	443	9	3	50
uniq_400023	AJ244709.1	0.914221	38	281	720	443	9	3	50
uniq_400109	EU071543.1	0.869074	58	298	740	443	9	3	50
uniq_400180	AJ251215.1	0.882619	52	326	767	443	9	3	50
uniq_400209	AJ244709.1	0.920993	35	281	720	443	9	3	50
uniq_400283	AY030317.1	0.891648	48	320	784	443	9	3	50
uniq_400475	DQ160208.1	0.880361	53	342	780	443	9	3	50
uniq_400502	AF385519.1	0.869074	58	320	779	443	9	3	50
uniq_400738	AY230771.1	0.934537	29	325	764	443	9	3	50
uniq_401104	AY489565.1	0.957111	19	308	750	443	9	3	50
uniq_401301	AY134900.1	0.893905	47	298	740	443	9	3	50
uniq_401383	AF385508.1	0.934537	29	327	766	443	9	3	50
uniq_401780	AJ244709.1	0.918736	36	281	720	443	9	3	50
uniq_402394	AM696852.1	0.893905	47	322	786	443	9	3	50
uniq_402446	AF385551.1	0.875847	55	320	779	443	9	3	50
uniq_402528	AF023044.1	0.875847	55	313	777	443	9	3	50
uniq_402997	EU670056.1	0.873589	56	320	779	443	9	3	50
uniq_403333	AF385566.1	0.893905	47	335	800	443	9	3	50
uniq_404420	DQ160208.1	0.860045	62	342	780	443	9	3	50
uniq_404854	AY840553.1	0.873589	56	320	779	443	9	3	50
uniq_404916	AF224305.1	0.882619	52	313	777	443	9	3	50
uniq_405456	AY278618.1	0.939052	27	326	765	443	9	3	50
uniq_405723	AY005069.1	0.846501	68	318	778	443	9	3	50
uniq_406373	AF481222.1	0.930023	31	325	764	443	9	3	50
uniq_406630	AF287761.1	0.934537	29	326	767	443	9	3	50
uniq_406644	AY349385.1	0.918736	36	308	750	443	9	3	50
uniq_406735	U43698.1	0.864560	60	317	777	443	9	3	50
uniq_406760	AM277334.1	0.862302	61	323	787	443	9	3	50
uniq_40682	EF512007.1	0.857788	63	313	777	443	9	3	50
uniq_407058	AF394174.1	0.916479	37	281	720	443	9	3	50
uniq_407268	AY207057.1	0.869074	58	318	778	443	9	3	50
uniq_407409	AF201981.1	0.934537	29	327	766	443	9	3	50
uniq_407602	DQ372730.1	0.914221	38	305	749	443	9	3	50
uniq_407648	EU670056.1	0.855530	64	320	779	443	9	3	50
uniq_407842	Y13366.1	0.891648	48	322	786	443	9	3	50
uniq_408278	AY349385.1	0.925508	33	308	750	443	9	3	50
uniq_41816	DQ815041.1	0.808126	85	306	748	443	9	3	50
uniq_42190	AF385519.1	0.862302	61	320	779	443	9	3	50
uniq_42216	AF287761.1	0.936795	28	326	767	443	9	3	50
uniq_42377	AM420243.1	0.957111	19	298	740	443	9	3	50
uniq_43086	AY008309.1	0.966140	15	308	750	443	9	3	50
uniq_43374	AY349381.1	0.887133	50	311	775	443	9	3	50
uniq_48453	DQ280367.1	0.738149	116	319	783	443	9	3	50
uniq_51397	AJ249098.1	0.952596	21	320	762	443	9	3	50
uniq_54545	EF208677.1	0.914221	38	310	750	443	9	3	50
uniq_59154	DQ413094.1	0.941309	26	298	741	443	9	3	50
uniq_59761	EU670056.1	0.887133	50	320	779	443	9	3	50
uniq_60067	EU670056.1	0.853273	65	320	779	443	9	3	50
uniq_60863	DQ387860.1	0.869074	58	308	752	443	9	3	50
uniq_61059	AF385571.1	0.930023	31	307	746	443	9	3	50
uniq_61136	AY008310.1	0.848758	67	318	777	443	9	3	50
uniq_62633	X80750.1	0.869074	58	310	754	443	9	3	50
uniq_66086	AJ508455.1	0.889391	49	315	755	443	9	3	50
uniq_66249	AF287777.1	0.932280	30	326	765	443	9	3	50
uniq_67426	AY349385.1	0.959368	18	308	750	443	9	3	50
uniq_67572	AB108825.1	0.837472	72	318	777	443	9	3	50
uniq_68666	AY207053.1	0.948081	23	310	752	443	9	3	50
uniq_69497	AF385520.1	0.972912	12	350	791	443	9	3	50
uniq_69927	AF385519.1	0.851016	66	320	779	443	9	3	50
uniq_71577	AM696906.1	0.972912	12	308	750	443	9	3	50
uniq_73365	AF385551.1	0.857788	63	320	779	443	9	3	50
uniq_73885	AF385571.1	0.950339	22	307	746	443	9	3	50
uniq_74093	AY349387.1	0.959368	18	308	750	443	9	3	50
uniq_74653	AF432138.1	0.963883	16	308	750	443	9	3	50
uniq_78659	AF206305.1	0.972912	12	307	749	443	9	3	50
uniq_81444	AF206305.1	0.966140	15	307	749	443	9	3	50
uniq_82796	AM420243.1	0.950339	22	298	740	443	9	3	50
uniq_83114	AY278611.1	0.880361	53	314	771	443	9	3	50
uniq_83849	AY278621.1	0.864560	60	308	750	443	9	3	50
uniq_84797	AF287761.1	0.945824	24	326	767	443	9	3	50
uniq_85207	AF385518.1	0.948081	23	308	750	443	9	3	50
uniq_85360	AF287806.1	0.857788	63	311	753	443	9	3	50
uniq_85469	AF206305.1	0.957111	19	307	749	443	9	3	50
uniq_86372	AY349374.1	0.875847	55	327	779	443	9	3	50
uniq_87229	AB076677.1	0.911964	39	310	750	443	9	3	50
uniq_87382	AY008309.1	0.844244	69	308	750	443	9	3	50
uniq_87715	AF399956.1	0.927765	32	327	769	443	9	3	50
uniq_87845	AF432138.1	0.911964	39	308	750	443	9	3	50
uniq_88451	AF201981.1	0.871332	57	327	766	443	9	3	50
uniq_89908	AF385569.1	0.907449	41	302	761	443	9	3	50
uniq_91914	AY472116.1	0.866817	59	307	771	443	9	3	50
uniq_94125	AY242068.1	0.871332	57	309	773	443	9	3	50
uniq_94295	AF432136.1	0.875847	55	319	783	443	9	3	50
uniq_94488	AY278621.1	0.939052	27	308	750	443	9	3	50
uniq_94743	AF287761.1	0.891648	48	326	767	443	9	3	50
uniq_95525	EU071543.1	0.918736	36	298	740	443	9	3	50
uniq_95997	AF385510.1	0.927765	32	326	765	443	9	3	50
uniq_97057	AF468404.1	0.835214	73	305	769	443	9	3	50
uniq_98106	AF201981.1	0.950339	22	327	766	443	9	3	50
uniq_99016	AF385518.1	0.932280	30	308	750	443	9	3	50
uniq_99583	AJ415376.1	0.891648	48	310	754	443	9	3	50
uniq_99675	AF255336.1	0.891648	48	307	771	443	9	3	50
uniq_01082	AJ239003.1	0.986425	6	283	724	442	9	3	50
uniq_01325	AY207060.1	0.993213	3	322	763	442	9	3	50
uniq_02261	AB037875.1	0.986425	6	326	767	442	9	3	50
uniq_04154	AB306661.1	0.909502	40	310	748	442	9	3	50
uniq_06958	AY134904.1	0.966063	15	326	767	442	9	3	50
uniq_07771	AJ400239.1	0.952489	21	352	794	442	9	3	50
uniq_08060	AF287761.1	0.959276	18	326	767	442	9	3	50
uniq_100355	AF385520.1	0.945701	24	350	791	442	9	3	50
uniq_100889	AF513102.1	0.972851	12	299	740	442	9	3	50
uniq_100904	EF510424.1	0.880090	53	332	796	442	9	3	50
uniq_100972	AF432137.1	0.866516	59	319	783	442	9	3	50
uniq_101420	AF292371.1	0.925339	33	311	754	442	9	3	50
uniq_102101	D11348.1	0.914027	38	318	759	442	9	3	50
uniq_107186	AF287761.1	0.957014	19	326	767	442	9	3	50
uniq_107219	AY533382.1	0.957014	19	348	789	442	9	3	50
uniq_107248	EF510424.1	0.850679	66	332	796	442	9	3	50
uniq_10725	AF287761.1	0.857466	63	326	767	442	9	3	50
uniq_107397	AF287761.1	0.961538	17	326	767	442	9	3	50
uniq_107527	AY278618.1	0.850679	66	326	765	442	9	3	50
uniq_107735	AF125205.1	0.984163	7	330	770	442	9	3	50
uniq_107853	AF287775.1	0.916290	37	327	766	442	9	3	50
uniq_108500	AY278618.1	0.918552	36	326	765	442	9	3	50
uniq_108636	AY349370.1	0.988688	5	306	747	442	9	3	50
uniq_108877	AF432136.1	0.875566	55	319	783	442	9	3	50
uniq_109266	AF385510.1	0.947964	23	326	765	442	9	3	50
uniq_109536	AY207060.1	0.893665	47	322	763	442	9	3	50
uniq_109775	AF287761.1	0.943439	25	326	767	442	9	3	50
uniq_109908	AM905356.1	0.947964	23	300	742	442	9	3	50
uniq_110616	AY044915.1	0.891403	48	314	772	442	9	3	50
uniq_111235	EF510424.1	0.855204	64	332	796	442	9	3	50
uniq_111306	AF366276.1	0.846154	68	310	751	442	9	3	50
uniq_111758	AF543300.1	0.966063	15	311	753	442	9	3	50
uniq_112178	EF510424.1	0.875566	55	332	796	442	9	3	50
uniq_11237	AM419984.1	0.990950	4	308	749	442	9	3	50
uniq_112434	EU071543.1	0.904977	42	298	740	442	9	3	50
uniq_113075	AY005026.1	0.884615	51	313	777	442	9	3	50
uniq_113135	AF481217.1	0.943439	25	311	753	442	9	3	50
uniq_113539	AY533381.1	0.986425	6	325	766	442	9	3	50
uniq_114019	EU071543.1	0.936652	28	298	740	442	9	3	50
uniq_114088	AF385543.1	0.895928	46	326	764	442	9	3	50
uniq_115159	AY032601.1	0.857466	63	319	784	442	9	3	50
uniq_115196	AF385520.1	0.952489	21	350	791	442	9	3	50
uniq_115642	AF287775.1	0.902715	43	327	766	442	9	3	50
uniq_115755	AF201981.1	0.963801	16	327	766	442	9	3	50
uniq_115785	AF537211.1	0.927602	32	328	766	442	9	3	50
uniq_115853	AY533381.1	0.961538	17	325	766	442	9	3	50
uniq_115928	AJ400239.1	0.968326	14	352	794	442	9	3	50
uniq_116062	AY008309.1	0.834842	73	308	750	442	9	3	50
uniq_116663	DQ113683.1	0.848416	67	300	742	442	9	3	50
uniq_116883	AF287761.1	0.972851	12	326	767	442	9	3	50
uniq_117253	AY044915.1	0.875566	55	314	772	442	9	3	50
uniq_118601	AM905356.1	0.902715	43	300	742	442	9	3	50
uniq_11927	AF408257.1	0.859729	62	320	783	442	9	3	50
uniq_119542	AM905356.1	0.963801	16	300	742	442	9	3	50
uniq_12367	EF510424.1	0.859729	62	332	796	442	9	3	50
uniq_130035	AY532554.1	0.837104	72	291	736	442	9	3	50
uniq_134331	AJ009475.1	0.886878	50	301	741	442	9	3	50
uniq_136525	AF543498.1	0.900452	44	315	754	442	9	3	50
uniq_140078	AJ307980.1	0.832579	74	310	752	442	9	3	50
uniq_140226	AF385543.1	0.907240	41	326	764	442	9	3	50
uniq_140780	AF481215.1	0.993213	3	305	746	442	9	3	50
uniq_140803	AM419984.1	0.932127	30	309	749	442	9	3	50
uniq_141358	AF481217.1	0.943439	25	311	753	442	9	3	50
uniq_141576	AY349402.1	0.839367	71	318	776	442	9	3	50
uniq_141933	EU071543.1	0.957014	19	298	740	442	9	3	50
uniq_142110	AJ400239.1	0.945701	24	352	794	442	9	3	50
uniq_142424	AF385520.1	0.923077	34	350	791	442	9	3	50
uniq_142580	AF287761.1	0.963801	16	326	767	442	9	3	50
uniq_142658	AF287775.1	0.873303	56	327	766	442	9	3	50
uniq_143010	DQ814791.1	0.886878	50	307	749	442	9	3	50
uniq_143159	AF385551.1	0.864253	60	320	779	442	9	3	50
uniq_143324	AF385566.1	0.875566	55	335	800	442	9	3	50
uniq_143603	EF602920.1	0.866516	59	318	759	442	9	3	50
uniq_143656	AY349385.1	0.904977	42	308	750	442	9	3	50
uniq_143712	AJ307980.1	0.846154	68	310	752	442	9	3	50
uniq_144026	AJ292035.1	0.873303	56	310	754	442	9	3	50
uniq_144221	AB108826.1	0.868778	58	318	777	442	9	3	50
uniq_144283	AF287761.1	0.911765	39	326	767	442	9	3	50
uniq_144627	EF511070.1	0.875566	55	319	783	442	9	3	50
uniq_144657	AF287775.1	0.880090	53	327	766	442	9	3	50
uniq_146212	AY278621.1	0.864253	60	308	750	442	9	3	50
uniq_146342	AY349370.1	0.923077	34	306	747	442	9	3	50
uniq_146395	AY278618.1	0.966063	15	326	765	442	9	3	50
uniq_146442	AJ488072.1	0.898190	45	327	766	442	9	3	50
uniq_146776	AF385520.1	0.961538	17	350	791	442	9	3	50
uniq_147276	EF510424.1	0.889140	49	332	796	442	9	3	50
uniq_147438	AF385520.1	0.970588	13	350	791	442	9	3	50
uniq_147581	AF219234.1	0.914027	38	313	753	442	9	3	50
uniq_147784	AF385520.1	0.975113	11	350	791	442	9	3	50
uniq_147825	AJ488072.1	0.891403	48	327	766	442	9	3	50
uniq_147833	AF287761.1	0.950226	22	326	767	442	9	3	50
uniq_148008	AJ318136.1	0.929864	31	299	738	442	9	3	50
uniq_148378	AY044915.1	0.884615	51	314	772	442	9	3	50
uniq_148912	AF287761.1	0.957014	19	326	767	442	9	3	50
uniq_149185	EF445244.1	0.850679	66	318	760	442	9	3	50
uniq_149251	X87758.1	0.914027	38	314	759	442	9	3	50
uniq_149306	EU071543.1	0.959276	18	298	740	442	9	3	50
uniq_149827	AF385520.1	0.927602	32	350	791	442	9	3	50
uniq_149869	AF385520.1	0.952489	21	350	791	442	9	3	50
uniq_150157	AY029806.1	0.914027	38	308	750	442	9	3	50
uniq_150177	AY278621.1	0.834842	73	308	750	442	9	3	50
uniq_150220	AY485603.1	0.882353	52	317	781	442	9	3	50
uniq_150348	AY008310.1	0.868778	58	318	777	442	9	3	50
uniq_150514	AF385518.1	0.873303	56	308	750	442	9	3	50
uniq_150532	AF287775.1	0.875566	55	327	766	442	9	3	50
uniq_150998	AY044915.1	0.893665	47	314	772	442	9	3	50
uniq_151019	DQ160208.1	0.943439	25	342	779	442	9	3	50
uniq_151512	AF287761.1	0.932127	30	326	767	442	9	3	50
uniq_151640	AY349402.1	0.868778	58	318	776	442	9	3	50
uniq_152274	AF385520.1	0.966063	15	350	791	442	9	3	50
uniq_152345	AY349402.1	0.834842	73	318	776	442	9	3	50
uniq_152735	AF537593.1	0.895928	46	313	767	442	9	3	50
uniq_152742	X71855.1	0.830317	75	327	766	442	9	3	50
uniq_152779	AJ229203.1	0.882353	52	326	765	442	9	3	50
uniq_152894	AF287775.1	0.884615	51	327	766	442	9	3	50
uniq_153187	AF219234.1	0.966063	15	313	753	442	9	3	50
uniq_153343	EF510424.1	0.880090	53	332	796	442	9	3	50
uniq_153681	AY349403.1	0.868778	58	328	792	442	9	3	50
uniq_153843	AF287775.1	0.893665	47	327	766	442	9	3	50
uniq_154071	AF287761.1	0.959276	18	326	767	442	9	3	50
uniq_154441	AF287761.1	0.945701	24	326	767	442	9	3	50
uniq_154753	AF287761.1	0.904977	42	326	767	442	9	3	50
uniq_155288	AF537211.1	0.934389	29	328	766	442	9	3	50
uniq_155522	AY349402.1	0.837104	72	318	776	442	9	3	50
uniq_155641	AJ488072.1	0.889140	49	327	766	442	9	3	50
uniq_155725	AY445131.1	0.837104	72	332	796	442	9	3	50
uniq_156247	AF292371.1	0.880090	53	311	754	442	9	3	50
uniq_156251	AF432137.1	0.880090	53	319	783	442	9	3	50
uniq_156504	AF432136.1	0.889140	49	319	783	442	9	3	50
uniq_156902	AY349402.1	0.861991	61	318	776	442	9	3	50
uniq_157221	AF287809.1	0.877828	54	312	754	442	9	3	50
uniq_157344	EU071543.1	0.929864	31	298	740	442	9	3	50
uniq_157611	AF385520.1	0.952489	21	350	791	442	9	3	50
uniq_157844	AY349402.1	0.866516	59	318	776	442	9	3	50
uniq_158056	AF385572.1	0.857466	63	310	752	442	9	3	50
uniq_158191	AF287775.1	0.938914	27	327	766	442	9	3	50
uniq_158596	AF385563.1	0.943439	25	318	760	442	9	3	50
uniq_160105	AY278621.1	0.841629	70	308	750	442	9	3	50
uniq_160129	AF481224.1	0.900452	44	334	798	442	9	3	50
uniq_160483	AY445131.1	0.871041	57	332	796	442	9	3	50
uniq_161342	EU071543.1	0.966063	15	298	740	442	9	3	50
uniq_161347	AY207064.1	0.873303	56	319	783	442	9	3	50
uniq_161606	AY005033.1	0.871041	57	313	777	442	9	3	50
uniq_161891	AJ619043.1	0.963801	16	299	740	442	9	3	50
uniq_162169	AF481212.1	0.993213	3	326	767	442	9	3	50
uniq_162584	AB098612.1	0.866516	59	313	777	442	9	3	50
uniq_163289	EU071543.1	0.947964	23	298	740	442	9	3	50
uniq_163328	AF432141.1	0.945701	24	350	791	442	9	3	50
uniq_163603	AF481212.1	0.950226	22	326	767	442	9	3	50
uniq_164214	AY207056.1	0.993213	3	307	748	442	9	3	50
uniq_164844	AY485603.1	0.882353	52	317	781	442	9	3	50
uniq_165159	EF510424.1	0.859729	62	332	796	442	9	3	50
uniq_165452	EF512007.1	0.884615	51	313	777	442	9	3	50
uniq_16634	DQ160208.1	0.920814	35	342	780	442	9	3	50
uniq_167059	AF016390.1	0.875566	55	321	785	442	9	3	50
uniq_171589	AF537211.1	0.920814	35	328	766	442	9	3	50
uniq_172023	EF512007.1	0.875566	55	313	777	442	9	3	50
uniq_172233	AF287775.1	0.902715	43	327	766	442	9	3	50
uniq_172629	AF385543.1	0.907240	41	326	764	442	9	3	50
uniq_174257	AY207060.1	0.961538	17	322	763	442	9	3	50
uniq_174700	AF481212.1	0.938914	27	326	767	442	9	3	50
uniq_177867	AF385563.1	0.936652	28	318	760	442	9	3	50
uniq_177999	EU071543.1	0.911765	39	298	740	442	9	3	50
uniq_180246	AY349387.1	0.925339	33	308	750	442	9	3	50
uniq_181066	AJ400239.1	0.911765	39	352	794	442	9	3	50
uniq_18447	AF287761.1	0.920814	35	326	767	442	9	3	50
uniq_184785	AF507686.1	0.916290	37	299	740	442	9	3	50
uniq_189512	DQ129389.1	0.981900	8	309	752	442	9	3	50
uniq_190130	AF050099.1	0.943439	25	326	767	442	9	3	50
uniq_198929	AJ619043.1	0.961538	17	299	740	442	9	3	50
uniq_199764	AJ133496.1	0.957014	19	312	754	442	9	3	50
uniq_200796	AY533381.1	0.889140	49	325	766	442	9	3	50
uniq_201156	AF183404.1	0.857466	63	320	779	442	9	3	50
uniq_202015	AF129869.1	0.807692	85	303	744	442	9	3	50
uniq_204194	AY533381.1	0.880090	53	325	766	442	9	3	50
uniq_204207	AF183404.1	0.864253	60	320	779	442	9	3	50
uniq_204780	AF287761.1	0.968326	14	326	767	442	9	3	50
uniq_205201	AF408257.1	0.884615	51	320	783	442	9	3	50
uniq_205686	AJ300767.1	0.873303	56	314	758	442	9	3	50
uniq_205990	DQ160208.1	0.932127	30	342	780	442	9	3	50
uniq_208128	AY207064.1	0.873303	56	319	783	442	9	3	50
uniq_208390	AF287770.1	0.938914	27	325	763	442	9	3	50
uniq_212866	AY341820.1	0.848416	67	324	788	442	9	3	50
uniq_212894	AF287775.1	0.898190	45	327	766	442	9	3	50
uniq_214221	AF183404.1	0.859729	62	320	779	442	9	3	50
uniq_214479	AM419984.1	0.954751	20	309	749	442	9	3	50
uniq_215375	AF287761.1	0.925339	33	326	767	442	9	3	50
uniq_215425	EU670056.1	0.843891	69	320	779	442	9	3	50
uniq_217404	AF224306.1	0.884615	51	312	776	442	9	3	50
uniq_218168	AF287775.1	0.893665	47	327	766	442	9	3	50
uniq_218338	AF292371.1	0.909502	40	311	754	442	9	3	50
uniq_218664	EU071543.1	0.925339	33	298	740	442	9	3	50
uniq_219991	DQ113683.1	0.891403	48	300	742	442	9	3	50
uniq_220069	AF385520.1	0.950226	22	350	791	442	9	3	50
uniq_220565	DQ815041.1	0.841629	70	306	748	442	9	3	50
uniq_220593	AY349403.1	0.868778	58	328	792	442	9	3	50
uniq_222231	EU071543.1	0.961538	17	298	740	442	9	3	50
uniq_222834	AF287760.1	0.902715	43	311	752	442	9	3	50
uniq_223037	AF385520.1	0.920814	35	350	791	442	9	3	50
uniq_223114	AF287761.1	0.857466	63	326	767	442	9	3	50
uniq_225062	AF385520.1	0.911765	39	350	791	442	9	3	50
uniq_225188	AY162222.1	0.914027	38	312	754	442	9	3	50
uniq_225246	AF292371.1	0.882353	52	311	754	442	9	3	50
uniq_225674	AF445701.1	0.979638	9	348	789	442	9	3	50
uniq_226314	EU071543.1	0.855204	64	298	740	442	9	3	50
uniq_226770	AJ409004.1	0.848416	67	327	768	442	9	3	50
uniq_227360	AF407403.1	0.893665	47	322	763	442	9	3	50
uniq_227446	AY349385.1	0.920814	35	308	750	442	9	3	50
uniq_228162	AB023362.1	0.895928	46	311	754	442	9	3	50
uniq_228205	AF287793.1	0.873303	56	323	787	442	9	3	50
uniq_228503	AF543300.1	0.880090	53	311	753	442	9	3	50
uniq_228729	EU071543.1	0.916290	37	298	740	442	9	3	50
uniq_228863	AF408269.1	0.920814	35	326	763	442	9	3	50
uniq_228896	EU071543.1	0.936652	28	298	740	442	9	3	50
uniq_229432	AF287761.1	0.941176	26	326	767	442	9	3	50
uniq_229718	AM419984.1	0.832579	74	309	749	442	9	3	50
uniq_229831	EU071543.1	0.909502	40	298	740	442	9	3	50
uniq_230096	X71856.1	0.861991	61	318	760	442	9	3	50
uniq_230331	AF287761.1	0.873303	56	326	767	442	9	3	50
uniq_231275	AJ576348.1	0.843891	69	332	775	442	9	3	50
uniq_233069	AY349403.1	0.848416	67	328	792	442	9	3	50
uniq_233197	AF287793.1	0.889140	49	323	787	442	9	3	50
uniq_233475	DQ160208.1	0.950226	22	342	780	442	9	3	50
uniq_233646	X87316.1	0.841629	70	308	752	442	9	3	50
uniq_233776	AF385508.1	0.880090	53	327	766	442	9	3	50
uniq_233909	AY445131.1	0.828054	76	332	796	442	9	3	50
uniq_233993	EF509244.1	0.891403	48	311	753	442	9	3	50
uniq_234232	AF432141.1	0.902715	43	350	791	442	9	3	50
uniq_234477	AM420075.1	0.852941	65	311	753	442	9	3	50
uniq_234498	DQ463712.1	0.993213	3	278	719	442	9	3	50
uniq_234661	AY349402.1	0.812217	83	318	776	442	9	3	50
uniq_234702	AY009131.1	0.877828	54	297	736	442	9	3	50
uniq_236109	DQ160208.1	0.895928	46	342	780	442	9	3	50
uniq_236265	DQ815041.1	0.843891	69	306	748	442	9	3	50
uniq_236463	AF385520.1	0.959276	18	350	791	442	9	3	50
uniq_236715	AF287761.1	0.918552	36	326	767	442	9	3	50
uniq_236740	EU071543.1	0.936652	28	298	740	442	9	3	50
uniq_236826	AF432136.1	0.861991	61	319	783	442	9	3	50
uniq_236955	AY349402.1	0.857466	63	318	776	442	9	3	50
uniq_237017	EU071543.1	0.947964	23	298	740	442	9	3	50
uniq_237163	AY349402.1	0.830317	75	318	776	442	9	3	50
uniq_237286	AY349403.1	0.882353	52	328	792	442	9	3	50
uniq_237358	EF509244.1	0.916290	37	311	753	442	9	3	50
uniq_237580	AF385520.1	0.961538	17	350	791	442	9	3	50
uniq_238103	AY134904.1	0.916290	37	326	767	442	9	3	50
uniq_239434	AJ400239.1	0.941176	26	352	794	442	9	3	50
uniq_241252	AY349402.1	0.823529	78	318	776	442	9	3	50
uniq_241274	EF510424.1	0.877828	54	332	796	442	9	3	50
uniq_241826	AF432130.1	0.941176	26	298	740	442	9	3	50
uniq_241857	AF287761.1	0.961538	17	326	767	442	9	3	50
uniq_24222	AJ400239.1	0.868778	58	352	794	442	9	3	50
uniq_242904	AF287761.1	0.877828	54	326	767	442	9	3	50
uniq_243434	AF385520.1	0.952489	21	350	791	442	9	3	50
uniq_243597	AY162222.1	0.889140	49	312	754	442	9	3	50
uniq_244296	AF543300.1	0.936652	28	311	753	442	9	3	50
uniq_244383	AF287809.1	0.837104	72	312	754	442	9	3	50
uniq_244600	AY278621.1	0.843891	69	308	750	442	9	3	50
uniq_244989	AF385543.1	0.861991	61	326	764	442	9	3	50
uniq_245143	AF385520.1	0.904977	42	350	791	442	9	3	50
uniq_246558	EF510424.1	0.841629	70	332	796	442	9	3	50
uniq_246738	AY533381.1	0.909502	40	325	766	442	9	3	50
uniq_249137	EU071543.1	0.898190	45	298	740	442	9	3	50
uniq_250866	AF432141.1	0.936652	28	350	791	442	9	3	50
uniq_252929	AF287775.1	0.873303	56	327	766	442	9	3	50
uniq_253470	AF543289.1	0.850679	66	317	781	442	9	3	50
uniq_253968	AF287806.1	0.947964	23	311	753	442	9	3	50
uniq_254409	AJ488072.1	0.900452	44	327	766	442	9	3	50
uniq_254450	AY532554.1	0.757919	107	291	736	442	9	3	50
uniq_254671	AF543289.1	0.848416	67	317	781	442	9	3	50
uniq_255359	AF287761.1	0.850679	66	326	767	442	9	3	50
uniq_255407	AF481210.1	0.852941	65	335	799	442	9	3	50
uniq_255473	AF287775.1	0.877828	54	327	766	442	9	3	50
uniq_255485	AJ488072.1	0.920814	35	327	766	442	9	3	50
uniq_257918	AY134900.1	0.920814	35	298	740	442	9	3	50
uniq_258663	AF385577.1	0.938914	27	329	768	442	9	3	50
uniq_259432	AY533381.1	0.963801	16	325	766	442	9	3	50
uniq_263894	AF537211.1	0.923077	34	328	766	442	9	3	50
uniq_266326	AJ409004.1	0.875566	55	327	768	442	9	3	50
uniq_269123	AY491543.1	0.929864	31	326	766	442	9	3	50
uniq_270265	AJ318200.1	0.929864	31	329	770	442	9	3	50
uniq_270844	AF287761.1	0.961538	17	326	767	442	9	3	50
uniq_272959	AF104833.1	0.945701	24	310	749	442	9	3	50
uniq_275977	DQ129350.1	0.986425	6	307	748	442	9	3	50
uniq_276681	X84241.1	0.961538	17	309	754	442	9	3	50
uniq_276749	AJ535710.1	0.785068	95	283	722	442	9	3	50
uniq_276804	AF157051.1	0.947964	23	328	770	442	9	3	50
uniq_277419	AF129861.1	0.938914	27	328	769	442	9	3	50
uniq_279357	AF132255.1	0.990950	4	326	767	442	9	3	50
uniq_280257	AJ409004.1	1.000000	0	327	768	442	9	3	50
uniq_280464	AJ420985.1	0.907240	41	303	750	442	9	3	50
uniq_280833	AF491333.1	0.979638	9	330	772	442	9	3	50
uniq_281627	U81642.1	0.945701	24	328	769	442	9	3	50
uniq_282682	AJ292689.1	0.981900	8	300	741	442	9	3	50
uniq_283190	AF432141.1	0.968326	14	350	791	442	9	3	50
uniq_283362	AY044915.1	0.850679	66	314	772	442	9	3	50
uniq_284851	AF543289.1	0.834842	73	317	781	442	9	3	50
uniq_285846	X87758.1	0.914027	38	314	759	442	9	3	50
uniq_287198	AF385520.1	0.952489	21	350	791	442	9	3	50
uniq_287348	EF510424.1	0.880090	53	332	796	442	9	3	50
uniq_28750	AF287775.1	0.873303	56	327	766	442	9	3	50
uniq_288019	AF385518.1	0.857466	63	308	750	442	9	3	50
uniq_289925	AF432141.1	0.966063	15	350	791	442	9	3	50
uniq_290280	AF432141.1	0.975113	11	350	791	442	9	3	50
uniq_293145	AJ307980.1	0.837104	72	310	752	442	9	3	50
uniq_295943	AF432136.1	0.830317	75	319	783	442	9	3	50
uniq_296603	AF385520.1	0.929864	31	350	791	442	9	3	50
uniq_296784	AB037875.1	0.957014	19	326	767	442	9	3	50
uniq_297121	AY138233.1	0.866516	59	319	783	442	9	3	50
uniq_297983	AJ400239.1	0.938914	27	352	794	442	9	3	50
uniq_299800	AF292371.1	0.893665	47	311	754	442	9	3	50
uniq_303843	AJ315069.1	0.852941	65	309	753	442	9	3	50
uniq_304898	AF287761.1	0.957014	19	326	767	442	9	3	50
uniq_305842	AF183404.1	0.839367	71	320	779	442	9	3	50
uniq_307106	AF432141.1	0.972851	12	350	791	442	9	3	50
uniq_30898	AM419984.1	0.873303	56	309	749	442	9	3	50
uniq_309387	AY207059.1	0.934389	29	326	764	442	9	3	50
uniq_309933	AF432141.1	0.970588	13	350	791	442	9	3	50
uniq_312246	EF510424.1	0.884615	51	332	796	442	9	3	50
uniq_313607	AF385520.1	0.959276	18	350	791	442	9	3	50
uniq_313858	AY349403.1	0.882353	52	328	792	442	9	3	50
uniq_314064	AF432141.1	0.972851	12	350	791	442	9	3	50
uniq_314815	AF432130.1	0.934389	29	298	740	442	9	3	50
uniq_315470	AF385559.1	0.911765	39	326	764	442	9	3	50
uniq_316528	AB037875.1	0.954751	20	326	767	442	9	3	50
uniq_316743	EF511070.1	0.873303	56	319	783	442	9	3	50
uniq_316999	AF432141.1	0.963801	16	350	791	442	9	3	50
uniq_317004	AF432141.1	0.961538	17	350	791	442	9	3	50
uniq_317176	AY207059.1	0.923077	34	326	764	442	9	3	50
uniq_317402	AF385520.1	0.954751	20	350	791	442	9	3	50
uniq_31953	AF287775.1	0.868778	58	327	766	442	9	3	50
uniq_319534	AF432141.1	0.938914	27	350	791	442	9	3	50
uniq_320395	AJ400239.1	0.941176	26	352	794	442	9	3	50
uniq_32058	AJ290754.1	0.900452	44	313	777	442	9	3	50
uniq_322359	AY134904.1	0.932127	30	326	767	442	9	3	50
uniq_322800	AF287775.1	0.880090	53	327	766	442	9	3	50
uniq_323212	AF385520.1	0.975113	11	350	791	442	9	3	50
uniq_323410	AF287761.1	0.880090	53	326	767	442	9	3	50
uniq_324614	AY008691.1	0.866516	59	317	776	442	9	3	50
uniq_325929	AF432141.1	0.909502	40	350	791	442	9	3	50
uniq_326668	AJ400239.1	0.916290	37	352	794	442	9	3	50
uniq_327078	AF432141.1	0.943439	25	350	791	442	9	3	50
uniq_328560	U13038.1	0.943439	25	326	766	442	9	3	50
uniq_329408	EF511101.1	0.861991	61	313	777	442	9	3	50
uniq_32980	AY533382.1	0.821267	79	348	789	442	9	3	50
uniq_330678	AJ400239.1	0.927602	32	352	794	442	9	3	50
uniq_333541	AF465657.1	0.882353	52	312	762	442	9	3	50
uniq_333868	AF287761.1	0.832579	74	326	767	442	9	3	50
uniq_33425	L37580.1	0.920814	35	283	724	442	9	3	50
uniq_336775	DQ160208.1	0.895928	46	342	780	442	9	3	50
uniq_337757	EF509046.1	0.918552	36	311	753	442	9	3	50
uniq_337781	AF224305.1	0.891403	48	313	777	442	9	3	50
uniq_338281	AY277938.1	0.868778	58	327	791	442	9	3	50
uniq_340095	AY207060.1	0.952489	21	322	763	442	9	3	50
uniq_341422	AF481222.1	0.954751	20	325	764	442	9	3	50
uniq_342484	AF432141.1	0.950226	22	350	791	442	9	3	50
uniq_345559	AF408257.1	0.871041	57	320	783	442	9	3	50
uniq_345969	AF170422.1	0.839367	71	294	733	442	9	3	50
uniq_346305	EF157268.1	0.816742	81	311	752	442	9	3	50
uniq_348075	AF408257.1	0.914027	38	320	783	442	9	3	50
uniq_349375	AJ400239.1	0.961538	17	352	794	442	9	3	50
uniq_349833	AY134901.1	0.848416	67	327	791	442	9	3	50
uniq_350187	X87758.1	0.871041	57	314	759	442	9	3	50
uniq_351664	AF385543.1	0.902715	43	326	764	442	9	3	50
uniq_352465	AF287761.1	0.945701	24	326	767	442	9	3	50
uniq_353030	DQ490457.1	0.880090	53	309	753	442	9	3	50
uniq_354585	AF287761.1	0.891403	48	326	767	442	9	3	50
uniq_355537	AF287761.1	0.963801	16	326	767	442	9	3	50
uniq_355583	AF385520.1	0.943439	25	350	791	442	9	3	50
uniq_356118	Z36273.1	0.941176	26	327	768	442	9	3	50
uniq_356290	AF287761.1	0.877828	54	326	767	442	9	3	50
uniq_35772	AJ229203.1	0.895928	46	326	765	442	9	3	50
uniq_363141	AF010474.1	0.961538	17	309	755	442	9	3	50
uniq_363575	AF445656.1	0.984163	7	312	753	442	9	3	50
uniq_363720	AB114312.1	0.837104	72	328	770	442	9	3	50
uniq_37162	AY207064.1	0.889140	49	319	783	442	9	3	50
uniq_371702	AM419984.1	0.936652	28	309	749	442	9	3	50
uniq_371774	AJ408991.1	0.984163	7	326	768	442	9	3	50
uniq_373201	AY250872.1	0.907240	41	305	756	442	9	3	50
uniq_373218	AJ619043.1	0.932127	30	299	740	442	9	3	50
uniq_374103	AF132255.1	0.952489	21	326	767	442	9	3	50
uniq_37493	AY008309.1	0.907240	41	308	750	442	9	3	50
uniq_382320	AY533381.1	0.952489	21	325	766	442	9	3	50
uniq_383336	AJ639891.1	0.995475	2	278	719	442	9	3	50
uniq_384569	AY491543.1	0.914027	38	326	766	442	9	3	50
uniq_387961	AY211072.1	0.875566	55	318	777	442	9	3	50
uniq_388524	AY533382.1	0.920814	35	348	789	442	9	3	50
uniq_389438	AY533381.1	0.972851	12	325	766	442	9	3	50
uniq_393879	AY244991.1	0.832579	74	310	749	442	9	3	50
uniq_394466	AF287761.1	0.864253	60	326	767	442	9	3	50
uniq_396176	AJ251215.1	0.893665	47	326	767	442	9	3	50
uniq_396651	EF511101.1	0.852941	65	313	777	442	9	3	50
uniq_398560	AY533381.1	0.963801	16	325	766	442	9	3	50
uniq_399021	AY533382.1	0.911765	39	348	789	442	9	3	50
uniq_399668	AF537211.1	0.914027	38	328	766	442	9	3	50
uniq_399693	AY533381.1	0.972851	12	325	766	442	9	3	50
uniq_39984	AY207059.1	0.904977	42	326	764	442	9	3	50
uniq_400692	AF287761.1	0.963801	16	326	767	442	9	3	50
uniq_401293	AY533381.1	0.961538	17	325	766	442	9	3	50
uniq_401913	AF287761.1	0.916290	37	326	767	442	9	3	50
uniq_402372	AF537211.1	0.934389	29	328	766	442	9	3	50
uniq_402455	AF287761.1	0.943439	25	326	767	442	9	3	50
uniq_402568	AY207060.1	0.934389	29	322	763	442	9	3	50
uniq_402654	AY349370.1	0.891403	48	306	747	442	9	3	50
uniq_403125	AY612844.1	0.855204	64	317	781	442	9	3	50
uniq_404175	AF394174.1	0.936652	28	281	720	442	9	3	50
uniq_404418	AY533381.1	0.972851	12	325	766	442	9	3	50
uniq_404547	AY533382.1	0.882353	52	348	789	442	9	3	50
uniq_404575	AF287761.1	0.884615	51	326	767	442	9	3	50
uniq_404804	AF287775.1	0.898190	45	327	766	442	9	3	50
uniq_405158	AF287761.1	0.918552	36	326	767	442	9	3	50
uniq_405503	AY278621.1	0.868778	58	308	750	442	9	3	50
uniq_405619	AY349371.1	0.950226	22	306	747	442	9	3	50
uniq_405961	AY277938.1	0.882353	52	327	791	442	9	3	50
uniq_406567	DQ160208.1	0.886878	50	342	780	442	9	3	50
uniq_406750	DQ160208.1	0.934389	29	342	780	442	9	3	50
uniq_407084	AF183404.1	0.850679	66	320	779	442	9	3	50
uniq_407841	EF510424.1	0.877828	54	332	796	442	9	3	50
uniq_407990	AF537211.1	0.927602	32	328	766	442	9	3	50
uniq_408110	AY533382.1	0.941176	26	348	789	442	9	3	50
uniq_408170	AJ244709.1	0.902715	43	281	720	442	9	3	50
uniq_408237	AJ251215.1	0.932127	30	326	767	442	9	3	50
uniq_408505	AF385520.1	0.927602	32	350	791	442	9	3	50
uniq_42256	AF053893.1	0.889140	49	313	777	442	9	3	50
uniq_43646	AY349402.1	0.884615	51	318	776	442	9	3	50
uniq_44459	EU071543.1	0.932127	30	298	740	442	9	3	50
uniq_44533	AY008309.1	0.907240	41	308	750	442	9	3	50
uniq_47649	EF157268.1	0.977376	10	311	752	442	9	3	50
uniq_48548	AY234624.1	0.929864	31	317	757	442	9	3	50
uniq_48831	AB015580.1	0.938914	27	299	740	442	9	3	50
uniq_49612	EF157190.1	0.920814	35	309	751	442	9	3	50
uniq_50295	AB010909.1	0.970588	13	304	748	442	9	3	50
uniq_52083	AF513108.1	0.945701	24	299	740	442	9	3	50
uniq_52295	EF208677.1	0.918552	36	310	750	442	9	3	50
uniq_55238	AF385520.1	0.970588	13	350	791	442	9	3	50
uniq_55451	AJ535710.1	0.787330	94	283	722	442	9	3	50
uniq_56930	EF157268.1	0.963801	16	311	752	442	9	3	50
uniq_57288	AY548945.1	0.925339	33	286	728	442	9	3	50
uniq_59193	EF032782.1	0.936652	28	284	725	442	9	3	50
uniq_62237	EF511070.1	0.848416	67	319	783	442	9	3	50
uniq_62879	AY349402.1	0.859729	62	318	776	442	9	3	50
uniq_65131	AF408257.1	0.841629	70	320	783	442	9	3	50
uniq_65946	AF287761.1	0.843891	69	326	767	442	9	3	50
uniq_67123	L37580.1	0.925339	33	283	724	442	9	3	50
uniq_68490	L37580.1	0.936652	28	283	724	442	9	3	50
uniq_70207	AF287761.1	0.864253	60	326	767	442	9	3	50
uniq_70290	AY278621.1	0.850679	66	308	750	442	9	3	50
uniq_70747	AF543289.1	0.846154	68	317	781	442	9	3	50
uniq_72393	AF385564.1	0.814480	82	320	779	442	9	3	50
uniq_73760	AJ576348.1	0.825792	77	332	775	442	9	3	50
uniq_75069	AF287761.1	0.891403	48	326	767	442	9	3	50
uniq_75697	AY533381.1	0.961538	17	325	766	442	9	3	50
uniq_78268	AY029807.1	0.961538	17	310	752	442	9	3	50
uniq_82222	AB037875.1	0.900452	44	326	767	442	9	3	50
uniq_82858	AY278611.1	0.893665	47	314	771	442	9	3	50
uniq_83395	AJ307980.1	0.855204	64	310	752	442	9	3	50
uniq_85761	AF219234.1	0.907240	41	313	753	442	9	3	50
uniq_86998	AJ307980.1	0.843891	69	310	752	442	9	3	50
uniq_91767	AM420206.1	0.923077	34	330	771	442	9	3	50
uniq_91827	AF287761.1	0.941176	26	326	767	442	9	3	50
uniq_92088	AF287761.1	0.932127	30	326	767	442	9	3	50
uniq_93496	EU071543.1	0.918552	36	298	740	442	9	3	50
uniq_93996	AY008309.1	0.841629	70	308	750	442	9	3	50
uniq_97460	AY043360.1	0.877828	54	307	771	442	9	3	50
uniq_99394	AF287761.1	0.954751	20	326	767	442	9	3	50
uniq_01305	AF287775.1	0.941043	26	327	766	441	9	3	50
uniq_07300	AF507852.1	0.773243	100	311	755	441	9	3	50
uniq_100843	AF219234.1	0.839002	71	313	752	441	9	3	50
uniq_107160	AY533382.1	0.925170	33	348	789	441	9	3	50
uniq_107205	AF543300.1	0.886621	50	311	753	441	9	3	50
uniq_109234	AB154303.1	0.941043	26	317	757	441	9	3	50
uniq_109755	X87758.1	0.922902	34	314	759	441	9	3	50
uniq_109828	EF512007.1	0.884354	51	313	777	441	9	3	50
uniq_110508	AF366271.1	0.891156	48	318	777	441	9	3	50
uniq_112687	EF511101.1	0.893424	47	313	777	441	9	3	50
uniq_113224	AM419984.1	0.961451	17	309	749	441	9	3	50
uniq_113483	AF219234.1	0.947846	23	313	753	441	9	3	50
uniq_114049	AY533382.1	0.911565	39	348	789	441	9	3	50
uniq_114476	AY533382.1	0.925170	33	348	789	441	9	3	50
uniq_116651	EF512007.1	0.857143	63	313	777	441	9	3	50
uniq_117217	EU670056.1	0.882086	52	320	779	441	9	3	50
uniq_117380	AF219234.1	0.968254	14	313	753	441	9	3	50
uniq_140163	AB015542.1	0.804989	86	314	754	441	9	3	50
uniq_140202	AB015542.1	0.848073	67	314	754	441	9	3	50
uniq_140266	EF511101.1	0.854875	64	313	777	441	9	3	50
uniq_140366	AY337519.1	0.823129	78	312	751	441	9	3	50
uniq_140479	EF510424.1	0.866213	59	332	796	441	9	3	50
uniq_140906	AB015542.1	0.834467	73	314	754	441	9	3	50
uniq_140916	EF512007.1	0.854875	64	313	777	441	9	3	50
uniq_141129	AY349374.1	0.893424	47	327	779	441	9	3	50
uniq_141417	AF385551.1	0.866213	59	320	778	441	9	3	50
uniq_141475	AF385519.1	0.816327	81	320	779	441	9	3	50
uniq_141855	AF101240.1	0.995465	2	312	752	441	9	3	50
uniq_142100	X67609.1	0.884354	51	308	767	441	9	3	50
uniq_142448	EF511101.1	0.879819	53	313	777	441	9	3	50
uniq_142843	AJ300767.1	0.863946	60	314	757	441	9	3	50
uniq_142866	AB015542.1	0.820862	79	314	754	441	9	3	50
uniq_143238	AF507687.1	0.918367	36	291	731	441	9	3	50
uniq_143348	AF385577.1	0.882086	52	329	768	441	9	3	50
uniq_143434	AY008310.1	0.886621	50	318	777	441	9	3	50
uniq_143476	EF512007.1	0.882086	52	313	777	441	9	3	50
uniq_143581	AB015542.1	0.829932	75	314	754	441	9	3	50
uniq_143952	AF219234.1	0.909297	40	313	753	441	9	3	50
uniq_143962	AF016390.1	0.875283	55	321	785	441	9	3	50
uniq_144035	AY278621.1	0.902494	43	308	750	441	9	3	50
uniq_144306	AY429468.1	0.877551	54	304	763	441	9	3	50
uniq_144318	AF385510.1	0.904762	42	326	765	441	9	3	50
uniq_144324	AF219234.1	0.920635	35	313	753	441	9	3	50
uniq_144493	X71856.1	0.820862	79	318	760	441	9	3	50
uniq_144509	AY207050.1	0.863946	60	320	779	441	9	3	50
uniq_144851	AM419984.1	0.809524	84	309	749	441	9	3	50
uniq_145330	AF481222.1	0.904762	42	325	764	441	9	3	50
uniq_145543	AY008309.1	0.904762	42	308	750	441	9	3	50
uniq_145583	AF481222.1	0.916100	37	325	764	441	9	3	50
uniq_146112	L35515.1	0.950113	22	308	746	441	9	3	50
uniq_146114	AY349402.1	0.845805	68	318	776	441	9	3	50
uniq_146141	Y13364.1	0.877551	54	323	787	441	9	3	50
uniq_146243	AF481222.1	0.943311	25	325	764	441	9	3	50
uniq_146419	AF385510.1	0.900227	44	326	765	441	9	3	50
uniq_146484	AF390549.1	0.873016	56	312	751	441	9	3	50
uniq_146733	AB015542.1	0.829932	75	314	754	441	9	3	50
uniq_146850	EF510383.1	0.850340	66	321	785	441	9	3	50
uniq_147132	AF219234.1	0.947846	23	313	753	441	9	3	50
uniq_147339	Z36296.1	0.804989	86	327	767	441	9	3	50
uniq_147445	AF219233.1	0.800454	88	313	753	441	9	3	50
uniq_147667	AB076677.1	0.895692	46	310	750	441	9	3	50
uniq_147710	AF543289.1	0.852608	65	317	781	441	9	3	50
uniq_147715	AF385511.1	0.866213	59	320	779	441	9	3	50
uniq_148211	EF512007.1	0.870748	57	313	777	441	9	3	50
uniq_148269	EU670056.1	0.888889	49	320	779	441	9	3	50
uniq_148369	AF385550.1	0.848073	67	317	781	441	9	3	50
uniq_148373	AY009129.1	0.793651	91	297	736	441	9	3	50
uniq_148571	AB015542.1	0.845805	68	314	754	441	9	3	50
uniq_148925	AF385566.1	0.868481	58	335	800	441	9	3	50
uniq_149132	AF287775.1	0.866213	59	327	766	441	9	3	50
uniq_149144	AY491567.1	0.809524	84	308	749	441	9	3	50
uniq_149294	AF432137.1	0.875283	55	319	783	441	9	3	50
uniq_149370	AY278621.1	0.902494	43	308	750	441	9	3	50
uniq_149664	AF201981.1	0.911565	39	327	766	441	9	3	50
uniq_149726	AF201981.1	0.941043	26	327	766	441	9	3	50
uniq_149767	AF385519.1	0.863946	60	320	779	441	9	3	50
uniq_149771	AY349380.1	0.875283	55	313	777	441	9	3	50
uniq_150330	AB015542.1	0.832200	74	314	754	441	9	3	50
uniq_150458	AB108825.1	0.870748	57	318	777	441	9	3	50
uniq_150465	AF219234.1	0.947846	23	313	753	441	9	3	50
uniq_150524	AF385569.1	0.902494	43	302	761	441	9	3	50
uniq_150639	AY546095.1	0.897959	45	314	758	441	9	3	50
uniq_150700	AB015542.1	0.807256	85	314	754	441	9	3	50
uniq_151191	AF385508.1	0.902494	43	327	766	441	9	3	50
uniq_151342	AB015542.1	0.832200	74	314	754	441	9	3	50
uniq_152024	AF287777.1	0.936508	28	326	765	441	9	3	50
uniq_152236	AY212760.1	0.897959	45	316	755	441	9	3	50
uniq_153308	AY278611.1	0.877551	54	314	771	441	9	3	50
uniq_153511	AB015542.1	0.832200	74	314	754	441	9	3	50
uniq_153802	AF201981.1	0.959184	18	327	766	441	9	3	50
uniq_153958	AJ009475.1	0.895692	46	301	741	441	9	3	50
uniq_154035	AJ229234.1	0.893424	47	318	757	441	9	3	50
uniq_154690	AM277334.1	0.897959	45	323	787	441	9	3	50
uniq_155246	AB015542.1	0.816327	81	314	754	441	9	3	50
uniq_155423	AY005024.1	0.866213	59	313	777	441	9	3	50
uniq_155518	AJ507462.1	0.886621	50	311	755	441	9	3	50
uniq_155589	AB015542.1	0.854875	64	314	754	441	9	3	50
uniq_156177	AJ000986.1	0.965986	15	311	754	441	9	3	50
uniq_156660	EF031543.1	0.891156	48	315	754	441	9	3	50
uniq_156707	X71855.1	0.836735	72	327	766	441	9	3	50
uniq_157674	AF385564.1	0.875283	55	320	779	441	9	3	50
uniq_158506	AF371887.1	0.825397	77	319	778	441	9	3	50
uniq_158671	AF000223.1	0.863946	60	295	734	441	9	3	50
uniq_158972	EU670056.1	0.823129	78	320	779	441	9	3	50
uniq_159397	AJ229234.1	0.909297	40	318	757	441	9	3	50
uniq_159616	EF510383.1	0.857143	63	321	785	441	9	3	50
uniq_159649	EF510424.1	0.859410	62	332	796	441	9	3	50
uniq_159757	AY278618.1	0.857143	63	326	765	441	9	3	50
uniq_160074	AB076677.1	0.961451	17	310	750	441	9	3	50
uniq_160369	AF385519.1	0.848073	67	320	779	441	9	3	50
uniq_164349	AY207064.1	0.866213	59	319	783	441	9	3	50
uniq_164642	AB015542.1	0.852608	65	314	754	441	9	3	50
uniq_167327	AY331414.1	0.979592	9	301	741	441	9	3	50
uniq_169468	AY207057.1	0.888889	49	318	778	441	9	3	50
uniq_169763	AB015542.1	0.829932	75	314	754	441	9	3	50
uniq_172918	AJ290758.1	0.873016	56	313	777	441	9	3	50
uniq_176750	AF219234.1	0.902494	43	313	753	441	9	3	50
uniq_178235	X87758.1	0.922902	34	314	759	441	9	3	50
uniq_178622	AY005033.1	0.854875	64	313	777	441	9	3	50
uniq_179268	AB015542.1	0.823129	78	314	754	441	9	3	50
uniq_179762	AB015542.1	0.832200	74	314	754	441	9	3	50
uniq_180504	AB015542.1	0.843537	69	314	754	441	9	3	50
uniq_180861	AB015542.1	0.818594	80	314	754	441	9	3	50
uniq_181293	AF385510.1	0.931973	30	326	765	441	9	3	50
uniq_182686	AF385519.1	0.854875	64	320	779	441	9	3	50
uniq_183247	AY221613.1	0.956916	19	316	756	441	9	3	50
uniq_18408	AF385508.1	0.947846	23	327	766	441	9	3	50
uniq_185198	AY234624.1	0.947846	23	317	757	441	9	3	50
uniq_18605	AF507687.1	0.941043	26	291	731	441	9	3	50
uniq_187680	AB240277.1	0.975057	11	292	731	441	9	3	50
uniq_191833	AJ278171.1	0.929705	31	308	747	441	9	3	50
uniq_194106	AY444976.1	0.990930	4	279	718	441	9	3	50
uniq_19442	EF510383.1	0.854875	64	321	785	441	9	3	50
uniq_198361	AF385518.1	0.902494	43	308	750	441	9	3	50
uniq_199211	AF508112.1	0.954649	20	883	1323	441	9	3	50
uniq_199554	AY331416.1	0.995465	2	291	731	441	9	3	50
uniq_207376	AJ290758.1	0.863946	60	313	777	441	9	3	50
uniq_209808	AY005025.1	0.854875	64	313	777	441	9	3	50
uniq_212701	AF287770.1	0.947846	23	323	763	441	9	3	50
uniq_214131	AF385550.1	0.882086	52	317	781	441	9	3	50
uniq_215381	AM277334.1	0.866213	59	323	787	441	9	3	50
uniq_216652	AF287770.1	0.979592	9	325	763	441	9	3	50
uniq_218586	EF512007.1	0.845805	68	313	777	441	9	3	50
uniq_220006	AY278618.1	0.945578	24	326	765	441	9	3	50
uniq_220412	EF511101.1	0.868481	58	313	777	441	9	3	50
uniq_220796	AY349389.1	0.882086	52	326	765	441	9	3	50
uniq_222402	EU670056.1	0.875283	55	320	779	441	9	3	50
uniq_223272	AF385510.1	0.897959	45	326	765	441	9	3	50
uniq_223383	AF385519.1	0.852608	65	320	779	441	9	3	50
uniq_223714	AF219234.1	0.823129	78	313	753	441	9	3	50
uniq_223959	AB076677.1	0.884354	51	310	750	441	9	3	50
uniq_224021	AM419984.1	0.891156	48	309	749	441	9	3	50
uniq_224541	AF385521.1	0.852608	65	314	771	441	9	3	50
uniq_224573	AF385566.1	0.870748	57	335	800	441	9	3	50
uniq_224654	AB182485.1	0.857143	63	322	781	441	9	3	50
uniq_225086	AB015542.1	0.832200	74	314	754	441	9	3	50
uniq_226352	AF219234.1	0.852608	65	313	753	441	9	3	50
uniq_226572	EF686530.1	0.834467	73	363	803	441	9	3	50
uniq_227057	AF219234.1	0.925170	33	313	753	441	9	3	50
uniq_227231	AF385520.1	0.852608	65	350	791	441	9	3	50
uniq_227659	AF385515.1	0.854875	64	315	774	441	9	3	50
uniq_227883	AY349389.1	0.916100	37	326	765	441	9	3	50
uniq_228574	AY278621.1	0.909297	40	308	750	441	9	3	50
uniq_228628	AF385519.1	0.845805	68	320	779	441	9	3	50
uniq_228966	AF050580.1	0.884354	51	322	764	441	9	3	50
uniq_230708	AB114608.1	0.879819	53	310	754	441	9	3	50
uniq_231011	AB108826.1	0.861678	61	318	777	441	9	3	50
uniq_231347	EF511101.1	0.825397	77	313	777	441	9	3	50
uniq_233605	AM420075.1	0.952381	21	311	753	441	9	3	50
uniq_234428	AY349393.1	0.857143	63	320	779	441	9	3	50
uniq_234899	EF512007.1	0.836735	72	313	777	441	9	3	50
uniq_235927	AY009129.1	0.818594	80	297	736	441	9	3	50
uniq_235938	AF385511.1	0.891156	48	320	779	441	9	3	50
uniq_236052	AF385563.1	0.893424	47	318	760	441	9	3	50
uniq_236146	AF385564.1	0.875283	55	320	779	441	9	3	50
uniq_237068	AF287816.1	0.900227	44	307	749	441	9	3	50
uniq_238012	AF043424.1	0.938776	27	311	751	441	9	3	50
uniq_238206	AY278618.1	0.950113	22	326	765	441	9	3	50
uniq_238389	X87758.1	0.916100	37	314	759	441	9	3	50
uniq_238492	AB108826.1	0.845805	68	318	777	441	9	3	50
uniq_238716	AJ508455.1	0.859410	62	315	755	441	9	3	50
uniq_239169	EF509046.1	0.891156	48	311	753	441	9	3	50
uniq_239240	AB108826.1	0.873016	56	318	777	441	9	3	50
uniq_239317	D11347.1	0.986395	6	298	739	441	9	3	50
uniq_239324	AM419984.1	0.927438	32	309	749	441	9	3	50
uniq_239765	AB114608.1	0.866213	59	310	754	441	9	3	50
uniq_240304	AB012592.1	0.877551	54	312	756	441	9	3	50
uniq_240795	EF686530.1	0.875283	55	363	803	441	9	3	50
uniq_240815	AF053901.1	0.882086	52	313	777	441	9	3	50
uniq_241322	AY349402.1	0.825397	77	318	776	441	9	3	50
uniq_241371	AF432133.1	0.884354	51	320	779	441	9	3	50
uniq_243160	AF385519.1	0.841270	70	320	779	441	9	3	50
uniq_243351	AF385551.1	0.884354	51	320	779	441	9	3	50
uniq_244218	AF385564.1	0.845805	68	320	779	441	9	3	50
uniq_244670	AY278621.1	0.861678	61	308	750	441	9	3	50
uniq_247894	AB015542.1	0.829932	75	314	754	441	9	3	50
uniq_248235	AF287777.1	0.981859	8	326	765	441	9	3	50
uniq_25387	X87758.1	0.950113	22	314	759	441	9	3	50
uniq_254875	AY533382.1	0.859410	62	348	789	441	9	3	50
uniq_255972	AF385510.1	0.941043	26	326	765	441	9	3	50
uniq_261341	AB154303.1	0.993197	3	317	757	441	9	3	50
uniq_264526	AJ488086.1	0.879819	53	308	747	441	9	3	50
uniq_267821	EU071543.1	0.931973	30	298	740	441	9	3	50
uniq_269788	AJ565430.1	0.739229	115	300	764	441	9	3	50
uniq_27275	AY207059.1	0.936508	28	326	764	441	9	3	50
uniq_273942	AF018544.1	0.929705	31	312	750	441	9	3	50
uniq_273948	AF027044.1	0.904762	42	309	749	441	9	3	50
uniq_274010	EU352761.1	0.995465	2	281	720	441	9	3	50
uniq_275292	AY250866.1	0.938776	27	317	757	441	9	3	50
uniq_276296	AF062491.1	0.990930	4	309	749	441	9	3	50
uniq_276354	AJ131149.1	0.990930	4	306	746	441	9	3	50
uniq_276609	AM277551.1	0.931973	30	319	759	441	9	3	50
uniq_278838	DQ394661.1	0.972789	12	347	787	441	9	3	50
uniq_279717	AJ306741.1	0.854875	64	308	748	441	9	3	50
uniq_280751	AB015558.1	0.922902	34	467	907	441	9	3	50
uniq_282336	AY221045.1	0.920635	35	312	752	441	9	3	50
uniq_282833	AF507687.1	0.886621	50	291	731	441	9	3	50
uniq_28314	AB015542.1	0.839002	71	314	754	441	9	3	50
uniq_28524	X87758.1	0.922902	34	314	759	441	9	3	50
uniq_289759	AM419984.1	0.882086	52	309	749	441	9	3	50
uniq_290462	AF219234.1	0.931973	30	313	753	441	9	3	50
uniq_291231	AF385577.1	0.922902	34	329	768	441	9	3	50
uniq_295312	AF385510.1	0.952381	21	326	765	441	9	3	50
uniq_304596	AF432141.1	0.945578	24	350	791	441	9	3	50
uniq_305548	DQ160208.1	0.911565	39	342	780	441	9	3	50
uniq_307645	EF512007.1	0.859410	62	313	777	441	9	3	50
uniq_307932	X84248.1	0.904762	42	306	751	441	9	3	50
uniq_31213	X67609.1	0.877551	54	308	767	441	9	3	50
uniq_312915	AF385510.1	0.891156	48	326	765	441	9	3	50
uniq_313241	AF385519.1	0.863946	60	320	779	441	9	3	50
uniq_314973	AF385510.1	0.943311	25	326	765	441	9	3	50
uniq_315822	X80737.1	0.907029	41	313	757	441	9	3	50
uniq_316095	AF050580.1	0.886621	50	322	764	441	9	3	50
uniq_317196	AM277334.1	0.870748	57	323	787	441	9	3	50
uniq_317471	AF287770.1	0.936508	28	325	763	441	9	3	50
uniq_318016	AF432133.1	0.841270	70	320	779	441	9	3	50
uniq_318165	EF512007.1	0.863946	60	313	777	441	9	3	50
uniq_318757	AM419984.1	0.925170	33	309	749	441	9	3	50
uniq_318922	AM419984.1	0.825397	77	309	749	441	9	3	50
uniq_320522	AF145827.1	0.882086	52	415	855	441	9	3	50
uniq_321062	AB066098.1	0.882086	52	312	753	441	9	3	50
uniq_321175	AM419984.1	0.929705	31	309	749	441	9	3	50
uniq_32275	AM419984.1	0.854875	64	309	749	441	9	3	50
uniq_32356	AJ290755.1	0.877551	54	315	779	441	9	3	50
uniq_323817	AF366271.1	0.866213	59	318	777	441	9	3	50
uniq_32389	AY008310.1	0.857143	63	318	777	441	9	3	50
uniq_323968	EF603070.1	0.884354	51	319	758	441	9	3	50
uniq_324720	X80737.1	0.897959	45	313	757	441	9	3	50
uniq_327157	X87758.1	0.909297	40	314	759	441	9	3	50
uniq_327314	AY044915.1	0.897959	45	314	772	441	9	3	50
uniq_32932	AF385494.1	0.884354	51	302	760	441	9	3	50
uniq_329436	AF385520.1	0.879819	53	350	791	441	9	3	50
uniq_330551	AJ306792.1	0.945578	24	300	740	441	9	3	50
uniq_331510	D14506.1	0.990930	4	279	718	441	9	3	50
uniq_331782	X87758.1	0.922902	34	314	759	441	9	3	50
uniq_332080	D14503.1	0.922902	34	279	718	441	9	3	50
uniq_333602	D14506.1	0.961451	17	279	718	441	9	3	50
uniq_334290	D14503.1	0.882086	52	279	718	441	9	3	50
uniq_334594	AB066098.1	0.863946	60	312	753	441	9	3	50
uniq_336786	AF432138.1	0.934240	29	308	746	441	9	3	50
uniq_337836	D14506.1	0.904762	42	279	718	441	9	3	50
uniq_338214	AF287770.1	0.918367	36	325	763	441	9	3	50
uniq_34019	EF510424.1	0.879819	53	332	796	441	9	3	50
uniq_340549	D14506.1	0.954649	20	279	718	441	9	3	50
uniq_342656	X87758.1	0.931973	30	314	759	441	9	3	50
uniq_34269	AF385519.1	0.861678	61	320	779	441	9	3	50
uniq_344277	EF511101.1	0.861678	61	313	777	441	9	3	50
uniq_346126	AM419984.1	0.920635	35	309	749	441	9	3	50
uniq_347180	AF219234.1	0.941043	26	313	753	441	9	3	50
uniq_348747	D14506.1	0.970522	13	279	718	441	9	3	50
uniq_34893	AY526575.1	0.852608	65	302	766	441	9	3	50
uniq_349205	AF385577.1	0.988662	5	329	768	441	9	3	50
uniq_349552	EF101551.1	0.870748	57	309	773	441	9	3	50
uniq_350141	AJ244722.1	0.868481	58	314	778	441	9	3	50
uniq_351444	EF510424.1	0.852608	65	332	796	441	9	3	50
uniq_351526	EF101551.1	0.861678	61	309	773	441	9	3	50
uniq_351652	AF385520.1	0.868481	58	350	791	441	9	3	50
uniq_351663	AF201981.1	0.895692	46	327	766	441	9	3	50
uniq_356191	AB015542.1	0.834467	73	314	754	441	9	3	50
uniq_356398	AF219234.1	0.845805	68	313	753	441	9	3	50
uniq_358529	X87758.1	0.922902	34	314	759	441	9	3	50
uniq_360285	AJ519989.1	0.836735	72	313	777	441	9	3	50
uniq_361620	AF385520.1	0.852608	65	350	791	441	9	3	50
uniq_36184	AY533382.1	0.934240	29	348	789	441	9	3	50
uniq_366992	AY532590.1	0.975057	11	317	758	441	9	3	50
uniq_368607	AF132277.1	0.961451	17	309	748	441	9	3	50
uniq_369325	AF030452.1	0.909297	40	312	751	441	9	3	50
uniq_37092	AB015542.1	0.839002	71	314	754	441	9	3	50
uniq_372361	AJ271048.1	0.907029	41	296	737	441	9	3	50
uniq_372894	AB300990.1	0.823129	78	311	775	441	9	3	50
uniq_374285	AF382135.1	0.936508	28	309	749	441	9	3	50
uniq_374731	AF371628.1	0.963719	16	327	766	441	9	3	50
uniq_37829	AF385559.1	0.829932	75	326	764	441	9	3	50
uniq_378428	X84576.1	0.866213	59	301	741	441	9	3	50
uniq_387292	AY278618.1	0.963719	16	326	765	441	9	3	50
uniq_39317	AY533382.1	0.902494	43	348	789	441	9	3	50
uniq_393213	X89377.1	0.841270	70	316	780	441	9	3	50
uniq_393492	AB108826.1	0.839002	71	318	777	441	9	3	50
uniq_394710	AY278618.1	0.920635	35	326	765	441	9	3	50
uniq_394876	AY533382.1	0.911565	39	348	789	441	9	3	50
uniq_396762	AY008691.1	0.893424	47	317	776	441	9	3	50
uniq_398613	AF394174.1	0.916100	37	281	720	441	9	3	50
uniq_398887	U13037.1	0.995465	2	326	766	441	9	3	50
uniq_400641	AY533382.1	0.929705	31	348	789	441	9	3	50
uniq_400835	AF394174.1	0.990930	4	280	720	441	9	3	50
uniq_400838	X87758.1	0.909297	40	314	759	441	9	3	50
uniq_401860	X87758.1	0.931973	30	314	759	441	9	3	50
uniq_403998	AY278622.1	0.834467	73	335	800	441	9	3	50
uniq_406147	AY533382.1	0.988662	5	348	789	441	9	3	50
uniq_406660	AY533382.1	0.925170	33	348	789	441	9	3	50
uniq_406717	AF481222.1	0.916100	37	325	764	441	9	3	50
uniq_406957	AY533381.1	0.968254	14	325	766	441	9	3	50
uniq_407567	X87758.1	0.918367	36	314	759	441	9	3	50
uniq_41359	EF512007.1	0.843537	69	313	777	441	9	3	50
uniq_41772	AY349381.1	0.875283	55	311	775	441	9	3	50
uniq_42151	AY533382.1	0.934240	29	348	789	441	9	3	50
uniq_42662	AY008309.1	0.891156	48	308	750	441	9	3	50
uniq_46528	EF510383.1	0.866213	59	321	785	441	9	3	50
uniq_46843	AB072496.1	0.870748	57	313	757	441	9	3	50
uniq_47587	AY250866.1	0.922902	34	317	757	441	9	3	50
uniq_47977	AF129869.1	0.814059	82	303	744	441	9	3	50
uniq_48345	AY487928.1	0.920635	35	346	784	441	9	3	50
uniq_48825	AF382139.1	0.922902	34	309	750	441	9	3	50
uniq_48913	Y08541.1	0.952381	21	306	746	441	9	3	50
uniq_50697	AY221067.1	0.877551	54	308	746	441	9	3	50
uniq_51383	AY093455.1	0.922902	34	317	757	441	9	3	50
uniq_52659	EU124823.1	0.988662	5	281	720	441	9	3	50
uniq_53732	AJ009500.1	0.907029	41	302	742	441	9	3	50
uniq_56274	AF050581.1	0.904762	42	310	752	441	9	3	50
uniq_56530	AY093479.1	0.882086	52	304	744	441	9	3	50
uniq_56630	X84437.1	0.916100	37	307	754	441	9	3	50
uniq_56734	AB041226.1	0.814059	82	289	728	441	9	3	50
uniq_57641	AY212772.1	0.941043	26	308	750	441	9	3	50
uniq_58008	AJ431246.1	0.845805	68	316	756	441	9	3	50
uniq_58522	AJ306754.1	0.936508	28	328	767	441	9	3	50
uniq_61639	AF507687.1	0.941043	26	291	731	441	9	3	50
uniq_73341	L37580.1	0.866213	59	283	724	441	9	3	50
uniq_78664	AF201981.1	0.852608	65	326	766	441	9	3	50
uniq_81325	AF385515.1	0.873016	56	315	774	441	9	3	50
uniq_81619	AF508112.1	0.950113	22	883	1323	441	9	3	50
uniq_82175	EF512007.1	0.868481	58	313	777	441	9	3	50
uniq_87200	AF219234.1	0.854875	64	313	753	441	9	3	50
uniq_87633	AJ508455.1	0.886621	50	315	755	441	9	3	50
uniq_88517	AY030317.1	0.875283	55	320	784	441	9	3	50
uniq_89296	AM420206.1	0.882086	52	330	771	441	9	3	50
uniq_92522	AY278618.1	0.961451	17	326	765	441	9	3	50
uniq_92988	AF050580.1	0.965986	15	322	764	441	9	3	50
uniq_94170	AF385510.1	0.963719	16	326	765	441	9	3	50
uniq_95599	AF513102.1	0.888889	49	299	740	441	9	3	50
uniq_96312	AY661993.1	0.832200	74	307	771	441	9	3	50
uniq_97037	EF511101.1	0.841270	70	313	777	441	9	3	50
uniq_99067	AF451270.1	0.863946	60	307	771	441	9	3	50
uniq_99426	AJ508455.1	0.884354	51	315	755	441	9	3	50
uniq_00054	AY349369.1	0.997727	1	328	767	440	9	3	50
uniq_01222	D16147.1	0.986364	6	280	719	440	9	3	50
uniq_03001	AB121773.1	0.972727	12	283	722	440	9	3	50
uniq_03220	AJ227770.1	0.988636	5	281	720	440	9	3	50
uniq_04009	AB035489.1	0.988636	5	283	722	440	9	3	50
uniq_04201	AF385508.1	0.984091	7	327	766	440	9	3	50
uniq_04964	DQ178975.1	0.990909	4	282	721	440	9	3	50
uniq_05432	AF148859.1	0.993182	3	283	722	440	9	3	50
uniq_06184	AY555804.1	0.920455	35	291	731	440	9	3	50
uniq_07348	AB166881.1	0.981818	8	279	718	440	9	3	50
uniq_08501	AY349389.1	0.988636	5	326	765	440	9	3	50
uniq_08597	AJ292581.1	0.963636	16	295	734	440	9	3	50
uniq_08626	AJ786801.1	0.979545	9	281	720	440	9	3	50
uniq_09032	AF376134.1	0.990909	4	281	720	440	9	3	50
uniq_09151	AY293404.1	0.954545	20	281	720	440	9	3	50
uniq_09987	AJ009495.1	0.940909	26	294	733	440	9	3	50
uniq_100065	AF057645.1	0.893182	47	307	771	440	9	3	50
uniq_100072	AY661993.1	0.875000	55	307	771	440	9	3	50
uniq_100118	EF510383.1	0.881818	52	321	785	440	9	3	50
uniq_100162	AF094731.1	0.886364	50	307	771	440	9	3	50
uniq_100362	AF287777.1	0.988636	5	326	765	440	9	3	50
uniq_100584	AF201981.1	0.965909	15	327	766	440	9	3	50
uniq_100768	AY328582.1	0.990909	4	281	720	440	9	3	50
uniq_100801	AF385510.1	0.963636	16	326	765	440	9	3	50
uniq_100902	AY328597.1	0.922727	34	281	720	440	9	3	50
uniq_100997	AY661993.1	0.909091	40	307	771	440	9	3	50
uniq_101032	AF385510.1	0.925000	33	326	765	440	9	3	50
uniq_101212	AY328597.1	0.965909	15	281	720	440	9	3	50
uniq_101238	AF287761.1	0.918182	36	326	767	440	9	3	50
uniq_101266	AY661993.1	0.893182	47	307	771	440	9	3	50
uniq_101464	AF385563.1	0.945455	24	318	760	440	9	3	50
uniq_101466	AF481222.1	0.938636	27	325	764	440	9	3	50
uniq_101475	AY278618.1	0.970455	13	326	765	440	9	3	50
uniq_101508	AB076677.1	0.904545	42	310	750	440	9	3	50
uniq_101728	AF507705.1	0.918182	36	298	737	440	9	3	50
uniq_101797	Z78203.1	0.970455	13	279	718	440	9	3	50
uniq_101839	AF200695.1	0.984091	7	281	720	440	9	3	50
uniq_101891	AY344373.1	0.897727	45	298	738	440	9	3	50
uniq_102168	AY150047.1	0.981818	8	281	720	440	9	3	50
uniq_102274	AY207059.1	0.906818	41	326	764	440	9	3	50
uniq_102302	AY014168.1	0.993182	3	281	720	440	9	3	50
uniq_104024	AY360529.1	0.990909	4	281	720	440	9	3	50
uniq_104821	AY769083.1	0.984091	7	281	720	440	9	3	50
uniq_105056	AJ289986.1	0.956818	19	283	722	440	9	3	50
uniq_105226	AY169428.1	0.986364	6	329	768	440	9	3	50
uniq_105906	X71857.1	0.988636	5	310	749	440	9	3	50
uniq_106111	AJ408989.1	0.995455	2	316	755	440	9	3	50
uniq_106940	AB249962.1	0.811364	83	308	752	440	9	3	50
uniq_107025	AY328732.1	0.965909	15	283	722	440	9	3	50
uniq_107085	AY008310.1	0.886364	50	318	777	440	9	3	50
uniq_107176	AF287770.1	0.961364	17	325	763	440	9	3	50
uniq_107190	AF287770.1	0.954545	20	325	763	440	9	3	50
uniq_107347	AF432139.1	0.852273	65	319	783	440	9	3	50
uniq_107386	EF511101.1	0.897727	45	313	777	440	9	3	50
uniq_107412	EF511101.1	0.890909	48	313	777	440	9	3	50
uniq_107523	AY278618.1	0.952273	21	326	765	440	9	3	50
uniq_107571	AY207059.1	0.865909	59	326	764	440	9	3	50
uniq_107637	AF445743.1	0.943182	25	300	739	440	9	3	50
uniq_107638	AF385510.1	0.884091	51	326	765	440	9	3	50
uniq_108046	AF481220.1	0.902273	43	326	765	440	9	3	50
uniq_108053	AF385510.1	0.943182	25	326	765	440	9	3	50
uniq_108120	AY349393.1	0.850000	66	320	779	440	9	3	50
uniq_108158	AF201981.1	0.934091	29	327	766	440	9	3	50
uniq_108200	AF287777.1	0.940909	26	326	765	440	9	3	50
uniq_108291	EF510424.1	0.877273	54	332	796	440	9	3	50
uniq_108339	AY278618.1	0.956818	19	326	765	440	9	3	50
uniq_108375	EF512007.1	0.886364	50	313	777	440	9	3	50
uniq_108560	AF385556.1	0.961364	17	329	768	440	9	3	50
uniq_108661	AF201981.1	0.959091	18	327	766	440	9	3	50
uniq_109111	AF201981.1	0.959091	18	327	766	440	9	3	50
uniq_109293	AF385510.1	0.945455	24	326	765	440	9	3	50
uniq_110109	AY008310.1	0.863636	60	318	777	440	9	3	50
uniq_110229	AY349385.1	0.918182	36	308	750	440	9	3	50
uniq_110315	AY278618.1	0.968182	14	326	765	440	9	3	50
uniq_110365	AF201981.1	0.968182	14	327	766	440	9	3	50
uniq_110589	AF385510.1	0.934091	29	326	765	440	9	3	50
uniq_110604	AF201981.1	0.847727	67	327	766	440	9	3	50
uniq_110632	DQ160215.1	0.900000	44	307	751	440	9	3	50
uniq_110770	EU670056.1	0.859091	62	320	779	440	9	3	50
uniq_110794	X67609.1	0.868182	58	308	767	440	9	3	50
uniq_110949	AF481222.1	0.947727	23	325	764	440	9	3	50
uniq_111072	AF385510.1	0.965909	15	326	765	440	9	3	50
uniq_11125	AF481222.1	0.952273	21	325	764	440	9	3	50
uniq_111265	AY278618.1	0.895455	46	326	765	440	9	3	50
uniq_111270	AJ290755.1	0.888636	49	315	779	440	9	3	50
uniq_111388	AF385510.1	0.956818	19	326	765	440	9	3	50
uniq_111486	AF385510.1	0.961364	17	326	765	440	9	3	50
uniq_111511	EF512007.1	0.886364	50	313	777	440	9	3	50
uniq_112441	AF385510.1	0.961364	17	326	765	440	9	3	50
uniq_112618	AY278618.1	0.959091	18	326	765	440	9	3	50
uniq_112854	AJ508455.1	0.913636	38	315	755	440	9	3	50
uniq_113037	AY207057.1	0.865909	59	318	778	440	9	3	50
uniq_113284	AF481222.1	0.890909	48	325	764	440	9	3	50
uniq_113310	AF385508.1	0.963636	16	327	766	440	9	3	50
uniq_113695	AF287770.1	0.970455	13	325	763	440	9	3	50
uniq_113922	AF287770.1	0.950000	22	325	763	440	9	3	50
uniq_114144	AY278618.1	0.931818	30	326	765	440	9	3	50
uniq_115127	AY278618.1	0.950000	22	326	765	440	9	3	50
uniq_115308	AF385510.1	0.940909	26	326	765	440	9	3	50
uniq_115723	AY230771.1	0.943182	25	325	764	440	9	3	50
uniq_115903	AF287777.1	0.968182	14	326	765	440	9	3	50
uniq_115986	AF385510.1	0.947727	23	326	765	440	9	3	50
uniq_116010	U65583.1	0.872727	56	315	779	440	9	3	50
uniq_116275	AF385510.1	0.968182	14	326	765	440	9	3	50
uniq_116642	AF201981.1	0.947727	23	327	766	440	9	3	50
uniq_116656	AM419984.1	0.913636	38	309	749	440	9	3	50
uniq_116961	X71855.1	0.943182	25	327	766	440	9	3	50
uniq_116971	AF385510.1	0.950000	22	326	765	440	9	3	50
uniq_117046	AY008310.1	0.888636	49	318	777	440	9	3	50
uniq_117261	AY230771.1	0.975000	11	325	764	440	9	3	50
uniq_117355	AF385518.1	0.911364	39	308	750	440	9	3	50
uniq_117510	AY278618.1	0.890909	48	326	765	440	9	3	50
uniq_118568	AF287770.1	0.940909	26	325	763	440	9	3	50
uniq_118744	AY442819.1	0.854545	64	326	765	440	9	3	50
uniq_118901	EF511101.1	0.877273	54	313	777	440	9	3	50
uniq_119432	AF385510.1	0.897727	45	326	765	440	9	3	50
uniq_119605	AF287770.1	0.950000	22	325	763	440	9	3	50
uniq_119893	AY330126.1	0.870455	57	327	766	440	9	3	50
uniq_11996	AJ576418.1	0.934091	29	341	780	440	9	3	50
uniq_121274	AB093546.1	0.918182	36	441	883	440	9	3	50
uniq_12199	AF482682.1	0.988636	5	279	718	440	9	3	50
uniq_122202	EU676399.1	0.977273	10	281	720	440	9	3	50
uniq_127702	AF498714.1	0.943182	25	283	722	440	9	3	50
uniq_128182	AJ581348.1	0.918182	36	304	743	440	9	3	50
uniq_129070	DQ303125.1	0.984091	7	279	718	440	9	3	50
uniq_129253	AB121772.1	0.979545	9	283	722	440	9	3	50
uniq_130113	Y10028.1	0.963636	16	325	764	440	9	3	50
uniq_130524	AF498753.1	0.947727	23	295	734	440	9	3	50
uniq_130667	AF370880.1	0.961364	17	283	722	440	9	3	50
uniq_131894	AF200699.1	0.940909	26	295	734	440	9	3	50
uniq_132273	EU373336.1	0.872727	56	313	777	440	9	3	50
uniq_133075	AY218649.1	0.947727	23	298	737	440	9	3	50
uniq_136995	Y07839.1	0.986364	6	327	765	440	9	3	50
uniq_138015	DQ068841.1	0.875000	55	313	777	440	9	3	50
uniq_139976	EF512007.1	0.856818	63	313	777	440	9	3	50
uniq_140050	EU071543.1	0.909091	40	298	740	440	9	3	50
uniq_140095	EF510424.1	0.870455	57	332	796	440	9	3	50
uniq_140142	AF385551.1	0.822727	78	320	779	440	9	3	50
uniq_140197	AF481222.1	0.970455	13	325	764	440	9	3	50
uniq_140303	AY278611.1	0.884091	51	314	771	440	9	3	50
uniq_140329	AF287775.1	0.938636	27	327	766	440	9	3	50
uniq_140635	AF385510.1	0.938636	27	326	765	440	9	3	50
uniq_140773	AY207059.1	0.870455	57	326	764	440	9	3	50
uniq_140805	AY349402.1	0.843182	69	318	776	440	9	3	50
uniq_141015	AF287770.1	0.968182	14	325	763	440	9	3	50
uniq_141127	AF481221.1	0.861364	61	326	765	440	9	3	50
uniq_141726	AY044915.1	0.863636	60	314	772	440	9	3	50
uniq_141729	U13038.1	0.990909	4	326	766	440	9	3	50
uniq_142004	AY005026.1	0.872727	56	313	777	440	9	3	50
uniq_142176	AF385510.1	0.956818	19	326	765	440	9	3	50
uniq_142194	AF481222.1	0.965909	15	325	764	440	9	3	50
uniq_142223	AB015542.1	0.825000	77	314	754	440	9	3	50
uniq_142281	AF287770.1	0.938636	27	325	763	440	9	3	50
uniq_142314	AY138231.1	0.870455	57	317	781	440	9	3	50
uniq_142945	EF512007.1	0.868182	58	313	777	440	9	3	50
uniq_143207	AF287761.1	0.909091	40	326	767	440	9	3	50
uniq_143539	AY349402.1	0.825000	77	318	776	440	9	3	50
uniq_143566	AJ508455.1	0.884091	51	315	755	440	9	3	50
uniq_143591	AJ229234.1	0.831818	74	318	757	440	9	3	50
uniq_143644	AF385518.1	0.920455	35	308	750	440	9	3	50
uniq_144089	EF510424.1	0.868182	58	332	796	440	9	3	50
uniq_144110	AF385577.1	0.970455	13	329	768	440	9	3	50
uniq_144189	AY429468.1	0.865909	59	304	763	440	9	3	50
uniq_144225	AF481222.1	0.936364	28	325	764	440	9	3	50
uniq_144257	AF287770.1	0.965909	15	325	763	440	9	3	50
uniq_144282	AF287770.1	0.940909	26	325	763	440	9	3	50
uniq_144294	AF385510.1	0.925000	33	326	765	440	9	3	50
uniq_144502	AF287775.1	0.968182	14	327	766	440	9	3	50
uniq_144533	X87758.1	0.947727	23	314	749	440	9	3	50
uniq_144659	AF481222.1	0.897727	45	325	764	440	9	3	50
uniq_144700	EF510424.1	0.859091	62	332	796	440	9	3	50
uniq_144874	EF512007.1	0.888636	49	313	777	440	9	3	50
uniq_144890	AY442829.1	0.840909	70	322	761	440	9	3	50
uniq_144971	AF385510.1	0.929545	31	326	765	440	9	3	50
uniq_144979	AY330126.1	0.911364	39	327	766	440	9	3	50
uniq_145062	AF465656.1	0.952273	21	295	734	440	9	3	50
uniq_145076	AJ308396.1	0.843182	69	327	766	440	9	3	50
uniq_145124	AY278618.1	0.909091	40	326	765	440	9	3	50
uniq_145270	AF481222.1	0.956818	19	325	764	440	9	3	50
uniq_145438	X71855.1	0.906818	41	327	766	440	9	3	50
uniq_145494	AY349395.1	0.845455	68	320	779	440	9	3	50
uniq_145582	AY323523.1	0.865909	59	326	764	440	9	3	50
uniq_145601	AJ229203.1	0.918182	36	326	765	440	9	3	50
uniq_145667	EF510424.1	0.834091	73	332	796	440	9	3	50
uniq_145900	AY044915.1	0.861364	61	314	772	440	9	3	50
uniq_145937	AB021701.1	0.925000	33	325	764	440	9	3	50
uniq_145988	AF385510.1	0.950000	22	326	765	440	9	3	50
uniq_146038	AF201981.1	0.961364	17	327	766	440	9	3	50
uniq_146098	AY197400.1	0.890909	48	311	751	440	9	3	50
uniq_146217	AY138231.1	0.859091	62	317	781	440	9	3	50
uniq_146277	AM277334.1	0.888636	49	323	787	440	9	3	50
uniq_146519	AJ229234.1	0.915909	37	318	757	440	9	3	50
uniq_146571	AF157053.1	0.834091	73	327	765	440	9	3	50
uniq_146669	AF201981.1	0.950000	22	327	766	440	9	3	50
uniq_146766	AY349403.1	0.859091	62	328	792	440	9	3	50
uniq_146848	U13038.1	0.972727	12	326	766	440	9	3	50
uniq_146868	AF201981.1	0.954545	20	327	766	440	9	3	50
uniq_146879	AY278618.1	0.868182	58	326	765	440	9	3	50
uniq_147294	AF432137.1	0.870455	57	319	783	440	9	3	50
uniq_147354	AM420243.1	0.918182	36	298	740	440	9	3	50
uniq_147539	AJ292035.1	0.893182	47	310	754	440	9	3	50
uniq_147572	AF201981.1	0.920455	35	327	766	440	9	3	50
uniq_147720	AF385571.1	0.915909	37	307	746	440	9	3	50
uniq_147736	AF385556.1	0.918182	36	329	768	440	9	3	50
uniq_147836	AB076677.1	0.902273	43	310	750	440	9	3	50
uniq_148020	AF385510.1	0.920455	35	326	765	440	9	3	50
uniq_148073	AF465654.1	0.963636	16	287	726	440	9	3	50
uniq_148290	AF292371.1	0.904545	42	311	754	440	9	3	50
uniq_148413	AY008310.1	0.897727	45	318	777	440	9	3	50
uniq_148632	EF510424.1	0.829545	75	332	796	440	9	3	50
uniq_148796	X67609.1	0.872727	56	308	767	440	9	3	50
uniq_148951	AF287770.1	0.929545	31	325	763	440	9	3	50
uniq_149226	AF385510.1	0.927273	32	326	765	440	9	3	50
uniq_149386	DQ160208.1	0.904545	42	342	780	440	9	3	50
uniq_149470	AF432136.1	0.854545	64	319	783	440	9	3	50
uniq_149627	AF287775.1	0.909091	40	327	766	440	9	3	50
uniq_149692	AF287775.1	0.940909	26	327	766	440	9	3	50
uniq_149952	AF201981.1	0.950000	22	327	766	440	9	3	50
uniq_150106	AF385510.1	0.961364	17	326	765	440	9	3	50
uniq_150536	AF201981.1	0.952273	21	327	766	440	9	3	50
uniq_150555	AF385508.1	0.959091	18	327	766	440	9	3	50
uniq_150581	AF385571.1	0.911364	39	307	746	440	9	3	50
uniq_150668	AF201981.1	0.922727	34	327	766	440	9	3	50
uniq_150699	AF385577.1	0.961364	17	329	768	440	9	3	50
uniq_150746	AF287775.1	0.925000	33	327	766	440	9	3	50
uniq_150787	AJ576418.1	0.925000	33	341	780	440	9	3	50
uniq_150971	AF219234.1	0.852273	65	313	753	440	9	3	50
uniq_150992	AF201981.1	0.940909	26	327	766	440	9	3	50
uniq_151076	AF385577.1	0.945455	24	329	768	440	9	3	50
uniq_151220	AY138231.1	0.843182	69	317	781	440	9	3	50
uniq_151222	AY429468.1	0.900000	44	304	762	440	9	3	50
uniq_151453	AF385510.1	0.952273	21	326	765	440	9	3	50
uniq_151571	AF385577.1	0.870455	57	329	768	440	9	3	50
uniq_151621	AY278611.1	0.868182	58	314	771	440	9	3	50
uniq_151747	AF385577.1	0.970455	13	329	768	440	9	3	50
uniq_151795	AF201981.1	0.927273	32	327	766	440	9	3	50
uniq_152208	AF385543.1	0.875000	55	326	764	440	9	3	50
uniq_152256	AF043424.1	0.852273	65	311	751	440	9	3	50
uniq_152400	AF201981.1	0.975000	11	327	766	440	9	3	50
uniq_152422	EU071543.1	0.881818	52	297	740	440	9	3	50
uniq_152695	AY349402.1	0.843182	69	318	776	440	9	3	50
uniq_152856	AF481220.1	0.993182	3	326	765	440	9	3	50
uniq_153531	AY326462.1	0.881818	52	317	755	440	9	3	50
uniq_153762	X80841.1	0.859091	62	330	768	440	9	3	50
uniq_153937	EF511101.1	0.895455	46	313	777	440	9	3	50
uniq_154087	AF385571.1	0.927273	32	307	746	440	9	3	50
uniq_154151	AY134905.1	0.831818	74	318	777	440	9	3	50
uniq_154274	AF292371.1	0.906818	41	311	754	440	9	3	50
uniq_154606	EF509159.1	0.879545	53	311	753	440	9	3	50
uniq_154667	AF432133.1	0.893182	47	320	779	440	9	3	50
uniq_155026	AY044915.1	0.868182	58	314	772	440	9	3	50
uniq_155039	AF287777.1	0.956818	19	326	765	440	9	3	50
uniq_15531	EF510383.1	0.881818	52	321	785	440	9	3	50
uniq_155350	X79462.1	0.895455	46	311	755	440	9	3	50
uniq_155771	AF385520.1	0.811364	83	350	791	440	9	3	50
uniq_156036	AF385572.1	0.884091	51	310	752	440	9	3	50
uniq_156045	AY349402.1	0.852273	65	318	776	440	9	3	50
uniq_156080	AF201981.1	0.961364	17	327	766	440	9	3	50
uniq_156148	AF287775.1	0.918182	36	327	766	440	9	3	50
uniq_156287	AY349389.1	0.936364	28	326	765	440	9	3	50
uniq_156883	AF287775.1	0.943182	25	327	766	440	9	3	50
uniq_156968	AF465654.1	0.947727	23	287	726	440	9	3	50
uniq_157437	EF510424.1	0.888636	49	332	796	440	9	3	50
uniq_157453	EF512007.1	0.886364	50	313	777	440	9	3	50
uniq_157457	AF385508.1	0.950000	22	327	766	440	9	3	50
uniq_157512	AY197400.1	0.909091	40	311	751	440	9	3	50
uniq_157525	AM419984.1	0.865909	59	309	749	440	9	3	50
uniq_157602	EF512007.1	0.884091	51	313	777	440	9	3	50
uniq_157642	AJ229203.1	0.902273	43	326	765	440	9	3	50
uniq_157798	AF201981.1	0.970455	13	327	766	440	9	3	50
uniq_157932	AB108825.1	0.856818	63	318	777	440	9	3	50
uniq_158202	AF385556.1	0.963636	16	329	768	440	9	3	50
uniq_158313	AY330126.1	0.847727	67	327	766	440	9	3	50
uniq_158347	AY008313.1	0.836364	72	318	777	440	9	3	50
uniq_158793	AF385577.1	0.934091	29	329	768	440	9	3	50
uniq_158848	AF481222.1	0.943182	25	325	764	440	9	3	50
uniq_159019	EF509023.1	0.881818	52	311	753	440	9	3	50
uniq_159062	AF385577.1	0.950000	22	329	768	440	9	3	50
uniq_159190	AY349402.1	0.834091	73	318	776	440	9	3	50
uniq_159383	AY230771.1	0.954545	20	325	764	440	9	3	50
uniq_159463	AY323523.1	0.818182	80	326	764	440	9	3	50
uniq_160075	AB214328.1	0.813636	82	313	772	440	9	3	50
uniq_160496	AY230771.1	0.943182	25	325	764	440	9	3	50
uniq_160505	AF201981.1	0.929545	31	327	766	440	9	3	50
uniq_160569	EF510424.1	0.847727	67	332	796	440	9	3	50
uniq_161275	AB108825.1	0.888636	49	318	777	440	9	3	50
uniq_161960	AF481221.1	0.961364	17	326	765	440	9	3	50
uniq_162080	EF511101.1	0.897727	45	313	777	440	9	3	50
uniq_163090	AF287777.1	0.968182	14	326	765	440	9	3	50
uniq_163185	AY442823.1	0.936364	28	327	766	440	9	3	50
uniq_163430	AF287766.1	0.990909	4	325	764	440	9	3	50
uniq_163649	EF511101.1	0.863636	60	313	777	440	9	3	50
uniq_164997	AF385559.1	0.893182	47	326	764	440	9	3	50
uniq_165012	AY326462.1	0.906818	41	317	755	440	9	3	50
uniq_165372	AY008308.1	0.875000	55	315	774	440	9	3	50
uniq_165400	AF287770.1	0.945455	24	325	763	440	9	3	50
uniq_165953	U13037.1	0.938636	27	326	766	440	9	3	50
uniq_166440	DQ325537.1	0.934091	29	314	756	440	9	3	50
uniq_166706	AF287777.1	0.965909	15	326	765	440	9	3	50
uniq_167704	AY005033.1	0.861364	61	313	777	440	9	3	50
uniq_167840	AF287816.1	0.922727	34	307	749	440	9	3	50
uniq_16847	AF200697.1	0.950000	22	281	720	440	9	3	50
uniq_169557	AY197400.1	0.920455	35	311	751	440	9	3	50
uniq_169718	Y18179.1	0.897727	45	314	753	440	9	3	50
uniq_170432	EF512007.1	0.879545	53	313	777	440	9	3	50
uniq_17050	DQ160208.1	0.990909	4	342	780	440	9	3	50
uniq_171531	AF287769.1	0.993182	3	329	768	440	9	3	50
uniq_172351	AF481221.1	0.986364	6	326	765	440	9	3	50
uniq_172739	AY212626.1	0.947727	23	281	720	440	9	3	50
uniq_173378	AJ292685.1	0.927273	32	300	739	440	9	3	50
uniq_174131	DQ160208.1	0.865909	59	342	780	440	9	3	50
uniq_174162	DQ160208.1	0.961364	17	342	781	440	9	3	50
uniq_174490	AM420206.1	0.870455	57	330	771	440	9	3	50
uniq_17491	AY349385.1	0.913636	38	308	750	440	9	3	50
uniq_174941	DQ325537.1	0.904545	42	314	756	440	9	3	50
uniq_175116	AF418964.1	0.956818	19	284	723	440	9	3	50
uniq_176515	AF408257.1	0.859091	62	320	783	440	9	3	50
uniq_177112	AF418957.1	0.990909	4	311	750	440	9	3	50
uniq_178089	DQ160208.1	0.834091	73	342	780	440	9	3	50
uniq_178492	AY212760.1	0.931818	30	316	755	440	9	3	50
uniq_178752	AF287761.1	0.922727	34	326	767	440	9	3	50
uniq_180297	AY330126.1	0.970455	13	327	766	440	9	3	50
uniq_181151	AY212760.1	0.947727	23	316	755	440	9	3	50
uniq_181216	AF385559.1	0.890909	48	326	764	440	9	3	50
uniq_183851	AB185960.1	0.961364	17	279	718	440	9	3	50
uniq_184154	D32226.1	0.981818	8	281	720	440	9	3	50
uniq_184467	AJ408992.1	0.956818	19	328	767	440	9	3	50
uniq_184987	AF184221.1	0.993182	3	280	719	440	9	3	50
uniq_185007	AY169422.1	0.981818	8	327	762	440	9	3	50
uniq_185027	AJ717391.1	0.993182	3	281	720	440	9	3	50
uniq_185837	AJ506115.1	0.961364	17	316	755	440	9	3	50
uniq_186267	DQ163946.1	0.990909	4	279	718	440	9	3	50
uniq_186285	DQ904854.1	0.990909	4	314	753	440	9	3	50
uniq_186478	AJ270451.1	0.897727	45	307	771	440	9	3	50
uniq_187229	AM743175.1	0.918182	36	281	720	440	9	3	50
uniq_187351	AB240277.1	0.938636	27	292	731	440	9	3	50
uniq_187849	X80750.1	0.922727	34	310	754	440	9	3	50
uniq_188876	AJ007800.1	0.963636	16	281	720	440	9	3	50
uniq_191450	U57068.1	0.897727	45	313	777	440	9	3	50
uniq_191723	AY328588.1	0.988636	5	281	720	440	9	3	50
uniq_19266	AF385510.1	0.959091	18	326	765	440	9	3	50
uniq_192826	EF025906.1	0.990909	4	327	766	440	9	3	50
uniq_192969	AY178863.1	0.961364	17	281	720	440	9	3	50
uniq_194054	AM743175.1	0.956818	19	281	720	440	9	3	50
uniq_195534	AF508112.1	0.990909	4	281	720	440	9	3	50
uniq_195752	AF007948.1	0.943182	25	279	718	440	9	3	50
uniq_195787	AJ505839.1	0.954545	20	281	720	440	9	3	50
uniq_195870	AJ536688.1	0.993182	3	279	718	440	9	3	50
uniq_197590	AF385508.1	0.906818	41	327	766	440	9	3	50
uniq_197854	AF202259.1	0.906818	41	328	767	440	9	3	50
uniq_198348	AJ249099.1	0.929545	31	295	734	440	9	3	50
uniq_198720	AF385577.1	0.938636	27	329	768	440	9	3	50
uniq_198941	AF385510.1	0.950000	22	326	765	440	9	3	50
uniq_199734	AF287770.1	0.956818	19	325	763	440	9	3	50
uniq_20161	AJ292609.1	0.952273	21	289	728	440	9	3	50
uniq_201846	AJ292583.1	0.929545	31	295	734	440	9	3	50
uniq_20219	AY330129.1	0.954545	20	314	753	440	9	3	50
uniq_202639	EU670056.1	0.856818	63	320	779	440	9	3	50
uniq_203155	AY278618.1	0.954545	20	326	765	440	9	3	50
uniq_203425	AM277334.1	0.893182	47	323	787	440	9	3	50
uniq_203710	AJ292588.1	0.922727	34	297	736	440	9	3	50
uniq_204718	AF385551.1	0.881818	52	320	779	440	9	3	50
uniq_204853	AF385510.1	0.845455	68	326	765	440	9	3	50
uniq_205321	AY008691.1	0.897727	45	317	776	440	9	3	50
uniq_205641	AF219234.1	0.875000	55	313	753	440	9	3	50
uniq_206502	DQ640643.1	0.954545	20	281	720	440	9	3	50
uniq_206783	AY278618.1	0.947727	23	326	765	440	9	3	50
uniq_207072	AF385577.1	0.970455	13	329	768	440	9	3	50
uniq_207654	AF183404.1	0.865909	59	320	779	440	9	3	50
uniq_207698	AF432138.1	0.934091	29	308	750	440	9	3	50
uniq_208526	AJ292588.1	0.950000	22	297	736	440	9	3	50
uniq_209278	AY442823.1	0.900000	44	327	766	440	9	3	50
uniq_210405	AY230771.1	0.952273	21	325	764	440	9	3	50
uniq_210785	AF224306.1	0.879545	53	312	776	440	9	3	50
uniq_212512	AF432138.1	0.911364	39	308	750	440	9	3	50
uniq_213397	AF498715.1	0.979545	9	283	722	440	9	3	50
uniq_213804	EU670056.1	0.865909	59	320	779	440	9	3	50
uniq_21395	X75907.1	0.897727	45	310	748	440	9	3	50
uniq_214615	AF385510.1	0.936364	28	326	765	440	9	3	50
uniq_214977	AF287770.1	0.945455	24	325	763	440	9	3	50
uniq_215869	AJ563931.1	0.950000	22	281	720	440	9	3	50
uniq_216976	U65583.1	0.893182	47	315	779	440	9	3	50
uniq_217236	AF200699.1	0.945455	24	295	734	440	9	3	50
uniq_218661	AJ315486.1	0.945455	24	327	766	440	9	3	50
uniq_218751	AF385510.1	0.938636	27	326	765	440	9	3	50
uniq_218842	AF432130.1	0.906818	41	298	740	440	9	3	50
uniq_219644	AF201981.1	0.856818	63	327	766	440	9	3	50
uniq_219929	AF287770.1	0.940909	26	325	763	440	9	3	50
uniq_219942	AF385508.1	0.925000	33	327	766	440	9	3	50
uniq_219950	AF385566.1	0.872727	56	335	800	440	9	3	50
uniq_219956	AY349393.1	0.879545	53	320	779	440	9	3	50
uniq_220019	AF132250.1	0.870455	57	327	765	440	9	3	50
uniq_220147	AF385510.1	0.940909	26	326	765	440	9	3	50
uniq_220248	AB066098.1	0.825000	77	312	753	440	9	3	50
uniq_220252	AF385566.1	0.893182	47	335	800	440	9	3	50
uniq_220398	AY178635.1	0.934091	29	329	782	440	9	3	50
uniq_220704	DQ160208.1	0.877273	54	342	780	440	9	3	50
uniq_220781	AJ229234.1	0.875000	55	318	757	440	9	3	50
uniq_220789	AM419984.1	0.929545	31	309	749	440	9	3	50
uniq_221254	AF219235.1	0.902273	43	313	753	440	9	3	50
uniq_221259	AJ408969.1	0.881818	52	328	767	440	9	3	50
uniq_221275	DQ532285.1	0.859091	62	327	766	440	9	3	50
uniq_221603	AF287816.1	0.884091	51	307	749	440	9	3	50
uniq_221705	AY445131.1	0.854545	64	332	796	440	9	3	50
uniq_221848	AY341820.1	0.863636	60	324	788	440	9	3	50
uniq_222060	AY278618.1	0.947727	23	326	765	440	9	3	50
uniq_222155	AF385577.1	0.968182	14	329	768	440	9	3	50
uniq_222203	X87167.1	0.947727	23	281	720	440	9	3	50
uniq_222430	AY230771.1	0.904545	42	325	764	440	9	3	50
uniq_222492	AY349403.1	0.852273	65	328	792	440	9	3	50
uniq_222574	AF385519.1	0.847727	67	320	779	440	9	3	50
uniq_223207	AF481222.1	0.943182	25	325	764	440	9	3	50
uniq_223248	AF385520.1	0.861364	61	350	791	440	9	3	50
uniq_223546	AY230771.1	0.954545	20	325	764	440	9	3	50
uniq_223601	AF287770.1	0.915909	37	325	763	440	9	3	50
uniq_223621	AY349389.1	0.950000	22	326	765	440	9	3	50
uniq_223681	X71853.1	0.852273	65	328	767	440	9	3	50
uniq_223689	AF201981.1	0.959091	18	327	766	440	9	3	50
uniq_224082	AF385551.1	0.856818	63	320	779	440	9	3	50
uniq_224405	AY278609.1	0.843182	69	319	783	440	9	3	50
uniq_224477	AY278621.1	0.940909	26	308	750	440	9	3	50
uniq_224589	AF385577.1	0.956818	19	329	768	440	9	3	50
uniq_224593	AY278621.1	0.890909	48	308	750	440	9	3	50
uniq_224666	DQ160208.1	0.945455	24	342	780	440	9	3	50
uniq_224796	AF481222.1	0.950000	22	325	764	440	9	3	50
uniq_224965	AY278622.1	0.859091	62	335	800	440	9	3	50
uniq_225459	AF385563.1	0.938636	27	318	760	440	9	3	50
uniq_225564	X71855.1	0.920455	35	327	766	440	9	3	50
uniq_225609	AM419461.1	0.936364	28	314	758	440	9	3	50
uniq_225984	AF043424.1	0.818182	80	311	751	440	9	3	50
uniq_226184	AF385510.1	0.888636	49	326	765	440	9	3	50
uniq_226585	AY278621.1	0.877273	54	308	750	440	9	3	50
uniq_226652	AY278611.1	0.872727	56	314	771	440	9	3	50
uniq_226786	AJ508455.1	0.900000	44	315	755	440	9	3	50
uniq_227236	AJ229234.1	0.913636	38	318	757	440	9	3	50
uniq_227403	AY555795.1	0.927273	32	305	744	440	9	3	50
uniq_227572	AF481221.1	0.865909	59	326	765	440	9	3	50
uniq_227613	EF510424.1	0.879545	53	332	796	440	9	3	50
uniq_227694	AF498753.1	0.959091	18	295	734	440	9	3	50
uniq_227767	AF385577.1	0.940909	26	329	768	440	9	3	50
uniq_228020	X71855.1	0.915909	37	327	766	440	9	3	50
uniq_228131	AF385510.1	0.936364	28	326	765	440	9	3	50
uniq_228778	AF513102.1	0.836364	72	299	740	440	9	3	50
uniq_228951	AF201981.1	0.893182	47	327	766	440	9	3	50
uniq_229070	AF481222.1	0.950000	22	325	764	440	9	3	50
uniq_229296	AF143692.1	0.861364	61	310	749	440	9	3	50
uniq_229501	AF481222.1	0.968182	14	325	764	440	9	3	50
uniq_229552	AF201981.1	0.947727	23	327	766	440	9	3	50
uniq_229975	AM419984.1	0.920455	35	309	749	440	9	3	50
uniq_23050	U88441.1	0.995455	2	279	718	440	9	3	50
uniq_230528	AF385510.1	0.961364	17	326	765	440	9	3	50
uniq_231221	AY326462.1	0.865909	59	317	755	440	9	3	50
uniq_231621	AM419984.1	0.965909	15	309	749	440	9	3	50
uniq_231668	AY278611.1	0.884091	51	314	771	440	9	3	50
uniq_231788	AF385577.1	0.972727	12	329	768	440	9	3	50
uniq_231918	DQ160208.1	0.922727	34	342	780	440	9	3	50
uniq_232588	AF385510.1	0.943182	25	326	765	440	9	3	50
uniq_233029	AY341820.1	0.845455	68	324	788	440	9	3	50
uniq_233158	AF385563.1	0.915909	37	318	760	440	9	3	50
uniq_233553	AY349402.1	0.822727	78	318	776	440	9	3	50
uniq_233709	AF385510.1	0.940909	26	326	765	440	9	3	50
uniq_233961	AF385577.1	0.865909	59	329	768	440	9	3	50
uniq_234046	AY349403.1	0.865909	59	328	792	440	9	3	50
uniq_234138	AF481222.1	0.875000	55	325	764	440	9	3	50
uniq_234539	EU670056.1	0.859091	62	320	779	440	9	3	50
uniq_234655	AF287770.1	0.975000	11	325	763	440	9	3	50
uniq_234965	AF385520.1	0.902273	43	350	791	440	9	3	50
uniq_235260	AF385551.1	0.854545	64	320	779	440	9	3	50
uniq_235320	AF201981.1	0.868182	58	327	766	440	9	3	50
uniq_235419	AY230771.1	0.920455	35	325	764	440	9	3	50
uniq_235776	AB108826.1	0.872727	56	318	777	440	9	3	50
uniq_235843	AF385518.1	0.922727	34	308	750	440	9	3	50
uniq_235950	AY349377.1	0.859091	62	325	765	440	9	3	50
uniq_236051	AF219234.1	0.856818	63	313	753	440	9	3	50
uniq_236643	AF499908.1	0.843182	69	336	777	440	9	3	50
uniq_236984	X71853.1	0.843182	69	328	767	440	9	3	50
uniq_237120	AF201981.1	0.931818	30	327	766	440	9	3	50
uniq_237508	X71855.1	0.918182	36	327	766	440	9	3	50
uniq_237523	EU670056.1	0.893182	47	320	779	440	9	3	50
uniq_237963	AY312403.1	0.875000	55	318	759	440	9	3	50
uniq_238796	AJ229234.1	0.893182	47	318	757	440	9	3	50
uniq_238899	AY278621.1	0.881818	52	308	750	440	9	3	50
uniq_239239	AJ229234.1	0.852273	65	318	757	440	9	3	50
uniq_239369	AF201981.1	0.943182	25	327	766	440	9	3	50
uniq_239456	AF219234.1	0.829545	75	313	753	440	9	3	50
uniq_239495	AF183404.1	0.870455	57	320	779	440	9	3	50
uniq_239909	EU071543.1	0.884091	51	298	740	440	9	3	50
uniq_240179	AF385519.1	0.847727	67	320	779	440	9	3	50
uniq_240902	AY278621.1	0.909091	40	308	750	440	9	3	50
uniq_241016	AY008308.1	0.890909	48	315	774	440	9	3	50
uniq_241194	AF287770.1	0.909091	40	325	763	440	9	3	50
uniq_241475	AF385577.1	0.895455	46	329	768	440	9	3	50
uniq_242169	AF481224.1	0.900000	44	334	798	440	9	3	50
uniq_242475	AF292999.1	0.934091	29	283	721	440	9	3	50
uniq_242521	AF043424.1	0.827273	76	311	751	440	9	3	50
uniq_243131	AF297868.1	0.856818	63	297	736	440	9	3	50
uniq_243159	AB108826.1	0.856818	63	318	777	440	9	3	50
uniq_243814	AF385519.1	0.875000	55	320	779	440	9	3	50
uniq_243885	AF385518.1	0.904545	42	308	750	440	9	3	50
uniq_243992	AF287770.1	0.934091	29	325	763	440	9	3	50
uniq_244273	AF385510.1	0.947727	23	326	765	440	9	3	50
uniq_244291	AF219234.1	0.815909	81	313	753	440	9	3	50
uniq_244722	AF385508.1	0.911364	39	327	766	440	9	3	50
uniq_244745	AF287777.1	0.965909	15	326	765	440	9	3	50
uniq_245145	AY349403.1	0.879545	53	328	792	440	9	3	50
uniq_245368	AF287775.1	0.936364	28	327	766	440	9	3	50
uniq_246714	EF512007.1	0.861364	61	313	777	440	9	3	50
uniq_247061	AY349389.1	0.963636	16	326	765	440	9	3	50
uniq_24779	AY221067.1	0.950000	22	308	746	440	9	3	50
uniq_248032	AY278618.1	0.961364	17	326	765	440	9	3	50
uniq_248580	U65583.1	0.865909	59	315	779	440	9	3	50
uniq_248714	AF385508.1	0.963636	16	327	766	440	9	3	50
uniq_248736	AY230771.1	0.965909	15	325	764	440	9	3	50
uniq_250319	AF287770.1	0.906818	41	325	763	440	9	3	50
uniq_251130	AF385556.1	0.936364	28	329	768	440	9	3	50
uniq_251131	AF432130.1	0.875000	55	298	740	440	9	3	50
uniq_251387	AY349385.1	0.900000	44	308	750	440	9	3	50
uniq_253024	AF385551.1	0.854545	64	320	779	440	9	3	50
uniq_253168	AF385510.1	0.934091	29	326	765	440	9	3	50
uniq_253608	AF385519.1	0.843182	69	320	779	440	9	3	50
uniq_254109	AF385510.1	0.938636	27	326	765	440	9	3	50
uniq_254185	AF481222.1	0.938636	27	325	764	440	9	3	50
uniq_254218	AJ229234.1	0.884091	51	318	757	440	9	3	50
uniq_254341	AF385571.1	0.920455	35	307	746	440	9	3	50
uniq_254385	AF385510.1	0.961364	17	326	765	440	9	3	50
uniq_254683	AY230771.1	0.936364	28	325	764	440	9	3	50
uniq_254685	AF385566.1	0.872727	56	335	800	440	9	3	50
uniq_255965	AJ290755.1	0.897727	45	315	779	440	9	3	50
uniq_256205	AF287770.1	0.940909	26	325	763	440	9	3	50
uniq_256642	DQ342322.1	0.993182	3	281	720	440	9	3	50
uniq_257131	AF385509.1	0.859091	62	318	777	440	9	3	50
uniq_257550	AF201981.1	0.875000	55	327	766	440	9	3	50
uniq_257639	AF385563.1	0.925000	33	318	760	440	9	3	50
uniq_258283	AF385559.1	0.863636	60	326	764	440	9	3	50
uniq_258908	AY349374.1	0.900000	44	327	779	440	9	3	50
uniq_259402	AF502216.1	0.990909	4	281	720	440	9	3	50
uniq_260071	AJ290758.1	0.884091	51	313	777	440	9	3	50
uniq_263372	AF451270.1	0.865909	59	307	771	440	9	3	50
uniq_263433	U87771.1	0.993182	3	283	722	440	9	3	50
uniq_264797	AF385556.1	0.970455	13	329	768	440	9	3	50
uniq_265246	AY328632.1	0.936364	28	279	718	440	9	3	50
uniq_267717	AY326562.1	0.945455	24	294	733	440	9	3	50
uniq_270870	AF292996.1	0.959091	18	279	718	440	9	3	50
uniq_270874	U13037.1	0.970455	13	326	766	440	9	3	50
uniq_27130	AF287777.1	0.959091	18	326	765	440	9	3	50
uniq_231921	X80748.1	0.867102	61	308	763	459	9	3	50
uniq_232084	AF385565.1	0.882353	54	315	774	459	9	3	50
uniq_232126	EU670056.1	0.851852	68	320	779	459	9	3	50
uniq_232148	AF183404.1	0.912854	40	320	779	459	9	3	50
uniq_232241	AY349402.1	0.895425	48	318	776	459	9	3	50
uniq_232391	AY349403.1	0.847495	70	328	792	459	9	3	50
uniq_232491	AY349402.1	0.871460	59	318	776	459	9	3	50
uniq_232541	AF287809.1	0.897603	47	312	754	459	9	3	50
uniq_232625	AF385519.1	0.901961	45	320	779	459	9	3	50
uniq_232642	AF385564.1	0.904139	44	320	779	459	9	3	50
uniq_232662	AF183404.1	0.884532	53	320	779	459	9	3	50
uniq_232726	AF385569.1	0.954248	21	302	761	459	9	3	50
uniq_233212	AY044915.1	0.954248	21	314	772	459	9	3	50
uniq_233339	AF371887.1	0.858388	65	319	778	459	9	3	50
uniq_233541	AY349402.1	0.910675	41	318	776	459	9	3	50
uniq_233639	AF432130.1	0.856209	66	298	740	459	9	3	50
uniq_233820	AY349402.1	0.928105	33	318	776	459	9	3	50
uniq_233893	AY349395.1	0.851852	68	320	779	459	9	3	50
uniq_233920	AF385521.1	0.956427	20	314	771	459	9	3	50
uniq_233970	AF385551.1	0.854031	67	320	779	459	9	3	50
uniq_234011	AF385555.1	0.906318	43	318	777	459	9	3	50
uniq_234047	AY349402.1	0.893246	49	318	776	459	9	3	50
uniq_234376	AY349402.1	0.910675	41	318	776	459	9	3	50
uniq_234713	EF509159.1	0.854031	67	311	753	459	9	3	50
uniq_235040	AF385497.1	0.858388	65	324	788	459	9	3	50
uniq_235060	AF385519.1	0.832244	77	320	779	459	9	3	50
uniq_235092	AF287761.1	0.851852	68	326	767	459	9	3	50
uniq_235285	DQ160208.1	0.854031	67	342	780	459	9	3	50
uniq_235559	AY349395.1	0.849673	69	320	779	459	9	3	50
uniq_235567	AF385564.1	0.862745	63	320	779	459	9	3	50
uniq_235633	AY349395.1	0.832244	77	320	779	459	9	3	50
uniq_235839	AY349393.1	0.886710	52	320	779	459	9	3	50
uniq_236072	EU670056.1	0.899782	46	320	779	459	9	3	50
uniq_236149	AY349402.1	0.897603	47	318	776	459	9	3	50
uniq_236462	EF510424.1	0.851852	68	332	796	459	9	3	50
uniq_236622	AF385551.1	0.845316	71	320	779	459	9	3	50
uniq_236856	AF287793.1	0.836601	75	323	787	459	9	3	50
uniq_236874	EF510424.1	0.884532	53	332	796	459	9	3	50
uniq_237026	AY349402.1	0.862745	63	318	776	459	9	3	50
uniq_237171	AY349395.1	0.899782	46	320	779	459	9	3	50
uniq_237433	AF385519.1	0.941176	27	320	779	459	9	3	50
uniq_237575	AF385564.1	0.867102	61	320	779	459	9	3	50
uniq_237795	AF385574.1	0.849673	69	319	783	459	9	3	50
uniq_238431	AF385510.1	0.906318	43	326	766	459	9	3	50
uniq_238542	AF385551.1	0.836601	75	320	779	459	9	3	50
uniq_238664	AM422125.1	0.888889	51	318	777	459	9	3	50
uniq_238748	AY349403.1	0.915033	39	328	792	459	9	3	50
uniq_238806	EU670056.1	0.843137	72	320	779	459	9	3	50
uniq_238841	AF183404.1	0.910675	41	320	779	459	9	3	50
uniq_239020	EF510424.1	0.843137	72	332	796	459	9	3	50
uniq_239160	AY445131.1	0.895425	48	332	796	459	9	3	50
uniq_239210	AY349402.1	0.906318	43	318	776	459	9	3	50
uniq_239443	EU670056.1	0.958606	19	320	779	459	9	3	50
uniq_239663	DQ160208.1	0.886710	52	342	780	459	9	3	50
uniq_239712	AY278622.1	0.888889	51	335	790	459	9	3	50
uniq_240055	EF510424.1	0.847495	70	332	796	459	9	3	50
uniq_240093	AY331415.1	0.908497	42	320	779	459	9	3	50
uniq_240100	AF371904.1	0.897603	47	320	778	459	9	3	50
uniq_240175	EF510424.1	0.897603	47	332	796	459	9	3	50
uniq_240401	AF385550.1	0.886710	52	317	781	459	9	3	50
uniq_240524	AY349396.1	0.849673	69	318	777	459	9	3	50
uniq_240619	AF292371.1	0.847495	70	311	754	459	9	3	50
uniq_240727	AF183404.1	0.908497	42	320	779	459	9	3	50
uniq_240738	AY349403.1	0.882353	54	328	792	459	9	3	50
uniq_240777	AF385564.1	0.938998	28	320	779	459	9	3	50
uniq_240877	AY349403.1	0.840959	73	328	792	459	9	3	50
uniq_240993	AF543297.1	0.908497	42	316	775	459	9	3	50
uniq_241033	AY044915.1	0.945534	25	314	772	459	9	3	50
uniq_241195	AY349402.1	0.925926	34	318	776	459	9	3	50
uniq_241247	AY349396.1	0.867102	61	318	777	459	9	3	50
uniq_241409	AF292371.1	0.849673	69	311	754	459	9	3	50
uniq_241495	AY349402.1	0.906318	43	318	776	459	9	3	50
uniq_241545	AY349402.1	0.901961	45	318	776	459	9	3	50
uniq_241633	EU670056.1	0.843137	72	320	779	459	9	3	50
uniq_241639	AY349402.1	0.925926	34	318	776	459	9	3	50
uniq_24165	AY044915.1	0.877996	56	314	772	459	9	3	50
uniq_241660	AY349402.1	0.904139	44	318	776	459	9	3	50
uniq_241685	AY349396.1	0.840959	73	318	777	459	9	3	50
uniq_242036	AF292371.1	0.862745	63	311	754	459	9	3	50
uniq_242479	AB108825.1	0.858388	65	318	777	459	9	3	50
uniq_242705	AY349402.1	0.869281	60	318	776	459	9	3	50
uniq_243029	EU670056.1	0.836601	75	320	779	459	9	3	50
uniq_243200	EF510424.1	0.864924	62	332	796	459	9	3	50
uniq_243325	AF385551.1	0.843137	72	320	779	459	9	3	50
uniq_243454	AY349402.1	0.923747	35	318	776	459	9	3	50
uniq_243514	DQ160208.1	0.854031	67	342	780	459	9	3	50
uniq_243604	AY349402.1	0.875817	57	318	776	459	9	3	50
uniq_243955	AF385519.1	0.895425	48	320	779	459	9	3	50
uniq_243966	EU071543.1	0.867102	61	298	740	459	9	3	50
uniq_244241	AF385551.1	0.832244	77	320	779	459	9	3	50
uniq_244502	AY349402.1	0.915033	39	318	776	459	9	3	50
uniq_244779	AY349402.1	0.877996	56	317	776	459	9	3	50
uniq_244861	EU670056.1	0.932462	31	320	779	459	9	3	50
uniq_245028	AY349403.1	0.899782	46	328	792	459	9	3	50
uniq_245054	AF385519.1	0.847495	70	320	779	459	9	3	50
uniq_245235	AY485605.1	0.856209	66	319	783	459	9	3	50
uniq_245430	AF385564.1	0.869281	60	320	779	459	9	3	50
uniq_245680	AJ290758.1	0.949891	23	313	777	459	9	3	50
uniq_245765	AY349395.1	0.886710	52	320	779	459	9	3	50
uniq_245987	AY349402.1	0.901961	45	318	776	459	9	3	50
uniq_246294	EF509096.1	0.960784	18	314	772	459	9	3	50
uniq_246472	AF385519.1	0.873638	58	320	779	459	9	3	50
uniq_246553	AY349402.1	0.938998	28	318	776	459	9	3	50
uniq_246941	AY349402.1	0.838780	74	318	776	459	9	3	50
uniq_24856	EF510424.1	0.862745	63	332	796	459	9	3	50
uniq_249093	AF507716.1	0.860566	64	296	752	459	9	3	50
uniq_249274	AF385551.1	0.840959	73	320	779	459	9	3	50
uniq_249548	AY008310.1	0.915033	39	318	777	459	9	3	50
uniq_249723	EF511101.1	0.897603	47	313	777	459	9	3	50
uniq_249862	EF512007.1	0.901961	45	313	777	459	9	3	50
uniq_250011	AY485605.1	0.843137	72	319	783	459	9	3	50
uniq_250566	AY008310.1	0.899782	46	318	777	459	9	3	50
uniq_250868	AY008310.1	0.856209	66	318	777	459	9	3	50
uniq_251233	AF432130.1	0.851852	68	298	740	459	9	3	50
uniq_253266	AF292371.1	0.867102	61	311	754	459	9	3	50
uniq_253492	AY278609.1	0.830065	78	319	783	459	9	3	50
uniq_253712	EF512007.1	0.904139	44	313	777	459	9	3	50
uniq_254212	EU071543.1	0.867102	61	298	740	459	9	3	50
uniq_254533	AY278609.1	0.854031	67	319	783	459	9	3	50
uniq_254855	EF511870.1	0.854031	67	313	777	459	9	3	50
uniq_254865	AF481204.1	0.873638	58	317	776	459	9	3	50
uniq_254874	EU071543.1	0.856209	66	298	740	459	9	3	50
uniq_254932	AF385510.1	0.877996	56	326	765	459	9	3	50
uniq_255503	AF287806.1	0.871460	59	311	753	459	9	3	50
uniq_255536	AF481206.1	0.949891	23	317	776	459	9	3	50
uniq_255914	AY349402.1	0.919390	37	318	776	459	9	3	50
uniq_256202	AY278609.1	0.877996	56	319	783	459	9	3	50
uniq_256517	EF510424.1	0.867102	61	332	796	459	9	3	50
uniq_256977	AY349402.1	0.912854	40	318	776	459	9	3	50
uniq_257194	AY008310.1	0.867102	61	318	777	459	9	3	50
uniq_257485	AY008310.1	0.904139	44	318	777	459	9	3	50
uniq_260627	AY349402.1	0.882353	54	318	776	459	9	3	50
uniq_265680	AJ440983.1	0.893246	49	304	768	459	9	3	50
uniq_266245	AY138233.1	0.860566	64	319	783	459	9	3	50
uniq_268550	AF183404.1	0.875817	57	320	779	459	9	3	50
uniq_27104	AF371887.1	0.875817	57	319	778	459	9	3	50
uniq_271316	EF511101.1	0.962963	17	313	777	459	9	3	50
uniq_27197	AY349402.1	0.923747	35	318	776	459	9	3	50
uniq_272217	AB078038.1	0.912854	40	310	768	459	9	3	50
uniq_272554	Y18834.1	0.954248	21	302	760	459	9	3	50
uniq_27260	EF511070.1	0.880174	55	319	783	459	9	3	50
uniq_273091	AF408274.1	0.982571	8	298	756	459	9	3	50
uniq_273147	X79290.1	0.928105	33	298	750	459	9	3	50
uniq_274108	AF481204.1	0.897603	47	317	776	459	9	3	50
uniq_274192	AB267477.1	0.938998	28	317	776	459	9	3	50
uniq_274910	EF555584.1	0.941176	27	306	759	459	9	3	50
uniq_277096	AY131225.1	0.984749	7	308	764	459	9	3	50
uniq_277226	AJ012838.1	0.928105	33	309	753	459	9	3	50
uniq_281650	AF280862.1	0.888889	51	294	755	459	9	3	50
uniq_281709	AY493953.1	0.936819	29	312	770	459	9	3	50
uniq_282056	AB267477.1	0.947712	24	317	776	459	9	3	50
uniq_283355	EF510424.1	0.840959	73	332	796	459	9	3	50
uniq_28371	AF053901.1	0.897603	47	313	777	459	9	3	50
uniq_283781	AY349399.1	0.871460	59	318	776	459	9	3	50
uniq_283860	AY044915.1	0.864924	62	314	772	459	9	3	50
uniq_283912	AY349395.1	0.908497	42	320	779	459	9	3	50
uniq_285494	AY138233.1	0.875817	57	319	783	459	9	3	50
uniq_285735	AF292371.1	0.873638	58	311	753	459	9	3	50
uniq_285998	EF510424.1	0.891068	50	332	796	459	9	3	50
uniq_286183	AY349407.1	0.864924	62	332	796	459	9	3	50
uniq_286709	EF510424.1	0.901961	45	332	796	459	9	3	50
uniq_287769	AF432133.1	0.884532	53	320	779	459	9	3	50
uniq_288787	AM420011.1	0.906318	43	318	777	459	9	3	50
uniq_288908	EF510424.1	0.867102	61	332	796	459	9	3	50
uniq_289081	AF385512.1	0.956427	20	318	777	459	9	3	50
uniq_289098	EU670056.1	0.856209	66	320	779	459	9	3	50
uniq_289108	AF183404.1	0.906318	43	320	779	459	9	3	50
uniq_289277	AF432133.1	0.949891	23	320	779	459	9	3	50
uniq_289298	AY349402.1	0.888889	51	318	776	459	9	3	50
uniq_289448	AF385497.1	0.893246	49	324	788	459	9	3	50
uniq_289635	AF432133.1	0.834423	76	320	779	459	9	3	50
uniq_289698	AY485605.1	0.843137	72	319	783	459	9	3	50
uniq_289974	AF385551.1	0.864924	62	320	779	459	9	3	50
uniq_290052	AY349403.1	0.838780	74	328	792	459	9	3	50
uniq_290108	AY349393.1	0.847495	70	320	779	459	9	3	50
uniq_290697	AF481209.1	0.895425	48	335	799	459	9	3	50
uniq_290792	AF292371.1	0.840959	73	311	754	459	9	3	50
uniq_291143	AY485605.1	0.836601	75	319	783	459	9	3	50
uniq_291208	AF432133.1	0.825708	80	320	779	459	9	3	50
uniq_291369	AY349403.1	0.862745	63	328	792	459	9	3	50
uniq_291408	AF385519.1	0.854031	67	320	779	459	9	3	50
uniq_291502	AF287761.1	0.869281	60	326	767	459	9	3	50
uniq_292403	AF292371.1	0.864924	62	311	754	459	9	3	50
uniq_29304	EF510424.1	0.864924	62	332	796	459	9	3	50
uniq_293261	AY044915.1	0.904139	44	314	772	459	9	3	50
uniq_293661	AY349403.1	0.834423	76	328	792	459	9	3	50
uniq_293802	AF003931.1	0.834423	76	327	791	459	9	3	50
uniq_294133	AY349402.1	0.899782	46	318	775	459	9	3	50
uniq_29423	AY349402.1	0.869281	60	318	776	459	9	3	50
uniq_294399	EF510424.1	0.845316	71	332	796	459	9	3	50
uniq_294745	AY485605.1	0.851852	68	319	783	459	9	3	50
uniq_294763	EU670056.1	0.888889	51	320	779	459	9	3	50
uniq_295386	AF432133.1	0.862745	63	320	779	459	9	3	50
uniq_295717	AY044915.1	0.873638	58	314	772	459	9	3	50
uniq_295751	EF510424.1	0.843137	72	332	796	459	9	3	50
uniq_295771	AF385551.1	0.849673	69	320	779	459	9	3	50
uniq_296131	AY485605.1	0.849673	69	319	783	459	9	3	50
uniq_296305	AY349403.1	0.864924	62	328	792	459	9	3	50
uniq_296316	AF219234.1	0.882353	54	313	753	459	9	3	50
uniq_296584	AF385511.1	0.845316	71	320	779	459	9	3	50
uniq_296799	X80748.1	0.843137	72	308	763	459	9	3	50
uniq_29734	AF385519.1	0.910675	41	320	779	459	9	3	50
uniq_297477	AY044915.1	0.838780	74	314	772	459	9	3	50
uniq_297596	EF510424.1	0.845316	71	332	796	459	9	3	50
uniq_297722	EF510424.1	0.849673	69	332	796	459	9	3	50
uniq_297770	AY349402.1	0.884532	53	318	776	459	9	3	50
uniq_297931	AY044915.1	0.943355	26	314	772	459	9	3	50
uniq_299053	AY138231.1	0.860566	64	317	781	459	9	3	50
uniq_300598	AY349402.1	0.847495	70	318	776	459	9	3	50
uniq_301491	AY349402.1	0.893246	49	318	776	459	9	3	50
uniq_301929	AF432136.1	0.856209	66	319	783	459	9	3	50
uniq_30268	AY349402.1	0.904139	44	318	776	459	9	3	50
uniq_302957	AY349402.1	0.847495	70	318	776	459	9	3	50
uniq_303095	EF510424.1	0.843137	72	332	796	459	9	3	50
uniq_303231	EF510424.1	0.864924	62	332	796	459	9	3	50
uniq_303255	AY349402.1	0.867102	61	318	776	459	9	3	50
uniq_303463	AF385550.1	0.867102	61	317	781	459	9	3	50
uniq_303615	AF366271.1	0.949891	23	318	777	459	9	3	50
uniq_303872	AY349402.1	0.864924	62	318	776	459	9	3	50
uniq_304303	EF510424.1	0.843137	72	332	796	459	9	3	50
uniq_304587	AF385550.1	0.843137	72	317	781	459	9	3	50
uniq_30599	AY349402.1	0.895425	48	318	776	459	9	3	50
uniq_305999	EU670056.1	0.928105	33	320	779	459	9	3	50
uniq_306136	AF292371.1	0.856209	66	311	754	459	9	3	50
uniq_306848	AF432141.1	0.880174	55	350	791	459	9	3	50
uniq_307029	EF510424.1	0.862745	63	332	796	459	9	3	50
uniq_308202	AB002523.1	0.875817	57	319	783	459	9	3	50
uniq_309246	EF510424.1	0.893246	49	332	796	459	9	3	50
uniq_309593	AY008310.1	0.906318	43	318	777	459	9	3	50
uniq_310909	AY008310.1	0.864924	62	317	777	459	9	3	50
uniq_311351	AY207050.1	0.847495	70	320	779	459	9	3	50
uniq_312970	EU071543.1	0.836601	75	298	740	459	9	3	50
uniq_313057	EU071543.1	0.862745	63	298	740	459	9	3	50
uniq_313255	AF432141.1	0.899782	46	350	791	459	9	3	50
uniq_313758	AY044915.1	0.847495	70	314	772	459	9	3	50
uniq_314530	AF003931.1	0.849673	69	327	791	459	9	3	50
uniq_315654	AY008310.1	0.936819	29	318	777	459	9	3	50
uniq_315671	AF481210.1	0.854031	67	335	799	459	9	3	50
uniq_315872	EF510424.1	0.882353	54	332	796	459	9	3	50
uniq_316218	AY044915.1	0.854031	67	314	772	459	9	3	50
uniq_31745	DQ009623.1	0.960784	18	302	761	459	9	3	50
uniq_317684	AF385511.1	0.871460	59	320	779	459	9	3	50
uniq_318281	AY008310.1	0.893246	49	318	777	459	9	3	50
uniq_318512	DQ160208.1	0.862745	63	342	780	459	9	3	50
uniq_318777	AY349403.1	0.858388	65	328	792	459	9	3	50
uniq_31931	AY349402.1	0.949891	23	318	776	459	9	3	50
uniq_319336	AY349402.1	0.891068	50	318	776	459	9	3	50
uniq_319637	AF543300.1	0.880174	55	311	753	459	9	3	50
uniq_320253	AY008310.1	0.875817	57	318	777	459	9	3	50
uniq_320492	EF510424.1	0.873638	58	332	796	459	9	3	50
uniq_320979	EF512007.1	0.893246	49	313	777	459	9	3	50
uniq_321484	AY008310.1	0.869281	60	318	777	459	9	3	50
uniq_322373	AF385577.1	0.888889	51	329	768	459	9	3	50
uniq_323049	AY138233.1	0.860566	64	319	783	459	9	3	50
uniq_323604	AY044915.1	0.847495	70	314	772	459	9	3	50
uniq_323911	AY008314.1	0.906318	43	319	780	459	9	3	50
uniq_324020	AY008310.1	0.891068	50	318	777	459	9	3	50
uniq_324552	AF385569.1	0.873638	58	302	761	459	9	3	50
uniq_325417	AY008310.1	0.862745	63	318	777	459	9	3	50
uniq_325512	AB108826.1	0.862745	63	318	777	459	9	3	50
uniq_325651	AY349402.1	0.893246	49	318	776	459	9	3	50
uniq_327435	AF432133.1	0.849673	69	320	779	459	9	3	50
uniq_327553	AY008310.1	0.847495	70	318	777	459	9	3	50
uniq_327596	DQ160208.1	0.875817	57	342	780	459	9	3	50
uniq_327612	AY349402.1	0.908497	42	318	776	459	9	3	50
uniq_327952	AY044915.1	0.884532	53	314	772	459	9	3	50
uniq_328460	EU071543.1	0.869281	60	298	740	459	9	3	50
uniq_328653	AF371887.1	0.843137	72	319	778	459	9	3	50
uniq_328860	AB002523.1	0.864924	62	319	783	459	9	3	50
uniq_328872	AF432139.1	0.875817	57	319	783	459	9	3	50
uniq_329152	AY207050.1	0.886710	52	320	779	459	9	3	50
uniq_329432	AF385565.1	0.845316	71	315	774	459	9	3	50
uniq_329860	AY008310.1	0.860566	64	318	777	459	9	3	50
uniq_329980	AY207059.1	0.893246	49	326	764	459	9	3	50
uniq_330200	AY349402.1	0.869281	60	318	776	459	9	3	50
uniq_33061	AY138231.1	0.854031	67	317	781	459	9	3	50
uniq_331025	EF512007.1	0.864924	62	313	777	459	9	3	50
uniq_331710	AY341820.1	0.856209	66	324	788	459	9	3	50
uniq_332106	AM420148.1	0.845316	71	327	791	459	9	3	50
uniq_332490	AF287761.1	0.836601	75	326	767	459	9	3	50
uniq_332709	AY349402.1	0.908497	42	318	776	459	9	3	50
uniq_333662	AY138231.1	0.832244	77	317	781	459	9	3	50
uniq_333696	Y09434.1	0.854031	67	324	787	459	9	3	50
uniq_333970	AF371887.1	0.875817	57	319	778	459	9	3	50
uniq_334066	AY008310.1	0.836601	75	318	777	459	9	3	50
uniq_334087	AY349407.1	0.847495	70	332	796	459	9	3	50
uniq_334549	AY349402.1	0.869281	60	318	776	459	9	3	50
uniq_335040	AY349402.1	0.941176	27	318	776	459	9	3	50
uniq_335170	EF512007.1	0.880174	55	313	777	459	9	3	50
uniq_335516	AY008310.1	0.845316	71	318	777	459	9	3	50
uniq_336016	AF371904.1	0.862745	63	320	778	459	9	3	50
uniq_336251	AY349402.1	0.923747	35	318	776	459	9	3	50
uniq_336495	AY278609.1	0.832244	77	319	783	459	9	3	50
uniq_336705	EF510424.1	0.843137	72	332	796	459	9	3	50
uniq_337409	AF371887.1	0.830065	78	319	778	459	9	3	50
uniq_337412	AY278609.1	0.840959	73	319	783	459	9	3	50
uniq_337429	AY349395.1	0.832244	77	320	779	459	9	3	50
uniq_338091	AY138233.1	0.854031	67	319	783	459	9	3	50
uniq_339661	AY277938.1	0.854031	67	327	791	459	9	3	50
uniq_340371	EU670056.1	0.854031	67	320	779	459	9	3	50
uniq_340393	AY207050.1	0.941176	27	320	779	459	9	3	50
uniq_341251	AF003931.1	0.860566	64	327	791	459	9	3	50
uniq_341256	AY278611.1	0.904139	44	314	771	459	9	3	50
uniq_341647	AY959092.1	0.867102	61	327	791	459	9	3	50
uniq_341722	AF183404.1	0.899782	46	320	779	459	9	3	50
uniq_342116	AF371887.1	0.832244	77	319	778	459	9	3	50
uniq_342306	AY349402.1	0.908497	42	318	776	459	9	3	50
uniq_342343	EF510424.1	0.869281	60	332	796	459	9	3	50
uniq_343058	AY349402.1	0.825708	80	318	776	459	9	3	50
uniq_343256	AY349395.1	0.847495	70	320	779	459	9	3	50
uniq_344015	AY349402.1	0.886710	52	318	776	459	9	3	50
uniq_344084	AY349395.1	0.864924	62	320	779	459	9	3	50
uniq_344312	AY349402.1	0.891068	50	318	776	459	9	3	50
uniq_344432	EU071543.1	0.867102	61	298	739	459	9	3	50
uniq_344893	AY349402.1	0.952070	22	318	776	459	9	3	50
uniq_345501	EF512007.1	0.893246	49	313	777	459	9	3	50
uniq_345595	EF510424.1	0.847495	70	332	796	459	9	3	50
uniq_346301	AY005054.1	0.906318	43	320	779	459	9	3	50
uniq_34691	AY349402.1	0.921569	36	318	776	459	9	3	50
uniq_347157	AF287761.1	0.862745	63	326	767	459	9	3	50
uniq_347663	AY485604.1	0.838780	74	319	783	459	9	3	50
uniq_347940	EF510424.1	0.851852	68	332	796	459	9	3	50
uniq_348381	AY349402.1	0.849673	69	318	776	459	9	3	50
uniq_348484	EU670056.1	0.830065	78	320	779	459	9	3	50
uniq_349011	AF385512.1	0.965142	16	318	777	459	9	3	50
uniq_349086	AY533381.1	0.875817	57	325	766	459	9	3	50
uniq_349266	EF510424.1	0.851852	68	332	796	459	9	3	50
uniq_349706	AY349393.1	0.827887	79	320	779	459	9	3	50
uniq_349805	AF432133.1	0.956427	20	320	779	459	9	3	50
uniq_350244	AY349393.1	0.934641	30	320	779	459	9	3	50
uniq_350892	AF385519.1	0.834423	76	320	779	459	9	3	50
uniq_350981	AF385519.1	0.834423	76	320	779	459	9	3	50
uniq_351627	EF101551.1	0.899782	46	309	773	459	9	3	50
uniq_353013	AY349402.1	0.899782	46	318	776	459	9	3	50
uniq_35345	AB108825.1	0.915033	39	318	777	459	9	3	50
uniq_354472	AF481217.1	0.893246	49	311	753	459	9	3	50
uniq_354667	EF511070.1	0.843137	72	319	783	459	9	3	50
uniq_355483	AY349402.1	0.877996	56	318	776	459	9	3	50
uniq_355675	AY349402.1	0.880174	55	318	776	459	9	3	50
uniq_355863	EF512007.1	0.893246	49	313	777	459	9	3	50
uniq_355945	AF432133.1	0.836601	75	320	779	459	9	3	50
uniq_355978	EF510424.1	0.847495	70	332	796	459	9	3	50
uniq_357121	AF385519.1	0.960784	18	320	779	459	9	3	50
uniq_357233	DQ160208.1	0.880174	55	342	780	459	9	3	50
uniq_35766	AY349402.1	0.875817	57	318	776	459	9	3	50
uniq_358735	AY959092.1	0.849673	69	327	791	459	9	3	50
uniq_359148	AY044915.1	0.880174	55	314	772	459	9	3	50
uniq_359631	AF385551.1	0.915033	39	320	779	459	9	3	50
uniq_359744	AY044915.1	0.960784	18	314	772	459	9	3	50
uniq_360683	AF183404.1	0.906318	43	320	779	459	9	3	50
uniq_361800	AY207059.1	0.858388	65	326	764	459	9	3	50
uniq_362839	DQ121391.1	0.952070	22	308	762	459	9	3	50
uniq_363264	EF683049.1	0.949891	23	298	757	459	9	3	50
uniq_363467	AJ564642.1	0.928105	33	310	768	459	9	3	50
uniq_363796	AY493953.1	0.941176	27	312	770	459	9	3	50
uniq_364526	AY218691.1	0.941176	27	312	771	459	9	3	50
uniq_365803	AM398646.1	0.969499	14	303	759	459	9	3	50
uniq_367345	EF683049.1	0.871460	59	298	757	459	9	3	50
uniq_367392	AY250875.1	0.917211	38	311	769	459	9	3	50
uniq_368777	AB088919.1	0.867102	61	314	772	459	9	3	50
uniq_370799	AY212682.1	0.967320	15	308	767	459	9	3	50
uniq_37237	AY349402.1	0.947712	24	318	776	459	9	3	50
uniq_373390	AY212653.1	0.976035	11	298	756	459	9	3	50
uniq_37932	AF183404.1	0.888889	51	320	779	459	9	3	50
uniq_389134	AY349402.1	0.962963	17	318	776	459	9	3	50
uniq_393412	AF432133.1	0.980392	9	320	779	459	9	3	50
uniq_393601	AF183404.1	0.925926	34	320	779	459	9	3	50
uniq_394078	AM420011.1	0.834423	76	318	777	459	9	3	50
uniq_394469	AY008691.1	0.897603	47	317	776	459	9	3	50
uniq_394473	EU071543.1	0.877996	56	298	740	459	9	3	50
uniq_395039	EF510424.1	0.854031	67	332	796	459	9	3	50
uniq_395081	EU071543.1	0.838780	74	298	740	459	9	3	50
uniq_395223	AY244934.1	0.843137	72	318	777	459	9	3	50
uniq_395565	AY349393.1	0.893246	49	320	779	459	9	3	50
uniq_396129	AY278611.1	0.928105	33	314	771	459	9	3	50
uniq_396736	AF183404.1	0.875817	57	320	779	459	9	3	50
uniq_397323	EF510424.1	0.843137	72	332	796	459	9	3	50
uniq_397397	EU071543.1	0.899782	46	298	740	459	9	3	50
uniq_397629	EU071543.1	0.871460	59	298	740	459	9	3	50
uniq_397808	EF510424.1	0.871460	59	332	796	459	9	3	50
uniq_397824	AY349402.1	0.849673	69	318	776	459	9	3	50
uniq_398292	AF385519.1	0.834423	76	320	779	459	9	3	50
uniq_39870	AY138233.1	0.884532	53	319	783	459	9	3	50
uniq_398730	AY533381.1	0.877996	56	325	766	459	9	3	50
uniq_398846	AF537211.1	0.843137	72	328	766	459	9	3	50
uniq_398924	AY349402.1	0.915033	39	318	776	459	9	3	50
uniq_399076	EF510424.1	0.849673	69	332	796	459	9	3	50
uniq_399188	AY044915.1	0.862745	63	314	772	459	9	3	50
uniq_399189	EU670056.1	0.912854	40	320	779	459	9	3	50
uniq_399702	U43699.1	0.895425	48	321	783	459	9	3	50
uniq_399713	AY008310.1	0.830065	78	318	777	459	9	3	50
uniq_399746	AY349402.1	0.930283	32	318	776	459	9	3	50
uniq_400056	AY349402.1	0.888889	51	318	776	459	9	3	50
uniq_400121	AY349402.1	0.954248	21	318	776	459	9	3	50
uniq_400312	AY008691.1	0.838780	74	317	775	459	9	3	50
uniq_400330	AY349402.1	0.921569	36	318	776	459	9	3	50
uniq_400726	AF183404.1	0.936819	29	320	779	459	9	3	50
uniq_401353	AF385512.1	0.860566	64	318	777	459	9	3	50
uniq_401477	AF385564.1	0.875817	57	320	779	459	9	3	50
uniq_401488	AJ318126.1	0.819172	83	317	776	459	9	3	50
uniq_401619	AF183404.1	0.899782	46	320	779	459	9	3	50
uniq_401633	AY349402.1	0.904139	44	318	776	459	9	3	50
uniq_401773	AF183405.1	0.912854	40	320	779	459	9	3	50
uniq_402037	AF183405.1	0.895425	48	320	779	459	9	3	50
uniq_402179	AJ295750.1	0.877996	56	300	742	459	9	3	50
uniq_403025	AY349402.1	0.962963	17	318	776	459	9	3	50
uniq_403148	AY349402.1	0.938998	28	318	776	459	9	3	50
uniq_40315	AY349402.1	0.921569	36	318	776	459	9	3	50
uniq_403387	AF287761.1	0.854031	67	326	767	459	9	3	50
uniq_403729	AY349402.1	0.897603	47	318	776	459	9	3	50
uniq_403844	AF408257.1	0.864924	62	320	783	459	9	3	50
uniq_403860	AF385564.1	0.877996	56	320	779	459	9	3	50
uniq_403882	EU670056.1	0.891068	50	320	779	459	9	3	50
uniq_403957	AY349402.1	0.938998	28	318	776	459	9	3	50
uniq_404298	AF385564.1	0.884532	53	320	779	459	9	3	50
uniq_404719	AF394174.1	0.860566	64	281	720	459	9	3	50
uniq_404751	U43699.1	0.938998	28	321	783	459	9	3	50
uniq_404825	AY277938.1	0.864924	62	327	791	459	9	3	50
uniq_405035	DQ160208.1	0.849673	69	342	780	459	9	3	50
uniq_405077	AY138231.1	0.849673	69	317	781	459	9	3	50
uniq_405094	AY485605.1	0.847495	70	319	783	459	9	3	50
uniq_40514	AF432130.1	0.886710	52	298	740	459	9	3	50
uniq_405165	AF183405.1	0.897603	47	320	779	459	9	3	50
uniq_405205	AF385564.1	0.908497	42	320	779	459	9	3	50
uniq_405793	AY008310.1	0.845316	71	318	777	459	9	3	50
uniq_405802	EF510424.1	0.832244	77	332	796	459	9	3	50
uniq_405885	EF510424.1	0.938998	28	332	796	459	9	3	50
uniq_405918	U43699.1	0.901961	45	321	783	459	9	3	50
uniq_405986	AF287761.1	0.899782	46	326	767	459	9	3	50
uniq_406039	AF385519.1	0.854031	67	320	779	459	9	3	50
uniq_406217	AY349402.1	0.969499	14	318	776	459	9	3	50
uniq_40648	AF009488.1	0.840959	73	319	783	459	9	3	50
uniq_406786	AF183404.1	0.925926	34	320	779	459	9	3	50
uniq_406789	EF510424.1	0.860566	64	331	796	459	9	3	50
uniq_406972	AF385519.1	0.843137	72	320	779	459	9	3	50
uniq_407011	EU012315.1	0.880174	55	317	777	459	9	3	50
uniq_407347	AF394174.1	0.864924	62	281	720	459	9	3	50
uniq_407478	EF510424.1	0.860566	64	332	796	459	9	3	50
uniq_407867	AF385519.1	0.882353	54	320	779	459	9	3	50
uniq_407901	AY349402.1	0.908497	42	318	776	459	9	3	50
uniq_408795	AF183406.1	0.928105	33	320	779	459	9	3	50
uniq_408819	AY349402.1	0.930283	32	318	776	459	9	3	50
uniq_41312	AY349402.1	0.921569	36	318	776	459	9	3	50
uniq_41993	AY349396.1	0.840959	73	318	777	459	9	3	50
uniq_42003	EF510424.1	0.901961	45	332	796	459	9	3	50
uniq_42514	EF510424.1	0.897603	47	332	796	459	9	3	50
uniq_44377	AY349402.1	0.908497	42	318	776	459	9	3	50
uniq_46518	AY349402.1	0.915033	39	318	776	459	9	3	50
uniq_46904	AY244894.1	0.891068	50	319	777	459	9	3	50
uniq_47228	AY193152.1	0.912854	40	312	770	459	9	3	50
uniq_48255	AY493953.1	0.921569	36	312	770	459	9	3	50
uniq_51189	Y18837.1	0.973856	12	302	760	459	9	3	50
uniq_51637	AF244750.1	0.934641	30	296	749	459	9	3	50
uniq_52265	AF244750.1	0.934641	30	296	749	459	9	3	50
uniq_52324	AB078038.1	0.901961	45	310	768	459	9	3	50
uniq_53134	AB180738.1	0.989107	5	306	765	459	9	3	50
uniq_53301	AB267477.1	0.938998	28	317	776	459	9	3	50
uniq_53993	AY493953.1	0.934641	30	312	770	459	9	3	50
uniq_55630	AY250875.1	0.978214	10	311	769	459	9	3	50
uniq_57682	AB117717.1	0.932462	31	314	770	459	9	3	50
uniq_58338	AY250875.1	0.960784	18	311	769	459	9	3	50
uniq_60185	AY008314.1	0.921569	36	319	780	459	9	3	50
uniq_60707	AY278622.1	0.875817	57	335	800	459	9	3	50
uniq_60815	AF385551.1	0.830065	78	320	779	459	9	3	50
uniq_61292	AY349402.1	0.910675	41	318	776	459	9	3	50
uniq_61357	AF371904.1	0.880174	55	320	778	459	9	3	50
uniq_61739	AY485605.1	0.838780	74	319	783	459	9	3	50
uniq_63233	AY349402.1	0.908497	42	318	776	459	9	3	50
uniq_63466	EU670056.1	0.904139	44	320	779	459	9	3	50
uniq_65172	AY349402.1	0.875817	57	318	776	459	9	3	50
uniq_65366	AY278611.1	0.973856	12	314	771	459	9	3	50
uniq_65487	AF385551.1	0.897603	47	320	779	459	9	3	50
uniq_67686	AY349395.1	0.871460	59	320	779	459	9	3	50
uniq_69239	AF287760.1	0.893246	49	311	752	459	9	3	50
uniq_69433	AY349402.1	0.849673	69	318	776	459	9	3	50
uniq_69805	AY349393.1	0.925926	34	320	779	459	9	3	50
uniq_70903	EF510424.1	0.867102	61	332	796	459	9	3	50
uniq_71745	AY349402.1	0.871460	59	318	776	459	9	3	50
uniq_71851	AB002523.1	0.862745	63	319	783	459	9	3	50
uniq_73461	AY349402.1	0.893246	49	318	776	459	9	3	50
uniq_73554	AF287761.1	0.884532	53	326	767	459	9	3	50
uniq_75859	AY349402.1	0.899782	46	318	776	459	9	3	50
uniq_76596	AY008310.1	0.847495	70	318	777	459	9	3	50
uniq_77703	AY138233.1	0.877996	56	319	783	459	9	3	50
uniq_77733	AY138233.1	0.862745	63	319	783	459	9	3	50
uniq_77793	AF292371.1	0.877996	56	311	754	459	9	3	50
uniq_80979	EU071543.1	0.840959	73	298	740	459	9	3	50
uniq_81376	AB076677.1	0.884532	53	310	750	459	9	3	50
uniq_82920	DQ442499.1	0.832244	77	306	751	459	9	3	50
uniq_84201	AY138231.1	0.845316	71	317	781	459	9	3	50
uniq_84859	AF385551.1	0.810458	87	320	779	459	9	3	50
uniq_85281	DQ160208.1	0.827887	79	342	780	459	9	3	50
uniq_85953	AF408257.1	0.854031	67	320	783	459	9	3	50
uniq_86483	AF385519.1	0.843137	72	320	779	459	9	3	50
uniq_86513	EF510424.1	0.840959	73	332	796	459	9	3	50
uniq_87290	AY485605.1	0.877996	56	319	783	459	9	3	50
uniq_87828	EF510424.1	0.834423	76	332	796	459	9	3	50
uniq_88673	AF408257.1	0.849673	69	320	783	459	9	3	50
uniq_89647	AF385511.1	0.843137	72	320	779	459	9	3	50
uniq_91649	AY134901.1	0.919390	37	327	791	459	9	3	50
uniq_92182	AF385519.1	0.827887	79	320	779	459	9	3	50
uniq_92222	DQ160208.1	0.836601	75	342	780	459	9	3	50
uniq_96646	AF432133.1	0.888889	51	320	779	459	9	3	50
uniq_98308	EU670056.1	0.834423	76	320	779	459	9	3	50
uniq_98881	AF287761.1	0.840959	73	326	767	459	9	3	50
uniq_01747	AJ290758.1	0.877729	56	313	777	458	9	3	50
uniq_02854	AY278611.1	0.982533	8	314	771	458	9	3	50
uniq_07034	AY278611.1	0.938865	28	314	771	458	9	3	50
uniq_08765	AF287816.1	0.882096	54	307	749	458	9	3	50
uniq_100561	AF251337.1	0.879913	55	307	773	458	9	3	50
uniq_101388	AF385510.1	0.882096	54	326	765	458	9	3	50
uniq_10579	AF385551.1	0.858079	65	320	779	458	9	3	50
uniq_107163	AY278622.1	0.893013	49	335	800	458	9	3	50
uniq_10724	AY278611.1	0.965066	16	314	771	458	9	3	50
uniq_107396	AJ290758.1	0.899563	46	313	777	458	9	3	50
uniq_107781	AF385521.1	0.960699	18	314	771	458	9	3	50
uniq_107973	AY278622.1	0.849345	69	335	800	458	9	3	50
uniq_109117	AF385561.1	0.875546	57	318	777	458	9	3	50
uniq_109286	AF012090.1	0.901747	45	308	772	458	9	3	50
uniq_109871	AY278611.1	0.951965	22	314	771	458	9	3	50
uniq_110061	AY278611.1	0.873362	58	314	771	458	9	3	50
uniq_110451	AY278611.1	0.969432	14	314	771	458	9	3	50
uniq_110850	AF385551.1	0.886463	52	320	779	458	9	3	50
uniq_111062	AY278611.1	0.947598	24	314	771	458	9	3	50
uniq_111402	EF512007.1	0.868996	60	313	777	458	9	3	50
uniq_112796	AY278611.1	0.967249	15	314	771	458	9	3	50
uniq_113207	AY278611.1	0.962882	17	314	771	458	9	3	50
uniq_113913	AF385521.1	0.960699	18	314	771	458	9	3	50
uniq_114825	AF507716.1	0.807860	88	296	752	458	9	3	50
uniq_115134	AB108826.1	0.877729	56	318	777	458	9	3	50
uniq_115151	AF385521.1	0.954148	21	314	771	458	9	3	50
uniq_115384	AJ427451.1	0.862445	63	312	769	458	9	3	50
uniq_115665	AY278611.1	0.980349	9	314	771	458	9	3	50
uniq_117676	EF510383.1	0.873362	58	321	785	458	9	3	50
uniq_118739	AY230771.1	0.899563	46	325	764	458	9	3	50
uniq_118844	AF287770.1	0.893013	49	325	763	458	9	3	50
uniq_119005	AY278611.1	0.938865	28	314	771	458	9	3	50
uniq_119372	AJ005932.1	0.895197	48	308	752	458	9	3	50
uniq_125264	AY278611.1	0.969432	14	314	771	458	9	3	50
uniq_125485	AY278611.1	0.949782	23	314	771	458	9	3	50
uniq_140704	AY278611.1	0.951965	22	314	771	458	9	3	50
uniq_141032	AY278611.1	0.954148	21	314	771	458	9	3	50
uniq_141364	AF385521.1	0.807860	88	314	771	458	9	3	50
uniq_141994	AY230771.1	0.864629	62	325	764	458	9	3	50
uniq_142740	EF512007.1	0.921397	36	313	777	458	9	3	50
uniq_142879	AY349393.1	0.980349	9	320	779	458	9	3	50
uniq_145417	AB108825.1	0.886463	52	318	777	458	9	3	50
uniq_146137	AF385521.1	0.829694	78	314	771	458	9	3	50
uniq_146284	EU071543.1	0.884279	53	298	740	458	9	3	50
uniq_146650	AY278611.1	0.954148	21	314	771	458	9	3	50
uniq_147067	AF385571.1	0.871179	59	307	746	458	9	3	50
uniq_148094	AB108825.1	0.934498	30	318	777	458	9	3	50
uniq_150256	AF385577.1	0.899563	46	329	768	458	9	3	50
uniq_151427	AB076677.1	0.853712	67	310	750	458	9	3	50
uniq_151992	AF385569.1	0.886463	52	302	761	458	9	3	50
uniq_152485	AF385521.1	0.868996	60	314	771	458	9	3	50
uniq_154198	AY429468.1	0.879913	55	304	763	458	9	3	50
uniq_154854	AY278611.1	0.923581	35	314	771	458	9	3	50
uniq_155440	AY278611.1	0.936681	29	314	771	458	9	3	50
uniq_155995	AF385521.1	0.805677	89	314	771	458	9	3	50
uniq_156015	AF385563.1	0.886463	52	318	760	458	9	3	50
uniq_156921	AY278611.1	0.873362	58	314	771	458	9	3	50
uniq_158566	DQ325537.1	0.844978	71	314	756	458	9	3	50
uniq_158877	AF385521.1	0.923581	35	314	770	458	9	3	50
uniq_159142	AY349402.1	0.908297	42	318	776	458	9	3	50
uniq_162837	AJ421779.1	0.991266	4	323	780	458	9	3	50
uniq_163147	DQ325537.1	0.868996	60	314	756	458	9	3	50
uniq_163506	X89377.1	0.888646	51	316	780	458	9	3	50
uniq_164120	AY030318.1	0.877729	56	320	784	458	9	3	50
uniq_164244	AY207057.1	0.886463	52	318	778	458	9	3	50
uniq_164686	AF012090.1	0.877729	56	308	772	458	9	3	50
uniq_165156	AM277334.1	0.875546	57	323	787	458	9	3	50
uniq_167069	AY005025.1	0.862445	63	313	777	458	9	3	50
uniq_167071	AF287816.1	0.866812	61	307	749	458	9	3	50
uniq_169310	EF511070.1	0.855895	66	319	783	458	9	3	50
uniq_171997	AY278611.1	0.973799	12	314	771	458	9	3	50
uniq_172151	AY278611.1	0.958515	19	314	771	458	9	3	50
uniq_174066	AJ421779.1	0.954148	21	323	780	458	9	3	50
uniq_174074	AY278611.1	0.938865	28	314	771	458	9	3	50
uniq_177638	EF511101.1	0.890830	50	313	777	458	9	3	50
uniq_178637	AF543275.1	0.910480	41	317	776	458	9	3	50
uniq_19281	AY278611.1	0.973799	12	314	771	458	9	3	50
uniq_200828	AY278611.1	0.949782	23	314	771	458	9	3	50
uniq_201735	AY278611.1	0.949782	23	314	771	458	9	3	50
uniq_206093	AF385510.1	0.875546	57	326	765	458	9	3	50
uniq_207481	AY349402.1	0.886463	52	318	776	458	9	3	50
uniq_207942	AY278611.1	0.864629	62	314	771	458	9	3	50
uniq_210559	U87826.1	0.862445	63	309	760	458	9	3	50
uniq_211634	AF385512.1	0.945415	25	318	777	458	9	3	50
uniq_212814	AB087261.1	0.875546	57	313	777	458	9	3	50
uniq_217910	AB108826.1	0.853712	67	318	777	458	9	3	50
uniq_218660	AY349402.1	0.910480	41	318	776	458	9	3	50
uniq_220462	AY349393.1	0.829694	78	320	779	458	9	3	50
uniq_220722	AY278611.1	0.906114	43	314	771	458	9	3	50
uniq_221083	AY349393.1	0.873362	58	320	779	458	9	3	50
uniq_221124	AY278611.1	0.967249	15	314	771	458	9	3	50
uniq_222000	AF385519.1	0.864629	62	320	779	458	9	3	50
uniq_222104	AY349374.1	0.901747	45	327	779	458	9	3	50
uniq_222294	EF512007.1	0.886463	52	313	777	458	9	3	50
uniq_222927	AF287780.1	0.901747	45	331	794	458	9	3	50
uniq_223321	AF385519.1	0.862445	63	320	779	458	9	3	50
uniq_224106	AF385564.1	0.866812	61	320	779	458	9	3	50
uniq_224673	AF385515.1	0.853712	67	315	774	458	9	3	50
uniq_226410	AF201981.1	0.895197	48	327	766	458	9	3	50
uniq_228883	AF481224.1	0.893013	49	334	798	458	9	3	50
uniq_229098	EU071543.1	0.862445	63	298	740	458	9	3	50
uniq_229132	AF385521.1	0.943231	26	314	771	458	9	3	50
uniq_229223	AY278611.1	0.965066	16	314	771	458	9	3	50
uniq_229355	AF385521.1	0.932314	31	314	771	458	9	3	50
uniq_230651	AY278611.1	0.943231	26	314	771	458	9	3	50
uniq_230672	AY349374.1	0.906114	43	327	779	458	9	3	50
uniq_231724	AF543297.1	0.925764	34	316	775	458	9	3	50
uniq_232485	AY278611.1	0.868996	60	314	771	458	9	3	50
uniq_232628	AY349402.1	0.903930	44	318	776	458	9	3	50
uniq_232787	AY349393.1	0.864629	62	320	779	458	9	3	50
uniq_233307	AM419984.1	0.864629	62	309	749	458	9	3	50
uniq_233966	AM419984.1	0.860262	64	309	749	458	9	3	50
uniq_234180	AY278611.1	0.945415	25	314	771	458	9	3	50
uniq_234426	AF385521.1	0.868996	60	314	771	458	9	3	50
uniq_234443	EF510424.1	0.831878	77	332	796	458	9	3	50
uniq_236174	EF510383.1	0.864629	62	321	785	458	9	3	50
uniq_237185	AF481222.1	0.855895	66	325	764	458	9	3	50
uniq_237720	AY278611.1	0.967249	15	314	771	458	9	3	50
uniq_239126	AY278611.1	0.949782	23	314	771	458	9	3	50
uniq_241157	AY349402.1	0.888646	51	318	776	458	9	3	50
uniq_241329	X89377.1	0.871179	59	316	780	458	9	3	50
uniq_241504	AY278611.1	0.938865	28	314	771	458	9	3	50
uniq_242008	AY278611.1	0.840611	73	314	771	458	9	3	50
uniq_242701	AF385521.1	0.975983	11	314	771	458	9	3	50
uniq_243449	AY349374.1	0.871179	59	327	779	458	9	3	50
uniq_244448	EU670056.1	0.844978	71	320	779	458	9	3	50
uniq_245191	AY278611.1	0.947598	24	314	771	458	9	3	50
uniq_245934	AF385521.1	0.930131	32	314	771	458	9	3	50
uniq_247537	AF016390.1	0.882096	54	321	785	458	9	3	50
uniq_250164	EU012295.1	0.882096	54	318	777	458	9	3	50
uniq_251976	AF385510.1	0.849345	69	326	765	458	9	3	50
uniq_252363	AY349402.1	0.912664	40	318	776	458	9	3	50
uniq_253658	EF510424.1	0.853712	67	332	796	458	9	3	50
uniq_253801	AF385519.1	0.930131	32	320	779	458	9	3	50
uniq_254139	AF385519.1	0.838428	74	320	779	458	9	3	50
uniq_255046	AY278611.1	0.927948	33	314	771	458	9	3	50
uniq_257999	EF510424.1	0.853712	67	332	796	458	9	3	50
uniq_258786	AY349402.1	0.860262	64	318	776	458	9	3	50
uniq_259115	AY278611.1	0.962882	17	314	771	458	9	3	50
uniq_260111	AB013253.1	0.897380	47	308	772	458	9	3	50
uniq_261683	AF385521.1	0.951965	22	314	771	458	9	3	50
uniq_27144	AY349402.1	0.949782	23	318	776	458	9	3	50
uniq_271616	AY278618.1	0.855895	66	326	765	458	9	3	50
uniq_281018	AJ231181.1	0.879913	55	299	739	458	9	3	50
uniq_283167	AY278618.1	0.901747	45	326	765	458	9	3	50
uniq_284128	AF201981.1	0.875546	57	327	766	458	9	3	50
uniq_284933	AY278611.1	0.923581	35	314	771	458	9	3	50
uniq_285335	AF043425.1	0.875546	57	310	750	458	9	3	50
uniq_287122	AY278611.1	0.921397	36	314	771	458	9	3	50
uniq_287744	AF385521.1	0.917031	38	314	771	458	9	3	50
uniq_288387	AY278611.1	0.954148	21	314	771	458	9	3	50
uniq_288409	EF510383.1	0.884279	53	321	785	458	9	3	50
uniq_289621	AY278611.1	0.967249	15	314	771	458	9	3	50
uniq_290043	AY278622.1	0.873362	58	335	800	458	9	3	50
uniq_290406	AY278611.1	0.923581	35	314	771	458	9	3	50
uniq_291580	AY278611.1	0.897380	47	314	771	458	9	3	50
uniq_293329	AY278611.1	0.923581	35	314	771	458	9	3	50
uniq_293588	AY278611.1	0.967249	15	314	771	458	9	3	50
uniq_294796	AY278621.1	0.844978	71	308	750	458	9	3	50
uniq_296260	AF385521.1	0.925764	34	314	771	458	9	3	50
uniq_297454	AF432133.1	0.866812	61	320	779	458	9	3	50
uniq_300153	AY278611.1	0.853712	67	314	771	458	9	3	50
uniq_301552	AF385577.1	0.864629	62	329	767	458	9	3	50
uniq_302284	AY278611.1	0.954148	21	314	771	458	9	3	50
uniq_302884	AF385551.1	0.858079	65	320	779	458	9	3	50
uniq_302900	AF385508.1	0.888646	51	327	766	458	9	3	50
uniq_304788	AY278611.1	0.945415	25	314	771	458	9	3	50
uniq_305100	AY278611.1	0.932314	31	314	771	458	9	3	50
uniq_305185	AF385551.1	0.858079	65	320	779	458	9	3	50
uniq_305959	AY278611.1	0.949782	23	314	771	458	9	3	50
uniq_307711	AF385515.1	0.868996	60	315	774	458	9	3	50
uniq_307874	AY278622.1	0.868996	60	335	800	458	9	3	50
uniq_308117	AM696906.1	0.873362	58	308	750	458	9	3	50
uniq_310451	AF287770.1	0.862445	63	325	763	458	9	3	50
uniq_312006	AY278611.1	0.930131	32	314	771	458	9	3	50
uniq_315584	AY278611.1	0.965066	16	314	771	458	9	3	50
uniq_315699	AY349393.1	0.875546	57	320	779	458	9	3	50
uniq_316839	AM419984.1	0.884279	53	309	749	458	9	3	50
uniq_319392	X89377.1	0.895197	48	316	780	458	9	3	50
uniq_319433	AY278611.1	0.971616	13	314	771	458	9	3	50
uniq_321097	AY278611.1	0.956332	20	314	771	458	9	3	50
uniq_321335	AF287761.1	0.903930	44	326	767	458	9	3	50
uniq_322415	AY278611.1	0.969432	14	314	771	458	9	3	50
uniq_322444	AM419461.1	0.914847	39	314	758	458	9	3	50
uniq_323778	AF385551.1	0.967249	15	320	775	458	9	3	50
uniq_323971	AF385521.1	0.958515	19	314	771	458	9	3	50
uniq_32619	AY349402.1	0.943231	26	318	776	458	9	3	50
uniq_326363	AY278611.1	0.943231	26	314	771	458	9	3	50
uniq_331100	Z30542.1	0.893013	49	279	718	458	9	3	50
uniq_331779	AF182835.1	0.868996	60	315	780	458	9	3	50
uniq_332260	EF510424.1	0.893013	49	332	796	458	9	3	50
uniq_336205	Z30542.1	0.912664	40	279	718	458	9	3	50
uniq_336488	EF512007.1	0.866812	61	313	777	458	9	3	50
uniq_338585	AF432133.1	0.958515	19	320	779	458	9	3	50
uniq_339515	AF201981.1	0.884279	53	327	766	458	9	3	50
uniq_341651	AF385521.1	0.844978	71	314	771	458	9	3	50
uniq_346218	AY278611.1	0.899563	46	314	771	458	9	3	50
uniq_347866	AF224306.1	0.855895	66	312	776	458	9	3	50
uniq_350147	EF101551.1	0.864629	62	309	773	458	9	3	50
uniq_350292	AJ244722.1	0.897380	47	314	778	458	9	3	50
uniq_350982	AF385521.1	0.954148	21	314	771	458	9	3	50
uniq_35373	AF366276.1	0.858079	65	310	751	458	9	3	50
uniq_353892	AY278611.1	0.949782	23	314	771	458	9	3	50
uniq_353915	EF101551.1	0.888646	51	309	773	458	9	3	50
uniq_354623	AY349402.1	0.882096	54	318	776	458	9	3	50
uniq_361695	AF385521.1	0.947598	24	314	771	458	9	3	50
uniq_361893	AY278611.1	0.938865	28	314	771	458	9	3	50
uniq_365511	AJ567581.1	0.886463	52	308	763	458	9	3	50
uniq_366897	AF385521.1	0.914847	39	314	771	458	9	3	50
uniq_37158	AY349402.1	0.886463	52	318	776	458	9	3	50
uniq_387104	AY278611.1	0.969432	14	314	771	458	9	3	50
uniq_395019	EF510424.1	0.866812	61	332	796	458	9	3	50
uniq_396752	AF385521.1	0.960699	18	314	771	458	9	3	50
uniq_397380	AY349389.1	0.886463	52	326	765	458	9	3	50
uniq_397667	AY005030.1	0.890830	50	307	771	458	9	3	50
uniq_399515	EF511070.1	0.847162	70	319	779	458	9	3	50
uniq_399537	AF394174.1	0.899563	46	281	720	458	9	3	50
uniq_400707	AY162469.1	0.862445	63	335	799	458	9	3	50
uniq_401303	AF385521.1	0.799127	92	314	771	458	9	3	50
uniq_40348	EF509244.1	0.862445	63	311	754	458	9	3	50
uniq_405139	AF183404.1	0.888646	51	320	779	458	9	3	50
uniq_405309	AF544637.1	0.927948	33	305	749	458	9	3	50
uniq_408741	X80738.1	0.855895	66	309	753	458	9	3	50
uniq_41722	AY349402.1	0.936681	29	318	776	458	9	3	50
uniq_41914	AF385521.1	0.962882	17	314	771	458	9	3	50
uniq_42054	AY278611.1	0.938865	28	314	771	458	9	3	50
uniq_42673	X67609.1	0.947598	24	308	767	458	9	3	50
uniq_43000	AF287775.1	0.853712	67	327	766	458	9	3	50
uniq_54064	AY212707.1	0.893013	49	296	751	458	9	3	50
uniq_58052	AF399914.1	0.901747	45	292	753	458	9	3	50
uniq_61757	AF385551.1	0.829694	78	320	779	458	9	3	50
uniq_63121	AY278611.1	0.954148	21	314	771	458	9	3	50
uniq_63438	AY445131.1	0.838428	74	318	796	458	9	3	50
uniq_63617	AF206305.1	0.877729	56	307	749	458	9	3	50
uniq_65495	AF385521.1	0.971616	13	314	771	458	9	3	50
uniq_67107	AY485603.1	0.890830	50	317	781	458	9	3	50
uniq_67503	AY278611.1	0.967249	15	314	771	458	9	3	50
uniq_68497	X80744.1	0.908297	42	310	761	458	9	3	50
uniq_71621	AY349402.1	0.853712	67	318	776	458	9	3	50
uniq_73195	AY278611.1	0.897380	47	314	771	458	9	3	50
uniq_73607	AF385521.1	0.886463	52	314	771	458	9	3	50
uniq_78240	AY278611.1	0.958515	19	314	771	458	9	3	50
uniq_80267	AF385519.1	0.853712	67	320	779	458	9	3	50
uniq_80412	DQ256729.1	0.862445	63	308	766	458	9	3	50
uniq_83761	AY278611.1	0.860262	64	314	771	458	9	3	50
uniq_84465	AY374118.1	0.864629	62	311	775	458	9	3	50
uniq_92934	AY278611.1	0.934498	30	314	771	458	9	3	50
uniq_96363	AY278611.1	0.886463	52	314	771	458	9	3	50
uniq_96478	AF385521.1	0.965066	16	314	771	458	9	3	50
uniq_98909	AY374118.1	0.903930	44	311	775	458	9	3	50
uniq_99435	AY278611.1	0.978166	10	314	771	458	9	3	50
uniq_99446	AY043360.1	0.858079	65	307	771	458	9	3	50
uniq_09183	AF385574.1	0.870897	59	319	783	457	9	3	50
uniq_100484	AJ492828.1	0.886214	52	309	773	457	9	3	50
uniq_100693	AF287761.1	0.908096	42	326	767	457	9	3	50
uniq_101262	AY278611.1	0.971554	13	314	771	457	9	3	50
uniq_107241	AM697440.1	0.840263	73	322	787	457	9	3	50
uniq_107736	AF287793.1	0.894967	48	323	787	457	9	3	50
uniq_110534	AY044915.1	0.886214	52	314	772	457	9	3	50
uniq_112849	AY278611.1	0.844639	71	314	771	457	9	3	50
uniq_113666	AJ576084.1	0.975930	11	314	770	457	9	3	50
uniq_114250	AY278611.1	0.873085	58	314	771	457	9	3	50
uniq_115486	AY278618.1	0.884026	53	326	765	457	9	3	50
uniq_117506	EF510424.1	0.879650	55	332	796	457	9	3	50
uniq_118014	AY278611.1	0.940919	27	314	771	457	9	3	50
uniq_118125	AM905356.1	0.879650	55	300	742	457	9	3	50
uniq_119195	U65583.1	0.877462	56	315	779	457	9	3	50
uniq_125242	AY221073.1	0.862144	63	310	763	457	9	3	50
uniq_13623	AF385521.1	0.838074	74	314	771	457	9	3	50
uniq_140691	AF385521.1	0.859956	64	314	771	457	9	3	50
uniq_142575	AY207059.1	0.888403	51	326	764	457	9	3	50
uniq_142584	AY278611.1	0.956236	20	314	771	457	9	3	50
uniq_143081	AY278611.1	0.962801	17	314	771	457	9	3	50
uniq_146015	AY278611.1	0.921225	36	314	771	457	9	3	50
uniq_149797	EF510424.1	0.886214	52	332	796	457	9	3	50
uniq_149991	EF510424.1	0.840263	73	332	796	457	9	3	50
uniq_150605	AF385521.1	0.840263	73	314	771	457	9	3	50
uniq_152882	AY278611.1	0.866521	61	314	771	457	9	3	50
uniq_153017	AY349403.1	0.886214	52	328	792	457	9	3	50
uniq_153642	AY278611.1	0.870897	59	314	771	457	9	3	50
uniq_153844	EF510424.1	0.888403	51	332	796	457	9	3	50
uniq_154240	AF385521.1	0.827133	79	314	771	457	9	3	50
uniq_155920	AY008308.1	0.846827	70	315	774	457	9	3	50
uniq_156137	AF385521.1	0.855580	66	314	771	457	9	3	50
uniq_156571	AF385521.1	0.864333	62	314	771	457	9	3	50
uniq_15691	AF183404.1	0.888403	51	320	779	457	9	3	50
uniq_164674	EF510424.1	0.888403	51	332	796	457	9	3	50
uniq_166715	AY278611.1	0.851204	68	314	771	457	9	3	50
uniq_170940	AY178635.1	0.929978	32	329	782	457	9	3	50
uniq_196454	AY278611.1	0.975930	11	314	771	457	9	3	50
uniq_197042	AJ421779.1	0.923414	35	323	780	457	9	3	50
uniq_197786	EF510424.1	0.857768	65	332	796	457	9	3	50
uniq_199833	AF543297.1	0.938731	28	316	775	457	9	3	50
uniq_205702	AY278613.1	0.881838	54	308	767	457	9	3	50
uniq_214038	AY138233.1	0.866521	61	319	783	457	9	3	50
uniq_216965	EF510424.1	0.899344	46	332	796	457	9	3	50
uniq_220023	AY008308.1	0.879650	55	315	774	457	9	3	50
uniq_220787	AF287760.1	0.879650	55	311	752	457	9	3	50
uniq_221086	AF385521.1	0.962801	17	314	771	457	9	3	50
uniq_221461	AF292371.1	0.916849	38	311	754	457	9	3	50
uniq_221531	EF510424.1	0.894967	48	332	796	457	9	3	50
uniq_222507	AY278611.1	0.879650	55	314	771	457	9	3	50
uniq_222938	AF432136.1	0.844639	71	319	783	457	9	3	50
uniq_224949	AY349393.1	0.870897	59	320	779	457	9	3	50
uniq_225039	EF512007.1	0.903720	44	313	777	457	9	3	50
uniq_225776	AF385564.1	0.877462	56	320	779	457	9	3	50
uniq_227329	AJ234039.1	0.908096	42	323	783	457	9	3	50
uniq_227385	AF385521.1	0.873085	58	314	771	457	9	3	50
uniq_228006	AY278611.1	0.971554	13	314	771	457	9	3	50
uniq_228030	EF512007.1	0.877462	56	313	777	457	9	3	50
uniq_228098	EF511101.1	0.901532	45	313	777	457	9	3	50
uniq_228157	AJ576084.1	0.934354	30	314	770	457	9	3	50
uniq_228976	AF385521.1	0.853392	67	314	771	457	9	3	50
uniq_229406	EF512007.1	0.879650	55	313	777	457	9	3	50
uniq_230361	AF385497.1	0.912473	40	324	788	457	9	3	50
uniq_231199	AY134904.1	0.862144	63	326	767	457	9	3	50
uniq_233655	AF385519.1	0.866521	61	320	779	457	9	3	50
uniq_234319	AB076677.1	0.851204	68	310	750	457	9	3	50
uniq_234464	AF385558.1	0.827133	79	318	776	457	9	3	50
uniq_234860	AF287816.1	0.875274	57	307	749	457	9	3	50
uniq_236675	AJ576084.1	0.919037	37	314	770	457	9	3	50
uniq_237346	AY349393.1	0.868709	60	320	779	457	9	3	50
uniq_237838	AF287761.1	0.877462	56	326	767	457	9	3	50
uniq_238191	AY008309.1	0.868709	60	308	750	457	9	3	50
uniq_238737	AF385564.1	0.853392	67	320	779	457	9	3	50
uniq_241213	EF510424.1	0.870897	59	332	796	457	9	3	50
uniq_241891	EF510424.1	0.873085	58	332	796	457	9	3	50
uniq_243078	AY278611.1	0.838074	74	314	771	457	9	3	50
uniq_243079	AF385521.1	0.934354	30	314	771	457	9	3	50
uniq_243852	DQ160208.1	0.899344	46	342	780	457	9	3	50
uniq_245896	AY278622.1	0.870897	59	335	800	457	9	3	50
uniq_247128	AY278611.1	0.969365	14	314	771	457	9	3	50
uniq_247245	X67609.1	0.881838	54	308	767	457	9	3	50
uniq_252559	AY278611.1	0.840263	73	314	771	457	9	3	50
uniq_260913	AJ440983.1	0.862144	63	304	768	457	9	3	50
uniq_283020	AB072735.1	0.912473	40	298	754	457	9	3	50
uniq_283522	AF408257.1	0.866521	61	320	783	457	9	3	50
uniq_284413	AY278611.1	0.912473	40	314	771	457	9	3	50
uniq_284739	AJ234039.1	0.916849	38	323	783	457	9	3	50
uniq_287156	AY278611.1	0.897155	47	314	771	457	9	3	50
uniq_287408	AF385550.1	0.862144	63	317	781	457	9	3	50
uniq_287419	AY234571.1	0.919037	37	298	754	457	9	3	50
uniq_288215	AY278611.1	0.870897	59	314	771	457	9	3	50
uniq_288455	AF292371.1	0.877462	56	311	754	457	9	3	50
uniq_288636	AY138233.1	0.855580	66	319	783	457	9	3	50
uniq_290178	EF510424.1	0.873085	58	332	796	457	9	3	50
uniq_290411	AF292371.1	0.890591	50	311	754	457	9	3	50
uniq_291950	AF385521.1	0.890591	50	314	771	457	9	3	50
uniq_292219	AF385563.1	0.884026	53	318	760	457	9	3	50
uniq_293164	AF543275.1	0.921225	36	317	776	457	9	3	50
uniq_293905	AF385550.1	0.849015	69	317	781	457	9	3	50
uniq_29460	AF385550.1	0.888403	51	317	781	457	9	3	50
uniq_294724	AF385550.1	0.903720	44	317	781	457	9	3	50
uniq_295299	AF287761.1	0.890591	50	326	767	457	9	3	50
uniq_295526	AY278611.1	0.964989	16	314	771	457	9	3	50
uniq_296526	AF543297.1	0.951860	22	316	775	457	9	3	50
uniq_297201	AF385550.1	0.842451	72	317	781	457	9	3	50
uniq_299060	AF385550.1	0.873085	58	317	781	457	9	3	50
uniq_299144	AF385574.1	0.890591	50	319	783	457	9	3	50
uniq_300360	AY278611.1	0.919037	37	314	771	457	9	3	50
uniq_300382	AY044915.1	0.851204	68	314	772	457	9	3	50
uniq_303124	X80748.1	0.879650	55	308	763	457	9	3	50
uniq_303251	AF543297.1	0.914661	39	316	775	457	9	3	50
uniq_304101	AF385510.1	0.892779	49	326	765	457	9	3	50
uniq_305021	AY278611.1	0.879650	55	314	771	457	9	3	50
uniq_309055	AY278611.1	0.864333	62	314	771	457	9	3	50
uniq_309531	D89332.1	0.947484	24	315	772	457	9	3	50
uniq_310408	EF510424.1	0.870897	59	332	796	457	9	3	50
uniq_311184	AF385521.1	0.954048	21	314	771	457	9	3	50
uniq_311586	AF385574.1	0.851204	68	319	783	457	9	3	50
uniq_315670	EF510424.1	0.912473	40	332	796	457	9	3	50
uniq_315818	AF385521.1	0.901532	45	314	771	457	9	3	50
uniq_316749	AY207059.1	0.873085	58	326	764	457	9	3	50
uniq_321602	AY207059.1	0.884026	53	326	764	457	9	3	50
uniq_322073	AY207059.1	0.862144	63	326	764	457	9	3	50
uniq_323885	AF292371.1	0.910284	41	311	754	457	9	3	50
uniq_326738	AM419984.1	0.870897	59	309	749	457	9	3	50
uniq_328418	AY278611.1	0.844639	71	314	771	457	9	3	50
uniq_329863	EU071543.1	0.875274	57	298	740	457	9	3	50
uniq_332298	X89377.1	0.894967	48	316	780	457	9	3	50
uniq_332758	AY118151.1	0.894967	48	313	769	457	9	3	50
uniq_337767	EF510424.1	0.862144	63	332	796	457	9	3	50
uniq_340864	AY278611.1	0.844639	71	314	771	457	9	3	50
uniq_341463	AF385521.1	0.969365	14	314	771	457	9	3	50
uniq_342140	X89377.1	0.838074	74	316	780	457	9	3	50
uniq_342201	EF512007.1	0.857768	65	313	777	457	9	3	50
uniq_34284	AY278611.1	0.919037	37	314	771	457	9	3	50
uniq_343343	AF206305.1	0.892779	49	307	749	457	9	3	50
uniq_343877	AF224305.1	0.886214	52	313	777	457	9	3	50
uniq_344428	DQ087193.1	0.894967	48	308	750	457	9	3	50
uniq_348970	AF183404.1	0.879650	55	320	779	457	9	3	50
uniq_348993	U65583.1	0.840263	73	315	779	457	9	3	50
uniq_349724	EF512007.1	0.890591	50	313	777	457	9	3	50
uniq_354471	AF543275.1	0.890591	50	317	776	457	9	3	50
uniq_358667	AY278611.1	0.940919	27	314	771	457	9	3	50
uniq_358732	AF385519.1	0.859956	64	320	779	457	9	3	50
uniq_358890	AY349402.1	0.908096	42	318	776	457	9	3	50
uniq_358996	AF502204.1	0.897155	47	307	766	457	9	3	50
uniq_360007	X80744.1	0.842451	72	310	761	457	9	3	50
uniq_360273	AF287770.1	0.864333	62	325	763	457	9	3	50
uniq_361450	AF543297.1	0.881838	54	316	775	457	9	3	50
uniq_361941	AY278611.1	0.938731	28	314	771	457	9	3	50
uniq_375923	AB050138.1	0.857768	65	313	769	457	9	3	50
uniq_37806	AY278611.1	0.820569	82	314	771	457	9	3	50
uniq_39106	X67609.1	0.888403	51	308	767	457	9	3	50
uniq_394151	AJ576084.1	0.934354	30	314	770	457	9	3	50
uniq_394477	EF510424.1	0.879650	55	332	796	457	9	3	50
uniq_399855	AF543280.1	0.938731	28	314	758	457	9	3	50
uniq_400369	AJ576084.1	0.901532	45	314	770	457	9	3	50
uniq_403904	AF385503.1	0.855580	66	332	796	457	9	3	50
uniq_403963	AY533381.1	0.899344	46	325	766	457	9	3	50
uniq_404307	AY278611.1	0.949672	23	314	771	457	9	3	50
uniq_406343	AF394174.1	0.875274	57	281	720	457	9	3	50
uniq_406794	AF537211.1	0.881838	54	328	766	457	9	3	50
uniq_40694	AY349402.1	0.859956	64	318	776	457	9	3	50
uniq_40820	AY278611.1	0.800875	91	314	771	457	9	3	50
uniq_41278	AY278611.1	0.954048	21	314	771	457	9	3	50
uniq_50886	AY234571.1	0.947484	24	298	754	457	9	3	50
uniq_53143	AY234571.1	0.903720	44	298	754	457	9	3	50
uniq_64426	AF385521.1	0.894967	48	314	771	457	9	3	50
uniq_67262	AY278611.1	0.820569	82	314	771	457	9	3	50
uniq_72119	AF385521.1	0.886214	52	314	771	457	9	3	50
uniq_75915	AY138233.1	0.842451	72	319	783	457	9	3	50
uniq_76282	AY278611.1	0.945295	25	314	771	457	9	3	50
uniq_77028	AF385521.1	0.842451	72	314	771	457	9	3	50
uniq_78175	AY008309.1	0.877462	56	308	750	457	9	3	50
uniq_79508	AF432139.1	0.853392	67	319	783	457	9	3	50
uniq_79993	AF432138.1	0.870897	59	308	750	457	9	3	50
uniq_80088	EF511101.1	0.888403	51	313	777	457	9	3	50
uniq_80198	AY278611.1	0.969365	14	314	771	457	9	3	50
uniq_81406	EF510424.1	0.875274	57	332	796	457	9	3	50
uniq_81632	AF385521.1	0.888403	51	314	771	457	9	3	50
uniq_82652	AY278611.1	0.978118	10	314	771	457	9	3	50
uniq_83936	AF385558.1	0.831510	77	318	776	457	9	3	50
uniq_84430	AY278611.1	0.932166	31	314	771	457	9	3	50
uniq_85653	Y13366.1	0.877462	56	322	786	457	9	3	50
uniq_85763	AY278611.1	0.857768	65	314	771	457	9	3	50
uniq_86078	AY278611.1	0.859956	64	314	771	457	9	3	50
uniq_86090	EF511101.1	0.877462	56	313	777	457	9	3	50
uniq_86980	EF510424.1	0.890591	50	332	796	457	9	3	50
uniq_87369	EU670056.1	0.954048	21	320	779	457	9	3	50
uniq_91730	AY278611.1	0.943107	26	314	771	457	9	3	50
uniq_92913	AY043360.1	0.888403	51	307	771	457	9	3	50
uniq_95693	AB013253.1	0.866521	61	308	772	457	9	3	50
uniq_96422	AF385521.1	0.940919	27	314	771	457	9	3	50
uniq_96914	AY278611.1	0.951860	22	314	771	457	9	3	50
uniq_96962	AF292371.1	0.894967	48	311	754	457	9	3	50
uniq_99795	AF385521.1	0.855580	66	314	771	457	9	3	50
uniq_104728	AF018560.1	0.942982	26	318	765	456	9	3	50
uniq_108319	AM905356.1	0.870614	59	300	742	456	9	3	50
uniq_113510	AY278611.1	0.837719	74	314	771	456	9	3	50
uniq_118156	EU071543.1	0.872807	58	298	740	456	9	3	50
uniq_147393	AY008311.1	0.932018	31	313	771	456	9	3	50
uniq_186562	EF093123.1	0.956140	20	308	764	456	9	3	50
uniq_186598	AJ270451.1	0.903509	44	307	771	456	9	3	50
uniq_187000	EF093123.1	0.975877	11	308	764	456	9	3	50
uniq_196013	AY555805.1	0.846491	70	323	780	456	9	3	50
uniq_200187	AF183404.1	0.870614	59	320	779	456	9	3	50
uniq_206964	AF537593.1	0.958333	19	313	767	456	9	3	50
uniq_218225	EF510424.1	0.857456	65	332	796	456	9	3	50
uniq_220258	EF510424.1	0.872807	58	332	796	456	9	3	50
uniq_220439	AF432139.1	0.837719	74	319	783	456	9	3	50
uniq_226590	AF385497.1	0.881579	54	324	788	456	9	3	50
uniq_226653	AF385497.1	0.890351	50	324	788	456	9	3	50
uniq_229658	AY278611.1	0.828947	78	314	771	456	9	3	50
uniq_230398	AF481210.1	0.842105	72	335	799	456	9	3	50
uniq_231038	EF510424.1	0.868421	60	332	796	456	9	3	50
uniq_232976	EF510424.1	0.875000	57	332	796	456	9	3	50
uniq_237459	EU071543.1	0.877193	56	298	740	456	9	3	50
uniq_240109	AY278611.1	0.842105	72	314	771	456	9	3	50
uniq_241046	AY349402.1	0.822368	81	318	776	456	9	3	50
uniq_241340	AY349403.1	0.875000	57	328	792	456	9	3	50
uniq_242162	AY349395.1	0.839912	73	320	779	456	9	3	50
uniq_243793	AY278611.1	0.828947	78	314	771	456	9	3	50
uniq_244284	X80748.1	0.879386	55	308	763	456	9	3	50
uniq_245617	EU071543.1	0.875000	57	298	740	456	9	3	50
uniq_258382	AY555805.1	0.921053	36	323	780	456	9	3	50
uniq_276528	AJ428402.1	0.971491	13	317	771	456	9	3	50
uniq_284839	EF511070.1	0.861842	63	319	783	456	9	3	50
uniq_286246	EF510424.1	0.868421	60	332	796	456	9	3	50
uniq_286462	AY349414.1	0.877193	56	317	780	456	9	3	50
uniq_286509	EF510424.1	0.881579	54	331	796	456	9	3	50
uniq_292053	EF510424.1	0.875000	57	332	796	456	9	3	50
uniq_298245	DQ160208.1	0.907895	42	342	780	456	9	3	50
uniq_333292	EF510424.1	0.907895	42	332	796	456	9	3	50
uniq_339333	AY278611.1	0.875000	57	314	771	456	9	3	50
uniq_341158	AF385550.1	0.853070	67	317	781	456	9	3	50
uniq_348653	EF510424.1	0.879386	55	332	796	456	9	3	50
uniq_355401	AY328770.1	0.901316	45	313	777	456	9	3	50
uniq_357716	EF510424.1	0.868421	60	332	796	456	9	3	50
uniq_357866	AY959092.1	0.837719	74	327	791	456	9	3	50
uniq_373016	AF005008.1	0.964912	16	306	759	456	9	3	50
uniq_391803	EF510424.1	0.971491	13	332	796	456	9	3	50
uniq_402367	AY555805.1	0.907895	42	323	780	456	9	3	50
uniq_408217	AF183404.1	0.872807	58	320	779	456	9	3	50
uniq_60328	AF287793.1	0.894737	48	323	787	456	9	3	50
uniq_66913	AY278611.1	0.824561	80	314	771	456	9	3	50
uniq_70527	AY349414.1	0.855263	66	317	780	456	9	3	50
uniq_78054	AF537211.1	0.875000	57	328	766	456	9	3	50
uniq_82417	EF509046.1	0.844298	71	311	753	456	9	3	50
uniq_82817	U13038.1	0.892544	49	326	766	456	9	3	50
uniq_92726	AY278611.1	0.837719	74	314	771	456	9	3	50
uniq_93930	EF510424.1	0.864035	62	332	796	456	9	3	50
uniq_08435	AF529063.1	0.978022	10	308	761	455	9	3	50
uniq_181072	AY349374.1	0.989011	5	327	779	455	9	3	50
uniq_187720	EF093123.1	0.973626	12	308	764	455	9	3	50
uniq_188751	EF093123.1	0.973626	12	308	764	455	9	3	50
uniq_275362	AY345486.1	0.956044	20	312	766	455	9	3	50
uniq_276622	Y13043.1	0.912088	40	300	751	455	9	3	50
uniq_279741	AF537593.1	0.989011	5	313	767	455	9	3	50
uniq_327401	AY349374.1	0.949451	23	327	779	455	9	3	50
uniq_379534	AJ224041.1	0.980220	9	318	772	455	9	3	50
uniq_396218	AY349393.1	0.960440	18	320	769	455	9	3	50
uniq_407666	EU670056.1	0.967033	15	320	779	455	9	3	50
uniq_52237	DQ121391.1	0.986813	6	308	762	455	9	3	50
uniq_55826	Y13039.1	0.907692	42	298	751	455	9	3	50
uniq_69598	AF537593.1	0.951648	22	313	767	455	9	3	50
uniq_03487	AY349374.1	0.938326	28	327	779	454	9	3	50
uniq_08092	AY349374.1	0.955947	20	327	779	454	9	3	50
uniq_155110	AY349374.1	0.931718	31	327	779	454	9	3	50
uniq_160515	AY349374.1	0.947137	24	327	779	454	9	3	50
uniq_193078	Y09806.1	0.975771	11	309	756	454	9	3	50
uniq_199787	AY349374.1	0.955947	20	327	779	454	9	3	50
uniq_208141	EF511101.1	0.903084	44	313	777	454	9	3	50
uniq_220221	AY349393.1	0.872247	58	320	779	454	9	3	50
uniq_220681	AY349374.1	0.940529	27	327	779	454	9	3	50
uniq_222690	AY278621.1	0.909692	41	308	750	454	9	3	50
uniq_222727	AY349374.1	0.850220	68	327	779	454	9	3	50
uniq_224722	AY230771.1	0.947137	24	325	764	454	9	3	50
uniq_226208	AF385518.1	0.920705	36	308	750	454	9	3	50
uniq_227179	AY349374.1	0.960352	18	327	779	454	9	3	50
uniq_228814	EF510424.1	0.881057	54	332	796	454	9	3	50
uniq_229727	AY349374.1	0.966960	15	327	779	454	9	3	50
uniq_230427	AF385510.1	0.949339	23	326	765	454	9	3	50
uniq_233685	AY349374.1	0.949339	23	327	779	454	9	3	50
uniq_235630	AY349374.1	0.951542	22	327	779	454	9	3	50
uniq_239535	AF385577.1	0.929515	32	329	768	454	9	3	50
uniq_243360	AY349374.1	0.845815	70	327	779	454	9	3	50
uniq_243665	AF293010.1	0.947137	24	318	771	454	9	3	50
uniq_245862	AF385508.1	0.944934	25	327	766	454	9	3	50
uniq_248730	AY349374.1	0.933921	30	327	779	454	9	3	50
uniq_252566	EU670056.1	0.852423	67	320	779	454	9	3	50
uniq_253404	AY349374.1	0.944934	25	327	779	454	9	3	50
uniq_254055	EF512007.1	0.911894	40	313	777	454	9	3	50
uniq_275055	AF005008.1	0.947137	24	306	759	454	9	3	50
uniq_287603	AY349374.1	0.933921	30	327	779	454	9	3	50
uniq_289199	AB108826.1	0.859031	64	318	777	454	9	3	50
uniq_296553	AY349374.1	0.951542	22	327	779	454	9	3	50
uniq_299937	AF201981.1	0.947137	24	327	766	454	9	3	50
uniq_308530	AY349374.1	0.953744	21	327	779	454	9	3	50
uniq_335807	AY349374.1	0.955947	20	327	779	454	9	3	50
uniq_337231	AF287770.1	0.896476	47	311	763	454	9	3	50
uniq_339776	D14506.1	0.905286	43	279	718	454	9	3	50
uniq_350729	AF005008.1	0.993392	3	306	759	454	9	3	50
uniq_366789	AF529063.1	0.969163	14	308	761	454	9	3	50
uniq_375921	EF555584.1	0.947137	24	306	759	454	9	3	50
uniq_388134	AY278618.1	0.951542	22	326	765	454	9	3	50
uniq_398068	AF432138.1	0.911894	40	308	750	454	9	3	50
uniq_399975	AY349374.1	0.936123	29	327	779	454	9	3	50
uniq_401304	AY278622.1	0.887665	51	335	800	454	9	3	50
uniq_402120	AF481222.1	0.947137	24	325	764	454	9	3	50
uniq_40498	Y13364.1	0.892070	49	323	787	454	9	3	50
uniq_405921	AF394174.1	0.907489	42	281	720	454	9	3	50
uniq_56810	AY188328.1	0.920705	36	313	752	454	9	3	50
uniq_57159	AB271053.1	0.944934	25	306	750	454	9	3	50
uniq_57659	Y13042.1	0.964758	16	298	750	454	9	3	50
uniq_81625	AY349374.1	0.936123	29	327	779	454	9	3	50
uniq_82635	AY349374.1	0.933921	30	327	779	454	9	3	50
uniq_85867	AY278611.1	0.894273	48	314	771	454	9	3	50
uniq_86257	AF399956.1	0.955947	20	327	769	454	9	3	50
uniq_92997	AY349374.1	0.889868	50	327	779	454	9	3	50
uniq_93965	AY349374.1	0.955947	20	327	779	454	9	3	50
uniq_99469	AY349374.1	0.929515	32	327	779	454	9	3	50
uniq_108055	AY349374.1	0.867550	60	327	779	453	9	3	50
uniq_118656	EF510424.1	0.898455	46	332	796	453	9	3	50
uniq_182220	AY349374.1	0.860927	63	327	779	453	9	3	50
uniq_21681	Y13042.1	0.949227	23	298	750	453	9	3	50
uniq_222263	AF003931.1	0.860927	63	327	791	453	9	3	50
uniq_226863	EF509159.1	0.900662	45	311	753	453	9	3	50
uniq_236669	AF292371.1	0.918322	37	311	754	453	9	3	50
uniq_237996	EU071543.1	0.871965	58	298	740	453	9	3	50
uniq_240084	EF510424.1	0.874172	57	332	796	453	9	3	50
uniq_241884	EF510424.1	0.887417	51	332	796	453	9	3	50
uniq_242990	AF287761.1	0.880795	54	326	767	453	9	3	50
uniq_244559	EF510424.1	0.896247	47	332	796	453	9	3	50
uniq_274111	AF032127.1	0.991170	4	305	757	453	9	3	50
uniq_277909	Y13042.1	0.960265	18	298	750	453	9	3	50
uniq_279006	EU025028.1	0.988962	5	294	745	453	9	3	50
uniq_282434	AJ298658.1	0.944812	25	314	763	453	9	3	50
uniq_306246	AY349403.1	0.907285	42	328	792	453	9	3	50
uniq_338533	EF512007.1	0.891832	49	313	777	453	9	3	50
uniq_352842	AY328770.1	0.909492	41	313	777	453	9	3	50
uniq_402757	AY178635.1	0.878587	55	329	782	453	9	3	50
uniq_405845	AY533382.1	0.878587	55	348	789	453	9	3	50
uniq_47652	AF537594.1	0.962472	17	309	758	453	9	3	50
uniq_51102	Y11329.1	0.949227	23	294	746	453	9	3	50
uniq_51699	AF507716.1	0.847682	69	296	752	453	9	3	50
uniq_58458	AJ310413.1	0.993377	3	310	762	453	9	3	50
uniq_77670	AF408257.1	0.878587	55	320	783	453	9	3	50
uniq_03279	Y13043.1	0.940265	27	300	751	452	9	3	50
uniq_105720	AF537594.1	0.977876	10	309	758	452	9	3	50
uniq_117767	AY375053.1	0.869469	59	327	792	452	9	3	50
uniq_146527	AY375053.1	0.862832	62	327	792	452	9	3	50
uniq_183986	AY581885.1	0.977876	10	309	756	452	9	3	50
uniq_196910	AY221615.1	0.931416	31	311	770	452	9	3	50
uniq_243562	AY349374.1	0.896018	47	327	779	452	9	3	50
uniq_275800	AF380930.1	0.862832	62	309	753	452	9	3	50
uniq_321689	U81754.1	0.935841	29	312	765	452	9	3	50
uniq_324363	AY349402.1	0.882743	53	318	766	452	9	3	50
uniq_34641	EF512007.1	0.889381	50	313	777	452	9	3	50
uniq_353397	AF408257.1	0.858407	64	319	783	452	9	3	50
uniq_367526	AB010906.1	0.960177	18	305	752	452	9	3	50
uniq_369073	Y11331.1	0.942478	26	294	745	452	9	3	50
uniq_373174	AF465650.1	0.957965	19	319	770	452	9	3	50
uniq_229881	EU071543.1	0.935698	29	290	740	451	9	3	50
uniq_272425	AF465657.1	0.891353	49	312	762	451	9	3	50
uniq_56056	AF465657.1	0.891353	49	312	762	451	9	3	50
uniq_273357	AF276640.1	0.935556	29	306	752	450	9	3	50
uniq_365495	X84440.1	0.982222	8	309	761	450	9	3	50
uniq_405789	AF543280.1	0.991111	4	310	758	450	9	3	50
uniq_52167	X93354.1	0.964444	16	313	762	450	9	3	50
uniq_18080	AY959034.1	0.991091	4	311	758	449	9	3	50
uniq_224754	AY278621.1	0.977728	10	302	750	449	9	3	50
uniq_276475	D16144.1	0.984410	7	281	728	449	9	3	50
uniq_281699	AM398220.1	0.957684	19	315	763	449	9	3	50
uniq_282457	EF363711.1	0.984410	7	310	758	449	9	3	50
uniq_363801	AM398220.1	0.988864	5	315	763	449	9	3	50
uniq_365008	Z46753.1	0.975501	11	309	757	449	9	3	50
uniq_367246	AJ315070.1	0.988864	5	311	759	449	9	3	50
uniq_51669	AF306789.1	0.991091	4	310	758	449	9	3	50
uniq_52344	Y18378.1	0.964365	16	314	760	449	9	3	50
uniq_56771	AY684123.1	0.975501	11	314	762	449	9	3	50
uniq_117066	X87758.1	0.966518	15	314	759	448	9	3	50
uniq_121124	AY651318.1	0.988839	5	307	751	448	9	3	50
uniq_130383	X84245.1	0.946429	24	307	754	448	9	3	50
uniq_183113	AF227825.1	0.973214	12	308	755	448	9	3	50
uniq_194149	Y09044.1	0.984375	7	309	754	448	9	3	50
uniq_220889	AJ400239.1	0.950893	22	352	794	448	9	3	50
uniq_277305	Y09655.1	0.993304	3	309	755	448	9	3	50
uniq_31387	AF432141.1	0.977679	10	345	791	448	9	3	50
uniq_364097	AJ292683.1	0.982143	8	296	742	448	9	3	50
uniq_372040	AF227825.1	0.988839	5	308	755	448	9	3	50
uniq_385714	AJ292683.1	0.937500	28	296	742	448	9	3	50
uniq_49965	AJ231192.1	0.993304	3	301	747	448	9	3	50
uniq_120864	AY651318.1	0.953020	21	307	751	447	9	3	50
uniq_121181	AB088844.1	0.899329	45	307	771	447	9	3	50
uniq_122092	AJ576249.1	0.970917	13	305	749	447	9	3	50
uniq_122502	AB088844.1	0.899329	45	307	771	447	9	3	50
uniq_124677	X84437.1	0.961969	17	307	754	447	9	3	50
uniq_125579	AY651318.1	0.899329	45	307	751	447	9	3	50
uniq_125986	AY651318.1	0.964206	16	307	751	447	9	3	50
uniq_129672	AF234634.1	0.973154	12	307	753	447	9	3	50
uniq_131589	AJ002814.1	0.894855	47	315	779	447	9	3	50
uniq_13233	AF525834.1	0.894855	47	299	740	447	9	3	50
uniq_135557	AB244473.1	0.917226	37	313	777	447	9	3	50
uniq_137363	AY536426.1	0.986577	6	309	755	447	9	3	50
uniq_145066	AF385520.1	0.948546	23	350	791	447	9	3	50
uniq_193384	AF292371.1	0.948546	23	311	754	447	9	3	50
uniq_239858	AY349393.1	0.897092	46	320	779	447	9	3	50
uniq_253584	AF385510.1	0.979866	9	319	765	447	9	3	50
uniq_274682	AF537594.1	0.975391	11	309	758	447	9	3	50
uniq_278873	AM398220.1	0.953020	21	315	763	447	9	3	50
uniq_279416	AB038407.1	0.912752	39	309	753	447	9	3	50
uniq_280059	AM398220.1	0.966443	15	315	763	447	9	3	50
uniq_281832	AY464537.1	0.950783	22	307	751	447	9	3	50
uniq_286630	AF432141.1	0.930649	31	350	791	447	9	3	50
uniq_321226	AF385520.1	0.939597	27	350	791	447	9	3	50
uniq_323763	AF432141.1	0.899329	45	350	791	447	9	3	50
uniq_329619	AJ400239.1	0.894855	47	352	794	447	9	3	50
uniq_350097	AJ300767.1	0.957494	19	314	758	447	9	3	50
uniq_352095	X87758.1	0.950783	22	314	759	447	9	3	50
uniq_353331	AF481222.1	0.975391	11	325	764	447	9	3	50
uniq_354751	X87758.1	0.953020	21	314	759	447	9	3	50
uniq_372468	U25952.1	0.997763	1	311	757	447	9	3	50
uniq_381492	AM040493.1	0.979866	9	310	754	447	9	3	50
uniq_46801	X92355.1	0.986577	6	307	751	447	9	3	50
uniq_48204	X81953.1	0.970917	13	283	729	447	9	3	50
uniq_50534	AJ300767.1	0.979866	9	314	758	447	9	3	50
uniq_53930	X84245.1	0.961969	17	307	754	447	9	3	50
uniq_56461	AJ415376.1	0.986577	6	310	754	447	9	3	50
uniq_58078	AF361216.1	0.888143	50	325	774	447	9	3	50
uniq_93127	AF385520.1	0.919463	36	350	791	447	9	3	50
uniq_08877	X80738.1	0.979821	9	309	753	446	9	3	50
uniq_103286	U87968.1	0.991031	4	305	750	446	9	3	50
uniq_104491	AY053481.1	0.988789	5	308	752	446	9	3	50
uniq_107416	X87758.1	0.952915	21	314	759	446	9	3	50
uniq_109075	X87758.1	0.952915	21	314	759	446	9	3	50
uniq_109268	X87758.1	0.955157	20	314	759	446	9	3	50
uniq_109539	X87758.1	0.908072	41	314	759	446	9	3	50
uniq_112513	X87758.1	0.968610	14	314	759	446	9	3	50
uniq_113546	X87758.1	0.899103	45	314	759	446	9	3	50
uniq_114924	X87758.1	0.982063	8	314	759	446	9	3	50
uniq_115440	X87758.1	0.957399	19	314	759	446	9	3	50
uniq_117063	X87758.1	0.955157	20	314	759	446	9	3	50
uniq_120886	X84258.1	0.952915	21	305	750	446	9	3	50
uniq_122538	AB010913.1	0.966368	15	305	749	446	9	3	50
uniq_122845	AB010913.1	0.995516	2	305	749	446	9	3	50
uniq_124784	AJ270451.1	0.896861	46	307	771	446	9	3	50
uniq_126884	DQ442559.1	0.991031	4	305	749	446	9	3	50
uniq_127514	X84258.1	0.939462	27	305	750	446	9	3	50
uniq_141836	AF385520.1	0.899103	45	350	791	446	9	3	50
uniq_142492	X87758.1	0.943946	25	314	759	446	9	3	50
uniq_158362	AM697440.1	0.894619	47	322	787	446	9	3	50
uniq_162930	X87758.1	0.961883	17	314	759	446	9	3	50
uniq_163795	X87758.1	0.948430	23	314	759	446	9	3	50
uniq_165470	EF512007.1	0.903587	43	313	777	446	9	3	50
uniq_167347	X87758.1	0.964126	16	314	759	446	9	3	50
uniq_167678	X87758.1	0.964126	16	314	759	446	9	3	50
uniq_169704	AY005814.1	0.993274	3	310	755	446	9	3	50
uniq_174119	X87758.1	0.937220	28	314	759	446	9	3	50
uniq_176428	X80738.1	0.948430	23	309	753	446	9	3	50
uniq_183022	AY030318.1	0.876682	55	320	784	446	9	3	50
uniq_183200	AF227828.1	0.975336	11	311	756	446	9	3	50
uniq_185048	AF145257.1	0.986547	6	307	752	446	9	3	50
uniq_186149	AY677186.1	0.979821	9	309	755	446	9	3	50
uniq_194431	D45057.1	0.991031	4	311	755	446	9	3	50
uniq_196196	AF292374.1	0.955157	20	310	755	446	9	3	50
uniq_207344	X87758.1	0.946188	24	314	759	446	9	3	50
uniq_208840	X87758.1	0.952915	21	314	759	446	9	3	50
uniq_210629	X87758.1	0.948430	23	314	759	446	9	3	50
uniq_223295	AY928901.1	0.899103	45	312	756	446	9	3	50
uniq_230813	AY134900.1	0.854260	65	298	740	446	9	3	50
uniq_232959	X87758.1	0.961883	17	314	759	446	9	3	50
uniq_235115	X87758.1	0.961883	17	314	759	446	9	3	50
uniq_240341	AF385510.1	0.903587	43	326	765	446	9	3	50
uniq_245712	X87758.1	0.948430	23	314	759	446	9	3	50
uniq_245867	X87758.1	0.932735	30	314	759	446	9	3	50
uniq_251467	X87758.1	0.934978	29	314	759	446	9	3	50
uniq_259068	X87758.1	0.950673	22	314	759	446	9	3	50
uniq_271317	X87758.1	0.977578	10	314	759	446	9	3	50
uniq_272262	AB084066.1	0.988789	5	311	755	446	9	3	50
uniq_273845	Y09045.1	0.988789	5	309	755	446	9	3	50
uniq_27437	X87758.1	0.973094	12	314	759	446	9	3	50
uniq_274652	AY005814.1	0.964126	16	310	755	446	9	3	50
uniq_278008	X87314.1	0.993274	3	305	750	446	9	3	50
uniq_282412	AF316798.1	0.802691	88	309	750	446	9	3	50
uniq_282595	AM990780.1	0.988789	5	309	753	446	9	3	50
uniq_291852	AJ400239.1	0.869955	58	352	794	446	9	3	50
uniq_29399	EF512007.1	0.892377	48	313	777	446	9	3	50
uniq_295331	X87758.1	0.941704	26	314	759	446	9	3	50
uniq_317751	AF432141.1	0.874439	56	350	791	446	9	3	50
uniq_321782	X87758.1	0.941704	26	314	759	446	9	3	50
uniq_333072	X87758.1	0.932735	30	314	759	446	9	3	50
uniq_334330	X87758.1	0.952915	21	314	759	446	9	3	50
uniq_335490	X87758.1	0.932735	30	314	759	446	9	3	50
uniq_342916	EF510383.1	0.854260	65	321	785	446	9	3	50
uniq_343019	X87758.1	0.961883	17	314	759	446	9	3	50
uniq_34563	X87758.1	0.932735	30	314	759	446	9	3	50
uniq_349064	X87758.1	0.917040	37	314	759	446	9	3	50
uniq_349951	X87758.1	0.955157	20	314	759	446	9	3	50
uniq_351492	X87758.1	0.948430	23	314	759	446	9	3	50
uniq_352262	X87758.1	0.957399	19	314	759	446	9	3	50
uniq_352656	X87758.1	0.943946	25	314	759	446	9	3	50
uniq_353043	EF101551.1	0.881166	53	309	773	446	9	3	50
uniq_354095	X87758.1	0.952915	21	314	759	446	9	3	50
uniq_35469	X87758.1	0.961883	17	314	759	446	9	3	50
uniq_354871	X87758.1	0.939462	27	314	759	446	9	3	50
uniq_355475	AJ622907.1	0.975336	11	317	762	446	9	3	50
uniq_357470	X87758.1	0.941704	26	314	759	446	9	3	50
uniq_359303	EF510424.1	0.878924	54	332	796	446	9	3	50
uniq_360379	AY278622.1	0.890135	49	335	800	446	9	3	50
uniq_361153	AJ622907.1	0.946188	24	317	762	446	9	3	50
uniq_363879	X84258.1	0.952915	21	305	750	446	9	3	50
uniq_364061	X84258.1	0.961883	17	305	750	446	9	3	50
uniq_364303	AY636111.1	0.975336	11	310	756	446	9	3	50
uniq_364393	AF276640.1	0.984305	7	306	752	446	9	3	50
uniq_367628	AY030317.1	0.901345	44	320	784	446	9	3	50
uniq_373148	Y09045.1	0.964126	16	309	755	446	9	3	50
uniq_376042	AY005814.1	0.939462	27	310	755	446	9	3	50
uniq_399499	AJ295750.1	0.984305	7	300	742	446	9	3	50
uniq_399527	X87758.1	0.950673	22	314	759	446	9	3	50
uniq_400285	X87758.1	0.952915	21	314	759	446	9	3	50
uniq_401454	X87758.1	0.943946	25	314	758	446	9	3	50
uniq_402640	X87758.1	0.923767	34	314	759	446	9	3	50
uniq_407250	X87758.1	0.930493	31	314	759	446	9	3	50
uniq_408132	X80738.1	0.957399	19	309	753	446	9	3	50
uniq_408721	X87758.1	0.966368	15	314	759	446	9	3	50
uniq_44555	X87758.1	0.943946	25	314	759	446	9	3	50
uniq_46984	AJ400275.1	0.991031	4	300	745	446	9	3	50
uniq_49386	AJ252822.1	0.975336	11	307	752	446	9	3	50
uniq_50808	X87756.1	0.961883	17	311	755	446	9	3	50
uniq_52061	EU373427.1	0.881166	53	307	772	446	9	3	50
uniq_76693	AF292374.1	0.982063	8	310	755	446	9	3	50
uniq_83634	AB012592.1	0.946188	24	312	757	446	9	3	50
uniq_87491	AF201981.1	0.984305	7	327	766	446	9	3	50
uniq_87954	X87758.1	0.934978	29	314	759	446	9	3	50
uniq_07791	AB017649.1	0.995506	2	308	752	445	9	3	50
uniq_08292	AF321297.1	0.995506	2	311	755	445	9	3	50
uniq_09141	AM419461.1	0.997753	1	314	758	445	9	3	50
uniq_100729	AF074384.1	0.901124	44	307	771	445	9	3	50
uniq_100982	EF512007.1	0.901124	44	313	777	445	9	3	50
uniq_101056	AY661993.1	0.889888	49	307	771	445	9	3	50
uniq_102781	AJ565415.1	0.988764	5	310	754	445	9	3	50
uniq_103323	AY522568.1	0.993258	3	313	757	445	9	3	50
uniq_104360	AF423286.1	0.964045	16	310	754	445	9	3	50
uniq_105396	AF481211.1	0.991011	4	305	749	445	9	3	50
uniq_105946	AJ131121.1	0.986517	6	314	758	445	9	3	50
uniq_106055	AJ575556.1	0.986517	6	306	750	445	9	3	50
uniq_106329	AF253509.1	0.970787	13	308	752	445	9	3	50
uniq_107143	AF385518.1	0.914607	38	308	750	445	9	3	50
uniq_107259	AY008310.1	0.883146	52	318	777	445	9	3	50
uniq_107349	AF385510.1	0.921348	35	326	765	445	9	3	50
uniq_107561	AY278618.1	0.910112	40	326	765	445	9	3	50
uniq_108398	AF432138.1	0.912360	39	308	750	445	9	3	50
uniq_108676	AF385520.1	0.896629	46	350	791	445	9	3	50
uniq_109409	AJ290754.1	0.896629	46	313	777	445	9	3	50
uniq_109814	EF510383.1	0.885393	51	321	785	445	9	3	50
uniq_110174	AJ575556.1	0.950562	22	306	750	445	9	3	50
uniq_110557	EU670056.1	0.869663	58	320	779	445	9	3	50
uniq_110835	AF385515.1	0.880899	53	315	774	445	9	3	50
uniq_112049	AY278621.1	0.937079	28	308	750	445	9	3	50
uniq_112230	AF385510.1	0.943820	25	326	765	445	9	3	50
uniq_113059	AJ575542.1	0.950562	22	306	750	445	9	3	50
uniq_113578	AY278621.1	0.939326	27	308	750	445	9	3	50
uniq_113675	AY008310.1	0.889888	49	318	777	445	9	3	50
uniq_113899	EF511101.1	0.885393	51	313	777	445	9	3	50
uniq_114830	X87758.1	0.907865	41	314	759	445	9	3	50
uniq_115748	AF287775.1	0.892135	48	327	766	445	9	3	50
uniq_116454	AF385552.1	0.937079	28	327	766	445	9	3	50
uniq_116669	AJ575542.1	0.964045	16	306	750	445	9	3	50
uniq_117069	EF511101.1	0.903371	43	313	777	445	9	3	50
uniq_120142	AB088844.1	0.907865	41	307	771	445	9	3	50
uniq_120285	AB010913.1	0.952809	21	305	749	445	9	3	50
uniq_120323	AB010909.1	0.970787	13	304	748	445	9	3	50
uniq_120648	X84258.1	0.959551	18	305	750	445	9	3	50
uniq_121717	AB010913.1	0.898876	45	305	749	445	9	3	50
uniq_124446	AJ575515.1	0.986517	6	311	755	445	9	3	50
uniq_126753	AB010913.1	0.946067	24	305	749	445	9	3	50
uniq_126967	AB010913.1	0.966292	15	305	749	445	9	3	50
uniq_127205	X76447.1	0.865169	60	319	783	445	9	3	50
uniq_127772	AB010913.1	0.955056	20	305	749	445	9	3	50
uniq_12819	AF423273.1	0.979775	9	308	752	445	9	3	50
uniq_12970	EU670056.1	0.862921	61	320	779	445	9	3	50
uniq_130311	EU373336.1	0.885393	51	313	777	445	9	3	50
uniq_132132	EU117855.1	0.964045	16	306	750	445	9	3	50
uniq_133414	AJ012738.1	0.991011	4	305	749	445	9	3	50
uniq_135049	U87968.1	0.966292	15	305	749	445	9	3	50
uniq_135114	AJ575542.1	0.952809	21	306	750	445	9	3	50
uniq_135663	AJ575534.1	0.964045	16	307	751	445	9	3	50
uniq_135675	X79452.1	0.923596	34	311	755	445	9	3	50
uniq_136025	X87755.1	0.966292	15	312	756	445	9	3	50
uniq_136556	AB154306.1	0.986517	6	308	753	445	9	3	50
uniq_136876	EU373336.1	0.912360	39	313	777	445	9	3	50
uniq_138293	AJ575556.1	0.898876	45	306	750	445	9	3	50
uniq_139011	AB042079.1	0.993258	3	309	753	445	9	3	50
uniq_139182	X79290.1	0.932584	30	306	750	445	9	3	50
uniq_142362	AF432141.1	0.898876	45	350	791	445	9	3	50
uniq_144917	AF385551.1	0.878652	54	320	779	445	9	3	50
uniq_145170	AB048863.1	0.939326	27	305	749	445	9	3	50
uniq_145768	AF292371.1	0.923596	34	311	754	445	9	3	50
uniq_146739	AY457056.1	0.815730	82	305	749	445	9	3	50
uniq_147303	AY008309.1	0.930337	31	308	750	445	9	3	50
uniq_148014	AY278614.1	0.880899	53	307	766	445	9	3	50
uniq_149526	AF481222.1	0.923596	34	325	764	445	9	3	50
uniq_149579	AB076677.1	0.894382	47	310	750	445	9	3	50
uniq_149689	AF385520.1	0.941573	26	350	791	445	9	3	50
uniq_149922	AF432141.1	0.896629	46	350	791	445	9	3	50
uniq_150927	AY278622.1	0.876404	55	335	800	445	9	3	50
uniq_151084	D45057.1	0.937079	28	311	755	445	9	3	50
uniq_151527	AY546095.1	0.973034	12	314	758	445	9	3	50
uniq_153011	AB098612.1	0.901124	44	313	777	445	9	3	50
uniq_158370	DQ394661.1	0.862921	61	347	787	445	9	3	50
uniq_158516	AB076677.1	0.885393	51	310	750	445	9	3	50
uniq_158725	Y13364.1	0.892135	48	323	787	445	9	3	50
uniq_160179	EF510424.1	0.885393	51	332	796	445	9	3	50
uniq_161523	EF511070.1	0.878652	54	319	783	445	9	3	50
uniq_161916	AY207057.1	0.874157	56	318	778	445	9	3	50
uniq_166743	AJ575503.1	0.986517	6	310	754	445	9	3	50
uniq_168760	AY005033.1	0.887640	50	313	777	445	9	3	50
uniq_169096	X87758.1	0.896629	46	314	759	445	9	3	50
uniq_171040	AJ292035.1	0.811236	84	310	754	445	9	3	50
uniq_172230	EF512007.1	0.903371	43	313	777	445	9	3	50
uniq_172324	X87140.1	0.862921	61	318	782	445	9	3	50
uniq_172902	EF510383.1	0.887640	50	321	785	445	9	3	50
uniq_182661	AY030341.1	0.986517	6	315	759	445	9	3	50
uniq_184006	AB048220.1	0.961798	17	304	748	445	9	3	50
uniq_184091	AY326626.1	0.950562	22	304	748	445	9	3	50
uniq_185602	D45057.1	0.973034	12	311	755	445	9	3	50
uniq_185734	AB266602.1	0.991011	4	306	750	445	9	3	50
uniq_186142	L40611.1	0.966292	15	295	739	445	9	3	50
uniq_188315	AJ316573.1	0.995506	2	308	752	445	9	3	50
uniq_188888	AB010909.1	0.943820	25	304	748	445	9	3	50
uniq_189489	AJ270451.1	0.889888	49	307	771	445	9	3	50
uniq_193168	X79462.1	0.982022	8	311	755	445	9	3	50
uniq_193561	AJ308573.1	0.910112	40	305	749	445	9	3	50
uniq_194309	AY053481.1	0.961798	17	308	752	445	9	3	50
uniq_194640	AY234675.1	0.984270	7	310	754	445	9	3	50
uniq_197479	AF062535.1	0.977528	10	307	751	445	9	3	50
uniq_198230	X87758.1	0.948315	23	314	759	445	9	3	50
uniq_199840	AJ292035.1	0.930337	31	310	754	445	9	3	50
uniq_200731	AF385566.1	0.860674	62	335	800	445	9	3	50
uniq_200750	EF512007.1	0.910112	40	313	777	445	9	3	50
uniq_200782	AF292371.1	0.849438	67	311	754	445	9	3	50
uniq_200830	AB076677.1	0.905618	42	310	750	445	9	3	50
uniq_201066	X87758.1	0.867416	59	314	759	445	9	3	50
uniq_203957	AJ781320.1	0.912360	39	305	749	445	9	3	50
uniq_205417	AY008310.1	0.883146	52	318	777	445	9	3	50
uniq_209293	AF432138.1	0.952809	21	308	750	445	9	3	50
uniq_209893	EF512007.1	0.867416	59	313	776	445	9	3	50
uniq_211794	AF432133.1	0.867416	59	320	779	445	9	3	50
uniq_214765	AB108826.1	0.885393	51	318	777	445	9	3	50
uniq_217322	AF385556.1	0.901124	44	329	768	445	9	3	50
uniq_220391	AB098612.1	0.898876	45	313	777	445	9	3	50
uniq_222678	AF385577.1	0.932584	30	329	768	445	9	3	50
uniq_223259	AF385520.1	0.912360	39	350	791	445	9	3	50
uniq_224147	AY178635.1	0.887640	50	329	782	445	9	3	50
uniq_224229	X87758.1	0.903371	43	314	759	445	9	3	50
uniq_226521	AF385510.1	0.914607	38	326	765	445	9	3	50
uniq_228005	AY349385.1	0.889888	49	308	750	445	9	3	50
uniq_228648	AF385563.1	0.925843	33	318	760	445	9	3	50
uniq_231144	AY230771.1	0.921348	35	325	764	445	9	3	50
uniq_233188	AF385518.1	0.930337	31	308	750	445	9	3	50
uniq_236791	X87758.1	0.831461	75	314	759	445	9	3	50
uniq_238838	AF292371.1	0.939326	27	311	754	445	9	3	50
uniq_239002	AF287780.1	0.907865	41	331	794	445	9	3	50
uniq_241579	AB023362.1	0.932584	30	311	754	445	9	3	50
uniq_242287	AF385551.1	0.880899	53	320	779	445	9	3	50
uniq_242725	EF512007.1	0.858427	63	313	777	445	9	3	50
uniq_243550	Y09656.1	0.943820	25	310	754	445	9	3	50
uniq_244518	AF385510.1	0.907865	41	326	765	445	9	3	50
uniq_245736	AY008309.1	0.874157	56	308	750	445	9	3	50
uniq_256852	AF287816.1	0.903371	43	307	749	445	9	3	50
uniq_259071	AF451270.1	0.878652	54	307	771	445	9	3	50
uniq_259296	U87968.1	0.928090	32	305	749	445	9	3	50
uniq_259912	U87968.1	0.952809	21	305	749	445	9	3	50
uniq_260265	AJ440983.1	0.885393	51	304	768	445	9	3	50
uniq_268400	AB042079.1	0.907865	41	309	753	445	9	3	50
uniq_27048	AJ575542.1	0.939326	27	306	750	445	9	3	50
uniq_270708	U87968.1	0.973034	12	305	749	445	9	3	50
uniq_272309	AJ576385.1	0.977528	10	306	754	445	9	3	50
uniq_272492	AF005021.1	0.991011	4	308	752	445	9	3	50
uniq_272875	AF005023.1	0.943820	25	311	754	445	9	3	50
uniq_274121	Y18629.1	0.977528	10	305	749	445	9	3	50
uniq_274211	X79290.1	0.961798	17	306	750	445	9	3	50
uniq_274736	AF005006.1	0.970787	13	308	752	445	9	3	50
uniq_275250	AF074415.1	0.925843	33	306	750	445	9	3	50
uniq_275955	AM410686.1	0.988764	5	310	754	445	9	3	50
uniq_276294	AJ316571.1	0.984270	7	308	752	445	9	3	50
uniq_277275	X79290.1	0.923596	34	306	750	445	9	3	50
uniq_278034	AF420413.1	0.991011	4	309	753	445	9	3	50
uniq_278095	X79290.1	0.995506	2	306	750	445	9	3	50
uniq_278110	AY326626.1	0.937079	28	304	748	445	9	3	50
uniq_27828	AJ400239.1	0.878652	54	352	794	445	9	3	50
uniq_278372	AF537596.1	0.986517	6	310	755	445	9	3	50
uniq_278410	DQ321750.1	0.982022	8	307	751	445	9	3	50
uniq_278922	X87755.1	0.988764	5	312	756	445	9	3	50
uniq_279135	DQ532161.1	0.925843	33	326	764	445	9	3	50
uniq_279189	Y18629.1	0.961798	17	305	749	445	9	3	50
uniq_279238	AJ575528.1	0.939326	27	310	754	445	9	3	50
uniq_279503	AJ575530.1	0.952809	21	306	750	445	9	3	50
uniq_279912	AJ488509.1	0.993258	3	316	760	445	9	3	50
uniq_280332	AJ303008.1	0.991011	4	301	745	445	9	3	50
uniq_281098	AF253509.1	0.970787	13	308	752	445	9	3	50
uniq_281417	AF418973.1	0.898876	45	282	725	445	9	3	50
uniq_282427	X92631.1	0.984270	7	304	748	445	9	3	50
uniq_282501	AY835924.1	0.975281	11	308	752	445	9	3	50
uniq_282704	X80606.1	0.991011	4	305	749	445	9	3	50
uniq_282773	X92358.1	0.973034	12	308	752	445	9	3	50
uniq_283173	AY278618.1	0.937079	28	326	765	445	9	3	50
uniq_284519	AF385551.1	0.853933	65	320	779	445	9	3	50
uniq_284798	X87758.1	0.919101	36	314	759	445	9	3	50
uniq_287736	AF385510.1	0.889888	49	326	765	445	9	3	50
uniq_288412	AM419461.1	0.914607	38	314	758	445	9	3	50
uniq_291431	AY278618.1	0.919101	36	326	765	445	9	3	50
uniq_292743	DQ087193.1	0.925843	33	308	750	445	9	3	50
uniq_293336	AY457056.1	0.847191	68	305	749	445	9	3	50
uniq_294750	AF432141.1	0.867416	59	350	791	445	9	3	50
uniq_295455	AF481222.1	0.916854	37	325	764	445	9	3	50
uniq_295617	Y09656.1	0.916854	37	310	754	445	9	3	50
uniq_297673	AF432133.1	0.903371	43	320	779	445	9	3	50
uniq_300190	AF385551.1	0.858427	63	320	779	445	9	3	50
uniq_301641	AF385510.1	0.919101	36	326	765	445	9	3	50
uniq_301975	AF101240.1	0.959551	18	312	752	445	9	3	50
uniq_302692	AF201981.1	0.941573	26	327	766	445	9	3	50
uniq_303429	AF385519.1	0.862921	61	320	779	445	9	3	50
uniq_305097	AF385519.1	0.880899	53	320	779	445	9	3	50
uniq_30677	AY008691.1	0.892135	48	317	776	445	9	3	50
uniq_307516	AF060689.1	0.966292	15	305	749	445	9	3	50
uniq_308382	AF385566.1	0.876404	55	335	800	445	9	3	50
uniq_308857	AF125090.1	0.860674	62	309	753	445	9	3	50
uniq_309028	Y09656.1	0.916854	37	310	754	445	9	3	50
uniq_309563	AF432141.1	0.887640	50	350	791	445	9	3	50
uniq_309595	AJ131121.1	0.862921	61	314	758	445	9	3	50
uniq_309723	AY008310.1	0.894382	47	318	777	445	9	3	50
uniq_311145	AJ237966.1	0.907865	41	305	769	445	9	3	50
uniq_314552	AM419461.1	0.925843	33	314	758	445	9	3	50
uniq_315985	AJ400239.1	0.901124	44	352	794	445	9	3	50
uniq_317791	AF432141.1	0.907865	41	350	791	445	9	3	50
uniq_320264	AY546095.1	0.959551	18	314	758	445	9	3	50
uniq_321070	AF543280.1	0.939326	27	314	758	445	9	3	50
uniq_322846	U65583.1	0.892135	48	315	779	445	9	3	50
uniq_323746	AF292371.1	0.860674	62	311	754	445	9	3	50
uniq_325525	AY008310.1	0.878652	54	318	777	445	9	3	50
uniq_326155	AM277334.1	0.907865	41	323	787	445	9	3	50
uniq_326382	AM419461.1	0.939326	27	314	758	445	9	3	50
uniq_327111	AF385520.1	0.946067	24	350	791	445	9	3	50
uniq_327177	EF510424.1	0.916854	37	332	761	445	9	3	50
uniq_32737	AJ290754.1	0.860674	62	313	777	445	9	3	50
uniq_329077	AY230771.1	0.919101	36	325	764	445	9	3	50
uniq_329588	AJ575549.1	0.984270	7	310	754	445	9	3	50
uniq_329862	AY278621.1	0.966292	15	308	750	445	9	3	50
uniq_329998	AY044915.1	0.892135	48	314	772	445	9	3	50
uniq_331492	D14503.1	0.928090	32	279	718	445	9	3	50
uniq_331780	X87758.1	0.849438	67	314	759	445	9	3	50
uniq_337071	AJ318156.1	0.892135	48	309	772	445	9	3	50
uniq_337290	AB108826.1	0.878652	54	318	777	445	9	3	50
uniq_33801	AY207053.1	0.905618	42	310	752	445	9	3	50
uniq_338105	X87758.1	0.921348	35	314	759	445	9	3	50
uniq_338297	AM419992.1	0.856180	64	320	779	445	9	3	50
uniq_338932	X87758.1	0.916854	37	314	759	445	9	3	50
uniq_339512	AY005030.1	0.878652	54	307	771	445	9	3	50
uniq_340709	D14503.1	0.941573	26	279	718	445	9	3	50
uniq_341676	AF206305.1	0.934831	29	307	749	445	9	3	50
uniq_341761	AY546095.1	0.959551	18	314	758	445	9	3	50
uniq_342021	AY278618.1	0.939326	27	326	765	445	9	3	50
uniq_342350	AM277334.1	0.869663	58	323	787	445	9	3	50
uniq_342820	EF512007.1	0.876404	55	313	777	445	9	3	50
uniq_343270	Z30542.1	0.943820	25	279	718	445	9	3	50
uniq_343804	X87758.1	0.842697	70	314	759	445	9	3	50
uniq_345490	AF224306.1	0.874157	56	312	776	445	9	3	50
uniq_347307	AY546095.1	0.937079	28	314	758	445	9	3	50
uniq_347613	D12787.1	0.887640	50	279	718	445	9	3	50
uniq_348889	EF512007.1	0.869663	58	313	777	445	9	3	50
uniq_349399	EF101551.1	0.894382	47	309	773	445	9	3	50
uniq_349872	AF287770.1	0.910112	40	325	763	445	9	3	50
uniq_350212	AF112166.1	0.883146	52	305	749	445	9	3	50
uniq_350298	X87758.1	0.858427	63	314	759	445	9	3	50
uniq_350360	AB045860.1	0.887640	50	305	749	445	9	3	50
uniq_350772	AF247717.1	0.869663	58	313	777	445	9	3	50
uniq_350787	X87758.1	0.905618	42	314	759	445	9	3	50
uniq_351494	EF101551.1	0.898876	45	309	773	445	9	3	50
uniq_351516	EF512007.1	0.856180	64	313	777	445	9	3	50
uniq_351687	EF512007.1	0.880899	53	313	777	445	9	3	50
uniq_352030	EF101551.1	0.876404	55	309	773	445	9	3	50
uniq_352792	AF434185.1	0.901124	44	311	755	445	9	3	50
uniq_353486	AJ276810.1	0.903371	43	320	784	445	9	3	50
uniq_354040	X87758.1	0.892135	48	314	759	445	9	3	50
uniq_354381	AY546095.1	0.977528	10	314	758	445	9	3	50
uniq_355887	AF385571.1	0.921348	35	307	746	445	9	3	50
uniq_356172	AB045860.1	0.876404	55	305	749	445	9	3	50
uniq_356365	AF385564.1	0.867416	59	320	779	445	9	3	50
uniq_356537	Y11330.1	0.959551	18	311	755	445	9	3	50
uniq_356901	X89377.1	0.860674	62	316	780	445	9	3	50
uniq_356972	AF481222.1	0.898876	45	325	764	445	9	3	50
uniq_358791	AY570514.1	0.856180	64	314	774	445	9	3	50
uniq_360407	AJ622907.1	0.878652	54	317	762	445	9	3	50
uniq_360667	AB119009.1	0.865169	60	306	750	445	9	3	50
uniq_360695	AJ244722.1	0.860674	62	314	778	445	9	3	50
uniq_361772	AJ244722.1	0.901124	44	314	778	445	9	3	50
uniq_362064	AF385552.1	0.912360	39	327	766	445	9	3	50
uniq_362179	EF512007.1	0.858427	63	313	777	445	9	3	50
uniq_362744	AF385508.1	0.930337	31	327	766	445	9	3	50
uniq_363367	AY633972.1	0.993258	3	306	750	445	9	3	50
uniq_363901	AF210769.1	0.986517	6	306	750	445	9	3	50
uniq_364221	AB308438.1	0.970787	13	316	760	445	9	3	50
uniq_364236	AB098572.1	0.993258	3	309	753	445	9	3	50
uniq_364525	AJ415381.1	0.977528	10	310	754	445	9	3	50
uniq_364715	AF063642.1	0.970787	13	297	741	445	9	3	50
uniq_365019	AY212613.1	0.993258	3	311	755	445	9	3	50
uniq_365174	AJ229241.1	0.988764	5	311	755	445	9	3	50
uniq_365218	EF363712.1	0.988764	5	306	750	445	9	3	50
uniq_365703	X76728.1	0.979775	9	309	753	445	9	3	50
uniq_366263	AB037003.1	0.979775	9	307	751	445	9	3	50
uniq_366329	AJ576342.1	0.964045	16	308	752	445	9	3	50
uniq_367056	AJ783958.1	0.995506	2	312	756	445	9	3	50
uniq_369357	AY820953.1	0.979775	9	315	760	445	9	3	50
uniq_373528	AY250865.1	0.939326	27	304	748	445	9	3	50
uniq_374743	AB377117.1	0.948315	23	305	749	445	9	3	50
uniq_374855	AJ575502.1	0.995506	2	308	752	445	9	3	50
uniq_375915	D87974.1	0.979775	9	308	752	445	9	3	50
uniq_388010	AY546095.1	0.961798	17	314	758	445	9	3	50
uniq_392966	AM419984.1	0.903371	43	309	749	445	9	3	50
uniq_393682	AF448180.1	0.970787	13	314	758	445	9	3	50
uniq_394553	AJ575534.1	0.853933	65	307	751	445	9	3	50
uniq_395887	DQ325537.1	0.907865	41	314	756	445	9	3	50
uniq_395928	AF432141.1	0.921348	35	350	791	445	9	3	50
uniq_396447	X87758.1	0.874157	56	314	759	445	9	3	50
uniq_398611	AB028482.1	0.952809	21	305	749	445	9	3	50
uniq_398699	AF385551.1	0.885393	51	320	779	445	9	3	50
uniq_398949	U87968.1	0.964045	16	305	749	445	9	3	50
uniq_399129	AF394174.1	0.941573	26	281	720	445	9	3	50
uniq_399807	AF394174.1	0.932584	30	281	720	445	9	3	50
uniq_400226	AY840553.1	0.880899	53	320	779	445	9	3	50
uniq_400310	AF287770.1	0.907865	41	325	763	445	9	3	50
uniq_400574	X87758.1	0.928090	32	314	759	445	9	3	50
uniq_400706	AF385556.1	0.921348	35	329	768	445	9	3	50
uniq_400762	AY235429.1	0.941573	26	305	749	445	9	3	50
uniq_400829	AF385564.1	0.889888	49	320	779	445	9	3	50
uniq_401295	AF480599.1	0.979775	9	305	749	445	9	3	50
uniq_401385	AF109793.1	0.939326	27	306	750	445	9	3	50
uniq_401503	X87758.1	0.847191	68	314	759	445	9	3	50
uniq_401666	AF385519.1	0.856180	64	320	779	445	9	3	50
uniq_402841	U87968.1	0.955056	20	305	749	445	9	3	50
uniq_403282	AF385566.1	0.885393	51	335	800	445	9	3	50
uniq_403884	AM277334.1	0.876404	55	323	787	445	9	3	50
uniq_405314	U87968.1	0.964045	16	305	749	445	9	3	50
uniq_405385	AF385509.1	0.885393	51	318	777	445	9	3	50
uniq_405963	AF023044.1	0.874157	56	313	777	445	9	3	50
uniq_406802	AJ431371.1	0.968539	14	308	752	445	9	3	50
uniq_407109	X87758.1	0.914607	38	314	759	445	9	3	50
uniq_407349	AM697133.1	0.878652	54	322	787	445	9	3	50
uniq_407722	AY266138.1	0.977528	10	305	749	445	9	3	50
uniq_407930	X87758.1	0.910112	40	314	759	445	9	3	50
uniq_408061	AF394174.1	0.898876	45	281	720	445	9	3	50
uniq_408537	AF292371.1	0.867416	59	311	754	445	9	3	50
uniq_41850	D16144.1	0.934831	29	281	720	445	9	3	50
uniq_45276	AY005027.1	0.883146	52	311	775	445	9	3	50
uniq_48908	AY457069.1	0.975281	11	305	749	445	9	3	50
uniq_49490	AY835924.1	0.970787	13	308	752	445	9	3	50
uniq_51217	AY859683.1	0.970787	13	305	749	445	9	3	50
uniq_51561	X80615.1	0.993258	3	305	749	445	9	3	50
uniq_51646	AF423273.1	0.964045	16	308	752	445	9	3	50
uniq_52251	EF371433.1	0.910112	40	305	749	445	9	3	50
uniq_52512	AJ277577.1	0.939326	27	304	748	445	9	3	50
uniq_52814	AF253509.1	0.986517	6	308	752	445	9	3	50
uniq_53544	X92363.1	0.973034	12	310	754	445	9	3	50
uniq_56136	D45057.1	0.961798	17	311	755	445	9	3	50
uniq_57664	AJ576428.1	0.984270	7	314	758	445	9	3	50
uniq_58199	EU117921.1	0.973034	12	306	750	445	9	3	50
uniq_58509	AB012592.1	0.995506	2	312	756	445	9	3	50
uniq_58574	AJ609621.1	0.988764	5	313	757	445	9	3	50
uniq_59368	AY502037.1	0.970787	13	299	743	445	9	3	50
uniq_62533	AY278622.1	0.894382	47	335	800	445	9	3	50
uniq_64819	AF201981.1	0.907865	41	327	766	445	9	3	50
uniq_64948	X87758.1	0.907865	41	314	759	445	9	3	50
uniq_65337	AF385571.1	0.919101	36	307	746	445	9	3	50
uniq_68945	AF385566.1	0.894382	47	335	800	445	9	3	50
uniq_69958	AF432138.1	0.925843	33	308	750	445	9	3	50
uniq_70538	EF512007.1	0.862921	61	313	777	445	9	3	50
uniq_70671	AY278622.1	0.880899	53	335	800	445	9	3	50
uniq_72482	AB198719.1	0.865169	60	319	783	445	9	3	50
uniq_75061	AF292371.1	0.842697	70	311	754	445	9	3	50
uniq_75145	X87758.1	0.910112	40	314	759	445	9	3	50
uniq_75338	AY546095.1	0.975281	11	314	758	445	9	3	50
uniq_77606	AF481220.1	0.937079	28	326	765	445	9	3	50
uniq_78003	AF385520.1	0.928090	32	350	791	445	9	3	50
uniq_80721	AF385518.1	0.914607	38	308	750	445	9	3	50
uniq_81917	AY859685.1	0.986517	6	309	753	445	9	3	50
uniq_86338	EF509838.1	0.905618	42	311	775	445	9	3	50
uniq_86760	Y14597.1	0.831461	75	309	753	445	9	3	50
uniq_88562	AF385510.1	0.892135	48	326	765	445	9	3	50
uniq_88811	EU373336.1	0.905618	42	313	777	445	9	3	50
uniq_89086	AF498716.1	0.952809	21	296	737	445	9	3	50
uniq_89909	AF420423.1	0.869663	58	308	752	445	9	3	50
uniq_91814	AF292371.1	0.910112	40	311	754	445	9	3	50
uniq_92780	AJ400239.1	0.892135	48	352	794	445	9	3	50
uniq_93452	AY263477.1	0.903371	43	306	770	445	9	3	50
uniq_95546	AY349374.1	0.903371	43	327	779	445	9	3	50
uniq_98659	AF432133.1	0.867416	59	320	779	445	9	3	50
uniq_100002	AF385518.1	0.979730	9	308	749	444	9	3	50
uniq_100029	AF292371.1	0.950450	22	311	754	444	9	3	50
uniq_100220	AF292371.1	0.927928	32	311	754	444	9	3	50
uniq_100396	EU071543.1	0.878378	54	298	740	444	9	3	50
uniq_107179	AB108826.1	0.867117	59	318	777	444	9	3	50
uniq_107302	EF511070.1	0.871622	57	319	783	444	9	3	50
uniq_107320	AY349402.1	0.867117	59	318	776	444	9	3	50
uniq_107411	AF287770.1	0.903153	43	325	763	444	9	3	50
uniq_107706	EF510424.1	0.889640	49	332	796	444	9	3	50
uniq_107734	U65583.1	0.871622	57	315	779	444	9	3	50
uniq_108034	AF287775.1	0.876126	55	327	766	444	9	3	50
uniq_108063	EU071543.1	0.896396	46	298	740	444	9	3	50
uniq_108218	AF385556.1	0.907658	41	329	768	444	9	3	50
uniq_108260	X87758.1	0.896396	46	314	759	444	9	3	50
uniq_108410	AF385518.1	0.950450	22	308	750	444	9	3	50
uniq_108793	X87758.1	0.918919	36	314	759	444	9	3	50
uniq_108826	AF481217.1	0.891892	48	311	753	444	9	3	50
uniq_108943	AY162222.1	0.903153	43	312	754	444	9	3	50
uniq_108954	AF385571.1	0.943694	25	307	746	444	9	3	50
uniq_109010	AY134900.1	0.918919	36	298	740	444	9	3	50
uniq_109050	AF385518.1	0.963964	16	308	750	444	9	3	50
uniq_109531	AF292371.1	0.948198	23	311	754	444	9	3	50
uniq_109550	AY029806.1	0.957207	19	308	750	444	9	3	50
uniq_110212	AY218566.1	0.871622	57	307	771	444	9	3	50
uniq_110421	AY134900.1	0.889640	49	298	740	444	9	3	50
uniq_110462	AY008310.1	0.873874	56	318	777	444	9	3	50
uniq_110675	AB098612.1	0.880631	53	313	777	444	9	3	50
uniq_110815	AY134900.1	0.837838	72	298	740	444	9	3	50
uniq_111088	AJ508455.1	0.878378	54	315	755	444	9	3	50
uniq_111143	EF510424.1	0.912162	39	332	796	444	9	3	50
uniq_111453	AY134900.1	0.891892	48	298	740	444	9	3	50
uniq_111681	AF292371.1	0.887387	50	311	754	444	9	3	50
uniq_111945	EF510424.1	0.907658	41	332	796	444	9	3	50
uniq_112017	AF050580.1	0.889640	49	322	764	444	9	3	50
uniq_112086	AF287761.1	0.943694	25	326	767	444	9	3	50
uniq_112516	AF292371.1	0.963964	16	311	754	444	9	3	50
uniq_112534	AF432138.1	0.972973	12	308	750	444	9	3	50
uniq_112551	AY207053.1	0.966216	15	310	752	444	9	3	50
uniq_112646	X87758.1	0.887387	50	314	759	444	9	3	50
uniq_113143	EF512007.1	0.882883	52	313	777	444	9	3	50
uniq_113606	AY690334.1	0.855856	64	326	790	444	9	3	50
uniq_113673	X87758.1	0.923423	34	314	759	444	9	3	50
uniq_114228	AY207063.1	0.855856	64	325	789	444	9	3	50
uniq_114628	AY008309.1	0.941441	26	308	750	444	9	3	50
uniq_114642	AF287777.1	0.918919	36	326	765	444	9	3	50
uniq_114655	AF385518.1	0.903153	43	308	750	444	9	3	50
uniq_114948	X74408.1	0.867117	59	300	743	444	9	3	50
uniq_115129	AY134900.1	0.891892	48	298	740	444	9	3	50
uniq_115287	AB249915.1	0.876126	55	306	750	444	9	3	50
uniq_115319	AF385571.1	0.943694	25	307	746	444	9	3	50
uniq_115392	AM905356.1	0.862613	61	300	742	444	9	3	50
uniq_116015	AF292371.1	0.957207	19	311	754	444	9	3	50
uniq_116635	X87758.1	0.945946	24	314	759	444	9	3	50
uniq_116653	AF287770.1	0.891892	48	325	763	444	9	3	50
uniq_117024	EF510424.1	0.932432	30	332	796	444	9	3	50
uniq_117298	AY278611.1	0.844595	69	314	771	444	9	3	50
uniq_117793	EU071543.1	0.957207	19	298	740	444	9	3	50
uniq_118008	DQ125724.1	0.905405	42	308	752	444	9	3	50
uniq_118228	AY349403.1	0.905405	42	328	792	444	9	3	50
uniq_118518	AY008308.1	0.860360	62	315	774	444	9	3	50
uniq_118971	EU071543.1	0.846847	68	298	740	444	9	3	50
uniq_119069	AM420243.1	0.882883	52	298	740	444	9	3	50
uniq_119266	AY134900.1	0.849099	67	298	740	444	9	3	50
uniq_119401	AY278618.1	0.927928	32	326	765	444	9	3	50
uniq_119699	AF292371.1	0.952703	21	311	754	444	9	3	50
uniq_12937	AF292371.1	0.945946	24	311	754	444	9	3	50
uniq_140075	EU071543.1	0.826577	77	298	740	444	9	3	50
uniq_140183	AF432130.1	0.860360	62	298	740	444	9	3	50
uniq_140794	AF481217.1	0.921171	35	311	753	444	9	3	50
uniq_141062	EU071543.1	0.918919	36	298	740	444	9	3	50
uniq_141285	AY029807.1	0.923423	34	310	752	444	9	3	50
uniq_141640	AY928901.1	0.858108	63	312	756	444	9	3	50
uniq_141974	AY349374.1	0.894144	47	327	779	444	9	3	50
uniq_142278	EU071543.1	0.837838	72	298	740	444	9	3	50
uniq_142432	AF224306.1	0.873874	56	312	776	444	9	3	50
uniq_142717	AF385563.1	0.932432	30	318	760	444	9	3	50
uniq_143122	EU071543.1	0.849099	67	298	740	444	9	3	50
uniq_143823	AF061001.1	0.858108	63	327	792	444	9	3	50
uniq_143973	DQ325537.1	0.927928	32	314	756	444	9	3	50
uniq_144059	AB108825.1	0.855856	64	318	777	444	9	3	50
uniq_144837	EU071543.1	0.887387	50	298	740	444	9	3	50
uniq_144955	EU071543.1	0.819820	80	298	740	444	9	3	50
uniq_144997	AF050580.1	0.889640	49	322	764	444	9	3	50
uniq_145070	AY134900.1	0.855856	64	298	740	444	9	3	50
uniq_145737	AY278621.1	0.957207	19	308	750	444	9	3	50
uniq_145746	AY134900.1	0.858108	63	298	740	444	9	3	50
uniq_145922	AF432138.1	0.927928	32	308	750	444	9	3	50
uniq_146370	AJ415376.1	0.842342	70	310	754	444	9	3	50
uniq_146813	AY207060.1	0.900901	44	322	763	444	9	3	50
uniq_147046	AF385571.1	0.923423	34	307	746	444	9	3	50
uniq_147410	AF292371.1	0.948198	23	311	754	444	9	3	50
uniq_148493	AY349395.1	0.871622	57	320	779	444	9	3	50
uniq_148628	AY278621.1	0.941441	26	308	750	444	9	3	50
uniq_148734	AF219234.1	0.880631	53	313	753	444	9	3	50
uniq_148771	AF287806.1	0.871622	57	311	753	444	9	3	50
uniq_149269	AY134900.1	0.867117	59	298	740	444	9	3	50
uniq_149292	AY134900.1	0.842342	70	298	740	444	9	3	50
uniq_149456	AY134900.1	0.851351	66	298	740	444	9	3	50
uniq_149954	AF385510.1	0.869369	58	326	765	444	9	3	50
uniq_150037	AY134900.1	0.844595	69	298	740	444	9	3	50
uniq_150152	AM696906.1	0.934685	29	308	750	444	9	3	50
uniq_150911	DQ160208.1	0.950450	22	342	780	444	9	3	50
uniq_152106	AF385571.1	0.975225	11	307	746	444	9	3	50
uniq_152709	AF219234.1	0.905405	42	313	753	444	9	3	50
uniq_152904	AY008310.1	0.849099	67	318	777	444	9	3	50
uniq_153148	AY134900.1	0.921171	35	298	740	444	9	3	50
uniq_153160	AF287770.1	0.880631	53	325	763	444	9	3	50
uniq_153196	AF292371.1	0.952703	21	311	754	444	9	3	50
uniq_153474	AF292371.1	0.878378	54	311	754	444	9	3	50
uniq_154928	X87758.1	0.927928	32	314	759	444	9	3	50
uniq_155233	AY134900.1	0.867117	59	298	740	444	9	3	50
uniq_155308	AY345495.1	0.833333	74	307	766	444	9	3	50
uniq_155755	X87758.1	0.909910	40	314	759	444	9	3	50
uniq_156293	AY207050.1	0.849099	67	320	779	444	9	3	50
uniq_156325	AY134900.1	0.948198	23	298	740	444	9	3	50
uniq_156333	EU071543.1	0.900901	44	298	740	444	9	3	50
uniq_156794	AY278621.1	0.950450	22	308	750	444	9	3	50
uniq_156875	AF328156.1	0.864865	60	313	777	444	9	3	50
uniq_156981	D16144.1	0.909910	40	281	720	444	9	3	50
uniq_157767	U65583.1	0.840090	71	315	779	444	9	3	50
uniq_158979	AY278621.1	0.880631	53	308	750	444	9	3	50
uniq_159008	U65583.1	0.844595	69	315	779	444	9	3	50
uniq_159654	AF432136.1	0.860360	62	319	783	444	9	3	50
uniq_159804	EF510424.1	0.912162	39	332	796	444	9	3	50
uniq_160498	AB108825.1	0.844595	69	318	777	444	9	3	50
uniq_160880	AF385571.1	0.943694	25	307	746	444	9	3	50
uniq_162974	DQ325537.1	0.954955	20	314	756	444	9	3	50
uniq_166668	AF287813.1	0.984234	7	308	750	444	9	3	50
uniq_167776	DQ666091.1	0.954955	20	309	752	444	9	3	50
uniq_172559	X87758.1	0.914414	38	314	759	444	9	3	50
uniq_173714	DQ325537.1	0.921171	35	314	756	444	9	3	50
uniq_173886	AY349402.1	0.860360	62	318	776	444	9	3	50
uniq_175634	DQ160208.1	0.943694	25	342	780	444	9	3	50
uniq_175814	X87758.1	0.903153	43	314	759	444	9	3	50
uniq_177082	AF408257.1	0.880631	53	320	783	444	9	3	50
uniq_178231	AF385563.1	0.986486	6	318	760	444	9	3	50
uniq_178291	AF050580.1	0.882883	52	322	764	444	9	3	50
uniq_185278	AY212563.1	0.898649	45	307	748	444	9	3	50
uniq_196551	AY532554.1	0.831081	75	291	736	444	9	3	50
uniq_198192	EF512007.1	0.846847	68	313	777	444	9	3	50
uniq_200717	AY532554.1	0.864865	60	291	736	444	9	3	50
uniq_20487	AF385564.1	0.867117	59	320	779	444	9	3	50
uniq_205449	AY008691.1	0.871622	57	317	776	444	9	3	50
uniq_207600	EU071543.1	0.925676	33	298	740	444	9	3	50
uniq_208021	AF183404.1	0.885135	51	320	779	444	9	3	50
uniq_208343	AY485603.1	0.864865	60	317	781	444	9	3	50
uniq_208676	AF183404.1	0.885135	51	320	779	444	9	3	50
uniq_215116	Y09656.1	0.891892	48	310	754	444	9	3	50
uniq_215133	AM420243.1	0.880631	53	298	740	444	9	3	50
uniq_215319	AY278618.1	0.918919	36	326	765	444	9	3	50
uniq_215923	AF292371.1	0.889640	49	311	754	444	9	3	50
uniq_218460	AF385519.1	0.853604	65	320	779	444	9	3	50
uniq_219168	EF510424.1	0.878378	54	332	796	444	9	3	50
uniq_220003	AY008309.1	0.855856	64	308	750	444	9	3	50
uniq_221168	EU071543.1	0.858108	63	298	740	444	9	3	50
uniq_222105	AF385508.1	0.885135	51	327	766	444	9	3	50
uniq_222478	AJ300767.1	0.873874	56	314	758	444	9	3	50
uniq_223032	AB108826.1	0.880631	53	318	777	444	9	3	50
uniq_223098	AF287777.1	0.880631	53	326	765	444	9	3	50
uniq_223379	EU071543.1	0.855856	64	298	740	444	9	3	50
uniq_223502	AY429468.1	0.896396	46	304	763	444	9	3	50
uniq_223783	AF292371.1	0.921171	35	311	754	444	9	3	50
uniq_223784	EF510424.1	0.900901	44	332	796	444	9	3	50
uniq_224908	AY134900.1	0.882883	52	298	740	444	9	3	50
uniq_225049	EF510424.1	0.867117	59	332	796	444	9	3	50
uniq_225285	AF125090.1	0.851351	66	309	753	444	9	3	50
uniq_225312	AF287770.1	0.909910	40	325	763	444	9	3	50
uniq_225524	AF385510.1	0.873874	56	326	765	444	9	3	50
uniq_225676	AY278621.1	0.943694	25	308	750	444	9	3	50
uniq_225758	AY230771.1	0.934685	29	325	764	444	9	3	50
uniq_225986	AF292371.1	0.961712	17	311	754	444	9	3	50
uniq_226459	AF287813.1	0.968468	14	308	750	444	9	3	50
uniq_226803	AY207050.1	0.864865	60	320	779	444	9	3	50
uniq_227186	AF287761.1	0.900901	44	326	767	444	9	3	50
uniq_227261	AF385563.1	0.903153	43	318	760	444	9	3	50
uniq_227489	AY349393.1	0.846847	68	320	779	444	9	3	50
uniq_227978	EU670056.1	0.876126	55	320	779	444	9	3	50
uniq_229446	AY134900.1	0.880631	53	298	740	444	9	3	50
uniq_230481	AY278621.1	0.948198	23	308	750	444	9	3	50
uniq_230709	AF385564.1	0.844595	69	320	779	444	9	3	50
uniq_230744	EU071543.1	0.846847	68	298	740	444	9	3	50
uniq_230808	AF292371.1	0.961712	17	311	754	444	9	3	50
uniq_231600	AF385497.1	0.894144	47	324	788	444	9	3	50
uniq_232547	AB048863.1	0.882883	52	305	749	444	9	3	50
uniq_232553	EF510424.1	0.862613	61	332	796	444	9	3	50
uniq_232597	AF385518.1	0.925676	33	308	750	444	9	3	50
uniq_232758	AY277938.1	0.878378	54	327	791	444	9	3	50
uniq_232928	AF385510.1	0.923423	34	326	765	444	9	3	50
uniq_233399	EF686530.1	0.867117	59	363	803	444	9	3	50
uniq_233665	AY278621.1	0.925676	33	308	750	444	9	3	50
uniq_233751	AY278621.1	0.936937	28	308	750	444	9	3	50
uniq_235153	EU670056.1	0.860360	62	320	779	444	9	3	50
uniq_235181	AF292371.1	0.941441	26	311	754	444	9	3	50
uniq_235831	EU071543.1	0.898649	45	298	740	444	9	3	50
uniq_236045	AF292371.1	0.867117	59	311	754	444	9	3	50
uniq_236870	AY134900.1	0.867117	59	298	740	444	9	3	50
uniq_23742	X87758.1	0.871622	57	314	759	444	9	3	50
uniq_237466	AY162222.1	0.858108	63	312	754	444	9	3	50
uniq_237686	AM277334.1	0.862613	61	323	787	444	9	3	50
uniq_239267	AY134900.1	0.844595	69	298	740	444	9	3	50
uniq_240222	DQ113683.1	0.822072	79	300	742	444	9	3	50
uniq_240230	AY134900.1	0.842342	70	298	740	444	9	3	50
uniq_241311	AF385577.1	0.869369	58	329	768	444	9	3	50
uniq_241875	AY162222.1	0.851351	66	312	754	444	9	3	50
uniq_242457	X87758.1	0.925676	33	314	759	444	9	3	50
uniq_243344	AF125090.1	0.896396	46	309	753	444	9	3	50
uniq_243496	AY278621.1	0.941441	26	308	750	444	9	3	50
uniq_243749	AF385510.1	0.882883	52	326	765	444	9	3	50
uniq_243834	AF287809.1	0.867117	59	312	754	444	9	3	50
uniq_244101	AF287761.1	0.939189	27	326	767	444	9	3	50
uniq_244664	AY278621.1	0.869369	58	308	750	444	9	3	50
uniq_244733	X92597.1	0.853604	65	304	748	444	9	3	50
uniq_244848	AF292371.1	0.909910	40	311	754	444	9	3	50
uniq_245423	X87758.1	0.909910	40	314	759	444	9	3	50
uniq_245902	AY008309.1	0.862613	61	308	750	444	9	3	50
uniq_248069	EF509046.1	0.916667	37	311	753	444	9	3	50
uniq_249890	AF543280.1	0.903153	43	314	758	444	9	3	50
uniq_253792	AF385571.1	0.950450	22	307	746	444	9	3	50
uniq_256265	AM420243.1	0.894144	47	298	740	444	9	3	50
uniq_266259	AF206305.1	0.986486	6	307	749	444	9	3	50
uniq_272155	AJ276810.1	0.882883	52	320	784	444	9	3	50
uniq_274675	AY212563.1	0.882883	52	307	748	444	9	3	50
uniq_275917	AB015569.1	0.815315	82	277	720	444	9	3	50
uniq_283280	AY188347.1	0.855856	64	317	781	444	9	3	50
uniq_283538	AF201981.1	0.909910	40	327	766	444	9	3	50
uniq_284437	AF385519.1	0.833333	74	320	779	444	9	3	50
uniq_284883	AF292371.1	0.873874	56	311	754	444	9	3	50
uniq_285333	EF510424.1	0.871622	57	332	796	444	9	3	50
uniq_285372	AF408257.1	0.880631	53	320	783	444	9	3	50
uniq_285783	AF292371.1	0.889640	49	311	754	444	9	3	50
uniq_285916	AY928901.1	0.828829	76	312	756	444	9	3	50
uniq_287754	AY134900.1	0.826577	77	298	740	444	9	3	50
uniq_287784	DQ160208.1	0.936937	28	342	780	444	9	3	50
uniq_288226	AF292371.1	0.954955	20	311	754	444	9	3	50
uniq_289123	AF292371.1	0.882883	52	311	754	444	9	3	50
uniq_293020	EU071543.1	0.882883	52	298	740	444	9	3	50
uniq_29421	U13037.1	0.927928	32	326	766	444	9	3	50
uniq_295228	AY546095.1	0.871622	57	314	758	444	9	3	50
uniq_29531	X67609.1	0.882883	52	308	767	444	9	3	50
uniq_29565	EF510424.1	0.891892	48	332	796	444	9	3	50
uniq_296250	AY044915.1	0.885135	51	314	772	444	9	3	50
uniq_296656	AF292371.1	0.873874	56	311	754	444	9	3	50
uniq_297847	AM419984.1	0.905405	42	309	749	444	9	3	50
uniq_299645	X87758.1	0.907658	41	314	759	444	9	3	50
uniq_300951	AF292371.1	0.869369	58	311	754	444	9	3	50
uniq_301164	AF432136.1	0.840090	71	319	783	444	9	3	50
uniq_301245	X87758.1	0.914414	38	314	759	444	9	3	50
uniq_301805	AY928901.1	0.898649	45	312	756	444	9	3	50
uniq_302441	AF292371.1	0.930180	31	311	754	444	9	3	50
uniq_304645	AF432139.1	0.860360	62	319	783	444	9	3	50
uniq_30498	AY349402.1	0.907658	41	318	776	444	9	3	50
uniq_306551	AY546095.1	0.882883	52	314	758	444	9	3	50
uniq_308169	AF201981.1	0.925676	33	327	766	444	9	3	50
uniq_309185	X87758.1	0.923423	34	314	759	444	9	3	50
uniq_309219	AF292371.1	0.954955	20	311	754	444	9	3	50
uniq_309559	AF481217.1	0.871622	57	311	753	444	9	3	50
uniq_310090	AJ508455.1	0.887387	50	315	755	444	9	3	50
uniq_310569	AF385569.1	0.826577	77	302	761	444	9	3	50
uniq_311560	AF287806.1	0.849099	67	311	753	444	9	3	50
uniq_313583	AF385511.1	0.869369	58	320	778	444	9	3	50
uniq_315175	AF481217.1	0.855856	64	311	753	444	9	3	50
uniq_315812	AY044915.1	0.912162	39	314	772	444	9	3	50
uniq_317195	AY134901.1	0.853604	65	327	791	444	9	3	50
uniq_317518	AY207059.1	0.934685	29	326	764	444	9	3	50
uniq_317907	EU071543.1	0.943694	25	298	740	444	9	3	50
uniq_318542	EF686530.1	0.880631	53	363	803	444	9	3	50
uniq_319886	EU071543.1	0.885135	51	298	740	444	9	3	50
uniq_321108	AF385510.1	0.880631	53	326	765	444	9	3	50
uniq_321911	AY207064.1	0.853604	65	319	783	444	9	3	50
uniq_325623	AF385564.1	0.898649	45	320	779	444	9	3	50
uniq_326075	AY134900.1	0.900901	44	298	740	444	9	3	50
uniq_328278	AY349385.1	0.968468	14	308	750	444	9	3	50
uniq_329343	AF201981.1	0.876126	55	327	766	444	9	3	50
uniq_330365	EF510424.1	0.882883	52	332	796	444	9	3	50
uniq_331334	AF481217.1	0.867117	59	311	753	444	9	3	50
uniq_331351	X87758.1	0.889640	49	314	759	444	9	3	50
uniq_331481	AY134900.1	0.846847	68	298	740	444	9	3	50
uniq_333314	AF408257.1	0.912162	39	320	783	444	9	3	50
uniq_333600	D14503.1	0.909910	40	279	718	444	9	3	50
uniq_335348	AY008310.1	0.864865	60	318	777	444	9	3	50
uniq_335747	U65583.1	0.833333	74	315	779	444	9	3	50
uniq_335799	X87758.1	0.876126	55	314	759	444	9	3	50
uniq_335961	AF481217.1	0.921171	35	311	753	444	9	3	50
uniq_336920	AY134900.1	0.864865	60	298	740	444	9	3	50
uniq_337371	X87758.1	0.869369	58	314	759	444	9	3	50
uniq_337416	AY533381.1	0.925676	33	325	766	444	9	3	50
uniq_338206	EF509159.1	0.842342	70	311	753	444	9	3	50
uniq_343567	AF385559.1	0.900901	44	326	764	444	9	3	50
uniq_344147	X87758.1	0.864865	60	314	759	444	9	3	50
uniq_344552	AF206305.1	0.952703	21	307	749	444	9	3	50
uniq_344564	AY188347.1	0.880631	53	317	781	444	9	3	50
uniq_345181	AF481217.1	0.871622	57	311	753	444	9	3	50
uniq_346213	EF510424.1	0.887387	50	332	796	444	9	3	50
uniq_348629	AY134900.1	0.889640	49	298	740	444	9	3	50
uniq_349300	X87758.1	0.867117	59	314	759	444	9	3	50
uniq_349779	AF287805.1	0.896396	46	298	740	444	9	3	50
uniq_350202	EF101551.1	0.864865	60	309	773	444	9	3	50
uniq_350471	AY134900.1	0.878378	54	298	740	444	9	3	50
uniq_351438	AF385508.1	0.914414	38	327	766	444	9	3	50
uniq_352574	AY134900.1	0.869369	58	298	740	444	9	3	50
uniq_352905	X87758.1	0.869369	58	314	759	444	9	3	50
uniq_353441	EF512007.1	0.849099	67	313	777	444	9	3	50
uniq_353961	X87758.1	0.880631	53	314	759	444	9	3	50
uniq_354519	AF183404.1	0.869369	58	320	779	444	9	3	50
uniq_356147	AF292371.1	0.916667	37	311	754	444	9	3	50
uniq_356591	AJ622907.1	0.930180	31	317	762	444	9	3	50
uniq_357949	AF292371.1	0.941441	26	311	754	444	9	3	50
uniq_358452	X87758.1	0.900901	44	314	759	444	9	3	50
uniq_358740	AF537211.1	0.925676	33	328	766	444	9	3	50
uniq_361173	X87758.1	0.873874	56	314	759	444	9	3	50
uniq_361200	EF101551.1	0.835586	73	309	773	444	9	3	50
uniq_361845	AF292371.1	0.948198	23	311	754	444	9	3	50
uniq_36284	AY349381.1	0.878378	54	311	775	444	9	3	50
uniq_38303	AY207059.1	0.894144	47	326	764	444	9	3	50
uniq_38515	AY008309.1	0.925676	33	308	749	444	9	3	50
uniq_385938	AF537211.1	0.903153	43	328	766	444	9	3	50
uniq_386567	AF292371.1	0.945946	24	311	754	444	9	3	50
uniq_388406	DQ325537.1	0.945946	24	313	756	444	9	3	50
uniq_39017	AY207053.1	0.957207	19	310	751	444	9	3	50
uniq_391204	AF292371.1	0.936937	28	311	754	444	9	3	50
uniq_392742	EF510424.1	0.891892	48	332	796	444	9	3	50
uniq_394717	AY533381.1	0.923423	34	325	766	444	9	3	50
uniq_398106	AY278621.1	0.952703	21	308	750	444	9	3	50
uniq_398503	AJ244709.1	0.916667	37	281	720	444	9	3	50
uniq_399010	AF292371.1	0.930180	31	311	754	444	9	3	50
uniq_39934	AF481217.1	0.864865	60	311	753	444	9	3	50
uniq_399990	AF385519.1	0.846847	68	320	779	444	9	3	50
uniq_400164	U87968.1	0.864865	60	305	749	444	9	3	50
uniq_401414	EF511070.1	0.885135	51	319	783	444	9	3	50
uniq_402052	AF480599.1	0.873874	56	305	749	444	9	3	50
uniq_402459	AM277334.1	0.869369	58	323	787	444	9	3	50
uniq_402618	AY533381.1	0.882883	52	325	766	444	9	3	50
uniq_402764	DQ160208.1	0.914414	38	342	780	444	9	3	50
uniq_403321	AF481209.1	0.882883	52	335	799	444	9	3	50
uniq_403332	EF510424.1	0.885135	51	332	796	444	9	3	50
uniq_403368	AJ244709.1	0.887387	50	281	720	444	9	3	50
uniq_403426	AF292371.1	0.952703	21	311	754	444	9	3	50
uniq_404279	AY207060.1	0.930180	31	322	763	444	9	3	50
uniq_404875	AY134904.1	0.923423	34	326	767	444	9	3	50
uniq_405517	AF385556.1	0.871622	57	329	768	444	9	3	50
uniq_405958	EF511070.1	0.871622	57	319	783	444	9	3	50
uniq_406525	AY349402.1	0.849099	67	318	776	444	9	3	50
uniq_407080	AF481217.1	0.849099	67	311	753	444	9	3	50
uniq_407167	X87758.1	0.898649	45	314	759	444	9	3	50
uniq_40744	AF481217.1	0.864865	60	311	753	444	9	3	50
uniq_407531	AF292371.1	0.932432	30	311	754	444	9	3	50
uniq_369418	AY727530.1	0.959920	20	290	784	499	9	3	50
uniq_132922	AY131216.1	0.949698	25	285	778	497	9	3	50
uniq_37486	EF510424.1	0.947686	26	302	796	497	9	3	50
uniq_404745	EU071472.1	0.929577	35	296	787	497	9	3	50
uniq_214307	EF510383.1	0.959677	20	294	785	496	9	3	50
uniq_269354	AJ290758.1	0.943548	28	283	777	496	9	3	50
uniq_156715	AY008310.1	0.953535	23	318	805	495	9	3	50
uniq_174077	AF224306.1	0.953535	23	312	796	495	9	3	50
uniq_42043	EF512007.1	0.961616	19	313	802	495	9	3	50
uniq_148636	EF511070.1	0.963563	18	319	804	494	9	3	50
uniq_196274	AB018487.1	0.963563	18	319	803	494	9	3	50
uniq_391590	EF510424.1	0.941176	29	332	820	493	9	3	50
uniq_13864	AJ290755.1	0.961382	19	315	797	492	9	3	50
uniq_367401	EF510177.1	0.934959	32	307	790	492	9	3	50
uniq_390965	DQ905554.1	0.963415	18	299	783	492	9	3	50
uniq_191699	AM396934.1	0.965377	17	307	796	491	9	3	50
uniq_113153	EF511101.1	0.940816	29	283	777	490	9	3	50
uniq_259665	AF468404.1	0.961224	19	285	769	490	9	3	50
uniq_122022	Y11150.1	0.965235	17	293	771	489	9	3	50
uniq_08502	AF385511.1	0.959016	20	300	779	488	9	3	50
uniq_18592	AY445131.1	0.879098	59	312	796	488	9	3	50
uniq_383815	EU670056.1	0.959016	20	297	779	488	9	3	50
uniq_139207	AF130927.1	0.967078	16	296	774	486	9	3	50
uniq_155316	EF510424.1	0.958848	20	312	796	486	9	3	50
uniq_262295	AF468404.1	0.882474	57	291	769	485	9	3	50
uniq_58179	AM184270.1	0.975258	12	293	772	485	9	3	50
uniq_38629	EF510424.1	0.834711	80	332	796	484	9	3	50
uniq_226423	EF510424.1	0.946170	26	332	808	483	9	3	50
uniq_353401	AF481224.1	0.966874	16	320	798	483	9	3	50
uniq_148207	AY349402.1	0.923237	37	304	776	482	9	3	50
uniq_370683	AY727530.1	0.970954	14	306	784	482	9	3	50
uniq_97130	AF468404.1	0.979253	10	291	769	482	9	3	50
uniq_227323	AF385512.1	0.945833	26	304	777	480	9	3	50
uniq_384853	EF510424.1	0.966667	16	318	796	480	9	3	50
uniq_198664	EU670056.1	0.974948	12	306	779	479	9	3	50
uniq_204604	AF183406.1	0.962422	18	305	779	479	9	3	50
uniq_282479	X70907.1	0.974948	12	308	778	479	9	3	50
uniq_135252	AY131216.1	0.966527	16	301	778	478	9	3	50
uniq_15212	AF385512.1	0.976987	11	304	777	478	9	3	50
uniq_229522	EU071543.1	0.872385	61	298	752	478	9	3	50
uniq_48250	EU373427.1	0.981172	9	299	772	478	9	3	50
uniq_278399	AY958868.1	0.916143	40	304	777	477	9	3	50
uniq_402968	EU071472.1	0.983193	8	315	787	476	9	3	50
uniq_226765	AY005025.1	0.972632	13	305	777	475	9	3	50
uniq_301329	AF432133.1	0.964135	17	305	779	474	9	3	50
uniq_149095	AY349402.1	0.972516	13	304	776	473	9	3	50
uniq_216191	AY349402.1	0.923890	36	304	776	473	9	3	50
uniq_314814	EU071543.1	0.961945	18	268	740	473	9	3	50
uniq_319393	EF603070.1	0.877378	58	319	786	473	9	3	50
uniq_323685	AF385519.1	0.970402	14	306	779	473	9	3	50
uniq_366938	AY345556.1	0.955603	21	298	769	473	9	3	50
uniq_180099	AY445131.1	0.934322	31	326	796	472	9	3	50
uniq_275768	Y16329.1	0.978814	10	342	806	472	9	3	50
uniq_116144	EF510424.1	0.949045	24	332	796	471	9	3	50
uniq_201094	EF511070.1	0.983015	8	319	783	471	9	3	50
uniq_222822	EF510424.1	0.923567	36	332	796	471	9	3	50
uniq_318168	AY134908.1	0.847134	72	311	783	471	9	3	50
uniq_71901	AY278611.1	0.953291	22	306	771	471	9	3	50
uniq_226774	EU670056.1	0.972340	13	313	779	470	9	3	50
uniq_252953	AB098612.1	0.978723	10	313	777	470	9	3	50
uniq_306614	AF292371.1	0.953191	22	311	773	470	9	3	50
uniq_358895	AY959092.1	0.987234	6	320	791	470	9	3	50
uniq_263441	AY005033.1	0.985075	7	306	777	469	9	3	50
uniq_351053	AF543288.1	0.880597	56	322	783	469	9	3	50
uniq_56099	AJ313017.1	0.989339	5	309	773	469	9	3	50
uniq_65376	AF385550.1	0.980810	9	310	781	469	9	3	50
uniq_95769	AF385550.1	0.906183	44	315	781	469	9	3	50
uniq_04604	AJ290758.1	0.987179	6	313	777	468	9	3	50
uniq_108701	AF432141.1	0.888889	52	350	791	468	9	3	50
uniq_110224	AJ290758.1	0.929487	33	313	777	468	9	3	50
uniq_110951	AF385520.1	0.888889	52	350	791	468	9	3	50
uniq_117835	AF385520.1	0.899573	47	350	791	468	9	3	50
uniq_13929	AF385520.1	0.891026	51	350	791	468	9	3	50
uniq_141981	AF385520.1	0.895299	49	350	791	468	9	3	50
uniq_143624	AJ400239.1	0.854701	68	352	794	468	9	3	50
uniq_143863	AJ400239.1	0.869658	61	352	793	468	9	3	50
uniq_146455	AJ400239.1	0.856838	67	352	794	468	9	3	50
uniq_155968	AF385520.1	0.897436	48	350	791	468	9	3	50
uniq_158291	AY188347.1	0.869658	61	317	781	468	9	3	50
uniq_169408	AY188347.1	0.886752	53	317	781	468	9	3	50
uniq_182755	AF432141.1	0.858974	66	350	791	468	9	3	50
uniq_189776	AY727530.1	0.967949	15	320	784	468	9	3	50
uniq_193085	AY093698.1	0.989316	5	305	769	468	9	3	50
uniq_199733	AF385520.1	0.878205	57	350	791	468	9	3	50
uniq_207210	EF511101.1	0.976496	11	313	777	468	9	3	50
uniq_221003	AF385520.1	0.886752	53	350	791	468	9	3	50
uniq_228876	EF510424.1	0.880342	56	332	796	468	9	3	50
uniq_23463	AF432141.1	0.880342	56	350	792	468	9	3	50
uniq_242948	AF385520.1	0.895299	49	350	791	468	9	3	50
uniq_249107	AF432141.1	0.861111	65	350	791	468	9	3	50
uniq_257490	AF513108.1	0.876068	58	299	740	468	9	3	50
uniq_297885	AJ400239.1	0.863248	64	352	794	468	9	3	50
uniq_314181	AY188347.1	0.876068	58	317	781	468	9	3	50
uniq_323209	AF432141.1	0.876068	58	350	791	468	9	3	50
uniq_328159	DQ905554.1	0.854701	68	319	783	468	9	3	50
uniq_330055	DQ905554.1	0.873932	59	319	783	468	9	3	50
uniq_352556	AY008310.1	0.863248	64	318	777	468	9	3	50
uniq_40230	AJ400239.1	0.841880	74	352	794	468	9	3	50
uniq_42870	AM277334.1	0.961538	18	323	787	468	9	3	50
uniq_66889	AY278622.1	0.886752	53	335	800	468	9	3	50
uniq_94385	AF385519.1	0.963675	17	320	779	468	9	3	50
uniq_100928	DQ905554.1	0.882227	55	319	783	467	9	3	50
uniq_101273	AF385520.1	0.890792	51	350	791	467	9	3	50
uniq_108274	X87758.1	0.905782	44	314	759	467	9	3	50
uniq_110107	EF510424.1	0.903640	45	332	796	467	9	3	50
uniq_110573	EF510424.1	0.895075	49	332	796	467	9	3	50
uniq_111353	X87758.1	0.901499	46	314	759	467	9	3	50
uniq_111647	AF385520.1	0.895075	49	350	791	467	9	3	50
uniq_112752	AF385520.1	0.862955	64	350	791	467	9	3	50
uniq_113911	X87758.1	0.910064	42	314	759	467	9	3	50
uniq_116191	AY278621.1	0.884368	54	308	750	467	9	3	50
uniq_117743	AF385520.1	0.895075	49	350	791	467	9	3	50
uniq_12348	AF385566.1	0.987152	6	335	800	467	9	3	50
uniq_140105	EF510424.1	0.854390	68	332	796	467	9	3	50
uniq_143311	AJ400239.1	0.860814	65	352	794	467	9	3	50
uniq_143614	AY485605.1	0.880086	56	319	783	467	9	3	50
uniq_144961	EF510424.1	0.888651	52	332	796	467	9	3	50
uniq_146586	AF385520.1	0.880086	56	350	791	467	9	3	50
uniq_149321	AF385520.1	0.873662	59	350	791	467	9	3	50
uniq_149791	AF385566.1	0.865096	63	335	800	467	9	3	50
uniq_150398	AM277334.1	0.925054	35	323	787	467	9	3	50
uniq_153455	AF385520.1	0.875803	58	350	791	467	9	3	50
uniq_156675	EF510424.1	0.901499	46	330	796	467	9	3	50
uniq_159551	AF124039.1	0.785867	100	320	784	467	9	3	50
uniq_162788	X87758.1	0.871520	60	314	759	467	9	3	50
uniq_163408	AF224299.1	0.892934	50	313	777	467	9	3	50
uniq_164417	X87758.1	0.899358	47	314	759	467	9	3	50
uniq_165579	AM420206.1	0.890792	51	330	771	467	9	3	50
uniq_168811	AF385520.1	0.888651	52	350	791	467	9	3	50
uniq_175980	AB071347.1	0.907923	43	319	783	467	9	3	50
uniq_178778	AF003931.1	0.929336	33	327	791	467	9	3	50
uniq_196731	L24106.1	0.948608	24	307	773	467	9	3	50
uniq_201201	X87758.1	0.882227	55	314	759	467	9	3	50
uniq_205447	EF510424.1	0.877944	57	332	796	467	9	3	50
uniq_207278	AF432141.1	0.882227	55	350	791	467	9	3	50
uniq_207362	EF512007.1	0.957173	20	313	777	467	9	3	50
uniq_211160	DQ905554.1	0.890792	51	319	783	467	9	3	50
uniq_220207	AY188347.1	0.888651	52	317	781	467	9	3	50
uniq_222636	AF385521.1	0.877944	57	314	771	467	9	3	50
uniq_223072	AY230771.1	0.884368	54	325	764	467	9	3	50
uniq_223182	EF512007.1	0.905782	44	313	777	467	9	3	50
uniq_223608	AY349403.1	0.884368	54	328	792	467	9	3	50
uniq_224033	EF511101.1	0.942184	27	313	777	467	9	3	50
uniq_225697	AY349393.1	0.912206	41	320	779	467	9	3	50
uniq_226671	EF510424.1	0.955032	21	332	796	467	9	3	50
uniq_229130	AF385520.1	0.897216	48	350	791	467	9	3	50
uniq_231452	EF510424.1	0.880086	56	332	796	467	9	3	50
uniq_233107	AJ400239.1	0.860814	65	352	794	467	9	3	50
uniq_235352	AY188347.1	0.871520	60	317	781	467	9	3	50
uniq_235661	AF385520.1	0.888651	52	350	791	467	9	3	50
uniq_236062	AF385520.1	0.895075	49	350	791	467	9	3	50
uniq_237708	EF510424.1	0.892934	50	332	796	467	9	3	50
uniq_240204	EF510424.1	0.937901	29	332	797	467	9	3	50
uniq_244830	AF432133.1	0.890792	51	320	779	467	9	3	50
uniq_245214	EF510424.1	0.920771	37	332	796	467	9	3	50
uniq_249300	AY188347.1	0.873662	59	317	781	467	9	3	50
uniq_251528	X87758.1	0.920771	37	314	759	467	9	3	50
uniq_253364	AF543281.1	0.875803	58	319	783	467	9	3	50
uniq_255351	AF432141.1	0.884368	54	350	791	467	9	3	50
uniq_267249	AF432141.1	0.877944	57	350	791	467	9	3	50
uniq_27418	AF385520.1	0.877944	57	350	791	467	9	3	50
uniq_279689	DQ463701.1	0.991435	4	307	772	467	9	3	50
uniq_285577	AY485605.1	0.880086	56	319	783	467	9	3	50
uniq_297101	AY278622.1	0.944325	26	335	800	467	9	3	50
uniq_297807	AF139203.1	0.869379	61	314	779	467	9	3	50
uniq_297891	EU670056.1	0.880086	56	320	779	467	9	3	50
uniq_302710	EF512007.1	0.888651	52	313	777	467	9	3	50
uniq_304840	X87758.1	0.899358	47	314	759	467	9	3	50
uniq_307491	AF287793.1	0.978587	10	323	787	467	9	3	50
uniq_307507	AB023575.1	0.884368	54	319	783	467	9	3	50
uniq_307799	AF201981.1	0.884368	54	327	766	467	9	3	50
uniq_308953	EF510424.1	0.867238	62	332	796	467	9	3	50
uniq_313037	AF432141.1	0.884368	54	350	791	467	9	3	50
uniq_313139	AY546095.1	0.897216	48	314	758	467	9	3	50
uniq_315690	AB098612.1	0.880086	56	313	777	467	9	3	50
uniq_317690	X87758.1	0.890792	51	314	759	467	9	3	50
uniq_317928	AF432141.1	0.888651	52	350	791	467	9	3	50
uniq_319650	EU670056.1	0.873662	59	319	779	467	9	3	50
uniq_320966	AF385520.1	0.856531	67	350	791	467	9	3	50
uniq_327405	EF511101.1	0.957173	20	313	777	467	9	3	50
uniq_329537	AF385571.1	0.854390	68	307	746	467	9	3	50
uniq_331447	D14506.1	0.882227	55	279	718	467	9	3	50
uniq_332114	AF182835.1	0.899358	47	315	780	467	9	3	50
uniq_334055	AY277938.1	0.916488	39	327	791	467	9	3	50
uniq_336074	X87758.1	0.905782	44	314	759	467	9	3	50
uniq_337556	EF512007.1	0.873662	59	313	778	467	9	3	50
uniq_338667	AY277938.1	0.884368	54	327	791	467	9	3	50
uniq_340802	AF385550.1	0.882227	55	317	781	467	9	3	50
uniq_34287	U54470.1	0.809422	89	307	771	467	9	3	50
uniq_346789	AJ400239.1	0.865096	63	352	794	467	9	3	50
uniq_348240	AF543288.1	0.890792	51	322	783	467	9	3	50
uniq_349398	AF385520.1	0.886510	53	350	791	467	9	3	50
uniq_351692	EF510424.1	0.884368	54	332	796	467	9	3	50
uniq_354903	AM419984.1	0.869379	61	308	749	467	9	3	50
uniq_355638	X87758.1	0.901499	46	314	759	467	9	3	50
uniq_355787	X87758.1	0.877944	57	314	759	467	9	3	50
uniq_356079	AJ244722.1	0.935760	30	314	778	467	9	3	50
uniq_357291	X87758.1	0.873662	59	314	759	467	9	3	50
uniq_357513	EF101546.1	0.867238	62	309	773	467	9	3	50
uniq_357878	X87758.1	0.899358	47	314	759	467	9	3	50
uniq_360195	EF510424.1	0.895075	49	332	796	467	9	3	50
uniq_361953	AF432141.1	0.882227	55	350	791	467	9	3	50
uniq_364018	X84245.1	0.963597	17	307	769	467	9	3	50
uniq_36591	X87758.1	0.918630	38	314	759	467	9	3	50
uniq_380913	AY373357.1	0.991435	4	321	786	467	9	3	50
uniq_383648	AF139203.1	0.989293	5	314	779	467	9	3	50
uniq_391660	AY162144.1	0.886510	53	303	768	467	9	3	50
uniq_39499	AJ400239.1	0.860814	65	352	794	467	9	3	50
uniq_397137	EF511101.1	0.897216	48	313	777	467	9	3	50
uniq_397577	AY032601.1	0.920771	37	319	784	467	9	3	50
uniq_399234	EF510424.1	0.884368	54	332	796	467	9	3	50
uniq_42628	Y13364.1	0.985011	7	323	787	467	9	3	50
uniq_53657	AB015540.1	0.854390	68	329	794	467	9	3	50
uniq_61523	AB076677.1	0.858672	66	310	750	467	9	3	50
uniq_62259	EF510424.1	0.869379	61	332	796	467	9	3	50
uniq_65537	EF510424.1	0.875803	58	332	796	467	9	3	50
uniq_73531	EF510424.1	0.862955	64	332	796	467	9	3	50
uniq_74954	AY188347.1	0.873662	59	317	781	467	9	3	50
uniq_79948	DQ905554.1	0.912206	41	319	783	467	9	3	50
uniq_81274	AY188347.1	0.914347	40	317	781	467	9	3	50
uniq_82303	DQ411812.1	0.940043	28	329	794	467	9	3	50
uniq_82957	EF510424.1	0.869379	61	332	796	467	9	3	50
uniq_90424	AF385520.1	0.880086	56	350	791	467	9	3	50
uniq_91436	AF385520.1	0.886510	53	350	791	467	9	3	50
uniq_01438	AF023028.1	0.989270	5	317	782	466	9	3	50
uniq_02066	AY349403.1	0.987124	6	328	792	466	9	3	50
uniq_02227	AF182836.1	0.959227	19	314	779	466	9	3	50
uniq_04446	AF385566.1	0.963519	17	335	800	466	9	3	50
uniq_05378	AY278611.1	0.890558	51	314	771	466	9	3	50
uniq_05704	AF355627.1	0.839056	75	320	784	466	9	3	50
uniq_06702	AY369249.1	0.967811	15	315	780	466	9	3	50
uniq_06900	AF481230.1	0.896996	48	319	783	466	9	3	50
uniq_08917	AY103463.1	0.875536	58	319	784	466	9	3	50
uniq_09773	Y19190.1	0.974249	12	324	789	466	9	3	50
uniq_100064	AF468404.1	0.875536	58	305	769	466	9	3	50
uniq_100108	AY661993.1	0.909871	42	307	771	466	9	3	50
uniq_100173	AF074384.1	0.888412	52	307	771	466	9	3	50
uniq_100241	AF385510.1	0.892704	50	326	765	466	9	3	50
uniq_100360	EF512007.1	0.890558	51	313	777	466	9	3	50
uniq_100416	EF510424.1	0.954936	21	332	796	466	9	3	50
uniq_100440	AB041885.1	0.995708	2	307	771	466	9	3	50
uniq_100572	EF510424.1	0.888412	52	332	796	466	9	3	50
uniq_100873	AF074384.1	0.899142	47	307	771	466	9	3	50
uniq_100898	AF432136.1	0.888412	52	319	783	466	9	3	50
uniq_101145	AF385577.1	0.873391	59	329	768	466	9	3	50
uniq_101171	AF057645.1	0.875536	58	307	771	466	9	3	50
uniq_101343	DQ411812.1	0.965665	16	329	794	466	9	3	50
uniq_101396	AM277334.1	0.933476	31	323	787	466	9	3	50
uniq_101643	EF572978.1	0.884120	54	307	772	466	9	3	50
uniq_101782	AY044052.1	0.991416	4	323	788	466	9	3	50
uniq_102042	AF397060.1	0.931330	32	320	784	466	9	3	50
uniq_102941	AY907742.1	0.987124	6	307	772	466	9	3	50
uniq_10300	EF510424.1	0.875536	58	332	796	466	9	3	50
uniq_103625	AF139200.1	0.989270	5	321	785	466	9	3	50
uniq_103883	Z95725.1	0.961373	18	320	785	466	9	3	50
uniq_104567	AY162144.1	0.991416	4	303	768	466	9	3	50
uniq_104915	AY030317.1	0.929185	33	320	784	466	9	3	50
uniq_10496	EF510424.1	0.888412	52	332	796	466	9	3	50
uniq_105471	AJ302648.1	0.901288	46	332	796	466	9	3	50
uniq_106219	AF534215.1	0.974249	12	309	774	466	9	3	50
uniq_107094	Y13364.1	0.933476	31	323	787	466	9	3	50
uniq_107189	AF287777.1	0.894850	49	326	765	466	9	3	50
uniq_107244	AB098612.1	0.881974	55	313	777	466	9	3	50
uniq_107367	EF510383.1	0.922747	36	321	785	466	9	3	50
uniq_107548	EF512007.1	0.950644	23	313	777	466	9	3	50
uniq_107591	AF481230.1	0.927039	34	319	783	466	9	3	50
uniq_107636	EF512007.1	0.896996	48	313	777	466	9	3	50
uniq_107837	AY349393.1	0.875536	58	320	779	466	9	3	50
uniq_107873	AY008310.1	0.875536	58	318	777	466	9	3	50
uniq_107987	EF512007.1	0.896996	48	313	777	466	9	3	50
uniq_108013	AF481230.1	0.894850	49	319	783	466	9	3	50
uniq_108112	AJ576328.1	0.942060	27	317	782	466	9	3	50
uniq_108193	EU071472.1	0.939914	28	323	787	466	9	3	50
uniq_108357	EF510424.1	0.892704	50	332	796	466	9	3	50
uniq_108359	EF510424.1	0.939914	28	332	796	466	9	3	50
uniq_108451	EF512007.1	0.907725	43	313	777	466	9	3	50
uniq_108461	AY278621.1	0.869099	61	308	750	466	9	3	50
uniq_108496	AF432136.1	0.965665	16	319	783	466	9	3	50
uniq_108583	X87758.1	0.901288	46	314	759	466	9	3	50
uniq_108781	X87758.1	0.909871	42	314	759	466	9	3	50
uniq_108792	AF385521.1	0.892704	50	314	771	466	9	3	50
uniq_108886	AY008310.1	0.884120	54	318	777	466	9	3	50
uniq_108995	EU071472.1	0.942060	27	323	787	466	9	3	50
uniq_10921	AY349385.1	0.869099	61	308	750	466	9	3	50
uniq_109245	DQ905554.1	0.959227	19	319	783	466	9	3	50
uniq_109397	AY005068.1	0.873391	59	318	778	466	9	3	50
uniq_109425	EF511101.1	0.875536	58	313	777	466	9	3	50
uniq_109628	AF481230.1	0.886266	53	319	783	466	9	3	50
uniq_109649	EF510424.1	0.884120	54	332	796	466	9	3	50
uniq_109672	AJ244764.1	0.959227	19	307	772	466	9	3	50
uniq_109749	AJ576364.1	0.933476	31	317	782	466	9	3	50
uniq_109824	AF432136.1	0.884120	54	319	783	466	9	3	50
uniq_110075	AM419984.1	0.879828	56	309	749	466	9	3	50
uniq_110248	EF510424.1	0.826180	81	332	796	466	9	3	50
uniq_110290	EF512007.1	0.892704	50	313	777	466	9	3	50
uniq_110345	AF385518.1	0.914163	40	308	750	466	9	3	50
uniq_110727	AY008309.1	0.866953	62	308	750	466	9	3	50
uniq_110803	AF385515.1	0.849785	70	315	774	466	9	3	50
uniq_110807	AF385569.1	0.875536	58	302	761	466	9	3	50
uniq_110873	AF371887.1	0.819742	84	319	778	466	9	3	50
uniq_110963	AY429468.1	0.890558	51	304	763	466	9	3	50
uniq_110991	DQ905554.1	0.892704	50	319	783	466	9	3	50
uniq_111079	AF483625.1	0.896996	48	320	785	466	9	3	50
uniq_111168	AY188347.1	0.937768	29	317	781	466	9	3	50
uniq_111378	AY207063.1	0.918455	38	325	789	466	9	3	50
uniq_111395	X87758.1	0.888412	52	314	759	466	9	3	50
uniq_111510	X87758.1	0.905579	44	314	759	466	9	3	50
uniq_111582	AF385519.1	0.862661	64	320	779	466	9	3	50
uniq_111611	X87758.1	0.912017	41	314	759	466	9	3	50
uniq_111651	EF512007.1	0.879828	56	313	777	466	9	3	50
uniq_111655	X87758.1	0.920601	37	314	759	466	9	3	50
uniq_111836	AF385518.1	0.832618	78	308	750	466	9	3	50
uniq_111884	EF510424.1	0.944206	26	332	796	466	9	3	50
uniq_112173	AF385566.1	0.963519	17	335	800	466	9	3	50
uniq_112202	AY008310.1	0.864807	63	318	777	466	9	3	50
uniq_112259	EF512007.1	0.914163	40	313	777	466	9	3	50
uniq_112265	AF385518.1	0.862661	64	308	750	466	9	3	50
uniq_112285	AM420197.1	0.877682	57	317	781	466	9	3	50
uniq_112333	AY008310.1	0.851931	69	318	777	466	9	3	50
uniq_112394	AF385566.1	0.969957	14	335	800	466	9	3	50
uniq_112611	AM277334.1	0.916309	39	323	787	466	9	3	50
uniq_112695	EF512007.1	0.881974	55	313	777	466	9	3	50
uniq_112781	AF432133.1	0.864807	63	320	779	466	9	3	50
uniq_112821	AF287777.1	0.879828	56	326	765	466	9	3	50
uniq_112920	AY278622.1	0.927039	34	335	800	466	9	3	50
uniq_112937	AM184270.1	0.965665	16	307	772	466	9	3	50
uniq_113057	EF511101.1	0.879828	56	313	777	466	9	3	50
uniq_113072	EU071472.1	0.918455	38	323	787	466	9	3	50
uniq_113086	EF512007.1	0.890558	51	313	777	466	9	3	50
uniq_113150	EF512007.1	0.929185	33	313	777	466	9	3	50
uniq_113334	AM396494.1	0.965665	16	307	772	466	9	3	50
uniq_113356	AY444989.1	0.875536	58	307	772	466	9	3	50
uniq_113382	AY005025.1	0.892704	50	313	777	466	9	3	50
uniq_113668	EF512007.1	0.905579	44	313	777	466	9	3	50
uniq_113703	AJ290754.1	0.877682	57	313	777	466	9	3	50
uniq_114122	AF385569.1	0.886266	53	302	761	466	9	3	50
uniq_114192	EF510383.1	0.965665	16	321	785	466	9	3	50
uniq_114209	Y13364.1	0.909871	42	323	787	466	9	3	50
uniq_114234	AF385519.1	0.845494	72	320	779	466	9	3	50
uniq_114321	EF510424.1	0.903433	45	332	796	466	9	3	50
uniq_114334	AY188347.1	0.860515	65	317	781	466	9	3	50
uniq_114490	DQ905554.1	0.924893	35	319	783	466	9	3	50
uniq_114579	EF512007.1	0.892704	50	313	777	466	9	3	50
uniq_114612	EF510424.1	0.873391	59	332	796	466	9	3	50
uniq_114735	AF385519.1	0.854077	68	320	779	466	9	3	50
uniq_115166	AB098612.1	0.939914	28	313	777	466	9	3	50
uniq_115183	EF512007.1	0.894850	49	313	777	466	9	3	50
uniq_115335	AY207053.1	0.869099	61	310	752	466	9	3	50
uniq_115466	AB018487.1	0.944206	26	319	784	466	9	3	50
uniq_115523	AF432138.1	0.866953	62	308	750	466	9	3	50
uniq_115578	AY188347.1	0.873391	59	317	781	466	9	3	50
uniq_115671	AY349384.1	0.854077	68	308	753	466	9	3	50
uniq_115777	AF385566.1	0.942060	27	335	800	466	9	3	50
uniq_116100	AJ617860.1	0.954936	21	322	787	466	9	3	50
uniq_116209	AY485605.1	0.924893	35	319	783	466	9	3	50
uniq_116221	AY278618.1	0.886266	53	326	765	466	9	3	50
uniq_116341	AF385519.1	0.847639	71	320	779	466	9	3	50
uniq_116682	AY349393.1	0.866953	62	320	779	466	9	3	50
uniq_116698	AF385571.1	0.860515	65	307	746	466	9	3	50
uniq_116813	AF385566.1	0.935622	30	335	800	466	9	3	50
uniq_117010	EF511070.1	0.871245	60	319	783	466	9	3	50
uniq_117239	X87758.1	0.892704	50	314	759	466	9	3	50
uniq_117373	EF510424.1	0.871245	60	332	796	466	9	3	50
uniq_117494	AY349374.1	0.912017	41	327	779	466	9	3	50
uniq_117514	AJ576364.1	0.931330	32	317	782	466	9	3	50
uniq_117711	AY485604.1	0.851931	69	319	783	466	9	3	50
uniq_117771	EF510383.1	0.918455	38	321	785	466	9	3	50
uniq_117964	AY207050.1	0.866953	62	320	779	466	9	3	50
uniq_117967	AY188347.1	0.873391	59	317	781	466	9	3	50
uniq_118063	AY278622.1	0.944206	26	335	800	466	9	3	50
uniq_118174	AY032601.1	0.907725	43	319	784	466	9	3	50
uniq_118571	D45057.1	0.881974	55	311	755	466	9	3	50
uniq_118627	EF511101.1	0.922747	36	313	777	466	9	3	50
uniq_118640	AF139203.1	0.961373	18	314	779	466	9	3	50
uniq_118711	AF543288.1	0.907725	43	322	783	466	9	3	50
uniq_118930	AY278622.1	0.922747	36	335	800	466	9	3	50
uniq_118997	AF385510.1	0.892704	50	326	765	466	9	3	50
uniq_119214	AY207053.1	0.879828	56	310	752	466	9	3	50
uniq_119281	EF512007.1	0.884120	54	313	777	466	9	3	50
uniq_119573	AF432136.1	0.884120	54	319	783	466	9	3	50
uniq_120154	X84437.1	0.894850	49	307	754	466	9	3	50
uniq_121874	DQ833468.1	0.965665	16	322	787	466	9	3	50
uniq_122362	DQ453810.1	0.886266	53	307	771	466	9	3	50
uniq_127134	AB240367.1	0.969957	14	320	784	466	9	3	50
uniq_128266	EU373427.1	0.957082	20	307	772	466	9	3	50
uniq_129769	AB244473.1	0.969957	14	313	777	466	9	3	50
uniq_129870	AY263477.1	0.984979	7	306	770	466	9	3	50
uniq_130174	X84437.1	0.894850	49	307	754	466	9	3	50
uniq_132140	DQ768111.1	0.849785	70	321	784	466	9	3	50
uniq_133055	AB020207.1	0.969957	14	307	772	466	9	3	50
uniq_133581	AY188347.1	0.877682	57	317	781	466	9	3	50
uniq_135383	AY131216.1	0.920601	37	315	778	466	9	3	50
uniq_136515	AJ002814.1	0.918455	38	315	779	466	9	3	50
uniq_136554	AF382396.1	0.942060	27	323	788	466	9	3	50
uniq_137347	AF326372.1	0.896996	48	320	785	466	9	3	50
uniq_13749	AY349395.1	0.864807	63	320	779	466	9	3	50
uniq_139287	X84441.1	0.892704	50	312	763	466	9	3	50
uniq_140139	AY445131.1	0.815451	86	332	796	466	9	3	50
uniq_140212	AF538861.1	0.811159	88	330	794	466	9	3	50
uniq_140297	AF432136.1	0.873391	59	319	783	466	9	3	50
uniq_140336	AY612844.1	0.817597	85	317	781	466	9	3	50
uniq_140377	AY485605.1	0.896996	48	319	783	466	9	3	50
uniq_140438	U65583.1	0.877682	57	315	779	466	9	3	50
uniq_140440	DQ325537.1	0.832618	78	314	756	466	9	3	50
uniq_140481	AF385566.1	0.884120	54	335	800	466	9	3	50
uniq_140589	EF512007.1	0.912017	41	313	777	466	9	3	50
uniq_140681	AY278622.1	0.935622	30	335	800	466	9	3	50
uniq_140699	EF510424.1	0.832618	78	332	796	466	9	3	50
uniq_140946	AB076677.1	0.869099	61	310	750	466	9	3	50
uniq_140958	EF510424.1	0.839056	75	332	796	466	9	3	50
uniq_141345	AB076677.1	0.856223	67	310	750	466	9	3	50
uniq_141518	AY278618.1	0.894850	49	326	765	466	9	3	50
uniq_141541	EU071472.1	0.931330	32	323	787	466	9	3	50
uniq_141556	AB108825.1	0.879828	56	318	777	466	9	3	50
uniq_141670	AF385566.1	0.830472	79	335	800	466	9	3	50
uniq_141768	AY188347.1	0.871245	60	317	781	466	9	3	50
uniq_141861	AY008313.1	0.875536	58	318	777	466	9	3	50
uniq_141879	AF385566.1	0.963519	17	335	800	466	9	3	50
uniq_141989	EF512007.1	0.892704	50	313	777	466	9	3	50
uniq_142002	AF481224.1	0.929185	33	334	798	466	9	3	50
uniq_142056	AY445131.1	0.828326	80	332	796	466	9	3	50
uniq_142148	AY485604.1	0.884120	54	319	783	466	9	3	50
uniq_142162	AY349414.1	0.879828	56	317	780	466	9	3	50
uniq_142219	AY278621.1	0.875536	58	308	750	466	9	3	50
uniq_142222	AF385566.1	0.959227	19	335	800	466	9	3	50
uniq_142262	AF016390.1	0.894850	49	321	785	466	9	3	50
uniq_142408	AF287794.1	0.809013	89	324	788	466	9	3	50
uniq_142577	EF510424.1	0.892704	50	332	796	466	9	3	50
uniq_142618	EF510424.1	0.879828	56	332	796	466	9	3	50
uniq_142625	AF385566.1	0.903433	45	335	800	466	9	3	50
uniq_142714	AF481222.1	0.871245	60	325	764	466	9	3	50
uniq_142813	AJ290758.1	0.924893	35	313	777	466	9	3	50
uniq_142934	AY188347.1	0.907725	43	317	781	466	9	3	50
uniq_142940	AF201981.1	0.888412	52	327	766	466	9	3	50
uniq_142956	AY278622.1	0.905579	44	335	800	466	9	3	50
uniq_143012	AF385495.1	0.845494	72	328	792	466	9	3	50
uniq_143123	AY008310.1	0.873391	59	318	777	466	9	3	50
uniq_143160	AY278618.1	0.881974	55	326	765	466	9	3	50
uniq_143176	EF512007.1	0.901288	46	313	777	466	9	3	50
uniq_143214	AY032601.1	0.901288	46	319	784	466	9	3	50
uniq_143277	AJ576364.1	0.954936	21	317	782	466	9	3	50
uniq_143322	EU071472.1	0.894850	49	323	787	466	9	3	50
uniq_143327	DQ905554.1	0.836910	76	319	783	466	9	3	50
uniq_143491	EF512007.1	0.877682	57	313	777	466	9	3	50
uniq_143509	AY188347.1	0.866953	62	317	781	466	9	3	50
uniq_143523	AF385519.1	0.839056	75	320	779	466	9	3	50
uniq_143545	AB076677.1	0.858369	66	310	750	466	9	3	50
uniq_143808	AF385564.1	0.871245	60	320	779	466	9	3	50
uniq_144002	AF543275.1	0.879828	56	317	776	466	9	3	50
uniq_144605	EF510424.1	0.965665	16	332	796	466	9	3	50
uniq_144615	EF510424.1	0.830472	79	332	796	466	9	3	50
uniq_144849	EF510424.1	0.849785	70	332	796	466	9	3	50
uniq_144863	EF512007.1	0.858369	66	313	777	466	9	3	50
uniq_145221	AF481224.1	0.909871	42	334	798	466	9	3	50
uniq_145512	AF009501.1	0.819742	84	327	791	466	9	3	50
uniq_145630	AF481222.1	0.890558	51	325	764	466	9	3	50
uniq_145712	AF328155.1	0.879828	56	313	777	466	9	3	50
uniq_145806	AF543297.1	0.871245	60	316	775	466	9	3	50
uniq_145872	AF385566.1	0.957082	20	335	800	466	9	3	50
uniq_145906	AF543275.1	0.871245	60	317	776	466	9	3	50
uniq_14604	AF481230.1	0.903433	45	319	783	466	9	3	50
uniq_146129	AY445131.1	0.824034	82	332	796	466	9	3	50
uniq_146205	AY326601.1	0.866953	62	281	720	466	9	3	50
uniq_146255	AF385521.1	0.886266	53	314	771	466	9	3	50
uniq_146264	AF385566.1	0.959227	19	335	800	466	9	3	50
uniq_146523	EF510424.1	0.924893	35	332	796	466	9	3	50
uniq_146602	AY278622.1	0.890558	51	335	800	466	9	3	50
uniq_147014	EF512007.1	0.892704	50	313	777	466	9	3	50
uniq_147116	EF511070.1	0.854077	68	319	783	466	9	3	50
uniq_147138	EU071472.1	0.905579	44	323	787	466	9	3	50
uniq_147171	EF510424.1	0.830472	79	332	796	466	9	3	50
uniq_147192	AJ576364.1	0.922747	36	317	782	466	9	3	50
uniq_147384	AB076677.1	0.847639	71	310	750	466	9	3	50
uniq_147399	AY612844.1	0.944206	26	317	781	466	9	3	50
uniq_147489	EF512007.1	0.890558	51	313	777	466	9	3	50
uniq_147529	AF287770.1	0.907725	43	325	763	466	9	3	50
uniq_147642	AF385571.1	0.849785	70	307	746	466	9	3	50
uniq_147645	EF510424.1	0.875536	58	332	796	466	9	3	50
uniq_147676	EF510383.1	0.890558	51	321	785	466	9	3	50
uniq_147873	EF512007.1	0.892704	50	313	777	466	9	3	50
uniq_147944	AY485605.1	0.843348	73	319	783	466	9	3	50
uniq_148147	AF385518.1	0.864807	63	308	750	466	9	3	50
uniq_148284	AY349403.1	0.884120	54	328	792	466	9	3	50
uniq_148680	AF385519.1	0.871245	60	320	779	466	9	3	50
uniq_148731	DQ348071.1	0.903433	45	320	784	466	9	3	50
uniq_148844	AF201981.1	0.877682	57	327	766	466	9	3	50
uniq_148861	AF385509.1	0.851931	69	318	777	466	9	3	50
uniq_148871	EF510424.1	0.856223	67	332	796	466	9	3	50
uniq_149128	EF510424.1	0.892704	50	332	796	466	9	3	50
uniq_149136	AF385519.1	0.862661	64	320	779	466	9	3	50
uniq_149195	Z95731.1	0.843348	73	323	788	466	9	3	50
uniq_149334	EF510424.1	0.866953	62	332	796	466	9	3	50
uniq_149503	AY349403.1	0.927039	34	328	792	466	9	3	50
uniq_150019	AY485604.1	0.864807	63	319	783	466	9	3	50
uniq_150149	EF510424.1	0.903433	45	332	796	466	9	3	50
uniq_150413	AB098612.1	0.907725	43	313	777	466	9	3	50
uniq_150585	AY008310.1	0.847639	71	318	777	466	9	3	50
uniq_150612	AB108825.1	0.847639	71	318	777	466	9	3	50
uniq_150758	AF385519.1	0.828326	80	320	779	466	9	3	50
uniq_150786	AB098612.1	0.860515	65	313	777	466	9	3	50
uniq_150846	AF385566.1	0.879828	56	335	800	466	9	3	50
uniq_150855	AY429468.1	0.879828	56	304	763	466	9	3	50
uniq_150877	AF201981.1	0.888412	52	327	766	466	9	3	50
uniq_151078	EF510424.1	0.834764	77	332	796	466	9	3	50
uniq_151125	AB108826.1	0.869099	61	318	777	466	9	3	50
uniq_151212	AY188347.1	0.892704	50	317	781	466	9	3	50
uniq_151221	AY278622.1	0.959227	19	335	800	466	9	3	50
uniq_151284	EF510424.1	0.907725	43	332	796	466	9	3	50
uniq_151285	AF385519.1	0.879828	56	320	779	466	9	3	50
uniq_151332	EF510424.1	0.907725	43	332	796	466	9	3	50
uniq_151684	AF385566.1	0.824034	82	335	800	466	9	3	50
uniq_152084	AF385566.1	0.890558	51	335	800	466	9	3	50
uniq_152095	AF432138.1	0.860515	65	308	750	466	9	3	50
uniq_152344	EF510424.1	0.918455	38	332	796	466	9	3	50
uniq_152512	AB166775.1	0.849785	70	319	783	466	9	3	50
uniq_152654	AB108825.1	0.843348	73	318	777	466	9	3	50
uniq_152722	EF510424.1	0.924893	35	332	796	466	9	3	50
uniq_152840	AY188347.1	0.875536	58	317	781	466	9	3	50
uniq_152985	AF385511.1	0.877682	57	320	779	466	9	3	50
uniq_153149	EF512007.1	0.912017	41	313	777	466	9	3	50
uniq_153175	AF385566.1	0.950644	23	335	800	466	9	3	50
uniq_153673	AY429468.1	0.873391	59	304	763	466	9	3	50
uniq_153686	EF510177.1	0.933476	31	307	772	466	9	3	50
uniq_153765	AF385566.1	0.886266	53	335	800	466	9	3	50
uniq_153828	AY008691.1	0.875536	58	317	776	466	9	3	50
uniq_153969	AF385566.1	0.843348	73	335	800	466	9	3	50
uniq_154323	EF510424.1	0.937768	29	332	796	466	9	3	50
uniq_154852	AF219234.1	0.858369	66	313	753	466	9	3	50
uniq_154898	AF056337.1	0.881974	55	319	783	466	9	3	50
uniq_154936	AJ576328.1	0.931330	32	317	782	466	9	3	50
uniq_154966	AF432136.1	0.954936	21	319	783	466	9	3	50
uniq_155094	EF510424.1	0.849785	70	332	796	466	9	3	50
uniq_155119	AY485605.1	0.896996	48	319	783	466	9	3	50
uniq_155139	AY005025.1	0.942060	27	313	777	466	9	3	50
uniq_155278	AY278611.1	0.914163	40	314	771	466	9	3	50
uniq_155422	AY349393.1	0.854077	68	320	779	466	9	3	50
uniq_155486	AF385563.1	0.869099	61	318	760	466	9	3	50
uniq_155582	AY188347.1	0.879828	56	317	781	466	9	3	50
uniq_155671	AY278622.1	0.931330	32	335	800	466	9	3	50
uniq_155757	EF510424.1	0.828326	80	332	796	466	9	3	50
uniq_156231	AY349380.1	0.886266	53	313	777	466	9	3	50
uniq_156552	AY278622.1	0.924893	35	335	800	466	9	3	50
uniq_156612	AB108826.1	0.871245	60	318	777	466	9	3	50
uniq_156732	AF385566.1	0.974249	12	335	800	466	9	3	50
uniq_156738	AY485604.1	0.843348	73	319	783	466	9	3	50
uniq_157139	AF385566.1	0.912017	41	335	800	466	9	3	50
uniq_157157	EF510424.1	0.860515	65	332	796	466	9	3	50
uniq_157251	AB108825.1	0.869099	61	318	777	466	9	3	50
uniq_157698	AY188347.1	0.881974	55	317	781	466	9	3	50
uniq_157836	EF510424.1	0.920601	37	332	796	466	9	3	50
uniq_157910	EF510424.1	0.813305	87	332	796	466	9	3	50
uniq_158067	EF510424.1	0.856223	67	332	796	466	9	3	50
uniq_158196	AY349393.1	0.856223	67	320	779	466	9	3	50
uniq_158303	AJ576364.1	0.920601	37	317	782	466	9	3	50
uniq_158361	EF510424.1	0.920601	37	332	796	466	9	3	50
uniq_158549	AF487886.1	0.849785	70	318	777	466	9	3	50
uniq_158649	EU071472.1	0.879828	56	323	787	466	9	3	50
uniq_158696	AF287770.1	0.894850	49	325	763	466	9	3	50
uniq_158874	EF510424.1	0.892704	50	332	796	466	9	3	50
uniq_159055	AF016390.1	0.899142	47	321	785	466	9	3	50
uniq_159228	AF385566.1	0.961373	18	335	800	466	9	3	50
uniq_159418	EF510424.1	0.957082	20	332	797	466	9	3	50
uniq_159442	AF221062.1	0.890558	51	319	783	466	9	3	50
uniq_159577	D16144.1	0.888412	52	281	720	466	9	3	50
uniq_159632	EF512007.1	0.939914	28	313	777	466	9	3	50
uniq_159683	AB015542.1	0.796137	95	314	754	466	9	3	50
uniq_159842	AY485604.1	0.896996	48	319	783	466	9	3	50
uniq_160019	EU071472.1	0.939914	28	323	787	466	9	3	50
uniq_160046	EF512007.1	0.896996	48	313	777	466	9	3	50
uniq_160114	EF512007.1	0.864807	63	313	777	466	9	3	50
uniq_160167	EF510424.1	0.916309	39	332	796	466	9	3	50
uniq_160241	AB108826.1	0.873391	59	318	777	466	9	3	50
uniq_160889	AF385571.1	0.843348	73	307	746	466	9	3	50
uniq_160958	EU071543.1	0.886266	53	298	740	466	9	3	50
uniq_161195	AJ576364.1	0.946352	25	317	782	466	9	3	50
uniq_161208	AY008309.1	0.871245	60	308	750	466	9	3	50
uniq_161824	AY207057.1	0.877682	57	318	778	466	9	3	50
uniq_161987	EF511070.1	0.965665	16	319	783	466	9	3	50
uniq_162378	AF487729.1	0.916309	39	307	771	466	9	3	50
uniq_162521	DQ325537.1	0.871245	60	314	756	466	9	3	50
uniq_162547	AJ290758.1	0.888412	52	313	777	466	9	3	50
uniq_162619	AJ290758.1	0.969957	14	312	777	466	9	3	50
uniq_162650	AY188347.1	0.907725	43	317	781	466	9	3	50
uniq_162712	AF385566.1	0.942060	27	335	800	466	9	3	50
uniq_162818	AY005069.1	0.864807	63	318	778	466	9	3	50
uniq_163120	EF512007.1	0.922747	36	313	777	466	9	3	50
uniq_163467	EF512007.1	0.864807	63	313	777	466	9	3	50
uniq_163660	EF510424.1	0.888412	52	332	796	466	9	3	50
uniq_164007	AY959014.1	0.894850	49	322	786	466	9	3	50
uniq_164212	DQ325537.1	0.834764	77	314	756	466	9	3	50
uniq_164305	X87758.1	0.890558	51	314	759	466	9	3	50
uniq_164307	AY005033.1	0.888412	52	313	777	466	9	3	50
uniq_164312	X87758.1	0.899142	47	314	759	466	9	3	50
uniq_164715	DQ394978.1	0.989270	5	322	787	466	9	3	50
uniq_164990	AY369250.1	0.991416	4	317	781	466	9	3	50
uniq_165289	AB018487.1	0.967811	15	319	784	466	9	3	50
uniq_165428	EF510424.1	0.918455	38	330	796	466	9	3	50
uniq_165575	X87758.1	0.866953	62	314	759	466	9	3	50
uniq_165632	AF139203.1	0.961373	18	314	779	466	9	3	50
uniq_16622	AB108826.1	0.864807	63	318	777	466	9	3	50
uniq_166501	EU071543.1	0.871245	60	298	741	466	9	3	50
uniq_167141	EF510383.1	0.933476	31	321	785	466	9	3	50
uniq_167196	AF182834.1	0.875536	58	315	779	466	9	3	50
uniq_167277	D83364.1	0.931330	32	320	784	466	9	3	50
uniq_167301	AY188347.1	0.907725	43	317	781	466	9	3	50
uniq_167990	EF511070.1	0.879828	56	319	783	466	9	3	50
uniq_168194	AF541966.1	0.905579	44	321	786	466	9	3	50
uniq_168323	AF385569.1	0.881974	55	302	761	466	9	3	50
uniq_168347	AF287794.1	0.974249	12	324	788	466	9	3	50
uniq_168610	AM696931.1	0.903433	45	322	786	466	9	3	50
uniq_169779	AY188347.1	0.875536	58	317	781	466	9	3	50
uniq_169826	AB018487.1	0.959227	19	319	784	466	9	3	50
uniq_170584	AY277938.1	0.944206	26	327	791	466	9	3	50
uniq_170961	AB076677.1	0.856223	67	310	750	466	9	3	50
uniq_171585	EF512007.1	0.927039	34	313	777	466	9	3	50
uniq_171703	U43698.1	0.851931	69	317	777	466	9	3	50
uniq_171800	AY188347.1	0.892704	50	317	781	466	9	3	50
uniq_171802	AY188347.1	0.890558	51	317	781	466	9	3	50
uniq_171887	AF481230.1	0.841202	74	319	783	466	9	3	50
uniq_172207	AB108826.1	0.866953	62	318	777	466	9	3	50
uniq_172390	EU071472.1	0.909871	42	323	787	466	9	3	50
uniq_172465	X87758.1	0.901288	46	314	759	466	9	3	50
uniq_172557	AF481230.1	0.888412	52	319	783	466	9	3	50
uniq_172691	AF224306.1	0.890558	51	312	776	466	9	3	50
uniq_172796	AY008691.1	0.854077	68	317	776	466	9	3	50
uniq_172808	AY349369.1	0.888412	52	328	767	466	9	3	50
uniq_172917	DQ325537.1	0.851931	69	314	756	466	9	3	50
uniq_173240	AF023044.1	0.989270	5	313	777	466	9	3	50
uniq_173375	EU071472.1	0.896996	48	323	787	466	9	3	50
uniq_173401	AF385518.1	0.862661	64	308	750	466	9	3	50
uniq_173730	AF224306.1	0.903433	45	312	776	466	9	3	50
uniq_174002	AY005069.1	0.884120	54	318	778	466	9	3	50
uniq_174017	AM277334.1	0.909871	42	323	787	466	9	3	50
uniq_174115	AY188347.1	0.918455	38	317	781	466	9	3	50
uniq_174229	AY369249.1	0.899142	47	315	780	466	9	3	50
uniq_174625	AF481213.1	0.888412	52	309	751	466	9	3	50
uniq_175038	AF023044.1	0.871245	60	313	777	466	9	3	50
uniq_176063	AY349395.1	0.862661	64	320	779	466	9	3	50
uniq_176461	AF408260.1	0.839056	75	319	783	466	9	3	50
uniq_176499	AF385563.1	0.877682	57	318	760	466	9	3	50
uniq_176561	AM086107.1	0.939914	28	327	792	466	9	3	50
uniq_176847	AY278622.1	0.896996	48	335	800	466	9	3	50
uniq_176951	AF385566.1	0.920601	37	335	800	466	9	3	50
uniq_177090	AY485275.1	0.935622	30	319	784	466	9	3	50
uniq_177654	AM232806.1	0.834764	77	307	766	466	9	3	50
uniq_17788	AF385566.1	0.931330	32	335	800	466	9	3	50
uniq_177940	AF408260.1	0.888412	52	319	783	466	9	3	50
uniq_178022	AF385566.1	0.873391	59	335	800	466	9	3	50
uniq_178063	AM419984.1	0.879828	56	309	750	466	9	3	50
uniq_178493	EU670056.1	0.849785	70	320	779	466	9	3	50
uniq_17882	AF385566.1	0.937768	29	335	800	466	9	3	50
uniq_179170	AY008310.1	0.851931	69	318	777	466	9	3	50
uniq_179356	AF481206.1	0.864807	63	317	776	466	9	3	50
uniq_179574	AF287794.1	0.959227	19	324	788	466	9	3	50
uniq_180291	AY445131.1	0.826180	81	332	796	466	9	3	50
uniq_180482	AF287788.1	0.957082	20	336	800	466	9	3	50
uniq_180757	AF408263.1	0.929185	33	319	784	466	9	3	50
uniq_180768	EF512007.1	0.896996	48	313	777	466	9	3	50
uniq_180804	AF385577.1	0.886266	53	329	768	466	9	3	50
uniq_181257	AJ007800.1	0.901288	46	281	720	466	9	3	50
uniq_181519	AF385577.1	0.896996	48	329	768	466	9	3	50
uniq_181542	AY221039.1	0.901288	46	308	773	466	9	3	50
uniq_181564	AY278622.1	0.847639	71	335	800	466	9	3	50
uniq_181644	AY349374.1	0.890558	51	327	779	466	9	3	50
uniq_181929	Z95713.1	0.916309	39	323	788	466	9	3	50
uniq_182032	AY485605.1	0.845494	72	319	783	466	9	3	50
uniq_182034	AJ576328.1	0.952790	22	317	782	466	9	3	50
uniq_182187	AY278622.1	0.967811	15	335	800	466	9	3	50
uniq_183406	AJ315056.1	0.965665	16	335	800	466	9	3	50
uniq_184139	AB018487.1	0.967811	15	319	784	466	9	3	50
uniq_18446	EF510424.1	0.858369	66	332	796	466	9	3	50
uniq_184932	EF510177.1	0.933476	31	307	772	466	9	3	50
uniq_186810	AB018487.1	0.963519	17	319	784	466	9	3	50
uniq_187999	D83364.1	0.954936	21	320	784	466	9	3	50
uniq_191238	AM396934.1	0.963519	17	305	771	466	9	3	50
uniq_192305	AB238781.1	0.976395	11	324	789	466	9	3	50
uniq_19291	AB018487.1	0.961373	18	319	784	466	9	3	50
uniq_192942	X87758.1	0.890558	51	314	759	466	9	3	50
uniq_195038	AJ270451.1	0.892704	50	307	771	466	9	3	50
uniq_195312	EF032749.1	0.912017	41	327	792	466	9	3	50
uniq_197115	AB018487.1	0.914163	40	319	784	466	9	3	50
uniq_197587	AY008313.1	0.862661	64	318	777	466	9	3	50
uniq_197663	AF385565.1	0.864807	63	315	774	466	9	3	50
uniq_197668	EF510424.1	0.896996	48	332	796	466	9	3	50
uniq_197673	AM419984.1	0.871245	60	309	749	466	9	3	50
uniq_197697	AF385518.1	0.884120	54	308	750	466	9	3	50
uniq_197727	AF432136.1	0.864807	63	319	783	466	9	3	50
uniq_197755	EU071472.1	0.888412	52	323	787	466	9	3	50
uniq_197821	EF510383.1	0.914163	40	321	785	466	9	3	50
uniq_197881	AF385551.1	0.864807	63	320	779	466	9	3	50
uniq_198396	EF510383.1	0.890558	51	321	785	466	9	3	50
uniq_198432	AF385518.1	0.892704	50	308	750	466	9	3	50
uniq_198672	AF061009.1	0.952790	22	329	794	466	9	3	50
uniq_198897	AF432138.1	0.866953	62	308	750	466	9	3	50
uniq_199078	AY485605.1	0.916309	39	319	783	466	9	3	50
uniq_199095	EU071472.1	0.918455	38	323	787	466	9	3	50
uniq_199344	AF385518.1	0.866953	62	308	750	466	9	3	50
uniq_19977	AY177794.1	0.946352	25	326	791	466	9	3	50
uniq_199795	AF287785.1	0.982833	8	334	799	466	9	3	50
uniq_199831	AY485605.1	0.931330	32	319	783	466	9	3	50
uniq_199925	AY188328.1	0.873391	59	313	752	466	9	3	50
uniq_199996	AF385519.1	0.843348	73	320	779	466	9	3	50
uniq_200158	AY485605.1	0.886266	53	319	783	466	9	3	50
uniq_200178	AY485604.1	0.856223	67	319	783	466	9	3	50
uniq_200242	AF432136.1	0.869099	61	319	783	466	9	3	50
uniq_200466	EU071472.1	0.927039	34	323	787	466	9	3	50
uniq_200485	X89377.1	0.896996	48	316	780	466	9	3	50
uniq_200567	AF385569.1	0.907725	43	302	761	466	9	3	50
uniq_200981	EF510424.1	0.879828	56	332	796	466	9	3	50
uniq_201001	AY278622.1	0.939914	28	335	800	466	9	3	50
uniq_201013	AF385494.1	0.884120	54	302	760	466	9	3	50
uniq_201924	DQ378240.1	0.967811	15	324	789	466	9	3	50
uniq_202042	EU670056.1	0.854077	68	320	779	466	9	3	50
uniq_202046	AF385519.1	0.847639	71	320	779	466	9	3	50
uniq_202502	EF510424.1	0.871245	60	332	796	466	9	3	50
uniq_202584	AF385551.1	0.871245	60	320	779	466	9	3	50
uniq_202780	AJ290758.1	0.862661	64	313	777	466	9	3	50
uniq_203235	EF510424.1	0.886266	53	332	796	466	9	3	50
uniq_203372	AB021402.1	0.903433	45	309	773	466	9	3	50
uniq_203642	DQ905554.1	0.884120	54	319	783	466	9	3	50
uniq_203975	AY207050.1	0.845494	72	320	779	466	9	3	50
uniq_204433	AY485605.1	0.881974	55	319	783	466	9	3	50
uniq_204737	AF432136.1	0.847639	71	319	783	466	9	3	50
uniq_204772	AY612844.1	0.866953	62	317	781	466	9	3	50
uniq_205061	AY008691.1	0.845494	72	317	776	466	9	3	50
uniq_205318	AB108825.1	0.843348	73	318	777	466	9	3	50
uniq_205541	AF432138.1	0.881974	55	308	750	466	9	3	50
uniq_206118	AF432136.1	0.864807	63	319	783	466	9	3	50
uniq_206232	AF139203.1	0.950644	23	314	779	466	9	3	50
uniq_206709	AY278621.1	0.890558	51	308	750	466	9	3	50
uniq_207105	AF385565.1	0.873391	59	315	774	466	9	3	50
uniq_207180	EU071472.1	0.922747	36	323	787	466	9	3	50
uniq_207250	AY207060.1	0.879828	56	322	763	466	9	3	50
uniq_207387	AF224306.1	0.905579	44	312	776	466	9	3	50
uniq_207439	AF385569.1	0.892704	50	302	761	466	9	3	50
uniq_207490	AB240264.1	0.942060	27	323	788	466	9	3	50
uniq_207601	DQ520899.1	0.847639	71	321	784	466	9	3	50
uniq_207696	EF510424.1	0.854077	68	332	796	466	9	3	50
uniq_207779	AF371887.1	0.821888	83	319	778	466	9	3	50
uniq_207789	EF510424.1	0.946352	25	330	796	466	9	3	50
uniq_207800	AJ290758.1	0.916309	39	313	777	466	9	3	50
uniq_207824	AY278613.1	0.884120	54	308	767	466	9	3	50
uniq_208077	AM419984.1	0.871245	60	309	749	466	9	3	50
uniq_208100	EF510424.1	0.894850	49	332	796	466	9	3	50
uniq_208301	AY349374.1	0.884120	54	327	779	466	9	3	50
uniq_208491	EF510383.1	0.914163	40	321	785	466	9	3	50
uniq_208859	AF355627.1	0.961373	18	320	784	466	9	3	50
uniq_209341	EF511101.1	0.869099	61	313	777	466	9	3	50
uniq_210166	AF328156.1	0.890558	51	313	777	466	9	3	50
uniq_210286	EF510424.1	0.901288	46	332	796	466	9	3	50
uniq_210384	AY485605.1	0.864807	63	319	783	466	9	3	50
uniq_210599	EF512007.1	0.927039	34	313	777	466	9	3	50
uniq_210711	AY349407.1	0.862661	64	332	796	466	9	3	50
uniq_210712	AF543280.1	0.884120	54	314	758	466	9	3	50
uniq_210728	EF512007.1	0.881974	55	313	777	466	9	3	50
uniq_210819	Y13364.1	0.903433	45	323	787	466	9	3	50
uniq_211071	AF385561.1	0.879828	56	318	777	466	9	3	50
uniq_211227	EF510424.1	0.918455	38	332	796	466	9	3	50
uniq_211515	AF183404.1	0.860515	65	320	779	466	9	3	50
uniq_211696	AY278618.1	0.901288	46	326	765	466	9	3	50
uniq_212529	DQ905554.1	0.864807	63	319	783	466	9	3	50
uniq_212949	EF510424.1	0.918455	38	332	796	466	9	3	50
uniq_212984	AM277334.1	0.907725	43	323	787	466	9	3	50
uniq_213317	D30793.1	0.901288	46	307	771	466	9	3	50
uniq_213423	EF510424.1	0.854077	68	332	796	466	9	3	50
uniq_213922	AY349385.1	0.888412	52	308	750	466	9	3	50
uniq_214068	AF385518.1	0.875536	58	308	750	466	9	3	50
uniq_214549	AF003931.1	0.854077	68	327	791	466	9	3	50
uniq_214773	AY188347.1	0.854077	68	317	781	466	9	3	50
uniq_214839	DQ411812.1	0.890558	51	329	794	466	9	3	50
uniq_215723	U65583.1	0.884120	54	315	779	466	9	3	50
uniq_216302	U57068.1	0.888412	52	313	777	466	9	3	50
uniq_216503	EF510383.1	0.920601	37	321	785	466	9	3	50
uniq_21651	AF385566.1	0.957082	20	335	800	466	9	3	50
uniq_216855	AF287770.1	0.875536	58	325	763	466	9	3	50
uniq_216952	AF432134.1	0.899142	47	319	783	466	9	3	50
uniq_216980	EF512007.1	0.905579	44	313	777	466	9	3	50
uniq_217089	AF385519.1	0.851931	69	320	779	466	9	3	50
uniq_217326	DQ448852.1	0.886266	53	281	720	466	9	3	50
uniq_218275	AY369250.1	0.871245	60	317	781	466	9	3	50
uniq_218553	AJ576364.1	0.946352	25	317	782	466	9	3	50
uniq_218708	AY278611.1	0.884120	54	314	771	466	9	3	50
uniq_218812	AY008312.1	0.886266	53	308	766	466	9	3	50
uniq_219262	AF385550.1	0.914163	40	317	781	466	9	3	50
uniq_219884	EF510424.1	0.858369	66	332	796	466	9	3	50
uniq_220240	EF510424.1	0.899142	47	332	796	466	9	3	50
uniq_220241	AY278622.1	0.899142	47	335	800	466	9	3	50
uniq_220432	AY349403.1	0.854077	68	328	792	466	9	3	50
uniq_220463	AY032601.1	0.884120	54	319	784	466	9	3	50
uniq_220474	AF385550.1	0.896996	48	317	781	466	9	3	50
uniq_220766	EF510424.1	0.888412	52	332	796	466	9	3	50
uniq_221121	AY485605.1	0.892704	50	319	783	466	9	3	50
uniq_221123	EF510424.1	0.871245	60	332	796	466	9	3	50
uniq_221138	AB108826.1	0.856223	67	318	777	466	9	3	50
uniq_221147	AB076677.1	0.871245	60	310	750	466	9	3	50
uniq_221195	AF201981.1	0.862661	64	327	766	466	9	3	50
uniq_221334	AF385519.1	0.843348	73	320	779	466	9	3	50
uniq_221491	EU670056.1	0.847639	71	320	779	466	9	3	50
uniq_221568	AY485605.1	0.881974	55	319	783	466	9	3	50
uniq_221576	X89377.1	0.869099	61	316	780	466	9	3	50
uniq_221839	AF481222.1	0.890558	51	325	764	466	9	3	50
uniq_221981	AM419984.1	0.851931	69	309	749	466	9	3	50
uniq_222018	AF385566.1	0.963519	17	335	800	466	9	3	50
uniq_222042	AY008309.1	0.847639	71	308	750	466	9	3	50
uniq_22212	EU670056.1	0.862661	64	320	779	466	9	3	50
uniq_222158	EF512007.1	0.896996	48	313	777	466	9	3	50
uniq_222284	AY349403.1	0.851931	69	328	792	466	9	3	50
uniq_222372	AF287816.1	0.871245	60	307	749	466	9	3	50
uniq_222374	AY349403.1	0.916309	39	328	792	466	9	3	50
uniq_222378	EF510424.1	0.866953	62	332	796	466	9	3	50
uniq_222485	AY008691.1	0.851931	69	317	776	466	9	3	50
uniq_222510	AY207053.1	0.854077	68	310	752	466	9	3	50
uniq_222700	AY008309.1	0.875536	58	308	750	466	9	3	50
uniq_222914	AF385577.1	0.886266	53	329	768	466	9	3	50
uniq_223076	EF510424.1	0.942060	27	332	796	466	9	3	50
uniq_223590	EF511101.1	0.873391	59	313	777	466	9	3	50
uniq_223757	AY341820.1	0.935622	30	324	788	466	9	3	50
uniq_223929	EU071472.1	0.905579	44	323	787	466	9	3	50
uniq_224604	AY349374.1	0.907725	43	327	779	466	9	3	50
uniq_224758	AF287783.1	0.989270	5	334	799	466	9	3	50
uniq_224782	AY349403.1	0.856223	67	328	792	466	9	3	50
uniq_224986	AF385566.1	0.886266	53	335	800	466	9	3	50
uniq_225419	AY485605.1	0.841202	74	319	783	466	9	3	50
uniq_225537	EF510424.1	0.851931	69	332	796	466	9	3	50
uniq_225574	AF139203.1	0.959227	19	314	779	466	9	3	50
uniq_225578	AY278622.1	0.888412	52	335	800	466	9	3	50
uniq_225683	EF510424.1	0.916309	39	332	796	466	9	3	50
uniq_225738	AF385566.1	0.972103	13	335	800	466	9	3	50
uniq_225754	U43698.1	0.871245	60	317	777	466	9	3	50
uniq_225789	EU670056.1	0.841202	74	320	779	466	9	3	50
uniq_226195	AY349403.1	0.942060	27	328	792	466	9	3	50
uniq_226255	EF510424.1	0.905579	44	332	796	466	9	3	50
uniq_226341	AF385563.1	0.894850	49	318	760	466	9	3	50
uniq_226454	AF287793.1	0.901288	46	323	787	466	9	3	50
uniq_226489	AB108826.1	0.854077	68	318	777	466	9	3	50
uniq_226542	EF510424.1	0.933476	31	332	796	466	9	3	50
uniq_226595	AF385497.1	0.939914	28	324	788	466	9	3	50
uniq_227038	AY349374.1	0.899142	47	327	779	466	9	3	50
uniq_227076	EF510424.1	0.886266	53	332	796	466	9	3	50
uniq_227211	AY278622.1	0.890558	51	335	800	466	9	3	50
uniq_227240	AY349393.1	0.858369	66	320	779	466	9	3	50
uniq_227305	EU670056.1	0.866953	62	320	779	466	9	3	50
uniq_227318	AF385563.1	0.888412	52	318	760	466	9	3	50
uniq_227351	AY485604.1	0.864807	63	319	783	466	9	3	50
uniq_227472	EF511101.1	0.912017	41	313	777	466	9	3	50
uniq_227728	AF385518.1	0.890558	51	308	750	466	9	3	50
uniq_227738	AF543275.1	0.875536	58	317	776	466	9	3	50
uniq_227868	AY349395.1	0.886266	53	320	779	466	9	3	50
uniq_227899	EF510424.1	0.869099	61	332	796	466	9	3	50
uniq_227903	AF385566.1	0.935622	30	335	800	466	9	3	50
uniq_228054	AY278621.1	0.877682	57	308	750	466	9	3	50
uniq_228272	AY178635.1	0.886266	53	329	782	466	9	3	50
uniq_228301	AF385519.1	0.832618	78	320	779	466	9	3	50
uniq_228345	AY005068.1	0.858369	66	318	778	466	9	3	50
uniq_228420	AF385564.1	0.851931	69	320	779	466	9	3	50
uniq_228483	EF510424.1	0.860515	65	332	796	466	9	3	50
uniq_228576	AF385566.1	0.843348	73	335	800	466	9	3	50
uniq_228765	AF385510.1	0.854077	68	326	765	466	9	3	50
uniq_228864	AJ421779.1	0.879828	56	323	780	466	9	3	50
uniq_228982	EF510424.1	0.929185	33	332	796	466	9	3	50
uniq_229449	AF385518.1	0.847639	71	308	750	466	9	3	50
uniq_229741	AB108826.1	0.869099	61	318	777	466	9	3	50
uniq_229856	EF510424.1	0.888412	52	332	796	466	9	3	50
uniq_229875	AY349384.1	0.849785	70	308	753	466	9	3	50
uniq_229894	AY188347.1	0.860515	65	317	781	466	9	3	50
uniq_230457	AY349405.1	0.939914	28	328	792	466	9	3	50
uniq_230466	EU670056.1	0.864807	63	320	779	466	9	3	50
uniq_230599	AF385566.1	0.869099	61	335	800	466	9	3	50
uniq_230707	AF385566.1	0.866953	62	335	800	466	9	3	50
uniq_230738	EU580141.1	0.860515	65	312	776	466	9	3	50
uniq_230823	AY278622.1	0.965665	16	335	800	466	9	3	50
uniq_230922	EF510424.1	0.886266	53	332	796	466	9	3	50
uniq_230988	AY349393.1	0.881974	55	320	779	466	9	3	50
uniq_231030	EU670056.1	0.858369	66	320	779	466	9	3	50
uniq_231140	AF385564.1	0.866953	62	320	779	466	9	3	50
uniq_231162	AF385566.1	0.937768	29	335	800	466	9	3	50
uniq_231192	EU670056.1	0.862661	64	320	779	466	9	3	50
uniq_231197	AF385566.1	0.916309	39	335	800	466	9	3	50
uniq_231472	EF510424.1	0.864807	63	332	796	466	9	3	50
uniq_231488	EF511070.1	0.937768	29	317	783	466	9	3	50
uniq_231759	AF385551.1	0.849785	70	320	779	466	9	3	50
uniq_231783	AF385510.1	0.890558	51	326	765	466	9	3	50
uniq_231801	EF510424.1	0.851931	69	332	796	466	9	3	50
uniq_231824	AF543275.1	0.894850	49	317	776	466	9	3	50
uniq_231856	AF224306.1	0.899142	47	312	776	466	9	3	50
uniq_231896	AF385519.1	0.843348	73	320	779	466	9	3	50
uniq_232014	EF510424.1	0.939914	28	332	796	466	9	3	50
uniq_232029	EF510424.1	0.916309	39	332	796	466	9	3	50
uniq_232232	EF510424.1	0.843348	73	332	796	466	9	3	50
uniq_232385	AY429468.1	0.824034	82	304	763	466	9	3	50
uniq_232575	AF287794.1	0.922747	36	324	788	466	9	3	50
uniq_232618	EF511101.1	0.839056	75	313	777	466	9	3	50
uniq_232722	EF510424.1	0.899142	47	332	796	466	9	3	50
uniq_232735	AF385566.1	0.929185	33	335	800	466	9	3	50
uniq_232844	AF385566.1	0.957082	20	335	800	466	9	3	50
uniq_232908	AY429468.1	0.901288	46	304	763	466	9	3	50
uniq_232911	AB076677.1	0.862661	64	310	750	466	9	3	50
uniq_233097	AB076677.1	0.871245	60	310	750	466	9	3	50
uniq_233182	EF510424.1	0.836910	76	332	796	466	9	3	50
uniq_233348	AY188347.1	0.866953	62	317	781	466	9	3	50
uniq_233422	AF385566.1	0.849785	70	335	800	466	9	3	50
uniq_233537	AF385521.1	0.884120	54	314	771	466	9	3	50
uniq_233701	AY349403.1	0.828326	80	328	792	466	9	3	50
uniq_233941	AF385563.1	0.849785	70	318	760	466	9	3	50
uniq_234185	AY278622.1	0.905579	44	335	800	466	9	3	50
uniq_234208	EF510424.1	0.927039	34	332	796	466	9	3	50
uniq_234306	AY008308.1	0.871245	60	315	774	466	9	3	50
uniq_234442	AJ576364.1	0.948498	24	317	782	466	9	3	50
uniq_234506	AF287794.1	0.862661	64	324	788	466	9	3	50
uniq_234507	AF385571.1	0.871245	60	307	746	466	9	3	50
uniq_234647	AF385518.1	0.871245	60	308	750	466	9	3	50
uniq_234866	AY349389.1	0.890558	51	326	765	466	9	3	50
uniq_235231	EU670056.1	0.875536	58	320	779	466	9	3	50
uniq_235375	AF385521.1	0.896996	48	314	771	466	9	3	50
uniq_235405	AF287816.1	0.866953	62	307	749	466	9	3	50
uniq_235575	AY349403.1	0.914163	40	328	792	466	9	3	50
uniq_235641	AF385563.1	0.901288	46	318	760	466	9	3	50
uniq_235891	AY349403.1	0.851931	69	328	792	466	9	3	50
uniq_235911	AY188347.1	0.909871	42	317	781	466	9	3	50
uniq_235974	EF510424.1	0.864807	63	332	796	466	9	3	50
uniq_236067	EF510424.1	0.901288	46	332	796	466	9	3	50
uniq_236176	AF385510.1	0.903433	45	326	765	466	9	3	50
uniq_236208	AF385519.1	0.843348	73	320	779	466	9	3	50
uniq_236242	AY278618.1	0.879828	56	326	765	466	9	3	50
uniq_236286	AY278611.1	0.845494	72	314	771	466	9	3	50
uniq_236291	AF543297.1	0.875536	58	316	775	466	9	3	50
uniq_236601	AF287794.1	0.849785	70	324	788	466	9	3	50
uniq_236776	AF287770.1	0.888412	52	325	763	466	9	3	50
uniq_236921	AF385566.1	0.918455	38	335	800	466	9	3	50
uniq_237000	AY278611.1	0.892704	50	314	771	466	9	3	50
uniq_237043	EU670056.1	0.879828	56	320	779	466	9	3	50
uniq_237224	EF510424.1	0.916309	39	332	796	466	9	3	50
uniq_237347	AB076677.1	0.862661	64	310	750	466	9	3	50
uniq_237371	EF510424.1	0.877682	57	332	796	466	9	3	50
uniq_237419	AM419984.1	0.875536	58	309	749	466	9	3	50
uniq_237644	AY349385.1	0.873391	59	308	750	466	9	3	50
uniq_237786	AY349385.1	0.875536	58	308	750	466	9	3	50
uniq_237872	AF385550.1	0.849785	70	317	781	466	9	3	50
uniq_238017	EF510424.1	0.869099	61	332	796	466	9	3	50
uniq_238072	AY230771.1	0.894850	49	325	764	466	9	3	50
uniq_238190	AY188347.1	0.860515	65	317	781	466	9	3	50
uniq_238254	AF219234.1	0.858369	66	313	753	466	9	3	50
uniq_238283	EF510424.1	0.860515	65	332	796	466	9	3	50
uniq_238341	EF510424.1	0.914163	40	332	796	466	9	3	50
uniq_238517	AY278611.1	0.834764	77	314	771	466	9	3	50
uniq_238618	EF510424.1	0.849785	70	332	796	466	9	3	50
uniq_239030	AY278622.1	0.875536	58	335	800	466	9	3	50
uniq_239171	AY005025.1	0.890558	51	313	777	466	9	3	50
uniq_239216	EU670056.1	0.858369	66	320	779	466	9	3	50
uniq_239226	AY349374.1	0.864807	63	327	779	466	9	3	50
uniq_239400	EU670056.1	0.856223	67	320	779	466	9	3	50
uniq_239406	AY188347.1	0.909871	42	317	781	466	9	3	50
uniq_239534	EF510424.1	0.939914	28	332	795	466	9	3	50
uniq_239764	AF385510.1	0.873391	59	326	765	466	9	3	50
uniq_239800	AY278622.1	0.864807	63	335	800	466	9	3	50
uniq_23998	AJ252143.1	0.967811	15	311	776	466	9	3	50
uniq_240073	AF385566.1	0.881974	55	335	800	466	9	3	50
uniq_240166	AF385551.1	0.858369	66	320	779	466	9	3	50
uniq_240198	EF510424.1	0.888412	52	332	796	466	9	3	50
uniq_240241	Y13366.1	0.905579	44	322	786	466	9	3	50
uniq_240277	AY207050.1	0.847639	71	320	779	466	9	3	50
uniq_240394	AY485605.1	0.839056	75	319	783	466	9	3	50
uniq_240403	AY278622.1	0.890558	51	335	800	466	9	3	50
uniq_240507	L14327.1	0.881974	55	322	786	466	9	3	50
uniq_240532	AF328155.1	0.888412	52	313	777	466	9	3	50
uniq_241145	AY485604.1	0.890558	51	319	783	466	9	3	50
uniq_241263	AF287804.1	0.851931	69	328	792	466	9	3	50
uniq_241356	EF510424.1	0.847639	71	332	796	466	9	3	50
uniq_241374	AY188347.1	0.907725	43	317	781	466	9	3	50
uniq_241623	AF385571.1	0.856223	67	307	746	466	9	3	50
uniq_241706	Y13365.1	0.918455	38	322	786	466	9	3	50
uniq_241877	EF511101.1	0.903433	45	313	777	466	9	3	50
uniq_242017	AF432136.1	0.918455	38	319	783	466	9	3	50
uniq_242404	AY278611.1	0.899142	47	314	771	466	9	3	50
uniq_242579	AY349403.1	0.894850	49	328	792	466	9	3	50
uniq_242698	AF385566.1	0.933476	31	335	800	466	9	3	50
uniq_242936	AY349403.1	0.862661	64	328	792	466	9	3	50
uniq_242940	EF510424.1	0.965665	16	332	796	466	9	3	50
uniq_243133	Y13364.1	0.912017	41	323	787	466	9	3	50
uniq_243168	AF432136.1	0.890558	51	319	783	466	9	3	50
uniq_243173	AF481224.1	0.903433	45	334	798	466	9	3	50
uniq_243368	AY278622.1	0.931330	32	335	800	466	9	3	50
uniq_243370	AY278621.1	0.849785	70	308	750	466	9	3	50
uniq_243513	EF510424.1	0.873391	59	332	796	466	9	3	50
uniq_243547	AB108826.1	0.866953	62	318	777	466	9	3	50
uniq_243906	AF201981.1	0.875536	58	327	766	466	9	3	50
uniq_244286	AF287793.1	0.888412	52	323	787	466	9	3	50
uniq_244496	AF385521.1	0.879828	56	314	771	466	9	3	50
uniq_244549	AB108826.1	0.843348	73	318	777	466	9	3	50
uniq_244676	AY349403.1	0.869099	61	328	792	466	9	3	50
uniq_244816	EF510424.1	0.858369	66	332	796	466	9	3	50
uniq_244887	AY188347.1	0.884120	54	317	781	466	9	3	50
uniq_245042	EF510424.1	0.856223	67	332	796	466	9	3	50
uniq_245321	EF510424.1	0.948498	24	332	796	466	9	3	50
uniq_245562	Y13364.1	0.877682	57	323	787	466	9	3	50
uniq_245578	AF287813.1	0.877682	57	308	750	466	9	3	50
uniq_245612	EF512007.1	0.914163	40	313	777	466	9	3	50
uniq_245695	AY032601.1	0.927039	34	319	784	466	9	3	50
uniq_245868	EF510177.1	0.918455	38	307	772	466	9	3	50
uniq_245883	AM419992.1	0.845494	72	320	779	466	9	3	50
uniq_246527	AY278609.1	0.873391	59	319	783	466	9	3	50
uniq_246546	AF139203.1	0.879828	56	314	779	466	9	3	50
uniq_246981	EF512007.1	0.881974	55	313	777	466	9	3	50
uniq_247310	AY230771.1	0.888412	52	325	764	466	9	3	50
uniq_247462	AB098612.1	0.873391	59	313	777	466	9	3	50
uniq_247661	AF385510.1	0.869099	61	326	765	466	9	3	50
uniq_247663	DQ905554.1	0.864807	63	319	783	466	9	3	50
uniq_247745	AF481206.1	0.875536	58	317	776	466	9	3	50
uniq_248234	AY278611.1	0.858369	66	314	771	466	9	3	50
uniq_248429	AY612844.1	0.888412	52	317	781	466	9	3	50
uniq_248510	AY188347.1	0.866953	62	317	781	466	9	3	50
uniq_248606	X87758.1	0.899142	47	314	759	466	9	3	50
uniq_248740	AF385551.1	0.875536	58	320	779	466	9	3	50
uniq_248750	AY188347.1	0.899142	47	317	781	466	9	3	50
uniq_249419	AJ576364.1	0.929185	33	317	782	466	9	3	50
uniq_249578	AY485604.1	0.864807	63	319	783	466	9	3	50
uniq_249660	AF487729.1	0.888412	52	307	771	466	9	3	50
uniq_249678	Y15750.1	0.920601	37	320	784	466	9	3	50
uniq_249763	AF481230.1	0.894850	49	319	783	466	9	3	50
uniq_249957	EF512007.1	0.931330	32	313	777	466	9	3	50
uniq_250137	EF512007.1	0.888412	52	313	777	466	9	3	50
uniq_250233	EF510383.1	0.907725	43	321	785	466	9	3	50
uniq_250553	EF510424.1	0.914163	40	332	796	466	9	3	50
uniq_250586	EF510424.1	0.896996	48	332	796	466	9	3	50
uniq_251135	Y13364.1	0.916309	39	323	787	466	9	3	50
uniq_251193	AF385566.1	0.912017	41	335	800	466	9	3	50
uniq_251381	AY349403.1	0.890558	51	328	792	466	9	3	50
uniq_251776	AF385561.1	0.892704	50	318	777	466	9	3	50
uniq_251932	AY188347.1	0.912017	41	317	781	466	9	3	50
uniq_252331	AJ576364.1	0.944206	26	317	782	466	9	3	50
uniq_252489	AY005025.1	0.929185	33	313	777	466	9	3	50
uniq_252491	AF139203.1	0.909871	42	314	779	466	9	3	50
uniq_253141	AY212749.1	0.939914	28	315	780	466	9	3	50
uniq_253196	EF510424.1	0.851931	69	332	796	466	9	3	50
uniq_253247	AM697440.1	0.884120	54	322	787	466	9	3	50
uniq_254201	EF511070.1	0.886266	53	319	783	466	9	3	50
uniq_254352	AY008310.1	0.849785	70	318	777	466	9	3	50
uniq_254974	AY612844.1	0.912017	41	317	781	466	9	3	50
uniq_255213	AF328155.1	0.866953	62	313	777	466	9	3	50
uniq_255756	AF366271.1	0.894850	49	318	777	466	9	3	50
uniq_256062	AY005025.1	0.963519	17	313	778	466	9	3	50
uniq_256200	AY005025.1	0.950644	23	313	777	466	9	3	50
uniq_25636	AY278636.1	0.976395	11	307	772	466	9	3	50
uniq_256485	EF512007.1	0.909871	42	313	777	466	9	3	50
uniq_256758	AF061009.1	0.888412	52	329	794	466	9	3	50
uniq_257440	EF510424.1	0.875536	58	332	796	466	9	3	50
uniq_257540	AY278622.1	0.931330	32	335	800	466	9	3	50
uniq_258267	AF139203.1	0.954936	21	314	779	466	9	3	50
uniq_258503	AF013515.1	0.834764	77	295	736	466	9	3	50
uniq_258607	AJ576364.1	0.950644	23	317	782	466	9	3	50
uniq_258918	AF385510.1	0.884120	54	326	765	466	9	3	50
uniq_258926	AF481230.1	0.873391	59	319	783	466	9	3	50
uniq_259014	X87758.1	0.877682	57	314	759	466	9	3	50
uniq_259165	EF510424.1	0.937768	29	332	796	466	9	3	50
uniq_259186	AF468404.1	0.924893	35	305	769	466	9	3	50
uniq_259414	EF510424.1	0.914163	40	332	796	466	9	3	50
uniq_259476	DQ463701.1	0.948498	24	307	772	466	9	3	50
uniq_259949	AF451270.1	0.922747	36	307	771	466	9	3	50
uniq_261398	AJ576364.1	0.927039	34	317	782	466	9	3	50
uniq_263287	AY278622.1	0.961373	18	335	800	466	9	3	50
uniq_264450	AF206305.1	0.856223	67	307	749	466	9	3	50
uniq_264872	U87968.1	0.907725	43	305	749	466	9	3	50
uniq_264990	EF510424.1	0.952790	22	332	796	466	9	3	50
uniq_264993	AF468404.1	0.937768	29	305	769	466	9	3	50
uniq_266214	AB126362.1	0.881974	55	307	770	466	9	3	50
uniq_266420	AF328155.1	0.888412	52	313	777	466	9	3	50
uniq_269313	AF468404.1	0.903433	45	305	769	466	9	3	50
uniq_269722	AJ290758.1	0.929185	33	313	777	466	9	3	50
uniq_271278	EF510424.1	0.924893	35	332	796	466	9	3	50
uniq_271543	EF510424.1	0.884120	54	332	796	466	9	3	50
uniq_272151	AF326372.1	0.901288	46	320	785	466	9	3	50
uniq_272691	EU373427.1	0.952790	22	307	772	466	9	3	50
uniq_273213	AY289549.1	0.873391	59	318	782	466	9	3	50
uniq_274178	EU373427.1	0.963519	17	307	772	466	9	3	50
uniq_274292	EF101551.1	0.993562	3	308	773	466	9	3	50
uniq_274307	AF541966.1	0.967811	15	321	786	466	9	3	50
uniq_274482	AM410631.1	0.942060	27	307	771	466	9	3	50
uniq_275371	AJ619070.1	0.896996	48	307	772	466	9	3	50
uniq_275831	AB088364.1	0.946352	25	321	785	466	9	3	50
uniq_27604	AY429468.1	0.899142	47	304	763	466	9	3	50
uniq_277135	AJ306763.1	0.972103	13	326	790	466	9	3	50
uniq_280845	AY493934.1	0.967811	15	322	788	466	9	3	50
uniq_281191	AY493975.1	0.881974	55	319	785	466	9	3	50
uniq_282428	AF326372.1	0.884120	54	320	785	466	9	3	50
uniq_28258	X67609.1	0.881974	55	308	767	466	9	3	50
uniq_28310	AF385497.1	0.828326	80	324	788	466	9	3	50
uniq_283110	AF201981.1	0.901288	46	327	766	466	9	3	50
uniq_283129	AF287788.1	0.892704	50	336	800	466	9	3	50
uniq_283416	AB108825.1	0.864807	63	318	777	466	9	3	50
uniq_283644	AB108826.1	0.851931	69	318	777	466	9	3	50
uniq_283683	AY278611.1	0.862661	64	314	771	466	9	3	50
uniq_284111	AY349403.1	0.877682	57	328	792	466	9	3	50
uniq_284254	AY526575.1	0.884120	54	302	766	466	9	3	50
uniq_284641	AF385566.1	0.944206	26	335	800	466	9	3	50
uniq_284981	AF385521.1	0.879828	56	314	771	466	9	3	50
uniq_285068	AY349395.1	0.845494	72	320	779	466	9	3	50
uniq_285291	AF543297.1	0.856223	67	316	775	466	9	3	50
uniq_285721	AF385521.1	0.890558	51	314	771	466	9	3	50
uniq_286104	DQ905554.1	0.905579	44	319	783	466	9	3	50
uniq_286269	AY278622.1	0.929185	33	335	800	466	9	3	50
uniq_286583	EF512007.1	0.879828	56	313	777	466	9	3	50
uniq_286781	AY278622.1	0.914163	40	335	800	466	9	3	50
uniq_286844	DQ129349.1	0.884120	54	307	748	466	9	3	50
uniq_286918	AY485605.1	0.877682	57	319	783	466	9	3	50
uniq_287051	AY349403.1	0.845494	72	328	792	466	9	3	50
uniq_287052	AY278618.1	0.907725	43	326	765	466	9	3	50
uniq_287416	AF385510.1	0.890558	51	326	765	466	9	3	50
uniq_287514	AF056337.1	0.871245	60	319	783	466	9	3	50
uniq_287519	EU071472.1	0.937768	29	323	787	466	9	3	50
uniq_287681	AY278618.1	0.901288	46	326	765	466	9	3	50
uniq_288365	AF385571.1	0.879828	56	307	746	466	9	3	50
uniq_288736	DQ905554.1	0.914163	40	319	783	466	9	3	50
uniq_288794	AF408262.1	0.924893	35	319	783	466	9	3	50
uniq_288936	EF510424.1	0.896996	48	332	796	466	9	3	50
uniq_289262	AY349403.1	0.890558	51	328	792	466	9	3	50
uniq_289363	AF543297.1	0.888412	52	316	775	466	9	3	50
uniq_28939	AF385519.1	0.828326	80	320	779	466	9	3	50
uniq_289404	EF686530.1	0.849785	70	363	803	466	9	3	50
uniq_289566	EF512007.1	0.839056	75	313	777	466	9	3	50
uniq_289794	AY349403.1	0.944206	26	328	792	466	9	3	50
uniq_289932	AF357914.1	0.959227	19	324	789	466	9	3	50
uniq_290008	AF385509.1	0.871245	60	318	777	466	9	3	50
uniq_290176	EF510424.1	0.873391	59	332	796	466	9	3	50
uniq_290314	AY485605.1	0.912017	41	319	783	466	9	3	50
uniq_290670	AY278611.1	0.894850	49	314	771	466	9	3	50
uniq_290933	AF385566.1	0.931330	32	335	800	466	9	3	50
uniq_290976	AY278618.1	0.884120	54	326	765	466	9	3	50
uniq_291114	DQ905554.1	0.879828	56	319	783	466	9	3	50
uniq_291384	DQ905554.1	0.899142	47	319	783	466	9	3	50
uniq_291503	AY485605.1	0.901288	46	319	783	466	9	3	50
uniq_291515	AY278622.1	0.847639	71	335	800	466	9	3	50
uniq_292485	EF510424.1	0.916309	39	332	796	466	9	3	50
uniq_292506	AF432136.1	0.890558	51	319	783	466	9	3	50
uniq_292566	EF510424.1	0.899142	47	332	796	466	9	3	50
uniq_292755	AY349403.1	0.905579	44	328	792	466	9	3	50
uniq_292966	AF385566.1	0.856223	67	335	800	466	9	3	50
uniq_293376	EF510424.1	0.933476	31	332	796	466	9	3	50
uniq_293383	AY244910.1	0.884120	54	330	794	466	9	3	50
uniq_293919	AY005030.1	0.901288	46	307	771	466	9	3	50
uniq_294021	EF512007.1	0.869099	61	313	777	466	9	3	50
uniq_294332	AY005040.1	0.866953	62	319	783	466	9	3	50
uniq_294349	AF432134.1	0.894850	49	319	783	466	9	3	50
uniq_294503	EF510424.1	0.933476	31	332	796	466	9	3	50
uniq_294545	AF385563.1	0.875536	58	318	760	466	9	3	50
uniq_294614	AF432134.1	0.869099	61	319	783	466	9	3	50
uniq_294689	AF385566.1	0.851931	69	335	800	466	9	3	50
uniq_294787	DQ905554.1	0.834764	77	319	783	466	9	3	50
uniq_294837	AY278618.1	0.888412	52	326	765	466	9	3	50
uniq_294847	AF385571.1	0.864807	63	307	746	466	9	3	50
uniq_294957	EF510424.1	0.869099	61	332	796	466	9	3	50
uniq_294993	AY207063.1	0.946352	25	325	789	466	9	3	50
uniq_295143	AF385521.1	0.978541	10	307	771	466	9	3	50
uniq_295162	AJ576328.1	0.918455	38	317	782	466	9	3	50
uniq_295359	AY349374.1	0.886266	53	327	779	466	9	3	50
uniq_295602	AY029806.1	0.873391	59	308	750	466	9	3	50
uniq_295614	AY485605.1	0.862661	64	319	783	466	9	3	50
uniq_296223	AF543281.1	0.894850	49	319	783	466	9	3	50
uniq_296701	EF510424.1	0.856223	67	332	796	466	9	3	50
uniq_296884	EF510424.1	0.875536	58	332	796	466	9	3	50
uniq_296903	EF510424.1	0.905579	44	332	796	466	9	3	50
uniq_297159	AY349403.1	0.920601	37	328	792	466	9	3	50
uniq_297941	AY485605.1	0.856223	67	319	783	466	9	3	50
uniq_297976	U87826.1	0.871245	60	309	760	466	9	3	50
uniq_299077	EF510424.1	0.937768	29	332	796	466	9	3	50
uniq_299223	AF201981.1	0.873391	59	327	766	466	9	3	50
uniq_299806	AF385566.1	0.935622	30	335	800	466	9	3	50
uniq_299869	DQ905554.1	0.896996	48	319	783	466	9	3	50
uniq_29992	AY008310.1	0.845494	72	318	777	466	9	3	50
uniq_299969	EF510424.1	0.931330	32	332	796	466	9	3	50
uniq_300004	EF510424.1	0.866953	62	332	796	466	9	3	50
uniq_300123	AY005025.1	0.864807	63	313	777	466	9	3	50
uniq_300199	EF510424.1	0.888412	52	332	796	466	9	3	50
uniq_300300	AY188347.1	0.862661	64	317	781	466	9	3	50
uniq_300317	AY349403.1	0.905579	44	327	792	466	9	3	50
uniq_300378	AY349403.1	0.890558	51	328	792	466	9	3	50
uniq_300568	DQ905554.1	0.886266	53	319	783	466	9	3	50
uniq_300771	EU670056.1	0.849785	70	320	779	466	9	3	50
uniq_300886	AF287780.1	0.920601	37	331	794	466	9	3	50
uniq_301115	AF385551.1	0.877682	57	320	779	466	9	3	50
uniq_301177	D45057.1	0.905579	44	311	755	466	9	3	50
uniq_301223	DQ905554.1	0.894850	49	319	783	466	9	3	50
uniq_301653	AY349403.1	0.918455	38	328	792	466	9	3	50
uniq_301747	AY278622.1	0.894850	49	335	800	466	9	3	50
uniq_301784	AF385565.1	0.860515	65	315	774	466	9	3	50
uniq_302504	EF510424.1	0.929185	33	332	796	466	9	3	50
uniq_302795	EF510383.1	0.916309	39	321	785	466	9	3	50
uniq_302933	AY188347.1	0.881974	55	317	781	466	9	3	50
uniq_302976	AY429468.1	0.877682	57	304	763	466	9	3	50
uniq_303129	AF432136.1	0.929185	33	319	783	466	9	3	50
uniq_303165	AY485605.1	0.884120	54	319	783	466	9	3	50
uniq_303487	AY278618.1	0.892704	50	326	765	466	9	3	50
uniq_303958	AF385566.1	0.974249	12	335	800	466	9	3	50
uniq_304272	AY278622.1	0.901288	46	335	800	466	9	3	50
uniq_304480	AY278622.1	0.927039	34	335	800	466	9	3	50
uniq_305220	EF510383.1	0.890558	51	321	785	466	9	3	50
uniq_305743	AY278622.1	0.935622	30	335	800	466	9	3	50
uniq_305830	AF385521.1	0.873391	59	314	771	466	9	3	50
uniq_305892	AF385519.1	0.843348	73	320	779	466	9	3	50
uniq_305923	DQ905554.1	0.957082	20	319	783	466	9	3	50
uniq_306168	AF385566.1	0.896996	48	335	800	466	9	3	50
uniq_306379	DQ905554.1	0.862661	64	319	783	466	9	3	50
uniq_306774	AY278622.1	0.907725	43	335	800	466	9	3	50
uniq_306819	DQ905554.1	0.909871	42	319	783	466	9	3	50
uniq_306845	DQ905554.1	0.869099	61	319	783	466	9	3	50
uniq_306866	AY349403.1	0.907725	43	328	792	466	9	3	50
uniq_307009	AF385566.1	0.974249	12	335	800	466	9	3	50
uniq_307081	AY349403.1	0.892704	50	328	792	466	9	3	50
uniq_307256	AF432133.1	0.875536	58	320	779	466	9	3	50
uniq_307562	AF385509.1	0.862661	64	318	777	466	9	3	50
uniq_307613	EF510424.1	0.942060	27	332	796	466	9	3	50
uniq_307832	EF510424.1	0.886266	53	332	796	466	9	3	50
uniq_308132	EF510424.1	0.927039	34	332	796	466	9	3	50
uniq_308203	AY278622.1	0.972103	13	335	800	466	9	3	50
uniq_308700	DQ905554.1	0.907725	43	319	783	466	9	3	50
uniq_308771	X87758.1	0.869099	61	314	759	466	9	3	50
uniq_308990	EF512007.1	0.875536	58	313	777	466	9	3	50
uniq_309974	EF511070.1	0.879828	56	319	783	466	9	3	50
uniq_310098	AY382610.1	0.890558	51	319	784	466	9	3	50
uniq_310328	AY551997.1	0.871245	60	309	772	466	9	3	50
uniq_310413	AY485605.1	0.843348	73	319	783	466	9	3	50
uniq_310916	AB240382.1	0.950644	23	327	792	466	9	3	50
uniq_311771	EF510424.1	0.877682	57	332	796	466	9	3	50
uniq_312909	AF385566.1	0.924893	35	335	800	466	9	3	50
uniq_312956	AY429468.1	0.854077	68	304	763	466	9	3	50
uniq_313041	EF510424.1	0.854077	68	332	796	466	9	3	50
uniq_313111	Y13364.1	0.907725	43	323	787	466	9	3	50
uniq_313159	AM419984.1	0.890558	51	309	749	466	9	3	50
uniq_313420	AY612844.1	0.899142	47	317	781	466	9	3	50
uniq_313556	AF287770.1	0.875536	58	325	763	466	9	3	50
uniq_313813	EF510424.1	0.851931	69	332	796	466	9	3	50
uniq_314197	EF510424.1	0.860515	65	332	796	466	9	3	50
uniq_314201	AY005040.1	0.847639	71	319	783	466	9	3	50
uniq_314618	AF287783.1	0.948498	24	334	799	466	9	3	50
uniq_314724	AB018487.1	0.969957	14	319	784	466	9	3	50
uniq_314838	AY188347.1	0.972103	13	317	781	466	9	3	50
uniq_31492	AY485604.1	0.869099	61	319	783	466	9	3	50
uniq_315245	AY485605.1	0.869099	61	319	783	466	9	3	50
uniq_315262	AB193885.1	0.954936	21	307	772	466	9	3	50
uniq_315334	AF385566.1	0.933476	31	335	800	466	9	3	50
uniq_315880	DQ905554.1	0.912017	41	319	783	466	9	3	50
uniq_31621	AY690334.1	0.841202	74	326	790	466	9	3	50
uniq_316236	AY485603.1	0.933476	31	317	781	466	9	3	50
uniq_316543	AY188347.1	0.914163	40	317	781	466	9	3	50
uniq_316982	EF510424.1	0.901288	46	332	796	466	9	3	50
uniq_317203	AF385554.1	0.866953	62	319	778	466	9	3	50
uniq_317279	EF510383.1	0.879828	56	321	785	466	9	3	50
uniq_317315	EF510424.1	0.877682	57	332	796	466	9	3	50
uniq_317437	AY032601.1	0.924893	35	319	784	466	9	3	50
uniq_317461	AY349413.1	0.858369	66	320	785	466	9	3	50
uniq_318544	EF512007.1	0.869099	61	313	777	466	9	3	50
uniq_318903	AY485603.1	0.916309	39	317	781	466	9	3	50
uniq_319104	U68528.1	0.858369	66	330	795	466	9	3	50
uniq_319209	AF543289.1	0.912017	41	317	781	466	9	3	50
uniq_319484	AF287783.1	0.896996	48	334	799	466	9	3	50
uniq_319944	DQ905554.1	0.879828	56	319	783	466	9	3	50
uniq_319949	EF510424.1	0.959227	19	332	796	466	9	3	50
uniq_320215	AY008310.1	0.866953	62	318	777	466	9	3	50
uniq_320658	AF385511.1	0.890558	51	320	779	466	9	3	50
uniq_320921	AF385524.1	0.871245	60	313	757	466	9	3	50
uniq_32094	X87758.1	0.909871	42	314	759	466	9	3	50
uniq_322379	DQ905554.1	0.875536	58	319	783	466	9	3	50
uniq_322542	AF385551.1	0.856223	67	320	779	466	9	3	50
uniq_322875	AY445131.1	0.879828	56	332	796	466	9	3	50
uniq_323075	AY553109.1	0.888412	52	319	784	466	9	3	50
uniq_323266	AY485605.1	0.851931	69	319	783	466	9	3	50
uniq_323383	AF385518.1	0.877682	57	308	750	466	9	3	50
uniq_323388	Y13364.1	0.886266	53	323	787	466	9	3	50
uniq_323415	AF385519.1	0.843348	73	320	779	466	9	3	50
uniq_323589	AY188347.1	0.851931	69	317	781	466	9	3	50
uniq_324042	AF385510.1	0.886266	53	326	765	466	9	3	50
uniq_324132	AY349395.1	0.843348	73	320	779	466	9	3	50
uniq_324227	AY278621.1	0.884120	54	308	750	466	9	3	50
uniq_324542	EF512007.1	0.869099	61	313	777	466	9	3	50
uniq_324869	EF510424.1	0.894850	49	332	796	466	9	3	50
uniq_324891	AY278621.1	0.873391	59	308	750	466	9	3	50
uniq_325051	EF512007.1	0.864807	63	313	777	466	9	3	50
uniq_325175	AB076677.1	0.858369	66	310	750	466	9	3	50
uniq_325286	AF481230.1	0.894850	49	319	783	466	9	3	50
uniq_325538	EF512007.1	0.862661	64	313	777	466	9	3	50
uniq_325843	EF512007.1	0.884120	54	313	777	466	9	3	50
uniq_326220	AF385518.1	0.873391	59	308	750	466	9	3	50
uniq_326429	AY188347.1	0.877682	57	317	781	466	9	3	50
uniq_326525	AF201981.1	0.877682	57	327	766	466	9	3	50
uniq_326609	DQ366092.1	0.944206	26	307	772	466	9	3	50
uniq_326683	AF399956.1	0.888412	52	327	769	466	9	3	50
uniq_327091	DQ905554.1	0.935622	30	319	783	466	9	3	50
uniq_327285	EF510424.1	0.856223	67	332	796	466	9	3	50
uniq_327533	EF510383.1	0.944206	26	321	785	466	9	3	50
uniq_327555	AY429468.1	0.886266	53	304	763	466	9	3	50
uniq_327792	AB238778.1	0.963519	17	327	792	466	9	3	50
uniq_327842	AY008691.1	0.884120	54	317	776	466	9	3	50
uniq_327963	AF287783.1	0.909871	42	334	799	466	9	3	50
uniq_328135	AY485604.1	0.843348	73	319	783	466	9	3	50
uniq_328150	AY958874.1	0.877682	57	334	797	466	9	3	50
uniq_329003	AB076842.1	0.896996	48	305	769	466	9	3	50
uniq_329722	AY485605.1	0.873391	59	319	783	466	9	3	50
uniq_330135	AY349403.1	0.832618	78	328	792	466	9	3	50
uniq_330166	EU071472.1	0.901288	46	323	787	466	9	3	50
uniq_330178	AY485605.1	0.851931	69	319	783	466	9	3	50
uniq_331088	Z30542.1	0.881974	55	279	718	466	9	3	50
uniq_331413	AJ576364.1	0.942060	27	317	782	466	9	3	50
uniq_331442	Y13364.1	0.905579	44	323	787	466	9	3	50
uniq_331483	AY485605.1	0.877682	57	319	783	466	9	3	50
uniq_331566	EF510383.1	0.905579	44	321	785	466	9	3	50
uniq_331785	AY485605.1	0.854077	68	319	783	466	9	3	50
uniq_331930	D14506.1	0.892704	50	279	718	466	9	3	50
uniq_332074	Z30542.1	0.884120	54	279	718	466	9	3	50
uniq_332181	DQ905554.1	0.884120	54	319	783	466	9	3	50
uniq_332216	AF481230.1	0.890558	51	319	783	466	9	3	50
uniq_332282	AF385519.1	0.890558	51	320	779	466	9	3	50
uniq_332352	AM277334.1	0.899142	47	323	787	466	9	3	50
uniq_332375	AF385519.1	0.854077	68	320	779	466	9	3	50
uniq_332399	AY277938.1	0.886266	53	327	791	466	9	3	50
uniq_332487	AY485604.1	0.866953	62	319	783	466	9	3	50
uniq_332587	EF510424.1	0.914163	40	332	796	466	9	3	50
uniq_332704	AM277334.1	0.894850	49	323	787	466	9	3	50
uniq_332748	AF224306.1	0.972103	13	312	776	466	9	3	50
uniq_332756	EF510424.1	0.890558	51	332	796	466	9	3	50
uniq_332873	AJ290758.1	0.896996	48	313	777	466	9	3	50
uniq_333040	AM697133.1	0.862661	64	322	787	466	9	3	50
uniq_333086	AY277938.1	0.892704	50	327	791	466	9	3	50
uniq_333236	EU670056.1	0.862661	64	320	779	466	9	3	50
uniq_333266	EF511101.1	0.886266	53	313	777	466	9	3	50
uniq_333604	AY278622.1	0.858369	66	335	800	466	9	3	50
uniq_33370	AM086113.1	0.946352	25	326	791	466	9	3	50
uniq_333712	AY005025.1	0.888412	52	313	777	466	9	3	50
uniq_333734	Y13366.1	0.944206	26	322	786	466	9	3	50
uniq_333858	AY277938.1	0.879828	56	327	791	466	9	3	50
uniq_333903	AY138232.1	0.905579	44	314	777	466	9	3	50
uniq_334129	AY162144.1	0.866953	62	303	768	466	9	3	50
uniq_334278	Y13366.1	0.952790	22	322	786	466	9	3	50
uniq_334418	AY546095.1	0.896996	48	314	758	466	9	3	50
uniq_334502	AY188347.1	0.888412	52	317	781	466	9	3	50
uniq_334517	AM277334.1	0.884120	54	323	787	466	9	3	50
uniq_334533	AJ576328.1	0.935622	30	317	782	466	9	3	50
uniq_334666	EU071472.1	0.881974	55	323	787	466	9	3	50
uniq_334744	AF385519.1	0.851931	69	320	779	466	9	3	50
uniq_334903	AY277938.1	0.901288	46	327	791	466	9	3	50
uniq_334974	AF224305.1	0.907725	43	313	777	466	9	3	50
uniq_335088	D14506.1	0.886266	53	279	718	466	9	3	50
uniq_335195	AM277334.1	0.909871	42	323	787	466	9	3	50
uniq_335222	AB087265.1	0.879828	56	313	777	466	9	3	50
uniq_335297	D14506.1	0.903433	45	279	718	466	9	3	50
uniq_335484	AY204874.1	0.836910	76	307	766	466	9	3	50
uniq_335509	AJ576328.1	0.946352	25	317	782	466	9	3	50
uniq_335529	D14506.1	0.905579	44	279	718	466	9	3	50
uniq_335533	AF009507.1	0.888412	52	319	783	466	9	3	50
uniq_33554	AY188347.1	0.873391	59	317	781	466	9	3	50
uniq_335662	AY349387.1	0.858369	66	308	750	466	9	3	50
uniq_335760	X87758.1	0.888412	52	314	759	466	9	3	50
uniq_335919	AY277938.1	0.929185	33	327	791	466	9	3	50
uniq_335964	AF481209.1	0.884120	54	335	799	466	9	3	50
uniq_33600	AJ290754.1	0.901288	46	313	777	466	9	3	50
uniq_336128	EF512007.1	0.866953	62	313	777	466	9	3	50
uniq_336153	D14503.1	0.907725	43	279	718	466	9	3	50
uniq_336400	AY277938.1	0.875536	58	327	791	466	9	3	50
uniq_336434	AY188347.1	0.886266	53	317	781	466	9	3	50
uniq_337120	AJ290758.1	0.877682	57	313	777	466	9	3	50
uniq_337196	EF512007.1	0.905579	44	313	777	466	9	3	50
uniq_337259	EF510424.1	0.864807	63	332	796	466	9	3	50
uniq_337350	EU670056.1	0.862661	64	320	779	466	9	3	50
uniq_337689	DQ905554.1	0.860515	65	319	783	466	9	3	50
uniq_337895	AY277938.1	0.877682	57	327	791	466	9	3	50
uniq_337930	AY612844.1	0.901288	46	317	781	466	9	3	50
uniq_337983	EF510383.1	0.894850	49	321	785	466	9	3	50
uniq_337984	EF511070.1	0.875536	58	319	783	466	9	3	50
uniq_337990	EF510424.1	0.918455	38	332	796	466	9	3	50
uniq_338031	AF287770.1	0.877682	57	325	763	466	9	3	50
uniq_338484	EF512007.1	0.879828	56	313	777	466	9	3	50
uniq_338584	D14506.1	0.894850	49	279	718	466	9	3	50
uniq_338651	DQ905554.1	0.879828	56	319	783	466	9	3	50
uniq_338891	EU071472.1	0.909871	42	323	787	466	9	3	50
uniq_339215	AF432136.1	0.886266	53	319	783	466	9	3	50
uniq_339218	D14506.1	0.896996	48	279	718	466	9	3	50
uniq_339530	EF510424.1	0.892704	50	332	796	466	9	3	50
uniq_339938	EF511101.1	0.841202	74	313	777	466	9	3	50
uniq_340122	AF385550.1	0.888412	52	317	781	466	9	3	50
uniq_340192	DQ905554.1	0.909871	42	319	783	466	9	3	50
uniq_340212	AY485604.1	0.854077	68	319	783	466	9	3	50
uniq_340222	AF016390.1	0.914163	40	321	785	466	9	3	50
uniq_340681	AY008310.1	0.862661	64	318	777	466	9	3	50
uniq_340881	AF385519.1	0.847639	71	320	779	466	9	3	50
uniq_341132	EF510424.1	0.856223	67	332	796	466	9	3	50
uniq_341359	EF511870.1	0.892704	50	313	777	466	9	3	50
uniq_341390	AY188347.1	0.905579	44	317	781	466	9	3	50
uniq_341425	EF510424.1	0.871245	60	332	796	466	9	3	50
uniq_341461	EF510383.1	0.899142	47	321	785	466	9	3	50
uniq_341491	EF510424.1	0.830472	79	332	796	466	9	3	50
uniq_341495	AF481230.1	0.886266	53	319	783	466	9	3	50
uniq_341525	AY349381.1	0.890558	51	311	775	466	9	3	50
uniq_341560	X80748.1	0.877682	57	308	763	466	9	3	50
uniq_341631	Y13364.1	0.914163	40	323	787	466	9	3	50
uniq_341856	EU071472.1	0.944206	26	323	787	466	9	3	50
uniq_342105	AY008310.1	0.873391	59	318	777	466	9	3	50
uniq_342132	AY277938.1	0.912017	41	327	791	466	9	3	50
uniq_342151	AY188347.1	0.927039	34	317	781	466	9	3	50
uniq_342235	AY278622.1	0.901288	46	335	800	466	9	3	50
uniq_342240	EF512007.1	0.952790	22	313	777	466	9	3	50
uniq_342358	AF206305.1	0.912017	41	307	749	466	9	3	50
uniq_342479	EF510424.1	0.841202	74	332	796	466	9	3	50
uniq_342564	AF287775.1	0.896996	48	327	766	466	9	3	50
uniq_343255	EF510424.1	0.974249	12	332	796	466	9	3	50
uniq_343463	AY277938.1	0.864807	63	327	791	466	9	3	50
uniq_343609	AF385564.1	0.869099	61	320	779	466	9	3	50
uniq_343664	AB021191.1	0.864807	63	319	784	466	9	3	50
uniq_343720	EU071472.1	0.866953	62	323	787	466	9	3	50
uniq_343997	AF385519.1	0.839056	75	320	779	466	9	3	50
uniq_344083	AF385572.1	0.886266	53	310	752	466	9	3	50
uniq_344403	AJ576328.1	0.942060	27	317	782	466	9	3	50
uniq_344482	AB098612.1	0.892704	50	313	777	466	9	3	50
uniq_344484	EF512007.1	0.884120	54	313	777	466	9	3	50
uniq_344506	DQ905554.1	0.849785	70	319	783	466	9	3	50
uniq_344525	DQ411812.1	0.937768	29	329	794	466	9	3	50
uniq_344598	EF510424.1	0.877682	57	332	796	466	9	3	50
uniq_344768	AB098612.1	0.903433	45	313	777	466	9	3	50
uniq_344915	EF510424.1	0.905579	44	332	796	466	9	3	50
uniq_345014	AY468373.1	0.922747	36	321	786	466	9	3	50
uniq_345080	AF385518.1	0.884120	54	308	750	466	9	3	50
uniq_345146	DQ905554.1	0.856223	67	319	783	466	9	3	50
uniq_345289	EF512007.1	0.888412	52	313	777	466	9	3	50
uniq_345368	Z30542.1	0.875536	58	279	718	466	9	3	50
uniq_345449	AM419992.1	0.879828	56	320	779	466	9	3	50
uniq_345463	AY349395.1	0.845494	72	320	779	466	9	3	50
uniq_345579	EU670056.1	0.843348	73	320	779	466	9	3	50
uniq_345698	AF385566.1	0.888412	52	335	800	466	9	3	50
uniq_345812	AF432136.1	0.892704	50	319	783	466	9	3	50
uniq_345846	EF510424.1	0.903433	45	332	796	466	9	3	50
uniq_345932	AF385577.1	0.869099	61	329	768	466	9	3	50
uniq_345987	AF385569.1	0.871245	60	302	761	466	9	3	50
uniq_346068	D14506.1	0.860515	65	279	718	466	9	3	50
uniq_346570	DQ905554.1	0.909871	42	319	783	466	9	3	50
uniq_346662	D14503.1	0.899142	47	279	718	466	9	3	50
uniq_346752	AY277939.1	0.937768	29	327	791	466	9	3	50
uniq_346756	AY278611.1	0.879828	56	313	771	466	9	3	50
uniq_346837	D14503.1	0.899142	47	279	718	466	9	3	50
uniq_346979	AY277938.1	0.918455	38	327	791	466	9	3	50
uniq_347438	AY277938.1	0.879828	56	327	791	466	9	3	50
uniq_347738	DQ448744.1	0.836910	76	320	785	466	9	3	50
uniq_347849	DQ325537.1	0.845494	72	314	756	466	9	3	50
uniq_347871	EU670056.1	0.856223	67	320	779	466	9	3	50
uniq_347897	AY493968.1	0.903433	45	319	784	466	9	3	50
uniq_347978	EF512007.1	0.875536	58	313	777	466	9	3	50
uniq_348074	AJ233944.1	0.905579	44	327	790	466	9	3	50
uniq_348131	D14506.1	0.896996	48	279	718	466	9	3	50
uniq_348174	AF385551.1	0.856223	67	320	779	466	9	3	50
uniq_348185	AF385566.1	0.866953	62	335	800	466	9	3	50
uniq_348186	AF287813.1	0.869099	61	308	750	466	9	3	50
uniq_348312	DQ905554.1	0.864807	63	319	783	466	9	3	50
uniq_348476	AF385569.1	0.864807	63	302	761	466	9	3	50
uniq_348539	AJ576364.1	0.957082	20	317	782	466	9	3	50
uniq_348926	EU071472.1	0.957082	20	323	787	466	9	3	50
uniq_349288	AY188347.1	0.890558	51	317	781	466	9	3	50
uniq_349337	EF101551.1	0.862661	64	309	773	466	9	3	50
uniq_349418	AY485604.1	0.892704	50	319	783	466	9	3	50
uniq_349457	AY485603.1	0.890558	51	317	781	466	9	3	50
uniq_349660	EF101551.1	0.866953	62	309	773	466	9	3	50
uniq_349700	AJ244722.1	0.967811	15	314	778	466	9	3	50
uniq_349778	EF101551.1	0.881974	55	309	773	466	9	3	50
uniq_349795	AF385566.1	0.864807	63	335	800	466	9	3	50
uniq_349897	EF101551.1	0.851931	69	309	773	466	9	3	50
uniq_349972	EF510424.1	0.901288	46	332	796	466	9	3	50
uniq_349999	AF385563.1	0.873391	59	318	760	466	9	3	50
uniq_350095	AY959092.1	0.886266	53	327	791	466	9	3	50
uniq_350186	AJ244722.1	0.918455	38	314	778	466	9	3	50
uniq_350247	AY328770.1	0.892704	50	313	777	466	9	3	50
uniq_350393	AF432136.1	0.884120	54	319	783	466	9	3	50
uniq_350487	AF385566.1	0.959227	19	335	800	466	9	3	50
uniq_350497	AB299978.1	0.884120	54	313	777	466	9	3	50
uniq_350531	EF511101.1	0.899142	47	313	777	466	9	3	50
uniq_350598	AY328770.1	0.890558	51	313	777	466	9	3	50
uniq_350694	EF101551.1	0.875536	58	309	773	466	9	3	50
uniq_350785	AB299978.1	0.912017	41	313	777	466	9	3	50
uniq_350846	EF101551.1	0.884120	54	309	773	466	9	3	50
uniq_350947	AY278622.1	0.918455	38	335	800	466	9	3	50
uniq_351464	EF511101.1	0.875536	58	313	777	466	9	3	50
uniq_351520	AF385515.1	0.877682	57	315	774	466	9	3	50
uniq_351646	EF510424.1	0.856223	67	332	796	466	9	3	50
uniq_352043	AJ421528.1	0.905579	44	309	773	466	9	3	50
uniq_352205	EF101551.1	0.969957	14	309	773	466	9	3	50
uniq_352209	AY278622.1	0.939914	28	335	800	466	9	3	50
uniq_352456	DQ905554.1	0.890558	51	319	783	466	9	3	50
uniq_352897	EF510383.1	0.959227	19	321	785	466	9	3	50
uniq_353186	AJ244722.1	0.939914	28	314	778	466	9	3	50
uniq_353252	EF510424.1	0.856223	67	332	796	466	9	3	50
uniq_353272	AM396494.1	0.965665	16	307	772	466	9	3	50
uniq_353351	AY328770.1	0.881974	55	313	777	466	9	3	50
uniq_353772	AJ421528.1	0.886266	53	309	773	466	9	3	50
uniq_353901	X87758.1	0.916309	39	314	759	466	9	3	50
uniq_353906	DQ905554.1	0.954936	21	319	783	466	9	3	50
uniq_354216	AY349393.1	0.839056	75	320	779	466	9	3	50
uniq_354518	AY513645.1	0.854077	68	309	773	466	9	3	50
uniq_354554	EF511101.1	0.864807	63	313	777	466	9	3	50
uniq_354590	AB299978.1	0.903433	45	313	777	466	9	3	50
uniq_354596	AY328770.1	0.879828	56	313	777	466	9	3	50
uniq_354711	AB076677.1	0.856223	67	310	750	466	9	3	50
uniq_354795	AY259519.1	0.877682	57	313	777	466	9	3	50
uniq_355534	AY328770.1	0.851931	69	313	777	466	9	3	50
uniq_355621	X87758.1	0.892704	50	314	759	466	9	3	50
uniq_355639	EF101551.1	0.858369	66	309	773	466	9	3	50
uniq_355961	EF511101.1	0.909871	42	313	777	466	9	3	50
uniq_356037	AY485604.1	0.873391	59	319	783	466	9	3	50
uniq_356203	DQ905554.1	0.841202	74	319	783	466	9	3	50
uniq_356209	AJ622907.1	0.881974	55	317	762	466	9	3	50
uniq_356270	EF101551.1	0.905579	44	309	773	466	9	3	50
uniq_356438	X87758.1	0.896996	48	314	759	466	9	3	50
uniq_356615	AJ576364.1	0.929185	33	317	782	466	9	3	50
uniq_356688	AJ421528.1	0.931330	32	309	773	466	9	3	50
uniq_356816	AM277334.1	0.907725	43	323	787	466	9	3	50
uniq_357119	EF512007.1	0.877682	57	313	777	466	9	3	50
uniq_357225	D83364.1	0.901288	46	320	784	466	9	3	50
uniq_357449	AJ300767.1	0.873391	59	314	758	466	9	3	50
uniq_357762	AJ421528.1	0.845494	72	309	773	466	9	3	50
uniq_357778	EU670056.1	0.858369	66	320	779	466	9	3	50
uniq_357852	AJ519989.1	0.856223	67	313	777	466	9	3	50
uniq_357929	EF510424.1	0.922747	36	332	796	466	9	3	50
uniq_358091	EF510424.1	0.866953	62	332	796	466	9	3	50
uniq_358190	EF510424.1	0.935622	30	332	796	466	9	3	50
uniq_359007	AB108826.1	0.862661	64	318	777	466	9	3	50
uniq_359013	EF512007.1	0.927039	34	313	777	466	9	3	50
uniq_359249	AY532589.1	0.834764	77	344	809	466	9	3	50
uniq_359384	X87758.1	0.899142	47	314	759	466	9	3	50
uniq_359454	EF512007.1	0.890558	51	313	777	466	9	3	50
uniq_359810	EF101551.1	0.858369	66	309	773	466	9	3	50
uniq_359964	EF510424.1	0.854077	68	332	796	466	9	3	50
uniq_360143	EF101551.1	0.939914	28	309	773	466	9	3	50
uniq_360385	EF101551.1	0.929185	33	309	773	466	9	3	50
uniq_360466	EF101551.1	0.884120	54	309	773	466	9	3	50
uniq_360845	AY444822.1	0.924893	35	309	773	466	9	3	50
uniq_360887	AY485603.1	0.864807	63	317	781	466	9	3	50
uniq_360905	AY005025.1	0.886266	53	313	777	466	9	3	50
uniq_360962	EF510424.1	0.877682	57	332	796	466	9	3	50
uniq_361002	AY207063.1	0.918455	38	325	789	466	9	3	50
uniq_361252	AY485604.1	0.858369	66	319	783	466	9	3	50
uniq_361557	EF510424.1	0.875536	58	332	796	466	9	3	50
uniq_361908	AY959092.1	0.901288	46	327	791	466	9	3	50
uniq_362142	EF101551.1	0.879828	56	309	773	466	9	3	50
uniq_362148	AY349395.1	0.860515	65	320	779	466	9	3	50
uniq_362319	AB098612.1	0.886266	53	313	777	466	9	3	50
uniq_362385	AY485604.1	0.896996	48	319	783	466	9	3	50
uniq_362590	AJ244722.1	0.896996	48	314	778	466	9	3	50
uniq_363184	DQ451495.1	0.909871	42	321	784	466	9	3	50
uniq_363361	Z95735.1	0.931330	32	323	788	466	9	3	50
uniq_363476	AF138734.1	0.969957	14	319	784	466	9	3	50
uniq_363680	AY493916.1	0.948498	24	328	793	466	9	3	50
uniq_363724	DQ448762.1	0.987124	6	334	799	466	9	3	50
uniq_36376	AJ290754.1	0.901288	46	313	777	466	9	3	50
uniq_364110	AB240264.1	0.899142	47	323	788	466	9	3	50
uniq_365678	X84245.1	0.899142	47	307	754	466	9	3	50
uniq_366120	AY633607.1	0.959227	19	308	773	466	9	3	50
uniq_366744	AY686732.1	0.826180	81	311	775	466	9	3	50
uniq_36686	AB015542.1	0.839056	75	300	754	466	9	3	50
uniq_367617	AF039899.1	0.991416	4	329	794	466	9	3	50
uniq_367738	AF186415.1	0.864807	63	324	790	466	9	3	50
uniq_371133	AF324537.1	0.963519	17	307	772	466	9	3	50
uniq_371510	AJ306763.1	0.952790	22	326	790	466	9	3	50
uniq_372023	EU373360.1	0.987124	6	307	771	466	9	3	50
uniq_372276	AF084852.1	0.942060	27	304	768	466	9	3	50
uniq_372950	AJ315056.1	0.989270	5	335	800	466	9	3	50
uniq_374543	AY555803.1	0.851931	69	327	795	466	9	3	50
uniq_375867	AM184270.1	0.963519	17	307	772	466	9	3	50
uniq_37805	AB018487.1	0.969957	14	319	784	466	9	3	50
uniq_379000	Y19191.1	0.989270	5	324	789	466	9	3	50
uniq_379381	AB238772.1	0.847639	71	315	774	466	9	3	50
uniq_381057	AM183347.1	0.993562	3	305	769	466	9	3	50
uniq_382221	AM184270.1	0.950644	23	307	772	466	9	3	50
uniq_383280	AF432138.1	0.869099	61	308	750	466	9	3	50
uniq_383504	AF111948.1	0.924893	35	320	784	466	9	3	50
uniq_384575	DQ905554.1	0.935622	30	319	783	466	9	3	50
uniq_385355	AF224306.1	0.888412	52	312	776	466	9	3	50
uniq_387388	D30793.1	0.920601	37	307	771	466	9	3	50
uniq_388179	DQ905554.1	0.884120	54	319	783	466	9	3	50
uniq_389453	AF182835.1	0.954936	21	315	780	466	9	3	50
uniq_389553	AF084852.1	0.948498	24	304	768	466	9	3	50
uniq_389667	AJ576081.1	0.879828	56	314	770	466	9	3	50
uniq_390814	AY549551.1	0.884120	54	307	771	466	9	3	50
uniq_391212	AJ009485.1	0.862661	64	323	788	466	9	3	50
uniq_392609	AY485275.1	0.916309	39	319	784	466	9	3	50
uniq_392855	EF511101.1	0.933476	31	313	777	466	9	3	50
uniq_393012	AF292371.1	0.866953	62	311	754	466	9	3	50
uniq_393030	AF543275.1	0.875536	58	317	776	466	9	3	50
uniq_393441	AY349374.1	0.903433	45	327	779	466	9	3	50
uniq_394833	AF385518.1	0.864807	63	308	750	466	9	3	50
uniq_394864	AB218349.1	0.993562	3	319	784	466	9	3	50
uniq_395341	AF543275.1	0.860515	65	317	776	466	9	3	50
uniq_395731	AF543275.1	0.894850	49	317	776	466	9	3	50
uniq_395891	EF510424.1	0.912017	41	332	796	466	9	3	50
uniq_396025	AY005030.1	0.980687	9	307	771	466	9	3	50
uniq_396354	AY278621.1	0.866953	62	308	750	466	9	3	50
uniq_396504	AY349384.1	0.890558	51	308	753	466	9	3	50
uniq_397723	AF385551.1	0.862661	64	320	779	466	9	3	50
uniq_397735	AY188347.1	0.886266	53	317	781	466	9	3	50
uniq_398520	AY169433.1	0.899142	47	281	720	466	9	3	50
uniq_398862	AY485605.1	0.858369	66	319	783	466	9	3	50
uniq_399056	AF394174.1	0.879828	56	281	720	466	9	3	50
uniq_399177	AY188347.1	0.980687	9	317	781	466	9	3	50
uniq_399217	AY349385.1	0.869099	61	308	750	466	9	3	50
uniq_399341	AY188347.1	0.877682	57	317	781	466	9	3	50
uniq_399697	AF394174.1	0.871245	60	281	720	466	9	3	50
uniq_399963	L14327.1	0.987124	6	322	786	466	9	3	50
uniq_400113	AF385566.1	0.950644	23	335	800	466	9	3	50
uniq_400136	AF394174.1	0.896996	48	281	720	466	9	3	50
uniq_400361	DQ905554.1	0.935622	30	319	783	466	9	3	50
uniq_400912	AF385519.1	0.854077	68	320	779	466	9	3	50
uniq_400987	AF394174.1	0.892704	50	281	720	466	9	3	50
uniq_401033	AY349374.1	0.888412	52	327	779	466	9	3	50
uniq_401143	EF510424.1	0.894850	49	332	796	466	9	3	50
uniq_401412	AY278622.1	0.907725	43	335	800	466	9	3	50
uniq_401500	EF512007.1	0.858369	66	313	777	466	9	3	50
uniq_401537	AJ576364.1	0.942060	27	317	782	466	9	3	50
uniq_401557	EU071472.1	0.918455	38	323	787	466	9	3	50
uniq_401655	AF056337.1	0.942060	27	319	783	466	9	3	50
uniq_401891	AY278622.1	0.942060	27	335	800	466	9	3	50
uniq_401926	AY278622.1	0.924893	35	335	800	466	9	3	50
uniq_402113	AY278622.1	0.920601	37	335	800	466	9	3	50
uniq_402247	AY277938.1	0.886266	53	327	791	466	9	3	50
uniq_402253	AY485604.1	0.916309	39	319	783	466	9	3	50
uniq_402377	AJ431371.1	0.894850	49	308	752	466	9	3	50
uniq_402381	AY277938.1	0.877682	57	327	791	466	9	3	50
uniq_402622	U87968.1	0.879828	56	305	749	466	9	3	50
uniq_402802	Y13366.1	0.922747	36	322	786	466	9	3	50
uniq_402992	AF394174.1	0.875536	58	281	720	466	9	3	50
uniq_403008	EU071472.1	0.942060	27	323	787	466	9	3	50
uniq_403412	AY485604.1	0.890558	51	319	783	466	9	3	50
uniq_403456	X87758.1	0.860515	65	314	759	466	9	3	50
uniq_404034	EF510424.1	0.894850	49	332	796	466	9	3	50
uniq_404183	AF385566.1	0.854077	68	335	800	466	9	3	50
uniq_404245	EU670056.1	0.871245	60	320	779	466	9	3	50
uniq_404595	AM050346.1	0.905579	44	323	788	466	9	3	50
uniq_404862	EF510424.1	0.927039	34	332	796	466	9	3	50
uniq_404913	DQ905554.1	0.894850	49	319	783	466	9	3	50
uniq_404998	EF510424.1	0.907725	43	332	796	466	9	3	50
uniq_405221	AY207063.1	0.896996	48	325	789	466	9	3	50
uniq_405727	AJ244709.1	0.907725	43	281	720	466	9	3	50
uniq_405769	AF182834.1	0.864807	63	315	779	466	9	3	50
uniq_405890	AF101240.1	0.873391	59	312	752	466	9	3	50
uniq_406026	AF385566.1	0.909871	42	335	800	466	9	3	50
uniq_406096	EF510424.1	0.884120	54	332	796	466	9	3	50
uniq_406319	AF487704.1	0.905579	44	305	750	466	9	3	50
uniq_406781	AY169433.1	0.877682	57	281	720	466	9	3	50
uniq_406880	AF394174.1	0.860515	65	281	720	466	9	3	50
uniq_406915	AF385566.1	0.901288	46	335	800	466	9	3	50
uniq_407010	AY277938.1	0.890558	51	327	791	466	9	3	50
uniq_407204	EU071472.1	0.918455	38	323	787	466	9	3	50
uniq_407282	AY369250.1	0.875536	58	317	781	466	9	3	50
uniq_407303	AY278622.1	0.905579	44	334	800	466	9	3	50
uniq_407336	AM277334.1	0.920601	37	323	787	466	9	3	50
uniq_407549	AY278622.1	0.922747	36	335	800	466	9	3	50
uniq_407839	AF394174.1	0.862661	64	281	720	466	9	3	50
uniq_407862	AY445131.1	0.957082	20	332	796	466	9	3	50
uniq_408035	AY345399.1	0.912017	41	321	786	466	9	3	50
uniq_408144	AY727530.1	0.896996	48	320	784	466	9	3	50
uniq_408500	EF510424.1	0.892704	50	332	796	466	9	3	50
uniq_408692	AF287783.1	0.978541	10	334	799	466	9	3	50
uniq_408751	AY030317.1	0.927039	34	320	784	466	9	3	50
uniq_408789	AF394174.1	0.890558	51	281	720	466	9	3	50
uniq_41539	AF481224.1	0.912017	41	334	798	466	9	3	50
uniq_41665	AB018487.1	0.954936	21	319	784	466	9	3	50
uniq_43089	AY485604.1	0.886266	53	319	783	466	9	3	50
uniq_43250	AJ290755.1	0.965665	16	315	779	466	9	3	50
uniq_43289	EF512007.1	0.927039	34	313	777	466	9	3	50
uniq_43300	EF512007.1	0.888412	52	313	777	466	9	3	50
uniq_43408	EF510177.1	0.931330	32	307	772	466	9	3	50
uniq_45142	AF385494.1	0.884120	54	302	760	466	9	3	50
uniq_46330	EF511070.1	0.871245	60	319	783	466	9	3	50
uniq_47358	AY526575.1	0.991416	4	302	766	466	9	3	50
uniq_48045	DQ366092.1	0.972103	13	307	772	466	9	3	50
uniq_48670	Z95728.1	0.959227	19	322	787	466	9	3	50
uniq_48829	AM745137.1	0.811159	88	339	803	466	9	3	50
uniq_48912	AJ233905.1	0.836910	76	321	784	466	9	3	50
uniq_49104	AY493916.1	0.963519	17	328	793	466	9	3	50
uniq_49999	AY278611.1	0.888412	52	314	771	466	9	3	50
uniq_50876	AY373362.1	0.989270	5	319	784	466	9	3	50
uniq_51615	AB020207.1	0.969957	14	307	772	466	9	3	50
uniq_52165	DQ448744.1	0.869099	61	320	785	466	9	3	50
uniq_52879	AJ244764.1	0.965665	16	307	772	466	9	3	50
uniq_52919	Z95725.1	0.978541	10	320	785	466	9	3	50
uniq_53588	AY212716.1	0.972103	13	308	772	466	9	3	50
uniq_54337	AF013534.1	0.948498	24	322	789	466	9	3	50
uniq_54454	Z95725.1	0.952790	22	320	785	466	9	3	50
uniq_54524	AB240367.1	0.969957	14	320	784	466	9	3	50
uniq_54976	AB299978.1	0.957082	20	313	777	466	9	3	50
uniq_55631	AB240264.1	0.875536	58	323	788	466	9	3	50
uniq_56002	AB271752.1	0.993562	3	321	786	466	9	3	50
uniq_56982	AF009497.1	0.984979	7	327	791	466	9	3	50
uniq_58496	EF572978.1	0.939914	28	307	772	466	9	3	50
uniq_58639	AB240359.1	0.896996	48	322	786	466	9	3	50
uniq_59400	AF386753.1	0.839056	75	309	773	466	9	3	50
uniq_60369	EF512007.1	0.931330	32	313	777	466	9	3	50
uniq_60461	AF481230.1	0.879828	56	319	783	466	9	3	50
uniq_60653	Y13364.1	0.948498	24	323	787	466	9	3	50
uniq_61091	AY349385.1	0.894850	49	308	750	466	9	3	50
uniq_64416	AF385518.1	0.877682	57	308	750	466	9	3	50
uniq_64511	EF510383.1	0.931330	32	321	785	466	9	3	50
uniq_64614	EF510424.1	0.892704	50	332	796	466	9	3	50
uniq_64860	EF510383.1	0.892704	50	321	785	466	9	3	50
uniq_65677	Y13364.1	0.892704	50	323	787	466	9	3	50
uniq_65936	EF510424.1	0.856223	67	332	796	466	9	3	50
uniq_66017	DQ905554.1	0.871245	60	319	783	466	9	3	50
uniq_66522	AF385556.1	0.886266	53	329	768	466	9	3	50
uniq_67175	DQ905554.1	0.875536	58	319	783	466	9	3	50
uniq_67415	EF510424.1	0.869099	61	332	796	466	9	3	50
uniq_67860	AY278622.1	0.942060	27	335	800	466	9	3	50
uniq_68716	X87758.1	0.890558	51	314	759	466	9	3	50
uniq_70025	AM419984.1	0.832618	78	309	749	466	9	3	50
uniq_70354	AY321375.1	0.939914	28	327	792	466	9	3	50
uniq_70734	EF510424.1	0.879828	56	332	796	466	9	3	50
uniq_70819	AY278611.1	0.873391	59	314	771	466	9	3	50
uniq_71039	AY278611.1	0.886266	53	314	771	466	9	3	50
uniq_71102	AF385519.1	0.856223	67	320	779	466	9	3	50
uniq_71710	AY349380.1	0.873391	59	313	777	466	9	3	50
uniq_71822	AF385566.1	0.866953	62	335	800	466	9	3	50
uniq_72495	AY349384.1	0.849785	70	308	753	466	9	3	50
uniq_72643	AY349395.1	0.864807	63	320	779	466	9	3	50
uniq_72814	EF510424.1	0.937768	29	332	796	466	9	3	50
uniq_72876	AY207063.1	0.888412	52	325	789	466	9	3	50
uniq_72950	EF510424.1	0.877682	57	332	796	466	9	3	50
uniq_73393	AY032601.1	0.881974	55	319	784	466	9	3	50
uniq_74083	AF432136.1	0.888412	52	319	782	466	9	3	50
uniq_74151	AF201981.1	0.896996	48	327	766	466	9	3	50
uniq_76919	AF206305.1	0.873391	59	307	749	466	9	3	50
uniq_77067	AY277938.1	0.881974	55	327	791	466	9	3	50
uniq_77326	DQ905554.1	0.892704	50	319	783	466	9	3	50
uniq_77407	AF206305.1	0.864807	63	307	749	466	9	3	50
uniq_77744	AY485603.1	0.909871	42	317	781	466	9	3	50
uniq_78177	AM277334.1	0.914163	40	323	787	466	9	3	50
uniq_78484	AF111948.1	0.995708	2	320	784	466	9	3	50
uniq_78609	DQ087193.1	0.879828	56	308	750	466	9	3	50
uniq_78644	EU071472.1	0.905579	44	323	787	466	9	3	50
uniq_78677	EF512007.1	0.905579	44	313	777	466	9	3	50
uniq_78710	AY277938.1	0.841202	74	327	791	466	9	3	50
uniq_78743	DQ905554.1	0.875536	58	319	783	466	9	3	50
uniq_78765	AY188347.1	0.899142	47	317	781	466	9	3	50
uniq_79282	AJ576328.1	0.942060	27	317	782	466	9	3	50
uniq_79340	U43698.1	0.862661	64	317	777	466	9	3	50
uniq_79428	DQ905554.1	0.952790	22	319	783	466	9	3	50
uniq_79517	AM277334.1	0.946352	25	323	787	466	9	3	50
uniq_79968	DQ905554.1	0.849785	70	319	783	466	9	3	50
uniq_80133	AJ576364.1	0.944206	26	317	782	466	9	3	50
uniq_80202	AF432136.1	0.976395	11	319	783	466	9	3	50
uniq_80611	EU012315.1	0.860515	65	318	777	466	9	3	50
uniq_80681	AY008310.1	0.877682	57	318	777	466	9	3	50
uniq_80693	DQ905554.1	0.826180	81	319	783	466	9	3	50
uniq_80753	AF432136.1	0.847639	71	319	783	466	9	3	50
uniq_81035	AF385519.1	0.834764	77	320	779	466	9	3	50
uniq_81088	X89377.1	0.866953	62	316	780	466	9	3	50
uniq_81414	EU071472.1	0.963519	17	323	787	466	9	3	50
uniq_81852	AF481230.1	0.873391	59	319	783	466	9	3	50
uniq_81944	AF385566.1	0.866953	62	335	800	466	9	3	50
uniq_82079	AF287770.1	0.877682	57	325	763	466	9	3	50
uniq_82236	AF481209.1	0.899142	47	335	799	466	9	3	50
uniq_83195	AF206305.1	0.888412	52	307	749	466	9	3	50
uniq_83322	X89377.1	0.918455	38	316	780	466	9	3	50
uniq_83540	DQ905554.1	0.881974	55	319	783	466	9	3	50
uniq_83638	AY005072.1	0.871245	60	314	773	466	9	3	50
uniq_84183	DQ905554.1	0.858369	66	319	783	466	9	3	50
uniq_84844	AF543297.1	0.873391	59	316	775	466	9	3	50
uniq_85006	AY485605.1	0.914163	40	319	783	466	9	3	50
uniq_85030	EU071472.1	0.969957	14	323	787	466	9	3	50
uniq_85671	AY278621.1	0.881974	55	308	750	466	9	3	50
uniq_85910	EF510424.1	0.826180	81	332	796	466	9	3	50
uniq_86252	AY349374.1	0.888412	52	327	779	466	9	3	50
uniq_86421	AY005025.1	0.944206	26	313	777	466	9	3	50
uniq_87026	DQ905554.1	0.896996	48	319	783	466	9	3	50
uniq_87344	AY485605.1	0.890558	51	319	783	466	9	3	50
uniq_87414	AM696931.1	0.924893	35	322	786	466	9	3	50
uniq_87739	DQ905554.1	0.888412	52	319	783	466	9	3	50
uniq_87972	AF385515.1	0.851931	69	315	774	466	9	3	50
uniq_88071	EU071472.1	0.927039	34	323	787	466	9	3	50
uniq_88093	EF510383.1	0.873391	59	321	785	466	9	3	50
uniq_88864	AY369246.1	0.884120	54	309	773	466	9	3	50
uniq_89483	AF408257.1	0.916309	39	320	783	466	9	3	50
uniq_89593	DQ905554.1	0.937768	29	319	783	466	9	3	50
uniq_89778	DQ905554.1	0.860515	65	319	783	466	9	3	50
uniq_89808	AY485605.1	0.854077	68	319	783	466	9	3	50
uniq_90074	DQ905554.1	0.927039	34	319	783	466	9	3	50
uniq_90516	AF016390.1	0.954936	21	321	785	466	9	3	50
uniq_90620	EF512007.1	0.884120	54	313	777	466	9	3	50
uniq_91278	AF184220.1	0.939914	28	308	772	466	9	3	50
uniq_91514	AY043360.1	0.881974	55	307	771	466	9	3	50
uniq_92019	EF510424.1	0.903433	45	332	796	466	9	3	50
uniq_92028	AY005040.1	0.862661	64	319	783	466	9	3	50
uniq_92112	AF451270.1	0.909871	42	307	771	466	9	3	50
uniq_92245	AY691544.1	0.877682	57	311	775	466	9	3	50
uniq_93290	AB013253.1	0.987124	6	308	772	466	9	3	50
uniq_93352	AJ576247.1	0.890558	51	307	771	466	9	3	50
uniq_93384	AF074384.1	0.894850	49	307	771	466	9	3	50
uniq_93410	EF510424.1	0.875536	58	332	796	466	9	3	50
uniq_94297	X87758.1	0.896996	48	314	759	466	9	3	50
uniq_94757	AY005030.1	0.886266	53	307	771	466	9	3	50
uniq_95076	AF139203.1	0.866953	62	314	779	466	9	3	50
uniq_96206	EF512007.1	0.929185	33	313	777	466	9	3	50
uniq_96527	AF074384.1	0.901288	46	307	771	466	9	3	50
uniq_97123	AY188347.1	0.864807	63	317	781	466	9	3	50
uniq_97201	AM411992.1	0.905579	44	307	771	466	9	3	50
uniq_97687	AF064459.1	0.922747	36	307	771	466	9	3	50
uniq_97766	EF510424.1	0.869099	61	332	796	466	9	3	50
uniq_98119	AF255336.1	0.914163	40	307	771	466	9	3	50
uniq_98642	AB013253.1	0.875536	58	308	772	466	9	3	50
uniq_99542	AB114637.1	0.869099	61	311	775	466	9	3	50
uniq_00006	AY349403.1	0.935484	30	328	792	465	9	3	50
uniq_00012	EF511870.1	0.991398	4	313	777	465	9	3	50
uniq_00081	EF511070.1	0.972043	13	319	783	465	9	3	50
uniq_00139	D78649.1	0.965591	16	305	771	465	9	3	50
uniq_00444	EF511101.1	0.984946	7	313	777	465	9	3	50
uniq_00592	AY485605.1	0.987097	6	319	783	465	9	3	50
uniq_00770	AF543289.1	0.959140	19	317	781	465	9	3	50
uniq_01066	AF385503.1	0.980645	9	332	796	465	9	3	50
uniq_01084	AM114534.1	0.993548	3	307	771	465	9	3	50
uniq_01250	AF385566.1	0.907527	43	335	800	465	9	3	50
uniq_01422	AY326586.1	0.935484	30	308	772	465	9	3	50
uniq_01423	AB009828.1	0.989247	5	310	774	465	9	3	50
uniq_01520	EF511101.1	0.948387	24	313	777	465	9	3	50
uniq_01610	AF481209.1	0.993548	3	335	799	465	9	3	50
uniq_01919	X76335.1	0.989247	5	314	778	465	9	3	50
uniq_01977	AF182834.1	0.976344	11	315	779	465	9	3	50
uniq_02030	AF385576.1	0.991398	4	328	792	465	9	3	50
uniq_02146	AY958874.1	0.933333	31	334	797	465	9	3	50
uniq_02351	AY349381.1	0.965591	16	311	775	465	9	3	50
uniq_02450	AF287804.1	0.995699	2	328	792	465	9	3	50
uniq_03002	AY221039.1	0.939785	28	308	773	465	9	3	50
uniq_03172	AJ290758.1	0.952688	22	313	777	465	9	3	50
uniq_03351	AF224299.1	0.995699	2	313	777	465	9	3	50
uniq_03416	EU305565.1	0.989247	5	307	771	465	9	3	50
uniq_03492	X60414.1	0.952688	22	314	778	465	9	3	50
uniq_03864	AJ290758.1	0.959140	19	313	777	465	9	3	50
uniq_03974	AF287800.1	0.982796	8	332	796	465	9	3	50
uniq_04394	EF511101.1	0.982796	8	313	777	465	9	3	50
uniq_04510	AY369247.1	0.972043	13	317	781	465	9	3	50
uniq_04544	AF233451.1	0.995699	2	312	776	465	9	3	50
uniq_05096	AJ290758.1	0.959140	19	313	777	465	9	3	50
uniq_05382	AF394926.1	0.987097	6	329	793	465	9	3	50
uniq_05636	AF418944.1	0.875269	58	311	775	465	9	3	50
uniq_05646	AF170914.1	0.989247	5	314	778	465	9	3	50
uniq_05839	EF510424.1	0.929032	33	332	796	465	9	3	50
uniq_06172	AF023063.1	0.967742	15	318	782	465	9	3	50
uniq_06276	AJ290758.1	0.974194	12	313	777	465	9	3	50
uniq_06370	AF445700.1	0.993548	3	300	764	465	9	3	50
uniq_06876	AF523010.1	0.991398	4	305	769	465	9	3	50
uniq_07280	AJ290758.1	0.972043	13	313	777	465	9	3	50
uniq_07559	EF511101.1	0.907527	43	313	777	465	9	3	50
uniq_08030	AY345398.1	0.991398	4	311	775	465	9	3	50
uniq_08285	EF511870.1	0.972043	13	313	777	465	9	3	50
uniq_08358	EU283393.1	0.967742	15	305	769	465	9	3	50
uniq_09049	EF511070.1	0.879570	56	319	783	465	9	3	50
uniq_09553	AF385550.1	0.944086	26	317	781	465	9	3	50
uniq_09554	AF236007.1	0.967742	15	300	764	465	9	3	50
uniq_09886	AF481222.1	0.894624	49	325	764	465	9	3	50
uniq_100010	AY472116.1	0.989247	5	307	771	465	9	3	50
uniq_100016	AY472116.1	0.916129	39	307	771	465	9	3	50
uniq_100017	AF468404.1	0.965591	16	305	769	465	9	3	50
uniq_100026	AY349393.1	0.898925	47	320	779	465	9	3	50
uniq_100027	EF510424.1	0.939785	28	332	796	465	9	3	50
uniq_100045	EF511070.1	0.965591	16	319	783	465	9	3	50
uniq_100053	AF385519.1	0.883871	54	320	779	465	9	3	50
uniq_100082	DQ378190.1	0.956989	20	307	771	465	9	3	50
uniq_100093	AF176567.1	0.984946	7	311	775	465	9	3	50
uniq_100098	EF510424.1	0.907527	43	332	796	465	9	3	50
uniq_100122	EU670056.1	0.877419	57	320	779	465	9	3	50
uniq_100145	AF290479.1	0.883871	54	307	770	465	9	3	50
uniq_100153	AY472116.1	0.961290	18	307	771	465	9	3	50
uniq_100164	AM411992.1	0.948387	24	307	771	465	9	3	50
uniq_100167	AY472116.1	0.950538	23	307	771	465	9	3	50
uniq_100183	AF451270.1	0.920430	37	307	771	465	9	3	50
uniq_100202	AJ233434.1	0.993548	3	313	777	465	9	3	50
uniq_100209	EF510424.1	0.952688	22	332	796	465	9	3	50
uniq_100212	AY005030.1	0.918280	38	307	771	465	9	3	50
uniq_100221	AY661993.1	0.961290	18	307	771	465	9	3	50
uniq_100277	AY472116.1	0.909677	42	307	771	465	9	3	50
uniq_100279	AJ492830.1	0.929032	33	307	771	465	9	3	50
uniq_100292	EF512007.1	0.946237	25	313	777	465	9	3	50
uniq_100303	EF510424.1	0.911828	41	332	796	465	9	3	50
uniq_100308	AY349384.1	0.877419	57	308	753	465	9	3	50
uniq_100314	AB098612.1	0.913978	40	313	777	465	9	3	50
uniq_100331	AF287793.1	0.956989	20	323	787	465	9	3	50
uniq_100335	AF287793.1	0.967742	15	323	787	465	9	3	50
uniq_100342	AY345495.1	0.858065	66	307	766	465	9	3	50
uniq_100366	AY328570.1	0.905376	44	281	720	465	9	3	50
uniq_100387	AF468404.1	0.918280	38	305	769	465	9	3	50
uniq_100400	EF510424.1	0.926882	34	332	796	465	9	3	50
uniq_100409	AF432136.1	0.941935	27	319	783	465	9	3	50
uniq_100426	AY472116.1	0.905376	44	307	771	465	9	3	50
uniq_100437	AY188347.1	0.901075	46	317	781	465	9	3	50
uniq_100449	AF388207.1	0.984946	7	307	771	465	9	3	50
uniq_100457	AY661993.1	0.931183	32	307	771	465	9	3	50
uniq_100476	AF432136.1	0.959140	19	319	783	465	9	3	50
uniq_100479	AY472116.1	0.922581	36	307	771	465	9	3	50
uniq_100482	AY008314.1	0.873118	59	319	780	465	9	3	50
uniq_100499	AY472116.1	0.916129	39	307	771	465	9	3	50
uniq_100556	AB098612.1	0.952688	22	313	777	465	9	3	50
uniq_100562	DQ378190.1	0.922581	36	307	771	465	9	3	50
uniq_100581	AF184220.1	0.875269	58	308	772	465	9	3	50
uniq_100595	AF176567.1	0.980645	9	311	775	465	9	3	50
uniq_100597	AY472116.1	0.952688	22	307	771	465	9	3	50
uniq_100598	AY043360.1	0.913978	40	307	771	465	9	3	50
uniq_100608	AF176567.1	0.918280	38	311	775	465	9	3	50
uniq_100609	EF510424.1	0.941935	27	332	796	465	9	3	50
uniq_100627	AY472116.1	0.967742	15	307	771	465	9	3	50
uniq_100652	AY472116.1	0.952688	22	307	771	465	9	3	50
uniq_100657	AY349385.1	0.883871	54	308	750	465	9	3	50
uniq_100663	AM396914.1	0.939785	28	307	771	465	9	3	50
uniq_100698	AY349403.1	0.956989	20	327	792	465	9	3	50
uniq_100720	AY472116.1	0.946237	25	307	771	465	9	3	50
uniq_100727	AY472116.1	0.967742	15	307	771	465	9	3	50
uniq_100730	AY970952.1	0.922581	36	307	771	465	9	3	50
uniq_100765	DQ905554.1	0.950538	23	319	783	465	9	3	50
uniq_100783	AB098612.1	0.952688	22	313	777	465	9	3	50
uniq_100799	AY349403.1	0.963441	17	328	792	465	9	3	50
uniq_100808	AB098612.1	0.920430	37	313	777	465	9	3	50
uniq_100825	AF385551.1	0.890323	51	320	779	465	9	3	50
uniq_100834	AF385559.1	0.894624	49	326	764	465	9	3	50
uniq_100836	AY472116.1	0.933333	31	307	771	465	9	3	50
uniq_100838	DQ905554.1	0.961290	18	319	783	465	9	3	50
uniq_100874	AY472116.1	0.944086	26	307	771	465	9	3	50
uniq_100906	EF511070.1	0.969892	14	319	783	465	9	3	50
uniq_100932	EF572840.1	0.961290	18	307	771	465	9	3	50
uniq_100962	AY599715.1	0.888172	52	307	771	465	9	3	50
uniq_100964	DQ905554.1	0.890323	51	319	783	465	9	3	50
uniq_101005	AM411994.1	0.924731	35	307	771	465	9	3	50
uniq_101006	AF468404.1	0.929032	33	305	769	465	9	3	50
uniq_101091	EF572840.1	0.954839	21	307	771	465	9	3	50
uniq_101108	AF057645.1	0.933333	31	307	771	465	9	3	50
uniq_101146	EF511070.1	0.939785	28	319	783	465	9	3	50
uniq_101175	AY472116.1	0.961290	18	307	771	465	9	3	50
uniq_101205	AB098612.1	0.956989	20	313	777	465	9	3	50
uniq_101209	AF074384.1	0.926882	34	307	771	465	9	3	50
uniq_101270	DQ378190.1	0.982796	8	307	770	465	9	3	50
uniq_101299	AF094743.1	0.967742	15	307	771	465	9	3	50
uniq_101314	AY278611.1	0.886022	53	314	771	465	9	3	50
uniq_101357	AY485603.1	0.905376	44	317	781	465	9	3	50
uniq_101419	EF510383.1	0.888172	52	321	785	465	9	3	50
uniq_101468	AY349403.1	0.972043	13	328	792	465	9	3	50
uniq_101469	AB041885.1	0.956989	20	307	771	465	9	3	50
uniq_101499	AB098612.1	0.890323	51	313	777	465	9	3	50
uniq_101503	AF432855.1	0.879570	56	327	791	465	9	3	50
uniq_101512	AF432136.1	0.976344	11	319	783	465	9	3	50
uniq_101951	AY727530.1	0.969892	14	320	784	465	9	3	50
uniq_101956	AF442523.1	0.993548	3	305	769	465	9	3	50
uniq_102052	AJ544690.1	0.995699	2	306	770	465	9	3	50
uniq_102166	AY093698.1	0.974194	12	305	769	465	9	3	50
uniq_102295	AM048887.1	0.991398	4	307	771	465	9	3	50
uniq_102430	U81672.1	0.989247	5	311	775	465	9	3	50
uniq_102448	X95917.1	0.993548	3	315	779	465	9	3	50
uniq_103678	AY662012.1	0.982796	8	301	765	465	9	3	50
uniq_103777	AY622261.1	0.984946	7	305	769	465	9	3	50
uniq_103786	AY030342.1	0.976344	11	320	784	465	9	3	50
uniq_103946	AY212681.1	0.978495	10	307	773	465	9	3	50
uniq_104127	AY947936.1	0.948387	24	322	785	465	9	3	50
uniq_104176	DQ321751.1	0.956989	20	348	812	465	9	3	50
uniq_104267	AJ313017.1	0.961290	18	309	773	465	9	3	50
uniq_104381	AY053477.1	0.976344	11	307	771	465	9	3	50
uniq_104419	DQ819319.1	0.991398	4	331	795	465	9	3	50
uniq_10445	AY005033.1	0.959140	19	313	777	465	9	3	50
uniq_104573	AJ279038.1	0.969892	14	323	787	465	9	3	50
uniq_104684	AY349388.1	0.959140	19	311	775	465	9	3	50
uniq_104747	AF236005.1	0.969892	14	307	771	465	9	3	50
uniq_104763	AY289549.1	0.993548	3	318	782	465	9	3	50
uniq_104791	AY727530.1	0.941935	27	320	784	465	9	3	50
uniq_104841	AJ551119.1	0.993548	3	307	771	465	9	3	50
uniq_104969	AY727530.1	0.961290	18	320	784	465	9	3	50
uniq_105116	AB079788.1	0.944086	26	322	786	465	9	3	50
uniq_105119	DQ239766.1	0.952688	22	311	775	465	9	3	50
uniq_105187	EU283391.1	0.980645	9	305	769	465	9	3	50
uniq_105236	AF328148.1	0.922581	36	315	779	465	9	3	50
uniq_105735	X76447.1	0.982796	8	319	783	465	9	3	50
uniq_105758	AY268181.1	0.982796	8	313	777	465	9	3	50
uniq_105865	AY493944.1	0.989247	5	309	773	465	9	3	50
uniq_105922	EU373341.1	0.993548	3	320	784	465	9	3	50
uniq_106024	AY145570.1	0.976344	11	300	765	465	9	3	50
uniq_106093	AY444994.1	0.963441	17	307	771	465	9	3	50
uniq_106281	AJ417737.1	0.995699	2	335	799	465	9	3	50
uniq_106394	AB114624.1	0.995699	2	315	779	465	9	3	50
uniq_106595	AB179540.1	0.989247	5	315	779	465	9	3	50
uniq_106745	Y12703.1	0.896774	48	281	720	465	9	3	50
uniq_106951	AF397060.1	0.952688	22	320	784	465	9	3	50
uniq_107079	DQ068816.1	0.965591	16	311	775	465	9	3	50
uniq_107084	EF512007.1	0.937634	29	313	777	465	9	3	50
uniq_107194	AY349395.1	0.883871	54	320	779	465	9	3	50
uniq_107231	EU670056.1	0.898925	47	320	779	465	9	3	50
uniq_107235	EF510383.1	0.894624	49	321	785	465	9	3	50
uniq_10729	EF510424.1	0.933333	31	332	796	465	9	3	50
uniq_107304	AF201981.1	0.894624	49	327	766	465	9	3	50
uniq_107329	EF511101.1	0.967742	15	313	777	465	9	3	50
uniq_107353	EF510424.1	0.875269	58	332	796	465	9	3	50
uniq_107359	AY162144.1	0.935484	30	303	768	465	9	3	50
uniq_107369	AF385518.1	0.866667	62	308	750	465	9	3	50
uniq_107389	EF512007.1	0.937634	29	313	777	465	9	3	50
uniq_107398	AF385551.1	0.858065	66	320	779	465	9	3	50
uniq_107415	AM905356.1	0.875269	58	300	742	465	9	3	50
uniq_107420	AF385571.1	0.873118	59	307	746	465	9	3	50
uniq_107428	AF385518.1	0.890323	51	308	750	465	9	3	50
uniq_107461	AF385510.1	0.888172	52	326	765	465	9	3	50
uniq_107477	AY349402.1	0.840860	74	318	776	465	9	3	50
uniq_107486	AB076677.1	0.858065	66	310	750	465	9	3	50
uniq_107515	EF512007.1	0.913978	40	313	777	465	9	3	50
uniq_107535	AF224306.1	0.946237	25	312	776	465	9	3	50
uniq_107553	EF512007.1	0.916129	39	313	777	465	9	3	50
uniq_107564	EF510424.1	0.944086	26	332	796	465	9	3	50
uniq_107583	EF511870.1	0.937634	29	313	777	465	9	3	50
uniq_107597	EF510424.1	0.929032	33	332	796	465	9	3	50
uniq_107610	AY207063.1	0.984946	7	325	789	465	9	3	50
uniq_107631	EF511070.1	0.952688	22	319	783	465	9	3	50
uniq_107671	DQ905554.1	0.965591	16	319	783	465	9	3	50
uniq_107678	AB098612.1	0.926882	34	313	777	465	9	3	50
uniq_107705	EF511101.1	0.974194	12	313	777	465	9	3	50
uniq_107719	AY005025.1	0.954839	21	313	777	465	9	3	50
uniq_107722	AY485603.1	0.959140	19	317	781	465	9	3	50
uniq_107726	L14327.1	0.969892	14	322	786	465	9	3	50
uniq_107750	AY278618.1	0.879570	56	326	765	465	9	3	50
uniq_107761	AY008310.1	0.866667	62	318	777	465	9	3	50
uniq_107789	AM697133.1	0.909677	42	322	787	465	9	3	50
uniq_107808	EF510424.1	0.959140	19	332	796	465	9	3	50
uniq_107903	EF510424.1	0.954839	21	332	796	465	9	3	50
uniq_10792	EF511070.1	0.965591	16	319	783	465	9	3	50
uniq_107955	AF287800.1	0.926882	34	332	796	465	9	3	50
uniq_107994	EF510424.1	0.911828	41	332	796	465	9	3	50
uniq_108015	EF511070.1	0.965591	16	319	783	465	9	3	50
uniq_108047	AF385495.1	0.989247	5	328	792	465	9	3	50
uniq_108156	AY188347.1	0.886022	53	317	781	465	9	3	50
uniq_108257	AF385510.1	0.890323	51	326	765	465	9	3	50
uniq_108265	EF512007.1	0.892473	50	313	777	465	9	3	50
uniq_108320	EF510424.1	0.961290	18	332	796	465	9	3	50
uniq_108337	EF510383.1	0.855914	67	321	785	465	9	3	50
uniq_108338	DQ905554.1	0.969892	14	319	783	465	9	3	50
uniq_108413	AF385569.1	0.929032	33	302	761	465	9	3	50
uniq_108513	EF512007.1	0.954839	21	313	777	465	9	3	50
uniq_108544	AY278618.1	0.888172	52	326	765	465	9	3	50
uniq_108557	AY485604.1	0.916129	39	319	783	465	9	3	50
uniq_108559	EF510424.1	0.890323	51	332	796	465	9	3	50
uniq_10859	EF511070.1	0.974194	12	319	783	465	9	3	50
uniq_108606	EF511101.1	0.944086	26	313	777	465	9	3	50
uniq_108610	AY485603.1	0.903226	45	317	781	465	9	3	50
uniq_108666	EF511870.1	0.913978	40	313	777	465	9	3	50
uniq_108706	EF510424.1	0.883871	54	332	796	465	9	3	50
uniq_108715	EF511870.1	0.969892	14	313	777	465	9	3	50
uniq_108727	AY188347.1	0.911828	41	317	781	465	9	3	50
uniq_108747	AF385519.1	0.881720	55	320	779	465	9	3	50
uniq_108783	AF366271.1	0.888172	52	318	777	465	9	3	50
uniq_108801	EF512007.1	0.918280	38	313	777	465	9	3	50
uniq_108846	AF016390.1	0.991398	4	321	785	465	9	3	50
uniq_10885	EF510424.1	0.956989	20	332	796	465	9	3	50
uniq_108907	AM905356.1	0.873118	59	300	742	465	9	3	50
uniq_108926	AF432139.1	0.905376	44	319	783	465	9	3	50
uniq_108947	EF511101.1	0.939785	28	313	777	465	9	3	50
uniq_108955	AF432137.1	0.972043	13	319	783	465	9	3	50
uniq_108963	EF510424.1	0.956989	20	332	796	465	9	3	50
uniq_109004	AY005069.1	0.879570	56	318	778	465	9	3	50
uniq_109012	AY244910.1	0.879570	56	330	794	465	9	3	50
uniq_109047	EF510424.1	0.913978	40	332	796	465	9	3	50
uniq_109078	AY005025.1	0.941935	27	313	777	465	9	3	50
uniq_109109	EF510424.1	0.961290	18	332	796	465	9	3	50
uniq_109242	AB098612.1	0.963441	17	313	777	465	9	3	50
uniq_109258	AY349414.1	0.896774	48	317	780	465	9	3	50
uniq_109277	EF510383.1	0.944086	26	321	785	465	9	3	50
uniq_109292	AY349407.1	0.969892	14	332	796	465	9	3	50
uniq_109310	EF511101.1	0.821505	83	313	777	465	9	3	50
uniq_109311	AF481230.1	0.879570	56	319	783	465	9	3	50
uniq_109312	AM277334.1	0.941935	27	323	787	465	9	3	50
uniq_109316	EF511101.1	0.905376	44	313	777	465	9	3	50
uniq_109426	AF385566.1	0.905376	44	335	800	465	9	3	50
uniq_109440	AY278621.1	0.864516	63	308	750	465	9	3	50
uniq_109485	EU670056.1	0.862366	64	320	779	465	9	3	50
uniq_109566	AF481222.1	0.888172	52	325	764	465	9	3	50
uniq_109585	AY162144.1	0.898925	47	303	768	465	9	3	50
uniq_109664	AJ290758.1	0.956989	20	313	777	465	9	3	50
uniq_109719	AY207063.1	0.937634	29	325	789	465	9	3	50
uniq_109727	AF287809.1	0.873118	59	312	754	465	9	3	50
uniq_109794	AY162144.1	0.911828	41	303	768	465	9	3	50
uniq_109818	AY005025.1	0.959140	19	313	777	465	9	3	50
uniq_109845	AY345539.1	0.987097	6	321	785	465	9	3	50
uniq_109932	AY207050.1	0.881720	55	320	779	465	9	3	50
uniq_109964	AF385561.1	0.892473	50	318	777	465	9	3	50
uniq_109977	EF511101.1	0.907527	43	313	777	465	9	3	50
uniq_110050	AB098612.1	0.980645	9	313	777	465	9	3	50
uniq_110081	AY958874.1	0.931183	32	334	797	465	9	3	50
uniq_110100	AF432137.1	0.976344	11	319	783	465	9	3	50
uniq_110125	EF511070.1	0.933333	31	319	783	465	9	3	50
uniq_110133	EF510424.1	0.924731	35	332	796	465	9	3	50
uniq_110167	EF510424.1	0.931183	32	332	796	465	9	3	50
uniq_110185	AF201981.1	0.894624	49	327	766	465	9	3	50
uniq_110190	AY349385.1	0.898925	47	308	750	465	9	3	50
uniq_110218	EF511101.1	0.969892	14	313	777	465	9	3	50
uniq_110241	EF510424.1	0.946237	25	332	796	465	9	3	50
uniq_110425	EF510424.1	0.965591	16	332	796	465	9	3	50
uniq_110434	L14327.1	0.950538	23	322	786	465	9	3	50
uniq_110490	AY349380.1	0.909677	42	313	777	465	9	3	50
uniq_110494	EF511101.1	0.898925	47	313	777	465	9	3	50
uniq_110582	AF385519.1	0.862366	64	320	779	465	9	3	50
uniq_110617	EF512007.1	0.967742	15	313	777	465	9	3	50
uniq_110686	AY005025.1	0.931183	32	313	777	465	9	3	50
uniq_110689	EF512007.1	0.956989	20	313	777	465	9	3	50
uniq_110765	AF287816.1	0.879570	56	307	749	465	9	3	50
uniq_110766	EF512007.1	0.959140	19	313	777	465	9	3	50
uniq_110772	EF511070.1	0.954839	21	319	783	465	9	3	50
uniq_110787	AF385566.1	0.913978	40	335	800	465	9	3	50
uniq_110829	AJ290758.1	0.916129	39	313	777	465	9	3	50
uniq_110857	EU670056.1	0.883871	54	320	779	465	9	3	50
uniq_110858	EF511101.1	0.937634	29	313	777	465	9	3	50
uniq_110865	DQ087193.1	0.888172	52	308	750	465	9	3	50
uniq_111030	AJ290754.1	0.944086	26	313	777	465	9	3	50
uniq_111041	AF543297.1	0.881720	55	316	775	465	9	3	50
uniq_111148	AY005025.1	0.907527	43	313	777	465	9	3	50
uniq_111177	AB098612.1	0.935484	30	313	777	465	9	3	50
uniq_111203	AY485603.1	0.965591	16	317	781	465	9	3	50
uniq_111217	EF511101.1	0.954839	21	313	777	465	9	3	50
uniq_111268	AF287780.1	0.877419	57	331	794	465	9	3	50
uniq_111278	AF543297.1	0.890323	51	316	775	465	9	3	50
uniq_111287	AF385577.1	0.890323	51	329	768	465	9	3	50
uniq_111321	EU670056.1	0.879570	56	320	779	465	9	3	50
uniq_11140	AY212615.1	0.937634	29	311	775	465	9	3	50
uniq_11141	AF287793.1	0.976344	11	323	787	465	9	3	50
uniq_111421	AY278618.1	0.877419	57	326	765	465	9	3	50
uniq_111474	AJ290754.1	0.952688	22	313	777	465	9	3	50
uniq_111505	AY349371.1	0.894624	49	306	747	465	9	3	50
uniq_111563	AY044915.1	0.933333	31	314	772	465	9	3	50
uniq_111633	AF385566.1	0.948387	24	335	800	465	9	3	50
uniq_111721	DQ905554.1	0.956989	20	319	783	465	9	3	50
uniq_111761	AF432855.1	0.888172	52	327	791	465	9	3	50
uniq_111774	AY005025.1	0.926882	34	313	777	465	9	3	50
uniq_111775	EF511070.1	0.944086	26	319	783	465	9	3	50
uniq_111814	EF510424.1	0.974194	12	332	796	465	9	3	50
uniq_111824	EF510383.1	0.903226	45	321	785	465	9	3	50
uniq_111868	AY349381.1	0.993548	3	311	775	465	9	3	50
uniq_111975	AY188347.1	0.901075	46	317	781	465	9	3	50
uniq_112020	EF510424.1	0.913978	40	332	796	465	9	3	50
uniq_112052	AF385566.1	0.937634	29	335	800	465	9	3	50
uniq_112071	AF385577.1	0.892473	50	329	768	465	9	3	50
uniq_112099	AB100794.1	0.993548	3	319	783	465	9	3	50
uniq_112125	AF287775.1	0.855914	67	327	766	465	9	3	50
uniq_112158	EF511870.1	0.896774	48	313	777	465	9	3	50
uniq_112186	EF510424.1	0.941935	27	332	796	465	9	3	50
uniq_112219	AF366273.1	0.987097	6	330	794	465	9	3	50
uniq_112245	EF511101.1	0.901075	46	312	777	465	9	3	50
uniq_112258	AF385510.1	0.883871	54	326	765	465	9	3	50
uniq_112330	EF510424.1	0.956989	20	332	796	465	9	3	50
uniq_112338	AY207053.1	0.864516	63	310	752	465	9	3	50
uniq_112370	EF511101.1	0.939785	28	313	777	465	9	3	50
uniq_112405	AF543297.1	0.898925	47	316	775	465	9	3	50
uniq_112414	Y13364.1	0.967742	15	323	787	465	9	3	50
uniq_112442	AM905356.1	0.868817	61	300	742	465	9	3	50
uniq_112584	AF481230.1	0.918280	38	319	783	465	9	3	50
uniq_112670	AY207063.1	0.892473	50	325	789	465	9	3	50
uniq_112751	AB076677.1	0.862366	64	310	750	465	9	3	50
uniq_112946	AB098612.1	0.954839	21	313	777	465	9	3	50
uniq_112957	EF511101.1	0.974194	12	313	777	465	9	3	50
uniq_113031	EF510424.1	0.944086	26	332	796	465	9	3	50
uniq_113065	AY278622.1	0.913978	40	335	800	465	9	3	50
uniq_113084	AF385510.1	0.886022	53	326	765	465	9	3	50
uniq_113145	EF510424.1	0.924731	35	332	796	465	9	3	50
uniq_113185	AY207059.1	0.890323	51	326	764	465	9	3	50
uniq_113194	AY278611.1	0.901075	46	314	771	465	9	3	50
uniq_113240	AB098612.1	0.944086	26	313	777	465	9	3	50
uniq_113260	AB098612.1	0.847312	71	313	777	465	9	3	50
uniq_113281	EF510383.1	0.950538	23	321	785	465	9	3	50
uniq_113373	AY005025.1	0.830108	79	313	777	465	9	3	50
uniq_113458	EF512007.1	0.946237	25	313	777	465	9	3	50
uniq_113485	EF511070.1	0.901075	46	319	783	465	9	3	50
uniq_113550	EF512007.1	0.888172	52	313	777	465	9	3	50
uniq_113552	AY005025.1	0.941935	27	313	777	465	9	3	50
uniq_113568	EF510424.1	0.959140	19	332	796	465	9	3	50
uniq_113660	AY005025.1	0.916129	39	313	777	465	9	3	50
uniq_113707	EF510383.1	0.954839	21	321	785	465	9	3	50
uniq_113746	AJ290755.1	0.843011	73	315	779	465	9	3	50
uniq_113827	AJ290755.1	0.913978	40	315	779	465	9	3	50
uniq_113862	AY546095.1	0.898925	47	314	758	465	9	3	50
uniq_113912	AF287777.1	0.894624	49	326	765	465	9	3	50
uniq_114058	EF510424.1	0.855914	67	332	796	465	9	3	50
uniq_114065	EF510424.1	0.939785	28	332	796	465	9	3	50
uniq_114093	EF510383.1	0.952688	22	321	785	465	9	3	50
uniq_114149	AY005033.1	0.956989	20	313	777	465	9	3	50
uniq_114193	EF511870.1	0.939785	28	313	777	465	9	3	50
uniq_114210	AF385518.1	0.883871	54	308	750	465	9	3	50
uniq_114308	EF512007.1	0.946237	25	313	777	465	9	3	50
uniq_114336	EF510424.1	0.954839	21	332	796	465	9	3	50
uniq_114339	AY162144.1	0.907527	43	303	768	465	9	3	50
uniq_11441	AB109889.1	0.989247	5	307	771	465	9	3	50
uniq_114424	AF292371.1	0.890323	51	311	754	465	9	3	50
uniq_114427	AF543297.1	0.866667	62	316	775	465	9	3	50
uniq_114443	EF512007.1	0.898925	47	313	777	465	9	3	50
uniq_114447	AF287800.1	0.941935	27	332	796	465	9	3	50
uniq_114507	AY207053.1	0.862366	64	310	752	465	9	3	50
uniq_114533	EF511101.1	0.972043	13	313	777	465	9	3	50
uniq_114539	EF510383.1	0.963441	17	321	785	465	9	3	50
uniq_114554	AF287770.1	0.883871	54	325	763	465	9	3	50
uniq_114566	AY188347.1	0.868817	61	317	781	465	9	3	50
uniq_114683	AJ290758.1	0.931183	32	313	777	465	9	3	50
uniq_114694	AY162144.1	0.909677	42	303	768	465	9	3	50
uniq_114743	EF511101.1	0.886022	53	313	777	465	9	3	50
uniq_114771	EF512007.1	0.963441	17	313	777	465	9	3	50
uniq_114800	AJ244683.1	0.888172	52	320	784	465	9	3	50
uniq_114867	EF511101.1	0.890323	51	313	777	465	9	3	50
uniq_114974	EF511070.1	0.959140	19	319	783	465	9	3	50
uniq_114992	AY005030.1	0.972043	13	307	771	465	9	3	50
uniq_115093	AY349407.1	0.963441	17	332	796	465	9	3	50
uniq_115140	AF287809.1	0.888172	52	312	754	465	9	3	50
uniq_115311	EF512007.1	0.907527	43	313	777	465	9	3	50
uniq_115312	AF385519.1	0.886022	53	320	779	465	9	3	50
uniq_115345	EF510424.1	0.935484	30	332	796	465	9	3	50
uniq_115353	AF385519.1	0.890323	51	320	779	465	9	3	50
uniq_115375	EF510383.1	0.901075	46	321	785	465	9	3	50
uniq_115451	AY485605.1	0.860215	65	319	783	465	9	3	50
uniq_115455	EU670056.1	0.851613	69	320	779	465	9	3	50
uniq_115615	AY005072.1	0.879570	56	314	773	465	9	3	50
uniq_115682	AY425297.1	0.969892	14	313	777	465	9	3	50
uniq_115683	EF510424.1	0.974194	12	332	796	465	9	3	50
uniq_115693	AY485604.1	0.896774	48	319	783	465	9	3	50
uniq_115706	DQ087193.1	0.888172	52	308	750	465	9	3	50
uniq_11577	AY485605.1	0.888172	52	319	783	465	9	3	50
uniq_115885	EF510424.1	0.956989	20	332	796	465	9	3	50
uniq_115914	AY349380.1	0.974194	12	313	777	465	9	3	50
uniq_115922	EF512007.1	0.950538	23	313	777	465	9	3	50
uniq_115961	AB098612.1	0.969892	14	313	777	465	9	3	50
uniq_116000	X60408.1	0.933333	31	314	778	465	9	3	50
uniq_116007	EF512007.1	0.972043	13	313	777	465	9	3	50
uniq_116023	AF385510.1	0.888172	52	326	765	465	9	3	50
uniq_116155	AY005025.1	0.963441	17	313	777	465	9	3	50
uniq_116194	AY008309.1	0.898925	47	308	750	465	9	3	50
uniq_116200	AY005025.1	0.924731	35	313	777	465	9	3	50
uniq_116205	EF512007.1	0.916129	39	313	777	465	9	3	50
uniq_116279	EF510424.1	0.849462	70	332	796	465	9	3	50
uniq_116370	AM277334.1	0.956989	20	323	787	465	9	3	50
uniq_116406	AY005025.1	0.926882	34	313	777	465	9	3	50
uniq_116413	AY008691.1	0.890323	51	317	776	465	9	3	50
uniq_116460	AY230771.1	0.883871	54	325	764	465	9	3	50
uniq_116461	AY005025.1	0.946237	25	313	777	465	9	3	50
uniq_116480	AY188347.1	0.892473	50	317	781	465	9	3	50
uniq_116520	EF510424.1	0.918280	38	332	796	465	9	3	50
uniq_116530	AF385518.1	0.892473	50	308	750	465	9	3	50
uniq_116544	AF385569.1	0.931183	32	302	761	465	9	3	50
uniq_116592	EF512007.1	0.954839	21	313	777	465	9	3	50
uniq_116610	EF512007.1	0.888172	52	313	777	465	9	3	50
uniq_116697	EF511101.1	0.905376	44	313	777	465	9	3	50
uniq_116702	EF510383.1	0.956989	20	321	785	465	9	3	50
uniq_116763	AY278618.1	0.901075	46	326	765	465	9	3	50
uniq_116800	EF512007.1	0.879570	56	313	777	465	9	3	50
uniq_116869	AF385551.1	0.890323	51	320	779	465	9	3	50
uniq_116915	AF385492.1	0.969892	14	328	792	465	9	3	50
uniq_116918	Y13364.1	0.937634	29	323	787	465	9	3	50
uniq_116947	AY278611.1	0.881720	55	314	771	465	9	3	50
uniq_117016	EF511101.1	0.974194	12	313	777	465	9	3	50
uniq_117029	EF512007.1	0.911828	41	313	777	465	9	3	50
uniq_117114	EF511101.1	0.920430	37	313	777	465	9	3	50
uniq_117184	AM397080.1	0.961290	18	309	773	465	9	3	50
uniq_117413	EF510424.1	0.944086	26	332	796	465	9	3	50
uniq_117659	AY008309.1	0.873118	59	308	750	465	9	3	50
uniq_117680	AF397060.1	0.954839	21	320	784	465	9	3	50
uniq_117695	AF385510.1	0.898925	47	326	765	465	9	3	50
uniq_117703	U13038.1	0.875269	58	326	766	465	9	3	50
uniq_117780	EF511101.1	0.903226	45	313	777	465	9	3	50
uniq_117831	Y13366.1	0.941935	27	322	786	465	9	3	50
uniq_117833	EF512007.1	0.959140	19	313	777	465	9	3	50
uniq_117897	EF511101.1	0.972043	13	313	777	465	9	3	50
uniq_117924	AY008314.1	0.875269	58	319	780	465	9	3	50
uniq_117955	AY299319.1	0.967742	15	315	779	465	9	3	50
uniq_118041	AY162144.1	0.907527	43	303	768	465	9	3	50
uniq_118135	AM697440.1	0.918280	38	322	787	465	9	3	50
uniq_118211	AF366271.1	0.894624	49	318	777	465	9	3	50
uniq_118304	AF221062.1	0.870968	60	319	783	465	9	3	50
uniq_118308	EF510383.1	0.870968	60	321	785	465	9	3	50
uniq_118371	EF510424.1	0.952688	22	332	796	465	9	3	50
uniq_118392	EU670056.1	0.851613	69	320	779	465	9	3	50
uniq_118455	EF510383.1	0.868817	61	321	785	465	9	3	50
uniq_118496	AF432136.1	0.956989	20	319	783	465	9	3	50
uniq_118535	EF511070.1	0.972043	13	319	783	465	9	3	50
uniq_118565	EF511101.1	0.969892	14	313	777	465	9	3	50
uniq_118586	AF432136.1	0.963441	17	319	783	465	9	3	50
uniq_118628	AF385566.1	0.972043	13	335	800	465	9	3	50
uniq_118668	EF511101.1	0.969892	14	313	777	465	9	3	50
uniq_118723	EF510383.1	0.963441	17	321	785	465	9	3	50
uniq_118902	AY005033.1	0.911828	41	313	777	465	9	3	50
uniq_119009	AF287800.1	0.972043	13	332	796	465	9	3	50
uniq_119049	AY958874.1	0.843011	73	334	797	465	9	3	50
uniq_119125	AF385561.1	0.870968	60	318	777	465	9	3	50
uniq_119144	AY278611.1	0.886022	53	314	771	465	9	3	50
uniq_119220	AJ619070.1	0.926882	34	307	772	465	9	3	50
uniq_119233	AY005025.1	0.944086	26	313	777	465	9	3	50
uniq_11936	EF510383.1	0.965591	16	321	785	465	9	3	50
uniq_119365	DQ905554.1	0.907527	43	319	783	465	9	3	50
uniq_119521	AF385510.1	0.862366	64	326	765	465	9	3	50
uniq_119548	AB098612.1	0.877419	57	313	777	465	9	3	50
uniq_119598	AB076677.1	0.862366	64	310	750	465	9	3	50
uniq_119898	EF510424.1	0.961290	18	332	796	465	9	3	50
uniq_120002	Y15750.1	0.954839	21	320	784	465	9	3	50
uniq_120020	AM697440.1	0.862366	64	322	787	465	9	3	50
uniq_120068	AF543297.1	0.881720	55	316	775	465	9	3	50
uniq_12012	EF509613.1	0.995699	2	313	777	465	9	3	50
uniq_120243	X84258.1	0.901075	46	305	750	465	9	3	50
uniq_120326	Y11150.1	0.901075	46	307	771	465	9	3	50
uniq_120576	DQ386264.1	0.956989	20	309	773	465	9	3	50
uniq_120689	AJ606700.1	0.972043	13	320	784	465	9	3	50
uniq_120764	DQ453810.1	0.961290	18	307	771	465	9	3	50
uniq_121039	Y11150.1	0.959140	19	307	771	465	9	3	50
uniq_121048	AY651318.1	0.907527	43	307	751	465	9	3	50
uniq_12117	DQ905554.1	0.963441	17	319	783	465	9	3	50
uniq_121175	AY212674.1	0.967742	15	305	769	465	9	3	50
uniq_121192	AJ576249.1	0.896774	48	305	749	465	9	3	50
uniq_121244	AM411059.1	0.929032	33	307	771	465	9	3	50
uniq_122353	Y11150.1	0.946237	25	307	771	465	9	3	50
uniq_122779	Y11150.1	0.965591	16	307	771	465	9	3	50
uniq_122914	AJ244764.1	0.939785	28	307	772	465	9	3	50
uniq_122966	AY599723.1	0.972043	13	306	770	465	9	3	50
uniq_12342	AF432138.1	0.883871	54	308	750	465	9	3	50
uniq_123432	Y11150.1	0.952688	22	307	771	465	9	3	50
uniq_124391	AY131224.1	0.959140	19	307	771	465	9	3	50
uniq_124770	U01916.1	0.939785	28	307	771	465	9	3	50
uniq_124883	Y11150.1	0.959140	19	307	771	465	9	3	50
uniq_125002	AY212616.1	0.987097	6	308	772	465	9	3	50
uniq_125009	Y11150.1	0.950538	23	307	771	465	9	3	50
uniq_125198	AY642383.1	0.972043	13	312	776	465	9	3	50
uniq_125270	Y11150.1	0.963441	17	307	771	465	9	3	50
uniq_12541	AY349403.1	0.965591	16	328	792	465	9	3	50
uniq_125432	Y11150.1	0.950538	23	307	771	465	9	3	50
uniq_125650	Y11150.1	0.963441	17	307	771	465	9	3	50
uniq_125963	DQ453810.1	0.961290	18	307	771	465	9	3	50
uniq_126154	EF511101.1	0.933333	31	313	777	465	9	3	50
uniq_126155	U01916.1	0.974194	12	307	771	465	9	3	50
uniq_126478	U01916.1	0.901075	46	307	771	465	9	3	50
uniq_126483	DQ520192.1	0.959140	19	311	775	465	9	3	50
uniq_127056	Y11150.1	0.959140	19	307	771	465	9	3	50
uniq_127069	AF170351.1	0.937634	29	308	772	465	9	3	50
uniq_127119	AB098582.1	0.937634	29	311	775	465	9	3	50
uniq_127421	Y11150.1	0.954839	21	307	771	465	9	3	50
uniq_127448	AY030342.1	0.974194	12	320	784	465	9	3	50
uniq_127956	X89574.1	0.982796	8	313	777	465	9	3	50
uniq_128002	AF130948.1	0.924731	35	311	775	465	9	3	50
uniq_128055	AY689032.1	0.935484	30	312	776	465	9	3	50
uniq_128069	AB244473.1	0.929032	33	313	777	465	9	3	50
uniq_128108	AY131216.1	0.952688	22	315	778	465	9	3	50
uniq_128117	DQ378190.1	0.954839	21	307	771	465	9	3	50
uniq_128138	AB244473.1	0.952688	22	313	777	465	9	3	50
uniq_128144	AJ270451.1	0.941935	27	307	771	465	9	3	50
uniq_128330	AJ233403.1	0.929032	33	311	775	465	9	3	50
uniq_12836	AY005033.1	0.959140	19	313	777	465	9	3	50
uniq_128441	AY263477.1	0.978495	10	306	770	465	9	3	50
uniq_128557	AY689032.1	0.929032	33	312	776	465	9	3	50
uniq_128571	AY131216.1	0.929032	33	315	778	465	9	3	50
uniq_128578	AY727530.1	0.965591	16	320	784	465	9	3	50
uniq_128625	AY131216.1	0.933333	31	315	778	465	9	3	50
uniq_128659	AB013254.1	0.946237	25	307	771	465	9	3	50
uniq_128788	Y13836.1	0.911828	41	315	779	465	9	3	50
uniq_128846	AY131216.1	0.954839	21	315	778	465	9	3	50
uniq_128911	AJ002814.1	0.918280	38	315	779	465	9	3	50
uniq_129061	AF388207.1	0.965591	16	307	771	465	9	3	50
uniq_129103	AF373196.1	0.954839	21	311	775	465	9	3	50
uniq_129106	AF388207.1	0.956989	20	307	771	465	9	3	50
uniq_129267	Y13836.1	0.896774	48	315	779	465	9	3	50
uniq_129346	AY131216.1	0.890323	51	315	778	465	9	3	50
uniq_129372	AY689032.1	0.956989	20	312	776	465	9	3	50
uniq_129509	AY131218.1	0.952688	22	307	771	465	9	3	50
uniq_129589	AB010913.1	0.892473	50	305	749	465	9	3	50
uniq_129598	AJ232231.1	0.935484	30	312	776	465	9	3	50
uniq_129661	AY689032.1	0.954839	21	312	776	465	9	3	50
uniq_129923	AY689032.1	0.954839	21	312	776	465	9	3	50
uniq_130175	AY689032.1	0.944086	26	312	776	465	9	3	50
uniq_130235	AY131216.1	0.954839	21	315	778	465	9	3	50
uniq_130237	AY689032.1	0.920430	37	312	776	465	9	3	50
uniq_130268	AY689032.1	0.929032	33	312	776	465	9	3	50
uniq_130295	AF373196.1	0.929032	33	311	775	465	9	3	50
uniq_130310	AY689032.1	0.941935	27	312	776	465	9	3	50
uniq_130388	AJ492830.1	0.924731	35	307	771	465	9	3	50
uniq_130446	AB244473.1	0.967742	15	313	777	465	9	3	50
uniq_130689	AF130927.1	0.961290	18	310	774	465	9	3	50
uniq_130744	DQ378252.1	0.987097	6	307	771	465	9	3	50
uniq_130993	AY263477.1	0.978495	10	306	770	465	9	3	50
uniq_131138	AY689032.1	0.961290	18	312	776	465	9	3	50
uniq_131309	AY689032.1	0.937634	29	312	776	465	9	3	50
uniq_131608	AB244473.1	0.969892	14	313	777	465	9	3	50
uniq_131623	AY689032.1	0.956989	20	312	776	465	9	3	50
uniq_131747	AJ233429.1	0.901075	46	311	775	465	9	3	50
uniq_131807	AY030342.1	0.926882	34	320	784	465	9	3	50
uniq_131947	X89574.1	0.941935	27	313	777	465	9	3	50
uniq_132011	Y13836.1	0.864516	63	315	779	465	9	3	50
uniq_132154	AY131216.1	0.959140	19	315	778	465	9	3	50
uniq_132162	AY131216.1	0.959140	19	315	778	465	9	3	50
uniq_132181	AY131216.1	0.935484	30	315	778	465	9	3	50
uniq_132183	AY689032.1	0.937634	29	312	776	465	9	3	50
uniq_132304	AY689032.1	0.937634	29	312	776	465	9	3	50
uniq_132417	AY131216.1	0.948387	24	315	778	465	9	3	50
uniq_132473	AY131216.1	0.931183	32	315	778	465	9	3	50
uniq_132493	AY689032.1	0.944086	26	312	776	465	9	3	50
uniq_132589	DQ378190.1	0.965591	16	307	771	465	9	3	50
uniq_132602	AJ575816.1	0.989247	5	307	771	465	9	3	50
uniq_132694	AY131216.1	0.959140	19	315	778	465	9	3	50
uniq_132717	AY131218.1	0.974194	12	307	771	465	9	3	50
uniq_132885	AB244473.1	0.929032	33	313	777	465	9	3	50
uniq_132971	AY689032.1	0.941935	27	312	776	465	9	3	50
uniq_13300	AY093698.1	0.967742	15	305	769	465	9	3	50
uniq_133038	AY689032.1	0.956989	20	312	776	465	9	3	50
uniq_133151	AY530795.1	0.961290	18	311	775	465	9	3	50
uniq_133275	AY689032.1	0.961290	18	312	776	465	9	3	50
uniq_133565	AB013254.1	0.911828	41	307	771	465	9	3	50
uniq_133669	AY131216.1	0.941935	27	315	778	465	9	3	50
uniq_133839	AY131216.1	0.954839	21	315	778	465	9	3	50
uniq_133871	AY689032.1	0.956989	20	312	776	465	9	3	50
uniq_134119	AY689032.1	0.963441	17	312	776	465	9	3	50
uniq_134160	AF130948.1	0.974194	12	311	775	465	9	3	50
uniq_134275	AJ002814.1	0.916129	39	315	779	465	9	3	50
uniq_134464	AY689032.1	0.931183	32	312	776	465	9	3	50
uniq_134863	AY131216.1	0.965591	16	315	778	465	9	3	50
uniq_135034	AB244473.1	0.972043	13	313	777	465	9	3	50
uniq_135188	AY689032.1	0.956989	20	312	776	465	9	3	50
uniq_135300	AY689032.1	0.963441	17	312	776	465	9	3	50
uniq_135363	AB244473.1	0.954839	21	313	777	465	9	3	50
uniq_135621	AY689032.1	0.933333	31	312	776	465	9	3	50
uniq_135752	AY689032.1	0.933333	31	312	776	465	9	3	50
uniq_136060	AY689032.1	0.946237	25	312	776	465	9	3	50
uniq_136141	AB166976.1	0.972043	13	311	775	465	9	3	50
uniq_13632	AB096260.1	0.976344	11	307	771	465	9	3	50
uniq_136408	AY689032.1	0.941935	27	312	776	465	9	3	50
uniq_136818	AY131216.1	0.937634	29	315	778	465	9	3	50
uniq_136835	AB244473.1	0.969892	14	313	777	465	9	3	50
uniq_136852	AY689032.1	0.959140	19	312	776	465	9	3	50
uniq_136895	AF273037.1	0.939785	28	313	778	465	9	3	50
uniq_137006	AF289155.1	0.989247	5	307	771	465	9	3	50
uniq_137161	AY689032.1	0.946237	25	312	776	465	9	3	50
uniq_137187	X84258.1	0.909677	42	305	750	465	9	3	50
uniq_137338	AY131216.1	0.963441	17	315	778	465	9	3	50
uniq_137546	X59765.1	0.963441	17	318	782	465	9	3	50
uniq_13759	DQ905554.1	0.898925	47	319	783	465	9	3	50
uniq_137606	AY689032.1	0.952688	22	312	776	465	9	3	50
uniq_138323	AY689032.1	0.950538	23	312	776	465	9	3	50
uniq_138353	AY689032.1	0.954839	21	312	776	465	9	3	50
uniq_13852	EF510424.1	0.967742	15	332	796	465	9	3	50
uniq_138775	AY131216.1	0.956989	20	315	778	465	9	3	50
uniq_138783	AF388207.1	0.978495	10	307	771	465	9	3	50
uniq_138805	AY689032.1	0.946237	25	312	776	465	9	3	50
uniq_138831	AY689032.1	0.948387	24	312	776	465	9	3	50
uniq_139370	AY970952.1	0.944086	26	307	771	465	9	3	50
uniq_139590	AB244473.1	0.948387	24	313	777	465	9	3	50
uniq_139731	AY689032.1	0.956989	20	312	776	465	9	3	50
uniq_13975	AY030342.1	0.976344	11	320	784	465	9	3	50
uniq_139754	AF224306.1	0.959140	19	312	776	465	9	3	50
uniq_140060	AF385566.1	0.933333	31	335	800	465	9	3	50
uniq_140082	AY349403.1	0.870968	60	328	792	465	9	3	50
uniq_140126	EU071472.1	0.954839	21	323	787	465	9	3	50
uniq_140134	EF511101.1	0.939785	28	313	777	465	9	3	50
uniq_140136	EU071543.1	0.860215	65	298	740	465	9	3	50
uniq_140292	EF510383.1	0.827957	80	321	785	465	9	3	50
uniq_140293	AY429468.1	0.905376	44	304	763	465	9	3	50
uniq_140357	AY188347.1	0.868817	61	317	781	465	9	3	50
uniq_140444	EF510424.1	0.918280	38	332	796	465	9	3	50
uniq_140451	AY188347.1	0.898925	47	317	781	465	9	3	50
uniq_140454	DQ905554.1	0.901075	46	319	783	465	9	3	50
uniq_140488	EF510383.1	0.937634	29	321	785	465	9	3	50
uniq_140507	EU071472.1	0.937634	29	323	787	465	9	3	50
uniq_140525	EF510424.1	0.956989	20	332	796	465	9	3	50
uniq_140529	AY349395.1	0.881720	55	320	779	465	9	3	50
uniq_140572	AY005025.1	0.952688	22	313	777	465	9	3	50
uniq_140606	EF510424.1	0.922581	36	332	796	465	9	3	50
uniq_140607	EF511070.1	0.956989	20	319	783	465	9	3	50
uniq_140630	AY349381.1	0.926882	34	311	775	465	9	3	50
uniq_140638	EF510424.1	0.909677	42	332	796	465	9	3	50
uniq_140650	EF512007.1	0.877419	57	313	777	465	9	3	50
uniq_140652	EF510424.1	0.881720	55	332	796	465	9	3	50
uniq_140660	AF224306.1	0.950538	23	312	776	465	9	3	50
uniq_140728	EF510424.1	0.916129	39	332	796	465	9	3	50
uniq_140741	AY188347.1	0.892473	50	317	781	465	9	3	50
uniq_140789	EF510424.1	0.913978	40	332	796	465	9	3	50
uniq_140839	AF385566.1	0.952688	22	335	800	465	9	3	50
uniq_140866	AY485603.1	0.922581	36	317	781	465	9	3	50
uniq_140897	AY485603.1	0.901075	46	317	781	465	9	3	50
uniq_140972	AY005024.1	0.991398	4	313	777	465	9	3	50
uniq_140976	AF531765.1	0.864516	63	307	766	465	9	3	50
uniq_141084	EF511101.1	0.974194	12	313	777	465	9	3	50
uniq_141177	AF003931.1	0.941935	27	327	791	465	9	3	50
uniq_141218	EF512007.1	0.959140	19	313	777	465	9	3	50
uniq_141284	AJ313017.1	0.941935	27	309	773	465	9	3	50
uniq_141318	AB231802.1	0.903226	45	323	788	465	9	3	50
uniq_141383	EF512007.1	0.941935	27	313	777	465	9	3	50
uniq_141410	EF512007.1	0.802151	92	313	777	465	9	3	50
uniq_141601	EF512007.1	0.972043	13	313	777	465	9	3	50
uniq_141605	EF510424.1	0.933333	31	332	796	465	9	3	50
uniq_141630	AY005025.1	0.944086	26	313	777	465	9	3	50
uniq_141754	EF510424.1	0.941935	27	332	796	465	9	3	50
uniq_141764	Y13364.1	0.890323	51	323	787	465	9	3	50
uniq_141800	AF385566.1	0.929032	33	335	800	465	9	3	50
uniq_141821	AY044915.1	0.918280	38	314	772	465	9	3	50
uniq_141830	AY044915.1	0.935484	30	314	772	465	9	3	50
uniq_141842	AB098612.1	0.812903	87	313	777	465	9	3	50
uniq_141880	AJ290758.1	0.931183	32	313	777	465	9	3	50
uniq_141907	EF510424.1	0.939785	28	332	796	465	9	3	50
uniq_141914	AY445131.1	0.886022	53	332	796	465	9	3	50
uniq_141935	EF511101.1	0.976344	11	313	777	465	9	3	50
uniq_142008	EF510424.1	0.929032	33	332	796	465	9	3	50
uniq_142060	AY094066.1	0.825806	81	342	806	465	9	3	50
uniq_142212	EF510424.1	0.881720	55	332	796	465	9	3	50
uniq_142235	EF510424.1	0.920430	37	332	796	465	9	3	50
uniq_142300	AF385566.1	0.916129	39	335	800	465	9	3	50
uniq_142345	AY349403.1	0.967742	15	328	792	465	9	3	50
uniq_142366	AY485605.1	0.868817	61	319	783	465	9	3	50
uniq_142378	AY005025.1	0.946237	25	313	777	465	9	3	50
uniq_142423	AY349403.1	0.946237	25	328	792	465	9	3	50
uniq_142462	EF512007.1	0.952688	22	313	777	465	9	3	50
uniq_142533	AF224299.1	0.916129	39	313	777	465	9	3	50
uniq_142595	AY005025.1	0.892473	50	313	777	465	9	3	50
uniq_142596	AF219234.1	0.866667	62	313	753	465	9	3	50
uniq_142604	EF512007.1	0.860215	65	313	777	465	9	3	50
uniq_142664	EF511101.1	0.948387	24	313	777	465	9	3	50
uniq_142735	AY345557.1	0.795699	95	305	769	465	9	3	50
uniq_142914	EF510424.1	0.935484	30	332	796	465	9	3	50
uniq_143105	AF385551.1	0.888172	52	320	779	465	9	3	50
uniq_143183	AF385566.1	0.918280	38	335	800	465	9	3	50
uniq_143217	AY188347.1	0.946237	25	317	781	465	9	3	50
uniq_143289	AY134905.1	0.834409	77	318	777	465	9	3	50
uniq_143315	AF432137.1	0.858065	66	319	783	465	9	3	50
uniq_143334	AF292371.1	0.903226	45	311	754	465	9	3	50
uniq_143369	AY349403.1	0.911828	41	328	792	465	9	3	50
uniq_143381	EF510424.1	0.952688	22	332	796	465	9	3	50
uniq_143422	Y13364.1	0.875269	58	323	787	465	9	3	50
uniq_143496	AY044915.1	0.916129	39	314	772	465	9	3	50
uniq_143505	EF511101.1	0.939785	28	313	777	465	9	3	50
uniq_143516	EF510424.1	0.939785	28	332	796	465	9	3	50
uniq_143587	AY349402.1	0.877419	57	318	776	465	9	3	50
uniq_143605	EF510424.1	0.956989	20	332	796	465	9	3	50
uniq_14363	EF512007.1	0.909677	42	313	777	465	9	3	50
uniq_143631	EF512007.1	0.935484	30	313	777	465	9	3	50
uniq_143645	EF510424.1	0.896774	48	332	796	465	9	3	50
uniq_143671	AY005025.1	0.952688	22	313	777	465	9	3	50
uniq_143745	EF512007.1	0.870968	60	313	777	465	9	3	50
uniq_143781	AY278618.1	0.892473	50	326	765	465	9	3	50
uniq_143904	EF510424.1	0.911828	41	332	796	465	9	3	50
uniq_14406	EF510424.1	0.929032	33	332	796	465	9	3	50
uniq_144074	AY349403.1	0.948387	24	328	792	465	9	3	50
uniq_144148	EF510383.1	0.864516	63	321	785	465	9	3	50
uniq_144194	AY485605.1	0.879570	56	319	783	465	9	3	50
uniq_144309	AF543297.1	0.894624	49	316	775	465	9	3	50
uniq_144334	EF512007.1	0.920430	37	313	777	465	9	3	50
uniq_144431	AY485604.1	0.916129	39	319	783	465	9	3	50
uniq_144483	EF510424.1	0.954839	21	332	796	465	9	3	50
uniq_144636	EF510424.1	0.939785	28	332	796	465	9	3	50
uniq_144688	EF510424.1	0.916129	39	332	796	465	9	3	50
uniq_144709	AJ290758.1	0.965591	16	313	777	465	9	3	50
uniq_144754	EF510424.1	0.950538	23	332	796	465	9	3	50
uniq_144805	L14327.1	0.952688	22	322	786	465	9	3	50
uniq_144831	AY005030.1	0.956989	20	307	771	465	9	3	50
uniq_144895	AY005030.1	0.916129	39	307	771	465	9	3	50
uniq_144918	AY005025.1	0.956989	20	313	777	465	9	3	50
uniq_144990	AY349403.1	0.935484	30	328	792	465	9	3	50
uniq_145105	AY349403.1	0.969892	14	328	792	465	9	3	50
uniq_145128	AF432136.1	0.894624	49	319	783	465	9	3	50
uniq_145133	EF510383.1	0.965591	16	321	785	465	9	3	50
uniq_145209	EF510424.1	0.851613	69	332	796	465	9	3	50
uniq_145224	AY485603.1	0.967742	15	317	781	465	9	3	50
uniq_145239	AY369254.1	0.978495	10	309	773	465	9	3	50
uniq_145243	AY044915.1	0.873118	59	314	772	465	9	3	50
uniq_145258	Y13364.1	0.933333	31	323	787	465	9	3	50
uniq_145260	Y13364.1	0.939785	28	323	787	465	9	3	50
uniq_145291	EF510424.1	0.922581	36	332	796	465	9	3	50
uniq_145405	AF224306.1	0.952688	22	312	776	465	9	3	50
uniq_145516	EF510383.1	0.963441	17	321	785	465	9	3	50
uniq_145538	AB076677.1	0.858065	66	310	750	465	9	3	50
uniq_145547	EF511101.1	0.948387	24	313	777	465	9	3	50
uniq_145598	AY005025.1	0.961290	18	313	777	465	9	3	50
uniq_145671	EU071472.1	0.948387	24	323	787	465	9	3	50
uniq_145722	AF481222.1	0.886022	53	325	764	465	9	3	50
uniq_145874	EF512007.1	0.851613	69	313	777	465	9	3	50
uniq_145918	EF512007.1	0.969892	14	313	777	465	9	3	50
uniq_145986	AJ290758.1	0.952688	22	313	777	465	9	3	50
uniq_145992	AY349402.1	0.847312	71	318	776	465	9	3	50
uniq_146016	AM419984.1	0.860215	65	309	749	465	9	3	50
uniq_146069	AY349403.1	0.950538	23	328	792	465	9	3	50
uniq_146073	AB108826.1	0.886022	53	318	777	465	9	3	50
uniq_146088	EF511101.1	0.901075	46	313	777	465	9	3	50
uniq_146105	EF510383.1	0.838710	75	321	785	465	9	3	50
uniq_146156	EU071472.1	0.959140	19	323	787	465	9	3	50
uniq_146356	EF512007.1	0.892473	50	313	777	465	9	3	50
uniq_146392	AJ290755.1	0.812903	87	315	779	465	9	3	50
uniq_146485	AF537211.1	0.873118	59	328	766	465	9	3	50
uniq_146552	EF510383.1	0.961290	18	321	785	465	9	3	50
uniq_146621	EF510383.1	0.944086	26	321	785	465	9	3	50
uniq_146698	AY349403.1	0.950538	23	328	792	465	9	3	50
uniq_146726	AY278622.1	0.911828	41	335	800	465	9	3	50
uniq_146731	AM697440.1	0.903226	45	322	787	465	9	3	50
uniq_146796	EF510424.1	0.890323	51	332	796	465	9	3	50
uniq_146806	AF385566.1	0.946237	25	335	800	465	9	3	50
uniq_146874	EF510424.1	0.941935	27	332	796	465	9	3	50
uniq_146925	AY445131.1	0.913978	40	332	796	465	9	3	50
uniq_147015	EF511101.1	0.926882	34	313	777	465	9	3	50
uniq_147020	EF511101.1	0.840860	74	313	777	465	9	3	50
uniq_147168	AF224299.1	0.956989	20	313	777	465	9	3	50
uniq_147196	EF510424.1	0.969892	14	332	796	465	9	3	50
uniq_147244	EF512007.1	0.952688	22	313	777	465	9	3	50
uniq_147334	X67609.1	0.855914	67	308	767	465	9	3	50
uniq_147521	AF432136.1	0.933333	31	319	783	465	9	3	50
uniq_147522	AF224299.1	0.866667	62	313	777	465	9	3	50
uniq_147546	EF510424.1	0.896774	48	332	796	465	9	3	50
uniq_147663	EF512007.1	0.903226	45	313	776	465	9	3	50
uniq_147694	AY445131.1	0.918280	38	332	795	465	9	3	50
uniq_147711	AF385563.1	0.888172	52	318	760	465	9	3	50
uniq_147897	AB015542.1	0.793548	96	314	754	465	9	3	50
uniq_147940	AJ290758.1	0.946237	25	313	777	465	9	3	50
uniq_147962	AF016390.1	0.972043	13	321	785	465	9	3	50
uniq_147969	EF512007.1	0.965591	16	313	777	465	9	3	50
uniq_147981	EU071543.1	0.858065	66	298	740	465	9	3	50
uniq_148006	EF510424.1	0.954839	21	332	796	465	9	3	50
uniq_148059	AF328154.1	0.808602	89	313	777	465	9	3	50
uniq_148092	AF385519.1	0.858065	66	320	779	465	9	3	50
uniq_148097	AY429468.1	0.862366	64	304	763	465	9	3	50
uniq_148163	AY369252.1	0.959140	19	319	783	465	9	3	50
uniq_148200	AF385565.1	0.896774	48	315	774	465	9	3	50
uniq_148218	AF016390.1	0.939785	28	321	785	465	9	3	50
uniq_148300	AY349402.1	0.864516	63	318	776	465	9	3	50
uniq_148393	AY485604.1	0.888172	52	319	783	465	9	3	50
uniq_148423	AF385561.1	0.883871	54	318	777	465	9	3	50
uniq_148496	AF287761.1	0.879570	56	326	767	465	9	3	50
uniq_148564	EF510424.1	0.937634	29	332	796	465	9	3	50
uniq_148574	AF481209.1	0.898925	47	335	799	465	9	3	50
uniq_148588	AF543297.1	0.870968	60	316	775	465	9	3	50
uniq_148611	EF512007.1	0.969892	14	313	777	465	9	3	50
uniq_148625	AF385566.1	0.875269	58	335	800	465	9	3	50
uniq_148802	AY278611.1	0.881720	55	314	771	465	9	3	50
uniq_148819	Y13364.1	0.830108	79	323	787	465	9	3	50
uniq_148923	AF432136.1	0.920430	37	319	783	465	9	3	50
uniq_148962	AB240249.1	0.967742	15	308	772	465	9	3	50
uniq_149083	AY445131.1	0.888172	52	332	796	465	9	3	50
uniq_149135	AY349403.1	0.933333	31	328	792	465	9	3	50
uniq_149214	AF432138.1	0.873118	59	308	750	465	9	3	50
uniq_149285	AF183404.1	0.853763	68	320	779	465	9	3	50
uniq_149303	AF385577.1	0.866667	62	329	768	465	9	3	50
uniq_149376	AY094066.1	0.913978	40	342	806	465	9	3	50
uniq_149432	X67609.1	0.911828	41	308	767	465	9	3	50
uniq_149439	AB076677.1	0.868817	61	310	750	465	9	3	50
uniq_149467	EF510424.1	0.916129	39	332	796	465	9	3	50
uniq_149481	AF287775.1	0.858065	66	327	766	465	9	3	50
uniq_14965	EF510424.1	0.961290	18	332	796	465	9	3	50
uniq_149686	AY188347.1	0.911828	41	317	781	465	9	3	50
uniq_149737	AF385563.1	0.853763	68	318	760	465	9	3	50
uniq_149962	EF510424.1	0.926882	34	332	796	465	9	3	50
uniq_150092	AY369252.1	0.877419	57	319	783	465	9	3	50
uniq_150096	EF510424.1	0.939785	28	332	796	465	9	3	50
uniq_150208	AF287809.1	0.886022	53	312	754	465	9	3	50
uniq_150277	AY005025.1	0.858065	66	313	777	465	9	3	50
uniq_150383	AF224306.1	0.922581	36	312	776	465	9	3	50
uniq_150469	AY005026.1	0.965591	16	313	777	465	9	3	50
uniq_150473	AY445131.1	0.883871	54	332	796	465	9	3	50
uniq_150484	AF385571.1	0.862366	64	307	746	465	9	3	50
uniq_150586	EF510424.1	0.948387	24	332	796	465	9	3	50
uniq_150645	DQ666091.1	0.862366	64	310	752	465	9	3	50
uniq_150656	EF512007.1	0.924731	35	313	777	465	9	3	50
uniq_150659	AY188347.1	0.909677	42	317	781	465	9	3	50
uniq_150675	EF512007.1	0.956989	20	313	777	465	9	3	50
uniq_150739	AB108825.1	0.892473	50	318	777	465	9	3	50
uniq_150775	EF510424.1	0.924731	35	332	796	465	9	3	50
uniq_150808	EF512007.1	0.911828	41	313	777	465	9	3	50
uniq_150890	AF385571.1	0.888172	52	307	746	465	9	3	50
uniq_150908	AY186083.1	0.937634	29	311	775	465	9	3	50
uniq_151043	AF016390.1	0.933333	31	321	785	465	9	3	50
uniq_151116	EF510424.1	0.939785	28	332	796	465	9	3	50
uniq_151151	AY445131.1	0.909677	42	332	796	465	9	3	50
uniq_151154	AY345495.1	0.853763	68	307	766	465	9	3	50
uniq_151162	EF512007.1	0.886022	53	313	777	465	9	3	50
uniq_151218	AY349403.1	0.911828	41	328	792	465	9	3	50
uniq_151360	AY485603.1	0.965591	16	317	781	465	9	3	50
uniq_151471	AY094066.1	0.993548	3	342	806	465	9	3	50
uniq_151493	AY349395.1	0.903226	45	320	779	465	9	3	50
uniq_151533	AF016390.1	0.950538	23	321	785	465	9	3	50
uniq_151546	EF512007.1	0.901075	46	313	777	465	9	3	50
uniq_151585	EF510424.1	0.935484	30	332	796	465	9	3	50
uniq_151623	AY044915.1	0.860215	65	314	772	465	9	3	50
uniq_151624	EU071543.1	0.881720	55	298	740	465	9	3	50
uniq_151625	DQ905554.1	0.967742	15	319	783	465	9	3	50
uniq_151664	AF385561.1	0.879570	56	318	777	465	9	3	50
uniq_15180	AY485604.1	0.963441	17	319	783	465	9	3	50
uniq_151857	AY044915.1	0.929032	33	314	772	465	9	3	50
uniq_151873	AJ301825.1	0.892473	50	326	789	465	9	3	50
uniq_152054	AY005025.1	0.913978	40	313	777	465	9	3	50
uniq_152063	AF385565.1	0.894624	49	315	774	465	9	3	50
uniq_152129	EF510424.1	0.933333	31	332	796	465	9	3	50
uniq_152165	X60410.1	0.991398	4	314	778	465	9	3	50
uniq_152290	AB098612.1	0.974194	12	313	777	465	9	3	50
uniq_152354	EF512007.1	0.873118	59	313	777	465	9	3	50
uniq_152423	EF510424.1	0.941935	27	332	796	465	9	3	50
uniq_152455	AF432133.1	0.888172	52	320	779	465	9	3	50
uniq_152489	EF510383.1	0.896774	48	321	785	465	9	3	50
uniq_152498	AF385510.1	0.868817	61	326	765	465	9	3	50
uniq_152525	EF510424.1	0.907527	43	332	796	465	9	3	50
uniq_152533	AF287780.1	0.909677	42	331	794	465	9	3	50
uniq_152590	AY349403.1	0.939785	28	328	792	465	9	3	50
uniq_152601	AF385521.1	0.892473	50	314	771	465	9	3	50
uniq_152617	EF512007.1	0.974194	12	313	774	465	9	3	50
uniq_152636	AY008308.1	0.892473	50	315	774	465	9	3	50
uniq_152649	AM277334.1	0.888172	52	323	787	465	9	3	50
uniq_152712	EF510424.1	0.907527	43	332	796	465	9	3	50
uniq_152756	EF512007.1	0.860215	65	313	777	465	9	3	50
uniq_152811	AF201981.1	0.901075	46	327	766	465	9	3	50
uniq_152847	AY349402.1	0.840860	74	318	776	465	9	3	50
uniq_152883	EF510424.1	0.967742	15	332	796	465	9	3	50
uniq_152924	EF512007.1	0.972043	13	313	777	465	9	3	50
uniq_152966	AY485604.1	0.862366	64	319	783	465	9	3	50
uniq_153015	Y13364.1	0.827957	80	323	787	465	9	3	50
uniq_153030	AY244921.1	0.836559	76	318	777	465	9	3	50
uniq_153066	AF287780.1	0.967742	15	331	794	465	9	3	50
uniq_153198	EF512007.1	0.944086	26	313	777	465	9	3	50
uniq_153260	AF385563.1	0.886022	53	318	760	465	9	3	50
uniq_153304	EF510424.1	0.926882	34	332	796	465	9	3	50
uniq_153372	AM419984.1	0.879570	56	309	749	465	9	3	50
uniq_153373	EF510383.1	0.948387	24	321	785	465	9	3	50
uniq_153384	EF512007.1	0.817204	85	313	777	465	9	3	50
uniq_153416	EF511101.1	0.952688	22	313	777	465	9	3	50
uniq_153440	AF287770.1	0.881720	55	325	763	465	9	3	50
uniq_153453	EF512007.1	0.870968	60	313	777	465	9	3	50
uniq_153459	EF510424.1	0.896774	48	332	796	465	9	3	50
uniq_153497	AF016390.1	0.892473	50	321	785	465	9	3	50
uniq_153530	EF511101.1	0.892473	50	313	777	465	9	3	50
uniq_153576	AY349403.1	0.963441	17	328	792	465	9	3	50
uniq_153629	AY005025.1	0.840860	74	313	777	465	9	3	50
uniq_153652	AY188347.1	0.879570	56	317	781	465	9	3	50
uniq_153874	Y13364.1	0.924731	35	323	787	465	9	3	50
uniq_153913	AM184245.1	0.924731	35	311	775	465	9	3	50
uniq_153950	AY005025.1	0.956989	20	313	777	465	9	3	50
uniq_153959	AY349403.1	0.922581	36	328	792	465	9	3	50
uniq_153982	EU071472.1	0.967742	15	323	787	465	9	3	50
uniq_154146	AY278611.1	0.866667	62	314	771	465	9	3	50
uniq_154229	EF510383.1	0.858065	66	321	785	465	9	3	50
uniq_154235	AF481224.1	0.926882	34	334	798	465	9	3	50
uniq_154264	AF385519.1	0.877419	57	320	779	465	9	3	50
uniq_154292	EF510424.1	0.959140	19	332	796	465	9	3	50
uniq_154348	EF510424.1	0.888172	52	332	796	465	9	3	50
uniq_154354	AY005025.1	0.939785	28	313	777	465	9	3	50
uniq_154400	AF201981.1	0.866667	62	327	766	465	9	3	50
uniq_154463	AF201981.1	0.866667	62	327	766	465	9	3	50
uniq_154467	AF385551.1	0.870968	60	320	779	465	9	3	50
uniq_154500	AF543289.1	0.959140	19	317	781	465	9	3	50
uniq_154585	EU071472.1	0.909677	42	323	787	465	9	3	50
uniq_154622	AF408257.1	0.888172	52	320	783	465	9	3	50
uniq_154630	EF510424.1	0.879570	56	332	796	465	9	3	50
uniq_154661	AF224306.1	0.944086	26	312	776	465	9	3	50
uniq_154711	EF511070.1	0.967742	15	319	783	465	9	3	50
uniq_154807	EF512007.1	0.913978	40	313	777	465	9	3	50
uniq_154819	AF287775.1	0.870968	60	327	766	465	9	3	50
uniq_154931	AF385577.1	0.868817	61	329	768	465	9	3	50
uniq_154992	AY349385.1	0.870968	60	308	750	465	9	3	50
uniq_154993	AF016390.1	0.894624	49	321	785	465	9	3	50
uniq_155018	EF512007.1	0.963441	17	313	777	465	9	3	50
uniq_155022	EF510424.1	0.946237	25	332	796	465	9	3	50
uniq_155150	EF510424.1	0.935484	30	332	796	465	9	3	50
uniq_155261	AF287780.1	0.963441	17	331	794	465	9	3	50
uniq_155362	AF432137.1	0.963441	17	319	783	465	9	3	50
uniq_155484	AY444994.1	0.907527	43	307	771	465	9	3	50
uniq_155489	AY207059.1	0.870968	60	326	764	465	9	3	50
uniq_155635	AY445131.1	0.920430	37	332	796	465	9	3	50
uniq_155727	DQ905554.1	0.911828	41	319	783	465	9	3	50
uniq_155750	AY188347.1	0.883871	54	317	781	465	9	3	50
uniq_155808	AY044915.1	0.935484	30	314	772	465	9	3	50
uniq_155837	AF385566.1	0.901075	46	335	800	465	9	3	50
uniq_155874	AB076875.1	0.812903	87	307	771	465	9	3	50
uniq_155916	AF287794.1	0.948387	24	324	788	465	9	3	50
uniq_155936	AY005024.1	0.944086	26	313	777	465	9	3	50
uniq_155977	AY134905.1	0.838710	75	318	777	465	9	3	50
uniq_156012	AY445131.1	0.948387	24	332	796	465	9	3	50
uniq_156119	AF328148.1	0.989247	5	315	779	465	9	3	50
uniq_156151	AY345495.1	0.858065	66	307	766	465	9	3	50
uniq_156169	EF510424.1	0.905376	44	332	796	465	9	3	50
uniq_156181	EF510424.1	0.920430	37	332	796	465	9	3	50
uniq_156267	EF510424.1	0.948387	24	332	796	465	9	3	50
uniq_156424	AY278622.1	0.886022	53	335	800	465	9	3	50
uniq_156439	AY429468.1	0.894624	49	304	763	465	9	3	50
uniq_156494	AY005025.1	0.948387	24	313	777	465	9	3	50
uniq_156528	AY485603.1	0.881720	55	317	781	465	9	3	50
uniq_156685	EF510424.1	0.946237	25	332	796	465	9	3	50
uniq_156767	AY485605.1	0.898925	47	319	783	465	9	3	50
uniq_156861	AF385566.1	0.952688	22	335	800	465	9	3	50
uniq_156867	EU071543.1	0.866667	62	298	740	465	9	3	50
uniq_156946	EF510383.1	0.892473	50	321	785	465	9	3	50
uniq_157000	AB076677.1	0.864516	63	310	750	465	9	3	50
uniq_157018	EF512007.1	0.941935	27	313	777	465	9	3	50
uniq_157066	AY044915.1	0.929032	33	314	772	465	9	3	50
uniq_157113	DQ666091.1	0.851613	69	310	752	465	9	3	50
uniq_15712	EF510383.1	0.894624	49	321	785	465	9	3	50
uniq_157135	EF512007.1	0.944086	26	313	777	465	9	3	50
uniq_157182	AJ290758.1	0.827957	80	313	777	465	9	3	50
uniq_157469	AY485603.1	0.886022	53	317	781	465	9	3	50
uniq_157489	EF510424.1	0.903226	45	332	796	465	9	3	50
uniq_157504	EF512007.1	0.901075	46	313	777	465	9	3	50
uniq_157762	AF287780.1	0.903226	45	331	794	465	9	3	50
uniq_157865	EF512007.1	0.922581	36	313	777	465	9	3	50
uniq_157947	AY485605.1	0.909677	42	319	783	465	9	3	50
uniq_157966	AF385503.1	0.909677	42	332	796	465	9	3	50
uniq_158036	AF287794.1	0.909677	42	324	788	465	9	3	50
uniq_158062	EF512007.1	0.959140	19	313	777	465	9	3	50
uniq_158168	EF510383.1	0.864516	63	321	785	465	9	3	50
uniq_158314	EF510424.1	0.933333	31	332	796	465	9	3	50
uniq_158397	Y13364.1	0.961290	18	323	787	465	9	3	50
uniq_158403	AB108825.1	0.868817	61	318	777	465	9	3	50
uniq_158438	EF512007.1	0.952688	22	313	777	465	9	3	50
uniq_158527	EF511101.1	0.894624	49	313	777	465	9	3	50
uniq_158554	AF201981.1	0.894624	49	327	766	465	9	3	50
uniq_158628	AY570514.1	0.875269	58	314	774	465	9	3	50
uniq_158713	AF287794.1	0.933333	31	324	788	465	9	3	50
uniq_158720	AM277334.1	0.870968	60	323	787	465	9	3	50
uniq_158765	AF016390.1	0.847312	71	321	785	465	9	3	50
uniq_158935	AF481222.1	0.886022	53	325	764	465	9	3	50
uniq_158980	EF511101.1	0.845161	72	313	777	465	9	3	50
uniq_158983	EF512007.1	0.967742	15	313	777	465	9	3	50
uniq_159007	EF511070.1	0.939785	28	319	783	465	9	3	50
uniq_15901	AY005030.1	0.980645	9	307	771	465	9	3	50
uniq_159054	X60404.1	0.913978	40	314	778	465	9	3	50
uniq_159078	AY005028.1	0.969892	14	313	777	465	9	3	50
uniq_159095	AF395913.1	0.941935	27	311	775	465	9	3	50
uniq_159097	EF510424.1	0.941935	27	332	796	465	9	3	50
uniq_159115	EF512007.1	0.959140	19	313	777	465	9	3	50
uniq_159126	AF287780.1	0.933333	31	331	794	465	9	3	50
uniq_159232	EF512007.1	0.965591	16	313	777	465	9	3	50
uniq_159254	AY093698.1	0.939785	28	305	769	465	9	3	50
uniq_159278	AY349381.1	0.922581	36	311	775	465	9	3	50
uniq_159288	AY349403.1	0.933333	31	328	792	465	9	3	50
uniq_159406	EF512007.1	0.946237	25	313	777	465	9	3	50
uniq_159423	AY485604.1	0.976344	11	319	783	465	9	3	50
uniq_159444	EU071543.1	0.875269	58	298	740	465	9	3	50
uniq_159453	AY485604.1	0.858065	66	319	783	465	9	3	50
uniq_159579	AF385561.1	0.870968	60	318	777	465	9	3	50
uniq_159644	Y13364.1	0.959140	19	323	787	465	9	3	50
uniq_159781	EF510424.1	0.939785	28	332	796	465	9	3	50
uniq_159920	EF512007.1	0.952688	22	313	777	465	9	3	50
uniq_159970	AF016390.1	0.959140	19	321	785	465	9	3	50
uniq_159978	AY485603.1	0.937634	29	317	781	465	9	3	50
uniq_159990	AY382153.1	0.935484	30	307	771	465	9	3	50
uniq_160050	AY958904.1	0.948387	24	322	786	465	9	3	50
uniq_160060	D14320.1	0.952688	22	306	770	465	9	3	50
uniq_160168	AY485604.1	0.909677	42	319	783	465	9	3	50
uniq_160205	EF511101.1	0.901075	46	313	777	465	9	3	50
uniq_160228	EF512007.1	0.849462	70	313	777	465	9	3	50
uniq_16026	AF292371.1	0.903226	45	311	754	465	9	3	50
uniq_160294	AY005025.1	0.926882	34	313	777	465	9	3	50
uniq_160459	EF510424.1	0.933333	31	332	796	465	9	3	50
uniq_160658	AY005025.1	0.888172	52	313	777	465	9	3	50
uniq_160672	AJ576354.1	0.855914	67	327	766	465	9	3	50
uniq_160730	AY044915.1	0.883871	54	314	772	465	9	3	50
uniq_160779	EF512007.1	0.965591	16	313	777	465	9	3	50
uniq_16078	AY689031.1	0.989247	5	313	777	465	9	3	50
uniq_160910	EF512007.1	0.946237	25	313	777	465	9	3	50
uniq_161239	AF432133.1	0.866667	62	320	779	465	9	3	50
uniq_161326	AY349385.1	0.862366	64	308	750	465	9	3	50
uniq_161395	EF510424.1	0.982796	8	332	796	465	9	3	50
uniq_161434	AF224306.1	0.963441	17	312	776	465	9	3	50
uniq_161484	AF224306.1	0.950538	23	312	776	465	9	3	50
uniq_161524	EF511070.1	0.959140	19	319	783	465	9	3	50
uniq_161614	EF512007.1	0.901075	46	312	777	465	9	3	50
uniq_161637	AY005033.1	0.907527	43	313	777	465	9	3	50
uniq_161744	EF512007.1	0.972043	13	313	777	465	9	3	50
uniq_161791	AF224306.1	0.952688	22	312	776	465	9	3	50
uniq_161902	AF432136.1	0.961290	18	319	783	465	9	3	50
uniq_161927	AF224306.1	0.972043	13	312	776	465	9	3	50
uniq_161949	AF224305.1	0.898925	47	313	777	465	9	3	50
uniq_161995	AY005069.1	0.886022	53	318	778	465	9	3	50
uniq_162045	AB098612.1	0.978495	10	313	777	465	9	3	50
uniq_162145	AJ290758.1	0.894624	49	313	777	465	9	3	50
uniq_162279	AJ290758.1	0.972043	13	313	777	465	9	3	50
uniq_162353	EF512007.1	0.950538	23	313	777	465	9	3	50
uniq_162413	AF224306.1	0.926882	34	312	776	465	9	3	50
uniq_162418	EF511070.1	0.969892	14	319	783	465	9	3	50
uniq_162468	AF543297.1	0.868817	61	316	775	465	9	3	50
uniq_162522	AF224306.1	0.952688	22	312	776	465	9	3	50
uniq_162527	AF224306.1	0.941935	27	312	776	465	9	3	50
uniq_162573	AF224306.1	0.941935	27	312	776	465	9	3	50
uniq_162672	AJ290758.1	0.948387	24	313	777	465	9	3	50
uniq_162702	AF224306.1	0.969892	14	312	776	465	9	3	50
uniq_162777	AF224306.1	0.963441	17	312	776	465	9	3	50
uniq_162905	AY345393.1	0.965591	16	307	771	465	9	3	50
uniq_162935	AJ565415.1	0.898925	47	310	754	465	9	3	50
uniq_162938	EF512007.1	0.974194	12	313	777	465	9	3	50
uniq_162949	AF224306.1	0.967742	15	312	776	465	9	3	50
uniq_162959	AJ290758.1	0.950538	23	313	777	465	9	3	50
uniq_162972	AJ290758.1	0.929032	33	313	777	465	9	3	50
uniq_163024	AJ290754.1	0.926882	34	313	777	465	9	3	50
uniq_163040	AJ290758.1	0.972043	13	313	777	465	9	3	50
uniq_163123	U87826.1	0.901075	46	309	760	465	9	3	50
uniq_163194	AY005033.1	0.954839	21	313	777	465	9	3	50
uniq_163270	EF101551.1	0.916129	39	309	773	465	9	3	50
uniq_163294	EF512007.1	0.961290	18	313	777	465	9	3	50
uniq_163314	AJ290758.1	0.974194	12	313	777	465	9	3	50
uniq_163323	AY188347.1	0.903226	45	317	781	465	9	3	50
uniq_163420	EF511070.1	0.944086	26	319	783	465	9	3	50
uniq_163498	AF224306.1	0.948387	24	312	776	465	9	3	50
uniq_163548	EF511070.1	0.965591	16	319	783	465	9	3	50
uniq_163826	DQ325537.1	0.853763	68	314	756	465	9	3	50
uniq_163867	AY005033.1	0.860215	65	313	777	465	9	3	50
uniq_163871	AB021398.1	0.916129	39	309	773	465	9	3	50
uniq_164074	AF224306.1	0.883871	54	312	776	465	9	3	50
uniq_164075	EF511070.1	0.961290	18	319	783	465	9	3	50
uniq_164095	AY008691.1	0.901075	46	317	776	465	9	3	50
uniq_164154	AF056088.1	0.963441	17	319	783	465	9	3	50
uniq_164174	AY278611.1	0.890323	51	314	771	465	9	3	50
uniq_164194	EF512007.1	0.946237	25	313	777	465	9	3	50
uniq_164254	AM697440.1	0.905376	44	322	787	465	9	3	50
uniq_164322	AM697133.1	0.892473	50	322	787	465	9	3	50
uniq_164600	EF512007.1	0.843011	73	313	777	465	9	3	50
uniq_164624	EU373360.1	0.963441	17	307	771	465	9	3	50
uniq_164646	EF511070.1	0.944086	26	319	783	465	9	3	50
uniq_164785	AF224306.1	0.797849	94	312	776	465	9	3	50
uniq_164825	AY349385.1	0.886022	53	308	750	465	9	3	50
uniq_164897	AY005033.1	0.905376	44	313	777	465	9	3	50
uniq_164901	AY369249.1	0.868817	61	315	780	465	9	3	50
uniq_164905	AF224306.1	0.952688	22	312	776	465	9	3	50
uniq_164922	EF510383.1	0.972043	13	321	785	465	9	3	50
uniq_164947	AF224306.1	0.941935	27	312	776	465	9	3	50
uniq_164996	AY369246.1	0.995699	2	309	773	465	9	3	50
uniq_165009	EU373360.1	0.965591	16	307	771	465	9	3	50
uniq_165102	AF224306.1	0.941935	27	312	776	465	9	3	50
uniq_165176	AF224306.1	0.916129	39	312	776	465	9	3	50
uniq_165233	AF224306.1	0.950538	23	312	776	465	9	3	50
uniq_165552	EU071472.1	0.961290	18	323	787	465	9	3	50
uniq_165559	AJ290758.1	0.967742	15	313	777	465	9	3	50
uniq_165616	AY299313.1	0.800000	93	315	779	465	9	3	50
uniq_165877	AY005033.1	0.909677	42	313	777	465	9	3	50
uniq_165984	DQ325537.1	0.873118	59	314	756	465	9	3	50
uniq_166063	AJ290758.1	0.913978	40	313	777	465	9	3	50
uniq_166088	AF224306.1	0.892473	50	312	776	465	9	3	50
uniq_166115	AF224306.1	0.963441	17	312	776	465	9	3	50
uniq_166130	EF510719.1	0.993548	3	307	771	465	9	3	50
uniq_166155	AF224306.1	0.950538	23	312	776	465	9	3	50
uniq_166168	Y13364.1	0.969892	14	323	787	465	9	3	50
uniq_166208	AB166783.1	0.980645	9	307	771	465	9	3	50
uniq_166220	EF511101.1	0.974194	12	313	777	465	9	3	50
uniq_166260	AB098612.1	0.969892	14	313	777	465	9	3	50
uniq_166285	AY349369.1	0.896774	48	328	767	465	9	3	50
uniq_166584	EF512007.1	0.950538	23	313	777	465	9	3	50
uniq_166614	AF224306.1	0.920430	37	312	776	465	9	3	50
uniq_166818	AF385565.1	0.888172	52	315	774	465	9	3	50
uniq_167010	EF512007.1	0.967742	15	313	777	465	9	3	50
uniq_167033	DQ325537.1	0.851613	69	314	756	465	9	3	50
uniq_167036	AY005069.1	0.894624	49	318	778	465	9	3	50
uniq_167037	AF224306.1	0.969892	14	312	776	465	9	3	50
uniq_167158	AF385521.1	0.879570	56	314	771	465	9	3	50
uniq_167274	AF224306.1	0.974194	12	312	776	465	9	3	50
uniq_167415	AY341820.1	0.952688	22	324	788	465	9	3	50
uniq_167435	AF366274.1	0.972043	13	328	792	465	9	3	50
uniq_167527	AY727530.1	0.879570	56	320	784	465	9	3	50
uniq_167579	EF511101.1	0.944086	26	313	777	465	9	3	50
uniq_167752	AF224306.1	0.901075	46	312	776	465	9	3	50
uniq_167839	DQ905554.1	0.954839	21	319	783	465	9	3	50
uniq_167841	AF224301.1	0.886022	53	309	773	465	9	3	50
uniq_167851	AJ290758.1	0.948387	24	313	777	465	9	3	50
uniq_167989	EF511070.1	0.950538	23	319	783	465	9	3	50
uniq_168052	AF016390.1	0.959140	19	321	785	465	9	3	50
uniq_16807	EF511101.1	0.972043	13	313	777	465	9	3	50
uniq_168242	AF224306.1	0.967742	15	312	776	465	9	3	50
uniq_168243	AJ290758.1	0.952688	22	313	777	465	9	3	50
uniq_168258	EF512007.1	0.840860	74	313	777	465	9	3	50
uniq_168302	AY727530.1	0.956989	20	320	784	465	9	3	50
uniq_168335	AF224306.1	0.954839	21	312	776	465	9	3	50
uniq_168401	EF510424.1	0.905376	44	332	796	465	9	3	50
uniq_168436	AF224306.1	0.956989	20	312	776	465	9	3	50
uniq_168478	AF224306.1	0.954839	21	312	776	465	9	3	50
uniq_168507	AF534433.1	0.873118	59	314	773	465	9	3	50
uniq_168521	AF432855.1	0.931183	32	327	791	465	9	3	50
uniq_168616	AF385518.1	0.890323	51	308	750	465	9	3	50
uniq_168651	AY349402.1	0.875269	58	318	776	465	9	3	50
uniq_168657	AY349385.1	0.879570	56	308	750	465	9	3	50
uniq_168722	DQ325537.1	0.883871	54	314	756	465	9	3	50
uniq_168758	EF512007.1	0.886022	53	313	777	465	9	3	50
uniq_168835	AF224305.1	0.903226	45	313	777	465	9	3	50
uniq_168916	EF510383.1	0.881720	55	321	785	465	9	3	50
uniq_168949	AF287770.1	0.892473	50	325	763	465	9	3	50
uniq_169007	AF224306.1	0.860215	65	312	776	465	9	3	50
uniq_169047	AF023044.1	0.948387	24	313	777	465	9	3	50
uniq_169048	AY188347.1	0.969892	14	317	781	465	9	3	50
uniq_169261	AB098612.1	0.873118	59	313	777	465	9	3	50
uniq_169481	EU071472.1	0.898925	47	323	787	465	9	3	50
uniq_169523	AF236014.1	0.987097	6	313	777	465	9	3	50
uniq_169580	AY769997.1	0.993548	3	319	783	465	9	3	50
uniq_169585	EF512007.1	0.944086	26	313	777	465	9	3	50
uniq_169678	AM420011.1	0.838710	75	318	777	465	9	3	50
uniq_169791	AY005033.1	0.896774	48	313	777	465	9	3	50
uniq_170008	EF511070.1	0.950538	23	319	783	465	9	3	50
uniq_170050	EF512007.1	0.965591	16	313	777	465	9	3	50
uniq_170071	AF023044.1	0.875269	58	313	777	465	9	3	50
uniq_170074	AM419984.1	0.877419	57	309	749	465	9	3	50
uniq_170079	U87826.1	0.913978	40	309	760	465	9	3	50
uniq_170120	EF512007.1	0.903226	45	313	777	465	9	3	50
uniq_170175	AJ290758.1	0.961290	18	313	777	465	9	3	50
uniq_170202	AF224306.1	0.961290	18	312	776	465	9	3	50
uniq_170458	AF224306.1	0.952688	22	312	776	465	9	3	50
uniq_170830	AF224306.1	0.965591	16	312	776	465	9	3	50
uniq_170864	AY485603.1	0.954839	21	317	781	465	9	3	50
uniq_170889	AJ888983.1	0.905376	44	307	772	465	9	3	50
uniq_171346	AY622262.1	0.982796	8	305	769	465	9	3	50
uniq_171536	AB098612.1	0.982796	8	313	777	465	9	3	50
uniq_171545	AF023051.1	0.886022	53	319	783	465	9	3	50
uniq_171607	AY188347.1	0.886022	53	317	781	465	9	3	50
uniq_171692	AF224306.1	0.894624	49	312	776	465	9	3	50
uniq_171707	EF512007.1	0.905376	44	313	777	465	9	3	50
uniq_171807	AY278609.1	0.967742	15	319	783	465	9	3	50
uniq_171834	AY005025.1	0.941935	27	313	777	465	9	3	50
uniq_172436	DQ325537.1	0.886022	53	314	756	465	9	3	50
uniq_172554	AY005040.1	0.948387	24	319	783	465	9	3	50
uniq_172556	EF511101.1	0.965591	16	313	777	465	9	3	50
uniq_172630	AY349380.1	0.980645	9	313	777	465	9	3	50
uniq_172650	EF512007.1	0.926882	34	313	777	465	9	3	50
uniq_172693	AF487729.1	0.916129	39	307	771	465	9	3	50
uniq_172719	AF432136.1	0.976344	11	319	783	465	9	3	50
uniq_172779	EU071472.1	0.952688	22	323	787	465	9	3	50
uniq_172938	AJ290758.1	0.864516	63	313	777	465	9	3	50
uniq_172980	EF511101.1	0.954839	21	313	777	465	9	3	50
uniq_173094	AY005033.1	0.963441	17	313	777	465	9	3	50
uniq_173132	AF224306.1	0.937634	29	312	776	465	9	3	50
uniq_173189	AM420148.1	0.972043	13	327	791	465	9	3	50
uniq_173215	AB108825.1	0.877419	57	318	777	465	9	3	50
uniq_173235	AM419984.1	0.883871	54	309	749	465	9	3	50
uniq_173348	EF512007.1	0.922581	36	313	777	465	9	3	50
uniq_173446	EF512007.1	0.870968	60	313	777	465	9	3	50
uniq_173684	AF088900.1	0.991398	4	319	783	465	9	3	50
uniq_173698	EU071472.1	0.967742	15	323	787	465	9	3	50
uniq_173849	EU071472.1	0.956989	20	323	787	465	9	3	50
uniq_173883	AF224306.1	0.929032	33	312	776	465	9	3	50
uniq_173903	EF512007.1	0.946237	25	313	777	465	9	3	50
uniq_173919	EF512007.1	0.967742	15	313	777	465	9	3	50
uniq_173963	AJ290758.1	0.929032	33	313	777	465	9	3	50
uniq_173964	AJ276810.1	0.888172	52	320	784	465	9	3	50
uniq_173993	EF511870.1	0.965591	16	313	777	465	9	3	50
uniq_174158	AJ290758.1	0.892473	50	313	777	465	9	3	50
uniq_174166	AF432855.1	0.929032	33	327	791	465	9	3	50
uniq_174203	EF511101.1	0.972043	13	313	777	465	9	3	50
uniq_174258	EU071472.1	0.952688	22	323	787	465	9	3	50
uniq_174295	EU071472.1	0.946237	25	323	787	465	9	3	50
uniq_174317	DQ325537.1	0.879570	56	314	756	465	9	3	50
uniq_174360	EF512007.1	0.963441	17	313	777	465	9	3	50
uniq_174665	AY005033.1	0.924731	35	313	777	465	9	3	50
uniq_174715	AY008691.1	0.886022	53	317	776	465	9	3	50
uniq_174755	EF512007.1	0.905376	44	313	777	465	9	3	50
uniq_174786	AY485603.1	0.913978	40	317	781	465	9	3	50
uniq_174819	AF182834.1	0.883871	54	315	779	465	9	3	50
uniq_174830	AY485605.1	0.935484	30	319	783	465	9	3	50
uniq_174866	AY341822.1	0.950538	23	319	783	465	9	3	50
uniq_174939	AF349935.1	0.991398	4	361	825	465	9	3	50
uniq_175246	AJ290758.1	0.886022	53	313	777	465	9	3	50
uniq_175329	AF023044.1	0.950538	23	313	777	465	9	3	50
uniq_175347	AF224306.1	0.963441	17	312	776	465	9	3	50
uniq_175447	AJ551329.1	0.944086	26	322	786	465	9	3	50
uniq_175676	AF432136.1	0.956989	20	319	783	465	9	3	50
uniq_175817	AM697440.1	0.860215	65	322	787	465	9	3	50
uniq_175947	AF224306.1	0.963441	17	312	776	465	9	3	50
uniq_176033	AF224306.1	0.924731	35	312	776	465	9	3	50
uniq_176109	AF408263.1	0.944086	26	319	784	465	9	3	50
uniq_176137	EF510383.1	0.961290	18	321	785	465	9	3	50
uniq_176205	AJ313017.1	0.931183	32	309	773	465	9	3	50
uniq_176363	DQ677735.1	0.989247	5	327	791	465	9	3	50
uniq_176371	AY493951.1	0.911828	41	313	778	465	9	3	50
uniq_176495	EF510424.1	0.950538	23	332	796	465	9	3	50
uniq_176607	AY445131.1	0.948387	24	332	796	465	9	3	50
uniq_176758	AF432137.1	0.952688	22	319	783	465	9	3	50
uniq_17681	EF512007.1	0.974194	12	313	777	465	9	3	50
uniq_176859	AF009482.1	0.911828	41	319	783	465	9	3	50
uniq_176936	EF510383.1	0.840860	74	321	785	465	9	3	50
uniq_177032	AF328148.1	0.969892	14	315	779	465	9	3	50
uniq_177047	AJ313017.1	0.967742	15	309	773	465	9	3	50
uniq_177467	AY244910.1	0.830108	79	330	794	465	9	3	50
uniq_177595	AF432133.1	0.890323	51	320	779	465	9	3	50
uniq_177675	AY278621.1	0.886022	53	308	750	465	9	3	50
uniq_177858	AF408263.1	0.954839	21	319	784	465	9	3	50
uniq_177866	EF510424.1	0.862366	64	330	796	465	9	3	50
uniq_177971	AY349403.1	0.963441	17	328	792	465	9	3	50
uniq_178013	AY005025.1	0.892473	50	313	777	465	9	3	50
uniq_178027	AB089061.1	0.982796	8	327	791	465	9	3	50
uniq_178064	AJ627211.1	0.954839	21	321	785	465	9	3	50
uniq_178310	X87140.1	0.989247	5	318	782	465	9	3	50
uniq_178319	AY212748.1	0.991398	4	331	795	465	9	3	50
uniq_178509	AB098612.1	0.909677	42	313	777	465	9	3	50
uniq_178860	AB023574.1	0.991398	4	319	783	465	9	3	50
uniq_178884	AF023045.1	0.989247	5	315	779	465	9	3	50
uniq_179166	AY005025.1	0.967742	15	313	777	465	9	3	50
uniq_179339	AY369249.1	0.894624	49	315	780	465	9	3	50
uniq_179444	AF385550.1	0.944086	26	317	781	465	9	3	50
uniq_179612	AB002523.1	0.901075	46	319	783	465	9	3	50
uniq_179644	AF408260.1	0.888172	52	319	783	465	9	3	50
uniq_180030	EF510424.1	0.907527	43	332	796	465	9	3	50
uniq_180095	AB240330.1	0.967742	15	307	771	465	9	3	50
uniq_180272	AF408257.1	0.961290	18	320	783	465	9	3	50
uniq_180381	AF534196.1	0.989247	5	307	771	465	9	3	50
uniq_180503	AB240330.1	0.972043	13	307	771	465	9	3	50
uniq_180597	EF510424.1	0.937634	29	332	796	465	9	3	50
uniq_180902	EF511101.1	0.965591	16	313	777	465	9	3	50
uniq_180920	AY188349.1	0.991398	4	326	790	465	9	3	50
uniq_180966	AY341820.1	0.954839	21	324	788	465	9	3	50
uniq_180972	AM409367.1	0.995699	2	320	784	465	9	3	50
uniq_180995	AF432136.1	0.956989	20	319	783	465	9	3	50
uniq_181267	AF056337.1	0.987097	6	319	783	465	9	3	50
uniq_181295	AF366273.1	0.976344	11	330	794	465	9	3	50
uniq_181304	AF016390.1	0.952688	22	321	785	465	9	3	50
uniq_181383	AF408257.1	0.924731	35	320	783	465	9	3	50
uniq_181421	AF408263.1	0.944086	26	319	784	465	9	3	50
uniq_181547	AF408263.1	0.948387	24	319	784	465	9	3	50
uniq_181688	AF408263.1	0.963441	17	319	784	465	9	3	50
uniq_181809	DQ160208.1	0.909677	42	342	780	465	9	3	50
uniq_181823	AB076875.1	0.941935	27	307	771	465	9	3	50
uniq_181999	AF408263.1	0.969892	14	319	784	465	9	3	50
uniq_182036	AY349403.1	0.950538	23	328	792	465	9	3	50
uniq_182056	EF512007.1	0.954839	21	313	777	465	9	3	50
uniq_182088	AF408263.1	0.901075	46	319	784	465	9	3	50
uniq_182637	AY341820.1	0.903226	45	324	788	465	9	3	50
uniq_183026	AY234645.1	0.907527	43	315	779	465	9	3	50
uniq_183217	AF408326.1	0.976344	11	305	768	465	9	3	50
uniq_183944	AF214642.1	0.980645	9	309	773	465	9	3	50
uniq_184406	AY093698.1	0.950538	23	305	769	465	9	3	50
uniq_184536	DQ279389.1	0.991398	4	321	785	465	9	3	50
uniq_184585	AM110971.1	0.991398	4	305	769	465	9	3	50
uniq_184625	AY727530.1	0.898925	47	320	784	465	9	3	50
uniq_184710	AY093698.1	0.967742	15	305	769	465	9	3	50
uniq_184975	AB124845.1	1.000000	0	343	807	465	9	3	50
uniq_185067	D30793.1	0.894624	49	307	771	465	9	3	50
uniq_185068	AY077611.1	0.972043	13	296	760	465	9	3	50
uniq_185329	AJ293825.1	0.969892	14	307	771	465	9	3	50
uniq_185364	AY038994.1	0.916129	39	331	795	465	9	3	50
uniq_185418	AY234645.1	0.937634	29	315	779	465	9	3	50
uniq_185470	EF511101.1	0.948387	24	313	777	465	9	3	50
uniq_18549	EF512007.1	0.946237	25	313	777	465	9	3	50
uniq_185496	AM087226.1	0.982796	8	313	777	465	9	3	50
uniq_185779	AF397060.1	0.922581	36	320	784	465	9	3	50
uniq_185841	AY093698.1	0.903226	45	305	769	465	9	3	50
uniq_185975	DQ256317.1	0.993548	3	295	759	465	9	3	50
uniq_186228	AY727530.1	0.963441	17	320	784	465	9	3	50
uniq_186404	AY727530.1	0.909677	42	320	784	465	9	3	50
uniq_186515	AM396934.1	0.963441	17	307	771	465	9	3	50
uniq_186520	AM396934.1	0.967742	15	307	771	465	9	3	50
uniq_186561	AJ270451.1	0.931183	32	307	771	465	9	3	50
uniq_186704	AF397060.1	0.894624	49	320	784	465	9	3	50
uniq_186717	AY727530.1	0.903226	45	320	784	465	9	3	50
uniq_186769	AB030583.1	0.918280	38	307	771	465	9	3	50
uniq_187027	AY250864.1	0.913978	40	308	764	465	9	3	50
uniq_187112	DQ129585.1	0.903226	45	308	752	465	9	3	50
uniq_187305	AF224306.1	0.913978	40	312	776	465	9	3	50
uniq_187332	AM396934.1	0.961290	18	307	771	465	9	3	50
uniq_187361	AY345501.1	0.890323	51	319	783	465	9	3	50
uniq_18744	AY212575.1	0.950538	23	307	771	465	9	3	50
uniq_187446	AM396934.1	0.972043	13	307	771	465	9	3	50
uniq_187508	D30793.1	0.920430	37	307	771	465	9	3	50
uniq_187551	AY727530.1	0.946237	25	320	784	465	9	3	50
uniq_187630	AM396934.1	0.961290	18	307	771	465	9	3	50
uniq_187698	AM396934.1	0.972043	13	307	771	465	9	3	50
uniq_187710	AM396934.1	0.952688	22	307	771	465	9	3	50
uniq_187712	AJ270451.1	0.969892	14	307	771	465	9	3	50
uniq_187809	AM396934.1	0.974194	12	307	771	465	9	3	50
uniq_187912	AJ312159.1	0.879570	56	307	770	465	9	3	50
uniq_187918	AM396934.1	0.961290	18	307	771	465	9	3	50
uniq_187930	AM396934.1	0.963441	17	307	771	465	9	3	50
uniq_188035	AF064636.1	0.972043	13	307	771	465	9	3	50
uniq_188053	AF064636.1	0.946237	25	307	771	465	9	3	50
uniq_188729	AM396934.1	0.961290	18	307	771	465	9	3	50
uniq_188803	AJ009499.1	0.944086	26	311	775	465	9	3	50
uniq_188841	AM396934.1	0.913978	40	307	771	465	9	3	50
uniq_189137	EU373427.1	0.933333	31	307	772	465	9	3	50
uniq_189181	AM396934.1	0.967742	15	307	771	465	9	3	50
uniq_189295	AF481211.1	0.896774	48	305	749	465	9	3	50
uniq_189312	AJ270451.1	0.937634	29	307	771	465	9	3	50
uniq_189428	AM396934.1	0.969892	14	307	771	465	9	3	50
uniq_189563	AM396934.1	0.961290	18	307	771	465	9	3	50
uniq_190016	EU603456.1	0.939785	28	307	771	465	9	3	50
uniq_190184	AM396934.1	0.969892	14	307	771	465	9	3	50
uniq_190270	AY382612.1	0.907527	43	307	771	465	9	3	50
uniq_190375	AF358001.1	0.963441	17	307	771	465	9	3	50
uniq_190623	AM396934.1	0.965591	16	307	771	465	9	3	50
uniq_190724	AM396934.1	0.969892	14	307	771	465	9	3	50
uniq_190746	AM396934.1	0.969892	14	307	771	465	9	3	50
uniq_190779	AY727530.1	0.956989	20	320	784	465	9	3	50
uniq_191063	AB176954.1	0.961290	18	305	769	465	9	3	50
uniq_191314	AM396934.1	0.967742	15	307	771	465	9	3	50
uniq_191559	AM396934.1	0.959140	19	307	771	465	9	3	50
uniq_191835	AY622261.1	0.978495	10	305	769	465	9	3	50
uniq_192053	AY532535.1	0.911828	41	279	718	465	9	3	50
uniq_192114	X80748.1	0.901075	46	308	763	465	9	3	50
uniq_192259	AJ312159.1	0.965591	16	307	770	465	9	3	50
uniq_192273	AM396934.1	0.965591	16	307	771	465	9	3	50
uniq_192301	AY277621.1	0.993548	3	307	771	465	9	3	50
uniq_192379	AY234645.1	0.922581	36	315	779	465	9	3	50
uniq_192764	AJ421528.1	0.969892	14	309	773	465	9	3	50
uniq_192794	EF495228.1	0.969892	14	313	778	465	9	3	50
uniq_19319	AF498721.1	0.888172	52	309	773	465	9	3	50
uniq_193208	AF543281.1	0.987097	6	319	783	465	9	3	50
uniq_19322	EF510424.1	0.946237	25	332	796	465	9	3	50
uniq_193429	AF328148.1	0.924731	35	315	779	465	9	3	50
uniq_193584	AM396934.1	0.963441	17	307	771	465	9	3	50
uniq_193732	AB030583.1	0.963441	17	307	771	465	9	3	50
uniq_193953	AF016690.1	0.954839	21	309	773	465	9	3	50
uniq_193990	AM396934.1	0.967742	15	307	771	465	9	3	50
uniq_194128	AF176559.1	0.980645	9	311	775	465	9	3	50
uniq_194159	AJ270451.1	0.976344	11	307	771	465	9	3	50
uniq_19433	EF510424.1	0.911828	41	332	796	465	9	3	50
uniq_194399	X59765.1	0.991398	4	318	782	465	9	3	50
uniq_194411	AB033209.1	0.991398	4	332	796	465	9	3	50
uniq_194517	AM396934.1	0.941935	27	307	771	465	9	3	50
uniq_194572	AY958874.1	0.954839	21	334	797	465	9	3	50
uniq_194630	AM396934.1	0.959140	19	307	771	465	9	3	50
uniq_194779	AM396934.1	0.965591	16	307	771	465	9	3	50
uniq_194881	AF411853.1	0.873118	59	305	769	465	9	3	50
uniq_195127	DQ129588.1	0.853763	68	323	789	465	9	3	50
uniq_195150	AM396934.1	0.954839	21	307	771	465	9	3	50
uniq_195303	AY259519.1	0.984946	7	313	776	465	9	3	50
uniq_195942	AY727530.1	0.963441	17	320	784	465	9	3	50
uniq_195980	AM396934.1	0.967742	15	307	771	465	9	3	50
uniq_196366	AY093698.1	0.956989	20	305	769	465	9	3	50
uniq_196550	AM396934.1	0.967742	15	307	771	465	9	3	50
uniq_196603	U88436.1	0.991398	4	313	777	465	9	3	50
uniq_196916	AM396934.1	0.965591	16	307	771	465	9	3	50
uniq_197311	AY622261.1	0.961290	18	305	769	465	9	3	50
uniq_197321	AY093698.1	0.976344	11	305	769	465	9	3	50
uniq_197363	AM396934.1	0.967742	15	307	771	465	9	3	50
uniq_197386	EF032749.1	0.924731	35	327	792	465	9	3	50
uniq_197450	AF287794.1	0.972043	13	324	788	465	9	3	50
uniq_197519	EF510424.1	0.937634	29	332	796	465	9	3	50
uniq_197576	EF512007.1	0.892473	50	313	777	465	9	3	50
uniq_197594	AY349403.1	0.967742	15	328	792	465	9	3	50
uniq_197622	AY349381.1	0.933333	31	311	775	465	9	3	50
uniq_197696	AF432138.1	0.883871	54	308	750	465	9	3	50
uniq_197705	AM697440.1	0.886022	53	322	787	465	9	3	50
uniq_197717	AJ290755.1	0.935484	30	315	779	465	9	3	50
uniq_19774	EF510424.1	0.959140	19	332	796	465	9	3	50
uniq_197819	DQ009623.1	0.858065	66	302	761	465	9	3	50
uniq_197864	EF510424.1	0.911828	41	332	796	465	9	3	50
uniq_197968	AY341820.1	0.954839	21	324	788	465	9	3	50
uniq_197975	AY278622.1	0.924731	35	335	800	465	9	3	50
uniq_198108	AY134905.1	0.819355	84	318	777	465	9	3	50
uniq_198199	AF003931.1	0.935484	30	327	791	465	9	3	50
uniq_198249	AF287800.1	0.896774	48	332	796	465	9	3	50
uniq_198429	EU071472.1	0.974194	12	323	787	465	9	3	50
uniq_198443	EF512007.1	0.892473	50	313	777	465	9	3	50
uniq_198516	EU071543.1	0.868817	61	298	740	465	9	3	50
uniq_198534	AY445131.1	0.905376	44	332	795	465	9	3	50
uniq_198549	DQ905554.1	0.965591	16	319	783	465	9	3	50
uniq_198733	EF512007.1	0.855914	67	313	777	465	9	3	50
uniq_198753	EF512007.1	0.967742	15	313	777	465	9	3	50
uniq_198845	AY727530.1	0.877419	57	320	784	465	9	3	50
uniq_198873	AF183404.1	0.866667	62	320	779	465	9	3	50
uniq_199039	AY349403.1	0.939785	28	328	792	465	9	3	50
uniq_199098	AY005030.1	0.954839	21	307	771	465	9	3	50
uniq_199100	AY349405.1	0.956989	20	328	792	465	9	3	50
uniq_199308	AF183405.1	0.845161	72	320	779	465	9	3	50
uniq_199326	EF510424.1	0.946237	25	332	796	465	9	3	50
uniq_199441	AF224299.1	0.939785	28	313	777	465	9	3	50
uniq_199499	AY551997.1	0.989247	5	309	773	465	9	3	50
uniq_199557	AF287800.1	0.868817	61	332	796	465	9	3	50
uniq_199569	AF003931.1	0.911828	41	327	791	465	9	3	50
uniq_199577	EF509159.1	0.879570	56	311	753	465	9	3	50
uniq_199714	AF541966.1	0.862366	64	321	786	465	9	3	50
uniq_199760	AF287806.1	0.864516	63	311	753	465	9	3	50
uniq_199841	AF287794.1	0.847312	71	324	788	465	9	3	50
uniq_199891	AY230771.1	0.903226	45	325	764	465	9	3	50
uniq_199978	AY005026.1	0.894624	49	313	777	465	9	3	50
uniq_200016	AJ290758.1	0.873118	59	313	777	465	9	3	50
uniq_200083	EU071472.1	0.892473	50	323	787	465	9	3	50
uniq_200190	DQ905554.1	0.922581	36	319	783	465	9	3	50
uniq_200208	AY349381.1	0.905376	44	311	775	465	9	3	50
uniq_200214	AF432133.1	0.890323	51	320	779	465	9	3	50
uniq_200374	AF183404.1	0.858065	66	320	779	465	9	3	50
uniq_200590	AF287794.1	0.948387	24	324	788	465	9	3	50
uniq_200886	AF385551.1	0.873118	59	320	779	465	9	3	50
uniq_200949	EF511101.1	0.883871	54	313	777	465	9	3	50
uniq_200956	EF511101.1	0.907527	43	313	777	465	9	3	50
uniq_200958	AJ292676.1	0.984946	7	309	773	465	9	3	50
uniq_201090	AJ290758.1	0.967742	15	313	777	465	9	3	50
uniq_201097	AB046995.1	0.959140	19	307	771	465	9	3	50
uniq_201104	EF510424.1	0.911828	41	332	796	465	9	3	50
uniq_201358	AY278611.1	0.877419	57	314	771	465	9	3	50
uniq_201368	AY278618.1	0.898925	47	326	765	465	9	3	50
uniq_201387	AB198719.1	0.870968	60	319	783	465	9	3	50
uniq_201462	Y13364.1	0.907527	43	323	787	465	9	3	50
uniq_201490	EF573146.1	0.911828	41	307	772	465	9	3	50
uniq_201628	AF385518.1	0.879570	56	308	750	465	9	3	50
uniq_201689	AF432136.1	0.946237	25	319	783	465	9	3	50
uniq_201815	AY005033.1	0.961290	18	313	777	465	9	3	50
uniq_201821	AY485605.1	0.976344	11	319	783	465	9	3	50
uniq_201993	AF292371.1	0.875269	58	311	754	465	9	3	50
uniq_201999	AF385551.1	0.978495	10	320	779	465	9	3	50
uniq_202017	EF510424.1	0.972043	13	332	796	465	9	3	50
uniq_202038	EF511070.1	0.866667	62	319	783	465	9	3	50
uniq_202088	AY349403.1	0.956989	20	328	792	465	9	3	50
uniq_202237	EU071543.1	0.888172	52	298	740	465	9	3	50
uniq_202300	EF510424.1	0.907527	43	332	796	465	9	3	50
uniq_202418	EF512007.1	0.969892	14	313	777	465	9	3	50
uniq_202617	AF481224.1	0.890323	51	334	798	465	9	3	50
uniq_202633	AY005033.1	0.967742	15	313	777	465	9	3	50
uniq_202706	AY349385.1	0.890323	51	308	750	465	9	3	50
uniq_202745	AY207064.1	0.956989	20	319	783	465	9	3	50
uniq_202750	AF538861.1	0.987097	6	330	794	465	9	3	50
uniq_202767	AY349403.1	0.901075	46	328	792	465	9	3	50
uniq_202897	EF510424.1	0.905376	44	332	796	465	9	3	50
uniq_203022	AY349414.1	0.858065	66	317	780	465	9	3	50
uniq_203163	X67609.1	0.901075	46	308	767	465	9	3	50
uniq_203256	AY278622.1	0.858065	66	335	800	465	9	3	50
uniq_203279	AF543281.1	0.944086	26	319	783	465	9	3	50
uniq_203400	EF512007.1	0.903226	45	313	777	465	9	3	50
uniq_203447	EU670056.1	0.864516	63	320	779	465	9	3	50
uniq_203500	AF385564.1	0.864516	63	320	779	465	9	3	50
uniq_203508	AF287804.1	0.959140	19	328	792	465	9	3	50
uniq_203534	AF385561.1	0.853763	68	318	777	465	9	3	50
uniq_203535	AY349403.1	0.926882	34	328	792	465	9	3	50
uniq_203548	EF512007.1	0.890323	51	313	777	465	9	3	50
uniq_203611	AY005025.1	0.976344	11	313	777	465	9	3	50
uniq_203670	AY349403.1	0.965591	16	328	792	465	9	3	50
uniq_203711	EF510424.1	0.946237	25	332	796	465	9	3	50
uniq_203779	AY485605.1	0.969892	14	319	783	465	9	3	50
uniq_203910	AJ888983.1	0.916129	39	307	772	465	9	3	50
uniq_203938	EU670056.1	0.879570	56	320	779	465	9	3	50
uniq_203943	EF510383.1	0.965591	16	321	785	465	9	3	50
uniq_204011	EF510424.1	0.941935	27	332	796	465	9	3	50
uniq_204018	AY445131.1	0.896774	48	332	796	465	9	3	50
uniq_204059	DQ160208.1	0.890323	51	342	780	465	9	3	50
uniq_204158	EF510424.1	0.838710	75	332	796	465	9	3	50
uniq_204214	EU670056.1	0.881720	55	320	779	465	9	3	50
uniq_204282	AY341820.1	0.941935	27	324	788	465	9	3	50
uniq_204356	AY044915.1	0.886022	53	314	772	465	9	3	50
uniq_204571	AJ290758.1	0.931183	32	313	777	465	9	3	50
uniq_204849	AY349403.1	0.920430	37	328	792	465	9	3	50
uniq_204883	EF510424.1	0.967742	15	332	796	465	9	3	50
uniq_204976	EU670056.1	0.875269	58	320	779	465	9	3	50
uniq_205048	EF512007.1	0.965591	16	313	777	465	9	3	50
uniq_205128	AY349403.1	0.944086	26	328	792	465	9	3	50
uniq_205624	AY472116.1	0.898925	47	307	771	465	9	3	50
uniq_205756	AY278611.1	0.890323	51	314	771	465	9	3	50
uniq_205880	AF432136.1	0.903226	45	319	783	465	9	3	50
uniq_205940	AM696931.1	0.892473	50	322	786	465	9	3	50
uniq_205943	AY485603.1	0.950538	23	317	781	465	9	3	50
uniq_206076	AF385569.1	0.905376	44	302	761	465	9	3	50
uniq_206149	AF432136.1	0.911828	41	319	783	465	9	3	50
uniq_206177	EF510383.1	0.879570	56	321	785	465	9	3	50
uniq_206316	EF510424.1	0.886022	53	332	796	465	9	3	50
uniq_206612	AF385550.1	0.926882	34	317	781	465	9	3	50
uniq_206620	AF385503.1	0.946237	25	332	796	465	9	3	50
uniq_206621	EU071472.1	0.974194	12	323	787	465	9	3	50
uniq_206937	AB071347.1	0.879570	56	319	783	465	9	3	50
uniq_206940	AF224306.1	0.965591	16	312	776	465	9	3	50
uniq_206975	AF287761.1	0.879570	56	326	767	465	9	3	50
uniq_207071	AJ290758.1	0.969892	14	313	777	465	9	3	50
uniq_207096	AF287788.1	0.948387	24	336	800	465	9	3	50
uniq_207218	AF385518.1	0.898925	47	308	750	465	9	3	50
uniq_207273	EF510424.1	0.965591	16	332	795	465	9	3	50
uniq_207435	DQ905554.1	0.933333	31	319	783	465	9	3	50
uniq_207691	EF511101.1	0.965591	16	313	777	465	9	3	50
uniq_207711	EF512007.1	0.963441	17	313	777	465	9	3	50
uniq_207798	EF510383.1	0.929032	33	321	785	465	9	3	50
uniq_207958	AY349381.1	0.959140	19	311	775	465	9	3	50
uniq_208118	AB098612.1	0.888172	52	313	777	465	9	3	50
uniq_208133	EF510424.1	0.886022	53	332	796	465	9	3	50
uniq_208183	AY005033.1	0.963441	17	313	777	465	9	3	50
uniq_208339	AF292371.1	0.894624	49	311	754	465	9	3	50
uniq_208346	EF511101.1	0.963441	17	313	777	465	9	3	50
uniq_208444	EF512007.1	0.939785	28	313	777	465	9	3	50
uniq_208474	AY429468.1	0.901075	46	304	763	465	9	3	50
uniq_208480	EU071472.1	0.931183	32	323	787	465	9	3	50
uniq_208541	AF287761.1	0.890323	51	326	767	465	9	3	50
uniq_208692	AY008313.1	0.886022	53	318	777	465	9	3	50
uniq_208699	AY349407.1	0.965591	16	332	796	465	9	3	50
uniq_208733	AY005068.1	0.862366	64	318	778	465	9	3	50
uniq_208952	AF385551.1	0.875269	58	320	779	465	9	3	50
uniq_209021	EF510424.1	0.956989	20	332	796	465	9	3	50
uniq_209091	EF510424.1	0.969892	14	332	796	465	9	3	50
uniq_209220	Y13364.1	0.911828	41	323	787	465	9	3	50
uniq_209302	AF016390.1	0.892473	50	321	785	465	9	3	50
uniq_209399	AY093698.1	0.941935	27	305	769	465	9	3	50
uniq_209476	EF510383.1	0.903226	45	321	785	465	9	3	50
uniq_209540	AF003931.1	0.901075	46	327	791	465	9	3	50
uniq_209591	AY188347.1	0.972043	13	317	781	465	9	3	50
uniq_209647	AY278629.1	0.883871	54	319	783	465	9	3	50
uniq_209690	EF510424.1	0.903226	45	332	796	465	9	3	50
uniq_209715	EF512007.1	0.913978	40	313	777	465	9	3	50
uniq_209869	AB076875.1	0.952688	22	307	771	465	9	3	50
uniq_209974	AY533381.1	0.883871	54	325	766	465	9	3	50
uniq_210127	AF056339.1	0.993548	3	319	783	465	9	3	50
uniq_210142	EU670056.1	0.851613	69	320	779	465	9	3	50
uniq_210245	AF385495.1	0.935484	30	328	792	465	9	3	50
uniq_210272	EU670056.1	0.862366	64	320	779	465	9	3	50
uniq_210409	AY278613.1	0.898925	47	308	767	465	9	3	50
uniq_210437	EF510383.1	0.870968	60	321	785	465	9	3	50
uniq_210497	EU071472.1	0.944086	26	323	787	465	9	3	50
uniq_210537	EF510424.1	0.920430	37	332	796	465	9	3	50
uniq_210771	AJ290758.1	0.959140	19	313	777	465	9	3	50
uniq_210800	AF023063.1	0.991398	4	318	782	465	9	3	50
uniq_210803	AF385564.1	0.890323	51	320	779	465	9	3	50
uniq_210881	EF512007.1	0.963441	17	313	777	465	9	3	50
uniq_210899	AB076677.1	0.860215	65	310	750	465	9	3	50
uniq_211069	EF511101.1	0.886022	53	313	777	465	9	3	50
uniq_211187	AF328155.1	0.894624	49	313	777	465	9	3	50
uniq_211202	AF385494.1	0.901075	46	302	760	465	9	3	50
uniq_211258	DQ905554.1	0.864516	63	319	783	465	9	3	50
uniq_211279	EF510424.1	0.879570	56	332	796	465	9	3	50
uniq_211380	AY959014.1	0.864516	63	322	786	465	9	3	50
uniq_211451	AF543297.1	0.875269	58	316	775	465	9	3	50
uniq_211478	EF510424.1	0.920430	37	332	796	465	9	3	50
uniq_211514	AY005069.1	0.903226	45	318	778	465	9	3	50
uniq_211553	AF016390.1	0.901075	46	321	785	465	9	3	50
uniq_211604	AF183405.1	0.840860	74	320	779	465	9	3	50
uniq_211628	AB098612.1	0.933333	31	313	777	465	9	3	50
uniq_211645	EF510383.1	0.948387	24	321	785	465	9	3	50
uniq_211700	EF510424.1	0.907527	43	332	796	465	9	3	50
uniq_211746	AF201981.1	0.896774	48	327	766	465	9	3	50
uniq_211796	EF510424.1	0.954839	21	332	796	465	9	3	50
uniq_211808	AY005033.1	0.950538	23	313	777	465	9	3	50
uniq_211971	AY485605.1	0.952688	22	319	783	465	9	3	50
uniq_212038	AF538746.1	0.898925	47	283	722	465	9	3	50
uniq_212048	EF511101.1	0.907527	43	313	777	465	9	3	50
uniq_212141	AB108826.1	0.890323	51	318	777	465	9	3	50
uniq_212377	EF510424.1	0.939785	28	332	796	465	9	3	50
uniq_212429	AF432136.1	0.886022	53	319	783	465	9	3	50
uniq_212532	AJ290758.1	0.965591	16	313	777	465	9	3	50
uniq_21258	EF510383.1	0.959140	19	321	785	465	9	3	50
uniq_212592	AY349407.1	0.944086	26	332	796	465	9	3	50
uniq_212761	AY349403.1	0.905376	44	328	792	465	9	3	50
uniq_212828	AY278613.1	0.918280	38	308	767	465	9	3	50
uniq_212871	AM419984.1	0.862366	64	309	749	465	9	3	50
uniq_212986	AY341820.1	0.907527	43	324	788	465	9	3	50
uniq_213155	AY278622.1	0.935484	30	335	800	465	9	3	50
uniq_213283	DQ378190.1	0.939785	28	307	771	465	9	3	50
uniq_213405	AJ290758.1	0.972043	13	313	777	465	9	3	50
uniq_213407	AJ290758.1	0.954839	21	313	777	465	9	3	50
uniq_213548	AY349407.1	0.969892	14	332	796	465	9	3	50
uniq_213641	AY456712.1	0.967742	15	307	771	465	9	3	50
uniq_213979	AY485604.1	0.860215	65	319	783	465	9	3	50
uniq_213995	AY349380.1	0.950538	23	313	777	465	9	3	50
uniq_214058	AF432138.1	0.866667	62	308	750	465	9	3	50
uniq_214067	EF512007.1	0.898925	47	313	777	465	9	3	50
uniq_214083	AF183404.1	0.868817	61	320	779	465	9	3	50
uniq_214463	AF287793.1	0.972043	13	323	787	465	9	3	50
uniq_214652	AF183404.1	0.875269	58	320	779	465	9	3	50
uniq_214813	AF224299.1	0.961290	18	313	777	465	9	3	50
uniq_214882	AY349403.1	0.961290	18	328	792	465	9	3	50
uniq_214971	AF009497.1	0.941935	27	327	791	465	9	3	50
uniq_214996	AY445131.1	0.890323	51	332	796	465	9	3	50
uniq_215215	AJ290758.1	0.911828	41	313	777	465	9	3	50
uniq_215302	AF432138.1	0.875269	58	308	750	465	9	3	50
uniq_215328	EF512007.1	0.935484	30	313	777	465	9	3	50
uniq_21536	EF510424.1	0.954839	21	332	796	465	9	3	50
uniq_215566	AY188347.1	0.980645	9	317	781	465	9	3	50
uniq_215646	AF247717.1	0.918280	38	313	777	465	9	3	50
uniq_215881	AY207063.1	0.896774	48	325	789	465	9	3	50
uniq_215974	EF512007.1	0.963441	17	313	777	465	9	3	50
uniq_215975	EF510424.1	0.913978	40	332	796	465	9	3	50
uniq_216149	AF385565.1	0.888172	52	315	774	465	9	3	50
uniq_216218	AY349414.1	0.967742	15	317	780	465	9	3	50
uniq_216378	AF292371.1	0.881720	55	311	754	465	9	3	50
uniq_216380	AY349403.1	0.965591	16	328	792	465	9	3	50
uniq_216598	EU373427.1	0.913978	40	307	772	465	9	3	50
uniq_216625	AF385518.1	0.888172	52	308	750	465	9	3	50
uniq_216666	AY349403.1	0.907527	43	328	792	465	9	3	50
uniq_216668	AY005033.1	0.935484	30	313	777	465	9	3	50
uniq_216698	EF512007.1	0.961290	18	313	777	465	9	3	50
uniq_216883	AJ290758.1	0.956989	20	313	777	465	9	3	50
uniq_217257	AF385576.1	0.939785	28	328	792	465	9	3	50
uniq_217277	AY485605.1	0.847312	71	319	783	465	9	3	50
uniq_217310	EF510424.1	0.913978	40	332	796	465	9	3	50
uniq_217607	EF512007.1	0.965591	16	313	777	465	9	3	50
uniq_217644	EF510424.1	0.918280	38	332	796	465	9	3	50
uniq_217646	AF057645.1	0.862366	64	307	771	465	9	3	50
uniq_217779	EF510424.1	0.939785	28	332	796	465	9	3	50
uniq_217987	AF097531.1	0.892473	50	309	773	465	9	3	50
uniq_218091	AY349380.1	0.819355	84	313	777	465	9	3	50
uniq_218219	EF512007.1	0.913978	40	313	777	465	9	3	50
uniq_218347	AJ290758.1	0.911828	41	313	777	465	9	3	50
uniq_218378	AY278622.1	0.888172	52	335	800	465	9	3	50
uniq_218501	AY188347.1	0.967742	15	317	781	465	9	3	50
uniq_218579	AF432136.1	0.862366	64	319	783	465	9	3	50
uniq_218633	EF511101.1	0.916129	39	313	777	465	9	3	50
uniq_218634	EF510383.1	0.967742	15	321	785	465	9	3	50
uniq_218698	AF003931.1	0.901075	46	327	791	465	9	3	50
uniq_218767	AJ007800.1	0.913978	40	281	720	465	9	3	50
uniq_218839	EF512007.1	0.888172	52	313	777	465	9	3	50
uniq_219035	AY005033.1	0.933333	31	313	777	465	9	3	50
uniq_219052	EF510424.1	0.944086	26	332	796	465	9	3	50
uniq_219141	AY044915.1	0.929032	33	314	772	465	9	3	50
uniq_219348	AF432136.1	0.972043	13	319	783	465	9	3	50
uniq_219377	EU670056.1	0.881720	55	320	779	465	9	3	50
uniq_219570	L14327.1	0.969892	14	322	786	465	9	3	50
uniq_219592	AY005033.1	0.954839	21	313	777	465	9	3	50
uniq_219825	AJ290758.1	0.941935	27	313	777	465	9	3	50
uniq_219867	AF366274.1	0.974194	12	328	792	465	9	3	50
uniq_21989	AY436789.1	0.993548	3	307	771	465	9	3	50
uniq_219906	AY341820.1	0.924731	35	324	788	465	9	3	50
uniq_219911	EF510424.1	0.941935	27	332	796	465	9	3	50
uniq_219916	AJ290758.1	0.974194	12	313	777	465	9	3	50
uniq_219921	AF366273.1	0.972043	13	330	794	465	9	3	50
uniq_220097	AF287793.1	0.845161	72	323	787	465	9	3	50
uniq_220347	AY349403.1	0.950538	23	328	792	465	9	3	50
uniq_220396	EF510424.1	0.952688	22	332	796	465	9	3	50
uniq_220454	EF510424.1	0.907527	43	332	796	465	9	3	50
uniq_220537	AF287788.1	0.924731	35	336	800	465	9	3	50
uniq_220566	EF510424.1	0.909677	42	332	796	465	9	3	50
uniq_220633	AY349403.1	0.944086	26	328	792	465	9	3	50
uniq_220734	AF385564.1	0.877419	57	320	779	465	9	3	50
uniq_220772	AF292371.1	0.888172	52	311	754	465	9	3	50
uniq_220859	EF512007.1	0.892473	50	313	777	465	9	3	50
uniq_22091	EF512007.1	0.961290	18	313	777	465	9	3	50
uniq_221041	EF509159.1	0.877419	57	311	753	465	9	3	50
uniq_221056	AF385566.1	0.922581	36	335	800	465	9	3	50
uniq_221067	AF385577.1	0.853763	68	329	768	465	9	3	50
uniq_221077	AF287794.1	0.911828	41	324	788	465	9	3	50
uniq_221085	EF510424.1	0.935484	30	332	796	465	9	3	50
uniq_221300	EU071543.1	0.879570	56	298	740	465	9	3	50
uniq_221313	AY349385.1	0.894624	49	308	750	465	9	3	50
uniq_221485	EF510424.1	0.907527	43	332	796	465	9	3	50
uniq_221579	AB240240.1	0.939785	28	321	786	465	9	3	50
uniq_221593	EF510424.1	0.892473	50	332	796	465	9	3	50
uniq_221655	EF510424.1	0.920430	37	332	796	465	9	3	50
uniq_221746	AF385551.1	0.868817	61	320	779	465	9	3	50
uniq_221772	EF510424.1	0.892473	50	332	796	465	9	3	50
uniq_221778	AY349403.1	0.924731	35	328	792	465	9	3	50
uniq_222132	AF481222.1	0.864516	63	325	764	465	9	3	50
uniq_222258	AF408269.1	0.877419	57	326	763	465	9	3	50
uniq_222285	AY689032.1	0.965591	16	312	776	465	9	3	50
uniq_222289	AY349403.1	0.961290	18	328	792	465	9	3	50
uniq_222340	EF510424.1	0.879570	56	332	796	465	9	3	50
uniq_222346	EF510424.1	0.920430	37	332	796	465	9	3	50
uniq_222363	EF510424.1	0.954839	21	332	796	465	9	3	50
uniq_222425	EF510424.1	0.922581	36	332	796	465	9	3	50
uniq_222559	AY349403.1	0.969892	14	328	792	465	9	3	50
uniq_222675	EF510424.1	0.969892	14	332	796	465	9	3	50
uniq_222710	EF510424.1	0.950538	23	332	796	465	9	3	50
uniq_222759	AF432136.1	0.952688	22	319	783	465	9	3	50
uniq_222873	EF511101.1	0.976344	11	313	777	465	9	3	50
uniq_222971	AF292371.1	0.903226	45	311	754	465	9	3	50
uniq_223082	AY349403.1	0.888172	52	328	792	465	9	3	50
uniq_223099	AY218694.1	0.862366	64	327	791	465	9	3	50
uniq_223141	EF510424.1	0.926882	34	332	796	465	9	3	50
uniq_223172	AY349402.1	0.834409	77	318	776	465	9	3	50
uniq_223178	EF510424.1	0.944086	26	332	796	465	9	3	50
uniq_223434	AF543297.1	0.883871	54	316	775	465	9	3	50
uniq_223449	AF385503.1	0.950538	23	332	796	465	9	3	50
uniq_223498	AY485603.1	0.909677	42	317	781	465	9	3	50
uniq_223529	EU071543.1	0.864516	63	298	740	465	9	3	50
uniq_223542	AY188347.1	0.918280	38	317	781	465	9	3	50
uniq_223556	DQ905554.1	0.866667	62	319	783	465	9	3	50
uniq_223715	AF385566.1	0.941935	27	335	800	465	9	3	50
uniq_223739	AY349403.1	0.939785	28	328	792	465	9	3	50
uniq_223986	AY369250.1	0.886022	53	317	781	465	9	3	50
uniq_224070	AF287793.1	0.974194	12	323	787	465	9	3	50
uniq_224095	AF385566.1	0.959140	19	335	800	465	9	3	50
uniq_224156	AF385566.1	0.937634	29	335	800	465	9	3	50
uniq_224184	EF511070.1	0.894624	49	319	783	465	9	3	50
uniq_224185	AF543297.1	0.851613	69	316	775	465	9	3	50
uniq_22421	EF512007.1	0.944086	26	313	777	465	9	3	50
uniq_224335	AF385497.1	0.961290	18	324	788	465	9	3	50
uniq_224432	AF016390.1	0.819355	84	321	785	465	9	3	50
uniq_224440	EF510424.1	0.959140	19	332	796	465	9	3	50
uniq_224501	EF510424.1	0.834409	77	332	796	465	9	3	50
uniq_224663	EF510424.1	0.875269	58	332	796	465	9	3	50
uniq_224675	AY278622.1	0.894624	49	335	800	465	9	3	50
uniq_225054	AY278621.1	0.909677	42	308	750	465	9	3	50
uniq_225398	AF543289.1	0.881720	55	317	781	465	9	3	50
uniq_225520	EF510424.1	0.939785	28	332	796	465	9	3	50
uniq_225549	AF385566.1	0.898925	47	335	800	465	9	3	50
uniq_225703	AF543289.1	0.862366	64	317	781	465	9	3	50
uniq_225755	AY278630.1	0.892473	50	317	781	465	9	3	50
uniq_225817	DQ905554.1	0.881720	55	319	783	465	9	3	50
uniq_225858	EF510424.1	0.948387	24	332	796	465	9	3	50
uniq_226016	AY341820.1	0.954839	21	324	788	465	9	3	50
uniq_226144	AY278618.1	0.896774	48	326	765	465	9	3	50
uniq_226194	AF385497.1	0.849462	70	324	788	465	9	3	50
uniq_226201	EF510424.1	0.959140	19	332	796	465	9	3	50
uniq_226325	EU670056.1	0.838710	75	320	779	465	9	3	50
uniq_226336	EF510424.1	0.913978	40	332	796	465	9	3	50
uniq_226395	EU670056.1	0.855914	67	320	779	465	9	3	50
uniq_226571	EF512007.1	0.896774	48	313	777	465	9	3	50
uniq_226599	AB108826.1	0.866667	62	318	777	465	9	3	50
uniq_226631	AF287794.1	0.922581	36	324	788	465	9	3	50
uniq_227064	AF385497.1	0.939785	28	324	788	465	9	3	50
uniq_227080	AY485603.1	0.959140	19	317	781	465	9	3	50
uniq_227196	AF408269.1	0.888172	52	326	763	465	9	3	50
uniq_227328	AY349403.1	0.898925	47	328	792	465	9	3	50
uniq_227482	AF543300.1	0.855914	67	311	752	465	9	3	50
uniq_227547	EF510424.1	0.843011	73	332	796	465	9	3	50
uniq_227836	AY212601.1	0.886022	53	307	766	465	9	3	50
uniq_227856	AF287794.1	0.944086	26	324	788	465	9	3	50
uniq_227886	AY005025.1	0.954839	21	313	777	465	9	3	50
uniq_227958	AJ318156.1	0.959140	19	309	773	465	9	3	50
uniq_228019	EF510424.1	0.937634	29	332	796	465	9	3	50
uniq_228268	EF510424.1	0.931183	32	332	796	465	9	3	50
uniq_228460	AF385566.1	0.937634	29	335	800	465	9	3	50
uniq_228506	AF432136.1	0.886022	53	319	783	465	9	3	50
uniq_228558	AY278622.1	0.892473	50	335	800	465	9	3	50
uniq_228649	AF287793.1	0.924731	35	323	787	465	9	3	50
uniq_228708	AY134904.1	0.879570	56	326	767	465	9	3	50
uniq_228714	EF510424.1	0.950538	23	332	796	465	9	3	50
uniq_228717	AY485605.1	0.877419	57	319	783	465	9	3	50
uniq_228723	AF385519.1	0.843011	73	320	779	465	9	3	50
uniq_229000	EF510424.1	0.935484	30	332	796	465	9	3	50
uniq_229029	EF511101.1	0.935484	30	313	777	465	9	3	50
uniq_229221	AY341820.1	0.937634	29	324	788	465	9	3	50
uniq_229245	EF510424.1	0.929032	33	332	796	465	9	3	50
uniq_229346	EF510424.1	0.898925	47	332	796	465	9	3	50
uniq_229380	EF510424.1	0.916129	39	332	796	465	9	3	50
uniq_229492	EF510424.1	0.834409	77	332	796	465	9	3	50
uniq_229619	EF511101.1	0.933333	31	313	777	465	9	3	50
uniq_229686	AY188347.1	0.898925	47	317	781	465	9	3	50
uniq_229812	AF385550.1	0.967742	15	317	781	465	9	3	50
uniq_229931	EF510424.1	0.946237	25	332	796	465	9	3	50
uniq_229947	AY277938.1	0.961290	18	327	791	465	9	3	50
uniq_229979	AY349395.1	0.879570	56	320	779	465	9	3	50
uniq_229989	AF385566.1	0.922581	36	335	800	465	9	3	50
uniq_230128	AF385565.1	0.890323	51	315	774	465	9	3	50
uniq_230198	AY008314.1	0.853763	68	319	780	465	9	3	50
uniq_230412	DQ905554.1	0.896774	48	319	783	465	9	3	50
uniq_230519	AY445131.1	0.898925	47	332	796	465	9	3	50
uniq_230556	EF511870.1	0.941935	27	313	777	465	9	3	50
uniq_230564	AF385566.1	0.941935	27	335	800	465	9	3	50
uniq_230583	AY485604.1	0.883871	54	319	783	465	9	3	50
uniq_230649	AB353073.1	0.959140	19	320	784	465	9	3	50
uniq_230658	EF510424.1	0.924731	35	332	796	465	9	3	50
uniq_230699	EF510424.1	0.879570	56	324	796	465	9	3	50
uniq_230779	EF511101.1	0.853763	68	313	777	465	9	3	50
uniq_230939	AY349403.1	0.935484	30	328	792	465	9	3	50
uniq_231027	AY005025.1	0.883871	54	313	777	465	9	3	50
uniq_231092	EF510424.1	0.849462	70	332	796	465	9	3	50
uniq_231100	EF510424.1	0.909677	42	332	796	465	9	3	50
uniq_231239	AF287794.1	0.873118	59	324	788	465	9	3	50
uniq_231268	AY341820.1	0.901075	46	324	788	465	9	3	50
uniq_231301	EF510424.1	0.886022	53	332	796	465	9	3	50
uniq_231366	EF510424.1	0.898925	47	332	796	465	9	3	50
uniq_231492	AY485605.1	0.883871	54	319	783	465	9	3	50
uniq_231558	AF385566.1	0.916129	39	335	800	465	9	3	50
uniq_231700	AY349389.1	0.868817	61	326	765	465	9	3	50
uniq_231740	EF510424.1	0.875269	58	332	796	465	9	3	50
uniq_231886	EF510424.1	0.935484	30	332	796	465	9	3	50
uniq_231996	AF385566.1	0.894624	49	335	800	465	9	3	50
uniq_232149	AF287794.1	0.931183	32	324	788	465	9	3	50
uniq_232159	AF366274.1	0.954839	21	328	792	465	9	3	50
uniq_232316	AY188347.1	0.918280	38	317	781	465	9	3	50
uniq_232340	AF385503.1	0.858065	66	332	796	465	9	3	50
uniq_232388	AF385566.1	0.881720	55	335	800	465	9	3	50
uniq_232549	AF287793.1	0.935484	30	323	787	465	9	3	50
uniq_232615	AF385550.1	0.941935	27	317	781	465	9	3	50
uniq_232669	AY278622.1	0.881720	55	335	800	465	9	3	50
uniq_232670	EF512007.1	0.888172	52	313	777	465	9	3	50
uniq_232672	AY445131.1	0.864516	63	332	796	465	9	3	50
uniq_232725	AY008309.1	0.898925	47	308	750	465	9	3	50
uniq_232753	AF385566.1	0.892473	50	335	800	465	9	3	50
uniq_232778	AF385503.1	0.937634	29	332	796	465	9	3	50
uniq_232780	AF543289.1	0.894624	49	317	781	465	9	3	50
uniq_232840	EF510424.1	0.941935	27	332	796	465	9	3	50
uniq_232874	AF385550.1	0.907527	43	317	781	465	9	3	50
uniq_232935	AF385563.1	0.907527	43	318	760	465	9	3	50
uniq_232950	AY207064.1	0.954839	21	319	783	465	9	3	50
uniq_232990	AY044915.1	0.907527	43	314	772	465	9	3	50
uniq_233091	EF510424.1	0.939785	28	332	796	465	9	3	50
uniq_233104	AF287761.1	0.849462	70	326	767	465	9	3	50
uniq_233114	AY188347.1	0.956989	20	317	781	465	9	3	50
uniq_233152	AY278622.1	0.877419	57	335	800	465	9	3	50
uniq_233335	AY278622.1	0.862366	64	335	800	465	9	3	50
uniq_233403	AY278622.1	0.883871	54	335	800	465	9	3	50
uniq_233404	EF510424.1	0.920430	37	332	796	465	9	3	50
uniq_233542	AY349403.1	0.954839	21	328	792	465	9	3	50
uniq_233549	AF385566.1	0.903226	45	335	800	465	9	3	50
uniq_233677	AY485603.1	0.862366	64	317	781	465	9	3	50
uniq_233695	AF385566.1	0.939785	28	335	800	465	9	3	50
uniq_233736	AY341820.1	0.907527	43	324	788	465	9	3	50
uniq_234019	DQ386264.1	0.948387	24	309	773	465	9	3	50
uniq_234165	AY341820.1	0.879570	56	324	788	465	9	3	50
uniq_234235	EF510424.1	0.864516	63	331	796	465	9	3	50
uniq_234254	AY349393.1	0.864516	63	320	779	465	9	3	50
uniq_234372	AY349403.1	0.866667	62	328	792	465	9	3	50
uniq_234500	AY445131.1	0.888172	52	332	796	465	9	3	50
uniq_234569	AY349389.1	0.898925	47	326	765	465	9	3	50
uniq_234823	EF510424.1	0.944086	26	332	796	465	9	3	50
uniq_234827	AM419984.1	0.851613	69	309	749	465	9	3	50
uniq_234907	EF510424.1	0.939785	28	332	796	465	9	3	50
uniq_234908	EF510424.1	0.956989	20	332	796	465	9	3	50
uniq_234925	AF385566.1	0.909677	42	335	800	465	9	3	50
uniq_234957	AF003931.1	0.894624	49	327	791	465	9	3	50
uniq_235098	EF510424.1	0.860215	65	332	796	465	9	3	50
uniq_235155	AY008691.1	0.868817	61	317	776	465	9	3	50
uniq_235209	AY485603.1	0.905376	44	317	781	465	9	3	50
uniq_235246	EF510424.1	0.894624	49	332	796	465	9	3	50
uniq_235281	AY341820.1	0.950538	23	324	788	465	9	3	50
uniq_23543	EF511101.1	0.976344	11	313	777	465	9	3	50
uniq_235470	AY349403.1	0.916129	39	328	792	465	9	3	50
uniq_235629	EF510424.1	0.911828	41	332	796	465	9	3	50
uniq_235718	AF385566.1	0.877419	57	335	800	465	9	3	50
uniq_235739	AF543297.1	0.894624	49	316	775	465	9	3	50
uniq_235904	AF385566.1	0.886022	53	335	800	465	9	3	50
uniq_235964	EF510424.1	0.896774	48	332	796	465	9	3	50
uniq_236372	EF510424.1	0.920430	37	332	796	465	9	3	50
uniq_236388	EF510424.1	0.896774	48	332	796	465	9	3	50
uniq_236509	AY349414.1	0.905376	44	317	780	465	9	3	50
uniq_236514	EF510424.1	0.886022	53	332	796	465	9	3	50
uniq_236539	EF510383.1	0.883871	54	321	785	465	9	3	50
uniq_236658	DQ160208.1	0.903226	45	342	780	465	9	3	50
uniq_236663	EF510424.1	0.909677	42	332	796	465	9	3	50
uniq_236684	AF224306.1	0.972043	13	312	776	465	9	3	50
uniq_236868	AF385503.1	0.924731	35	332	796	465	9	3	50
uniq_236889	AY005025.1	0.944086	26	313	777	465	9	3	50
uniq_237166	EF510424.1	0.840860	74	332	796	465	9	3	50
uniq_237206	AF385566.1	0.948387	24	335	800	465	9	3	50
uniq_237240	EF510424.1	0.898925	47	332	796	465	9	3	50
uniq_237243	AF287794.1	0.935484	30	324	788	465	9	3	50
uniq_237326	AY188347.1	0.913978	40	317	781	465	9	3	50
uniq_237488	EF510424.1	0.939785	28	332	796	465	9	3	50
uniq_237625	EF511070.1	0.965591	16	319	783	465	9	3	50
uniq_237656	AF543297.1	0.864516	63	316	775	465	9	3	50
uniq_237689	AY349403.1	0.965591	16	328	792	465	9	3	50
uniq_237760	AY349385.1	0.879570	56	308	750	465	9	3	50
uniq_237997	AY445131.1	0.911828	41	332	796	465	9	3	50
uniq_238070	EF510424.1	0.892473	50	332	796	465	9	3	50
uniq_238185	Y13365.1	0.969892	14	322	786	465	9	3	50
uniq_238344	AY349403.1	0.888172	52	328	792	465	9	3	50
uniq_238363	EF510424.1	0.866667	62	332	796	465	9	3	50
uniq_238465	L14327.1	0.965591	16	322	786	465	9	3	50
uniq_238536	EF510424.1	0.870968	60	332	796	465	9	3	50
uniq_238564	AF287793.1	0.924731	35	323	787	465	9	3	50
uniq_238591	AY349403.1	0.843011	73	328	792	465	9	3	50
uniq_238607	AF023043.1	0.991398	4	315	779	465	9	3	50
uniq_238667	EF512007.1	0.972043	13	313	777	465	9	3	50
uniq_238745	AY349402.1	0.851613	69	318	776	465	9	3	50
uniq_238760	AY005025.1	0.948387	24	313	777	465	9	3	50
uniq_23877	AY207059.1	0.877419	57	326	764	465	9	3	50
uniq_238948	AY278622.1	0.892473	50	335	800	465	9	3	50
uniq_238964	AY349403.1	0.944086	26	328	792	465	9	3	50
uniq_238970	AF287794.1	0.907527	43	324	788	465	9	3	50
uniq_239042	EF510424.1	0.924731	35	332	796	465	9	3	50
uniq_239141	AY349403.1	0.909677	42	328	792	465	9	3	50
uniq_239189	EF510424.1	0.944086	26	332	796	465	9	3	50
uniq_239412	EF510424.1	0.913978	40	332	796	465	9	3	50
uniq_239518	AY349374.1	0.901075	46	327	779	465	9	3	50
uniq_239684	EU071543.1	0.881720	55	298	740	465	9	3	50
uniq_239725	AY278618.1	0.868817	61	326	765	465	9	3	50
uniq_23978	EF512007.1	0.969892	14	313	777	465	9	3	50
uniq_239843	EF510424.1	0.883871	54	332	796	465	9	3	50
uniq_239852	AY369252.1	0.881720	55	319	783	465	9	3	50
uniq_239894	AY349381.1	0.926882	34	311	775	465	9	3	50
uniq_240097	AF031479.1	0.879570	56	305	768	465	9	3	50
uniq_240163	AF287780.1	0.937634	29	331	794	465	9	3	50
uniq_240164	EF510383.1	0.868817	61	321	785	465	9	3	50
uniq_240174	AF385550.1	0.855914	67	317	781	465	9	3	50
uniq_240218	EF510424.1	0.946237	25	332	796	465	9	3	50
uniq_240349	AF287793.1	0.987097	6	323	787	465	9	3	50
uniq_240501	AF432136.1	0.898925	47	319	783	465	9	3	50
uniq_240560	EF512007.1	0.901075	46	313	777	465	9	3	50
uniq_240656	EF511101.1	0.881720	55	313	777	465	9	3	50
uniq_240854	EF510424.1	0.853763	68	332	796	465	9	3	50
uniq_240862	AF385510.1	0.883871	54	326	765	465	9	3	50
uniq_240899	EF510424.1	0.892473	50	332	796	465	9	3	50
uniq_240979	AY278622.1	0.883871	54	335	800	465	9	3	50
uniq_241234	AY341820.1	0.959140	19	324	788	465	9	3	50
uniq_241455	AY349414.1	0.864516	63	317	780	465	9	3	50
uniq_241494	AY349414.1	0.894624	49	317	780	465	9	3	50
uniq_241733	AY485604.1	0.967742	15	319	783	465	9	3	50
uniq_241919	AF328155.1	0.933333	31	313	777	465	9	3	50
uniq_242067	EU670056.1	0.879570	56	320	779	465	9	3	50
uniq_242091	AF287794.1	0.901075	46	324	788	465	9	3	50
uniq_242416	AY188347.1	0.890323	51	317	781	465	9	3	50
uniq_242507	EF509159.1	0.858065	66	311	753	465	9	3	50
uniq_242610	AY349403.1	0.886022	53	328	792	465	9	3	50
uniq_242629	AF385566.1	0.909677	42	335	800	465	9	3	50
uniq_242779	AY349403.1	0.924731	35	328	792	465	9	3	50
uniq_242809	AY349403.1	0.870968	60	328	792	465	9	3	50
uniq_242822	AY485604.1	0.939785	28	319	783	465	9	3	50
uniq_242859	EF510424.1	0.926882	34	332	796	465	9	3	50
uniq_242991	AY485605.1	0.890323	51	319	783	465	9	3	50
uniq_242992	AF385550.1	0.888172	52	317	781	465	9	3	50
uniq_243195	EF510424.1	0.819355	84	332	796	465	9	3	50
uniq_243264	AF385566.1	0.946237	25	335	800	465	9	3	50
uniq_243498	EF510424.1	0.933333	31	332	796	465	9	3	50
uniq_243545	AF385566.1	0.886022	53	335	800	465	9	3	50
uniq_243886	AY349403.1	0.881720	55	328	792	465	9	3	50
uniq_243900	AF385551.1	0.866667	62	320	779	465	9	3	50
uniq_243952	AF287793.1	0.967742	15	323	787	465	9	3	50
uniq_244014	EF512007.1	0.967742	15	313	777	465	9	3	50
uniq_244248	AY188347.1	0.918280	38	317	781	465	9	3	50
uniq_244324	AY005025.1	0.944086	26	313	777	465	9	3	50
uniq_244326	EF510424.1	0.929032	33	332	796	465	9	3	50
uniq_244583	AF385566.1	0.888172	52	335	800	465	9	3	50
uniq_244826	AY278622.1	0.845161	72	335	800	465	9	3	50
uniq_245052	AY278622.1	0.948387	24	335	800	465	9	3	50
uniq_245161	DQ905554.1	0.963441	17	319	783	465	9	3	50
uniq_245347	EF512007.1	0.873118	59	313	777	465	9	3	50
uniq_245408	AF287770.1	0.888172	52	325	763	465	9	3	50
uniq_245457	EF512007.1	0.944086	26	313	777	465	9	3	50
uniq_246103	EF511070.1	0.954839	21	319	783	465	9	3	50
uniq_246325	AM493906.1	0.913978	40	309	773	465	9	3	50
uniq_246358	AF366271.1	0.858065	66	318	777	465	9	3	50
uniq_246403	EF510424.1	0.944086	26	332	796	465	9	3	50
uniq_246447	AY207063.1	0.896774	48	325	789	465	9	3	50
uniq_246502	EF510424.1	0.868817	61	332	796	465	9	3	50
uniq_246564	EF512007.1	0.972043	13	313	777	465	9	3	50
uniq_246581	EF511070.1	0.879570	56	319	783	465	9	3	50
uniq_246586	AY349403.1	0.894624	49	328	792	465	9	3	50
uniq_246617	EF510424.1	0.946237	25	332	796	465	9	3	50
uniq_246620	AY278611.1	0.860215	65	314	771	465	9	3	50
uniq_246732	AF491835.1	0.922581	36	311	760	465	9	3	50
uniq_246743	AY188347.1	0.875269	58	317	781	465	9	3	50
uniq_246758	AY008309.1	0.862366	64	308	750	465	9	3	50
uniq_246762	EU670056.1	0.873118	59	320	779	465	9	3	50
uniq_246820	AY188347.1	0.894624	49	317	781	465	9	3	50
uniq_246954	EF512007.1	0.845161	72	313	777	465	9	3	50
uniq_246974	AY445131.1	0.911828	41	332	796	465	9	3	50
uniq_247088	AY005025.1	0.937634	29	313	777	465	9	3	50
uniq_247199	EF511101.1	0.935484	30	313	777	465	9	3	50
uniq_247414	AB098612.1	0.916129	39	313	777	465	9	3	50
uniq_247785	AF328148.1	0.959140	19	315	779	465	9	3	50
uniq_247844	EF510424.1	0.931183	32	332	796	465	9	3	50
uniq_247887	AJ290754.1	0.901075	46	313	777	465	9	3	50
uniq_247930	EF510424.1	0.929032	33	332	796	465	9	3	50
uniq_247964	AY349385.1	0.892473	50	308	750	465	9	3	50
uniq_247975	AY341820.1	0.916129	39	324	788	465	9	3	50
uniq_247985	AF201981.1	0.896774	48	327	766	465	9	3	50
uniq_248070	EF512007.1	0.963441	17	313	777	465	9	3	50
uniq_248101	AY349407.1	0.939785	28	332	796	465	9	3	50
uniq_248139	EF512007.1	0.935484	30	313	777	465	9	3	50
uniq_248228	AJ131282.1	0.948387	24	318	782	465	9	3	50
uniq_248316	EF511101.1	0.959140	19	313	777	465	9	3	50
uniq_248346	AJ290758.1	0.969892	14	313	777	465	9	3	50
uniq_248435	U43698.1	0.875269	58	317	777	465	9	3	50
uniq_248456	AF287775.1	0.845161	72	327	766	465	9	3	50
uniq_248518	AY349395.1	0.847312	71	320	779	465	9	3	50
uniq_248654	AB186851.1	0.969892	14	324	789	465	9	3	50
uniq_248745	AF385519.1	0.883871	54	320	779	465	9	3	50
uniq_248806	AY005033.1	0.911828	41	313	777	465	9	3	50
uniq_248977	AY278611.1	0.879570	56	314	771	465	9	3	50
uniq_249002	AY369254.1	0.883871	54	309	773	465	9	3	50
uniq_249025	EF511070.1	0.972043	13	319	783	465	9	3	50
uniq_249167	AY005033.1	0.933333	31	313	777	465	9	3	50
uniq_249466	X85208.1	0.868817	61	307	766	465	9	3	50
uniq_249576	AY005025.1	0.956989	20	313	777	465	9	3	50
uniq_249808	AY188347.1	0.907527	43	317	781	465	9	3	50
uniq_249879	EF510383.1	0.888172	52	321	785	465	9	3	50
uniq_249884	AF543280.1	0.896774	48	314	758	465	9	3	50
uniq_249934	AF292371.1	0.883871	54	311	754	465	9	3	50
uniq_249964	EF512007.1	0.903226	45	313	777	465	9	3	50
uniq_249973	AY349402.1	0.838710	75	318	776	465	9	3	50
uniq_250063	AF224299.1	0.935484	30	313	777	465	9	3	50
uniq_250105	AY278621.1	0.907527	43	308	750	465	9	3	50
uniq_250146	AF287777.1	0.907527	43	326	765	465	9	3	50
uniq_250238	AY485603.1	0.967742	15	317	781	465	9	3	50
uniq_250424	AF385510.1	0.866667	62	326	765	465	9	3	50
uniq_250431	AY445131.1	0.909677	42	332	796	465	9	3	50
uniq_250443	EF511101.1	0.950538	23	313	777	465	9	3	50
uniq_250581	AY008691.1	0.892473	50	317	776	465	9	3	50
uniq_250646	AY230771.1	0.890323	51	325	764	465	9	3	50
uniq_251033	EF511101.1	0.909677	42	313	777	465	9	3	50
uniq_251124	AM277334.1	0.939785	28	323	787	465	9	3	50
uniq_251133	AB108826.1	0.858065	66	318	777	465	9	3	50
uniq_251138	AY005025.1	0.950538	23	313	777	465	9	3	50
uniq_251253	AF224306.1	0.950538	23	312	776	465	9	3	50
uniq_251319	AF385561.1	0.883871	54	318	777	465	9	3	50
uniq_251322	AY349381.1	0.911828	41	311	775	465	9	3	50
uniq_251349	AY005033.1	0.954839	21	313	777	465	9	3	50
uniq_251414	EF512007.1	0.898925	47	313	777	465	9	3	50
uniq_251434	AY958874.1	0.913978	40	334	797	465	9	3	50
uniq_251497	AY005033.1	0.851613	69	312	777	465	9	3	50
uniq_251639	AY207063.1	0.877419	57	325	789	465	9	3	50
uniq_251668	AY349371.1	0.907527	43	306	747	465	9	3	50
uniq_251724	AB098612.1	0.903226	45	313	777	465	9	3	50
uniq_251951	AF224299.1	0.948387	24	313	777	465	9	3	50
uniq_252092	AY349384.1	0.881720	55	308	753	465	9	3	50
uniq_252189	EU012315.1	0.892473	50	318	777	465	9	3	50
uniq_252210	Y13366.1	0.892473	50	322	786	465	9	3	50
uniq_252239	AY727530.1	0.950538	23	320	784	465	9	3	50
uniq_252630	AY005069.1	0.881720	55	318	778	465	9	3	50
uniq_252681	AF385508.1	0.888172	52	327	766	465	9	3	50
uniq_252695	AF287816.1	0.886022	53	307	749	465	9	3	50
uniq_252717	AY005025.1	0.890323	51	313	777	465	9	3	50
uniq_252960	AJ004688.1	0.974194	12	319	783	465	9	3	50
uniq_253048	AY429468.1	0.849462	70	304	763	465	9	3	50
uniq_253099	AJ131282.1	0.993548	3	318	782	465	9	3	50
uniq_253212	AY005025.1	0.963441	17	313	777	465	9	3	50
uniq_253372	EF511101.1	0.916129	39	313	777	465	9	3	50
uniq_253411	AF287816.1	0.886022	53	307	749	465	9	3	50
uniq_253477	AY008691.1	0.853763	68	317	776	465	9	3	50
uniq_253518	AY005025.1	0.834409	77	313	777	465	9	3	50
uniq_253684	EF512007.1	0.873118	59	313	777	465	9	3	50
uniq_253746	EF510424.1	0.935484	30	332	796	465	9	3	50
uniq_253790	AY005069.1	0.873118	59	318	778	465	9	3	50
uniq_253892	EF511070.1	0.948387	24	319	783	465	9	3	50
uniq_253928	AY005024.1	0.926882	34	313	777	465	9	3	50
uniq_253966	AF385510.1	0.875269	58	326	765	465	9	3	50
uniq_253996	AF385511.1	0.851613	69	320	779	465	9	3	50
uniq_254051	AF385561.1	0.849462	70	318	777	465	9	3	50
uniq_254123	EF511101.1	0.911828	41	313	777	465	9	3	50
uniq_254230	EF512007.1	0.967742	15	313	777	465	9	3	50
uniq_254294	EF510424.1	0.931183	32	332	796	465	9	3	50
uniq_254406	AF432133.1	0.886022	53	320	779	465	9	3	50
uniq_254517	AF432138.1	0.860215	65	308	750	465	9	3	50
uniq_254541	AY029806.1	0.892473	50	308	750	465	9	3	50
uniq_254626	AM420148.1	0.972043	13	327	791	465	9	3	50
uniq_254674	EU071472.1	0.929032	33	323	787	465	9	3	50
uniq_254688	AB076875.1	0.800000	93	307	771	465	9	3	50
uniq_255155	AB098612.1	0.956989	20	313	777	465	9	3	50
uniq_255204	EF511101.1	0.954839	21	313	777	465	9	3	50
uniq_255227	AF287770.1	0.890323	51	325	763	465	9	3	50
uniq_255348	AF292371.1	0.875269	58	311	754	465	9	3	50
uniq_255610	AF385577.1	0.890323	51	329	768	465	9	3	50
uniq_255660	EF512007.1	0.965591	16	313	777	465	9	3	50
uniq_255661	AY005025.1	0.933333	31	313	777	465	9	3	50
uniq_255724	AB098612.1	0.974194	12	313	777	465	9	3	50
uniq_255815	AF328152.1	0.963441	17	313	777	465	9	3	50
uniq_256083	AF385564.1	0.870968	60	320	779	465	9	3	50
uniq_256124	EF512007.1	0.849462	70	313	777	465	9	3	50
uniq_256488	AM420197.1	0.886022	53	317	781	465	9	3	50
uniq_256546	EF512007.1	0.924731	35	313	777	465	9	3	50
uniq_256837	AY008309.1	0.868817	61	308	750	465	9	3	50
uniq_256841	EF510383.1	0.905376	44	321	785	465	9	3	50
uniq_256982	AY005025.1	0.959140	19	313	777	465	9	3	50
uniq_256985	AJ301825.1	0.883871	54	326	789	465	9	3	50
uniq_257147	AF385515.1	0.870968	60	315	774	465	9	3	50
uniq_257257	EF511101.1	0.913978	40	313	777	465	9	3	50
uniq_257314	AF385497.1	0.969892	14	324	788	465	9	3	50
uniq_257331	AF366276.1	0.905376	44	310	751	465	9	3	50
uniq_257339	AY429468.1	0.892473	50	304	763	465	9	3	50
uniq_257386	AY207064.1	0.907527	43	319	783	465	9	3	50
uniq_257502	EU012315.1	0.903226	45	318	777	465	9	3	50
uniq_257611	EF512007.1	0.969892	14	313	777	465	9	3	50
uniq_257617	AJ290758.1	0.937634	29	313	777	465	9	3	50
uniq_257718	AF056337.1	0.888172	52	319	783	465	9	3	50
uniq_257898	AY005025.1	0.939785	28	313	777	465	9	3	50
uniq_258017	AB098612.1	0.937634	29	313	777	465	9	3	50
uniq_258039	AF366271.1	0.883871	54	318	777	465	9	3	50
uniq_258150	AF481206.1	0.896774	48	317	776	465	9	3	50
uniq_258151	AF385509.1	0.883871	54	318	777	465	9	3	50
uniq_258173	EF512007.1	0.972043	13	313	777	465	9	3	50
uniq_258215	AY445131.1	0.935484	30	332	796	465	9	3	50
uniq_258253	AJ290758.1	0.935484	30	313	777	465	9	3	50
uniq_25840	AF183404.1	0.868817	61	320	779	465	9	3	50
uniq_258443	EF510424.1	0.866667	62	332	796	465	9	3	50
uniq_258713	EF510424.1	0.931183	32	332	796	465	9	3	50
uniq_258839	AF487729.1	0.907527	43	307	771	465	9	3	50
uniq_259005	AF468404.1	0.972043	13	305	769	465	9	3	50
uniq_259065	AF057645.1	0.959140	19	307	771	465	9	3	50
uniq_259066	EF512007.1	0.974194	12	313	777	465	9	3	50
uniq_259139	AJ290758.1	0.974194	12	313	777	465	9	3	50
uniq_259378	AJ290758.1	0.918280	38	313	777	465	9	3	50
uniq_259543	AF224306.1	0.898925	47	312	776	465	9	3	50
uniq_259662	AF468404.1	0.965591	16	305	769	465	9	3	50
uniq_259675	AF468404.1	0.956989	20	305	769	465	9	3	50
uniq_259725	AF468404.1	0.929032	33	305	769	465	9	3	50
uniq_259747	AY263477.1	0.978495	10	306	770	465	9	3	50
uniq_259754	AB098612.1	0.974194	12	313	777	465	9	3	50
uniq_259851	AF468404.1	0.952688	22	305	769	465	9	3	50
uniq_259883	AF487729.1	0.922581	36	307	771	465	9	3	50
uniq_259986	AF224306.1	0.924731	35	312	776	465	9	3	50
uniq_260119	AB013254.1	0.946237	25	307	771	465	9	3	50
uniq_260295	AF451270.1	0.901075	46	307	771	465	9	3	50
uniq_260296	AF468404.1	0.967742	15	305	769	465	9	3	50
uniq_260300	AY622234.1	0.931183	32	307	771	465	9	3	50
uniq_260385	AY485603.1	0.883871	54	317	781	465	9	3	50
uniq_260425	AY456712.1	0.950538	23	307	771	465	9	3	50
uniq_260496	AF326356.1	0.948387	24	307	771	465	9	3	50
uniq_260661	AB098612.1	0.894624	49	313	777	465	9	3	50
uniq_260689	AM411992.1	0.911828	41	307	771	465	9	3	50
uniq_260699	AF366271.1	0.896774	48	318	777	465	9	3	50
uniq_260708	EU071472.1	0.840860	74	323	787	465	9	3	50
uniq_260728	AY131218.1	0.924731	35	307	771	465	9	3	50
uniq_260798	AF468404.1	0.952688	22	305	769	465	9	3	50
uniq_260965	U87968.1	0.898925	47	305	749	465	9	3	50
uniq_260994	AF224306.1	0.937634	29	312	776	465	9	3	50
uniq_261047	AY263477.1	0.976344	11	306	770	465	9	3	50
uniq_261071	AF451270.1	0.920430	37	307	771	465	9	3	50
uniq_261128	AF366274.1	0.950538	23	328	792	465	9	3	50
uniq_261278	AY456712.1	0.952688	22	307	771	465	9	3	50
uniq_261394	EF510424.1	0.916129	39	332	796	465	9	3	50
uniq_261557	AF451270.1	0.954839	21	307	771	465	9	3	50
uniq_261560	AF500620.1	0.987097	6	307	771	465	9	3	50
uniq_261760	AF468404.1	0.967742	15	305	769	465	9	3	50
uniq_261766	AF057645.1	0.911828	41	307	771	465	9	3	50
uniq_262016	AY278611.1	0.888172	52	314	771	465	9	3	50
uniq_262127	AF468404.1	0.959140	19	305	769	465	9	3	50
uniq_262393	AF451270.1	0.909677	42	307	771	465	9	3	50
uniq_262532	AY622234.1	0.909677	42	307	771	465	9	3	50
uniq_262575	U87968.1	0.901075	46	305	749	465	9	3	50
uniq_262616	X67609.1	0.911828	41	308	767	465	9	3	50
uniq_262699	AF468404.1	0.965591	16	305	769	465	9	3	50
uniq_262831	EF512007.1	0.941935	27	313	777	465	9	3	50
uniq_263082	AF451270.1	0.888172	52	307	771	465	9	3	50
uniq_263102	AF057645.1	0.967742	15	307	771	465	9	3	50
uniq_263333	AY836508.1	0.881720	55	318	777	465	9	3	50
uniq_263434	EF510383.1	0.954839	21	321	785	465	9	3	50
uniq_263444	AY263477.1	0.976344	11	306	770	465	9	3	50
uniq_263476	AF468404.1	0.965591	16	305	769	465	9	3	50
uniq_263495	EF512007.1	0.933333	31	313	777	465	9	3	50
uniq_263775	AY008310.1	0.866667	62	318	777	465	9	3	50
uniq_263958	AY326519.1	0.954839	21	311	775	465	9	3	50
uniq_264069	AF468404.1	0.969892	14	305	769	465	9	3	50
uniq_264137	AF468404.1	0.961290	18	305	769	465	9	3	50
uniq_264168	AY456712.1	0.948387	24	307	771	465	9	3	50
uniq_264185	AF385576.1	0.961290	18	328	792	465	9	3	50
uniq_264213	AF326356.1	0.967742	15	307	771	465	9	3	50
uniq_264250	AF003931.1	0.967742	15	327	791	465	9	3	50
uniq_264479	AF468404.1	0.952688	22	305	769	465	9	3	50
uniq_264586	AF468404.1	0.967742	15	305	769	465	9	3	50
uniq_264706	AY263477.1	0.877419	57	306	770	465	9	3	50
uniq_264935	AF468404.1	0.963441	17	305	769	465	9	3	50
uniq_265126	AY349381.1	0.922581	36	311	775	465	9	3	50
uniq_265142	AY349374.1	0.896774	48	327	779	465	9	3	50
uniq_265149	AF468404.1	0.967742	15	305	769	465	9	3	50
uniq_265163	AY263477.1	0.980645	9	306	770	465	9	3	50
uniq_265176	AF468404.1	0.959140	19	305	769	465	9	3	50
uniq_265393	AF468404.1	0.965591	16	305	769	465	9	3	50
uniq_265614	AB046995.1	0.864516	63	307	771	465	9	3	50
uniq_265741	S39232.1	0.987097	6	314	778	465	9	3	50
uniq_265944	AY263477.1	0.987097	6	306	770	465	9	3	50
uniq_266043	AY263477.1	0.976344	11	306	770	465	9	3	50
uniq_266063	AF451270.1	0.974194	12	307	771	465	9	3	50
uniq_266170	AF468404.1	0.974194	12	305	769	465	9	3	50
uniq_266260	AF451270.1	0.969892	14	307	771	465	9	3	50
uniq_266560	AF468404.1	0.963441	17	305	769	465	9	3	50
uniq_266588	AY456712.1	0.941935	27	307	771	465	9	3	50
uniq_266642	AJ440983.1	0.978495	10	304	768	465	9	3	50
uniq_266783	AY727530.1	0.905376	44	320	784	465	9	3	50
uniq_266827	AF385510.1	0.886022	53	326	765	465	9	3	50
uniq_266856	AF534209.1	0.894624	49	307	771	465	9	3	50
uniq_266898	AB013254.1	0.941935	27	307	771	465	9	3	50
uniq_266917	AF468404.1	0.959140	19	305	769	465	9	3	50
uniq_267017	AY212621.1	0.950538	23	313	777	465	9	3	50
uniq_267041	AY263477.1	0.948387	24	306	770	465	9	3	50
uniq_267205	DQ905554.1	0.963441	17	319	783	465	9	3	50
uniq_267402	AJ440983.1	0.978495	10	304	768	465	9	3	50
uniq_267444	AY263477.1	0.974194	12	306	770	465	9	3	50
uniq_267529	AY661993.1	0.974194	12	307	771	465	9	3	50
uniq_267591	AJ492830.1	0.918280	38	307	771	465	9	3	50
uniq_267720	EF510383.1	0.881720	55	321	785	465	9	3	50
uniq_267838	AY093698.1	0.950538	23	305	769	465	9	3	50
uniq_267886	AF432133.1	0.892473	50	320	779	465	9	3	50
uniq_267919	AF451270.1	0.935484	30	307	771	465	9	3	50
uniq_268003	AB240367.1	0.978495	10	320	784	465	9	3	50
uniq_268047	AF451270.1	0.967742	15	307	771	465	9	3	50
uniq_268203	AF366271.1	0.886022	53	318	777	465	9	3	50
uniq_268377	AF468404.1	0.963441	17	305	769	465	9	3	50
uniq_268501	AF501878.1	0.907527	43	307	771	465	9	3	50
uniq_268503	AF094726.1	0.916129	39	309	773	465	9	3	50
uniq_268583	AF451270.1	0.911828	41	307	771	465	9	3	50
uniq_268602	AF057645.1	0.972043	13	307	771	465	9	3	50
uniq_268834	AF468404.1	0.952688	22	305	769	465	9	3	50
uniq_268847	AY321588.1	0.941935	27	307	771	465	9	3	50
uniq_268857	AY622234.1	0.911828	41	307	771	465	9	3	50
uniq_268927	AF468404.1	0.950538	23	305	769	465	9	3	50
uniq_269362	AJ277840.1	0.907527	43	310	754	465	9	3	50
uniq_269451	AF468404.1	0.877419	57	305	769	465	9	3	50
uniq_269486	AF057645.1	0.969892	14	307	771	465	9	3	50
uniq_269537	AY008691.1	0.890323	51	317	776	465	9	3	50
uniq_269561	EF512007.1	0.916129	39	313	777	465	9	3	50
uniq_26974	AY526575.1	0.959140	19	302	766	465	9	3	50
uniq_269900	AF057645.1	0.972043	13	307	771	465	9	3	50
uniq_270043	AF468404.1	0.961290	18	305	769	465	9	3	50
uniq_270070	AJ290026.1	0.974194	12	305	769	465	9	3	50
uniq_270095	AY263477.1	0.967742	15	306	770	465	9	3	50
uniq_270113	AF543280.1	0.892473	50	314	758	465	9	3	50
uniq_270192	AY263477.1	0.866667	62	306	770	465	9	3	50
uniq_270271	AF468404.1	0.937634	29	305	769	465	9	3	50
uniq_270281	EF512007.1	0.907527	43	313	777	465	9	3	50
uniq_270377	AF468404.1	0.969892	14	305	769	465	9	3	50
uniq_270496	AY263477.1	0.967742	15	306	770	465	9	3	50
uniq_270498	AF287794.1	0.929032	33	324	788	465	9	3	50
uniq_270530	AY263477.1	0.903226	45	306	770	465	9	3	50
uniq_270552	AJ492830.1	0.875269	58	307	771	465	9	3	50
uniq_270877	AF468404.1	0.941935	27	305	769	465	9	3	50
uniq_271009	AY263477.1	0.941935	27	306	770	465	9	3	50
uniq_271182	AF468404.1	0.935484	30	305	769	465	9	3	50
uniq_27123	EF510383.1	0.883871	54	321	785	465	9	3	50
uniq_271239	AY008309.1	0.864516	63	308	750	465	9	3	50
uniq_271332	AF057645.1	0.967742	15	307	771	465	9	3	50
uniq_271340	AF451270.1	0.883871	54	307	771	465	9	3	50
uniq_27136	AY008309.1	0.886022	53	308	750	465	9	3	50
uniq_27164	EF512007.1	0.929032	33	313	777	465	9	3	50
uniq_271649	AF468404.1	0.959140	19	305	769	465	9	3	50
uniq_271926	AF236014.1	0.946237	25	313	777	465	9	3	50
uniq_271937	AY234700.1	0.961290	18	316	779	465	9	3	50
uniq_272191	AY958874.1	0.924731	35	334	797	465	9	3	50
uniq_272218	AJ316309.1	0.993548	3	320	784	465	9	3	50
uniq_272410	AY263477.1	0.963441	17	306	770	465	9	3	50
uniq_272432	EF654714.1	0.993548	3	309	773	465	9	3	50
uniq_272501	Y15750.1	0.974194	12	320	784	465	9	3	50
uniq_272541	DQ019167.1	0.989247	5	331	795	465	9	3	50
uniq_272696	AJ313017.1	0.965591	16	309	773	465	9	3	50
uniq_272698	AF043742.1	0.995699	2	307	771	465	9	3	50
uniq_272755	AJ440983.1	0.961290	18	304	768	465	9	3	50
uniq_273082	AB021402.1	0.911828	41	309	773	465	9	3	50
uniq_273507	AB186830.1	0.952688	22	307	771	465	9	3	50
uniq_273604	AF388207.1	0.959140	19	307	771	465	9	3	50
uniq_273618	AY513646.1	0.995699	2	309	773	465	9	3	50
uniq_274044	AB179520.1	0.907527	43	321	784	465	9	3	50
uniq_274138	AJ308392.1	0.989247	5	346	810	465	9	3	50
uniq_274165	AY030342.1	0.972043	13	320	784	465	9	3	50
uniq_274195	X77215.1	0.920430	37	309	773	465	9	3	50
uniq_274561	AF388207.1	0.978495	10	307	771	465	9	3	50
uniq_27470	EF511101.1	0.950538	23	313	777	465	9	3	50
uniq_274788	AY444994.1	0.961290	18	307	771	465	9	3	50
uniq_274991	AY028927.1	0.963441	17	323	787	465	9	3	50
uniq_275381	AY234645.1	0.898925	47	315	779	465	9	3	50
uniq_275417	AY212646.1	0.984946	7	307	771	465	9	3	50
uniq_275680	AB001837.1	0.993548	3	335	799	465	9	3	50
uniq_275774	AB326350.1	0.991398	4	335	799	465	9	3	50
uniq_27618	EF512007.1	0.974194	12	313	777	465	9	3	50
uniq_27627	EF510424.1	0.903226	45	332	796	465	9	3	50
uniq_276339	AY030342.1	0.931183	32	320	784	465	9	3	50
uniq_27634	EF511101.1	0.974194	12	313	777	465	9	3	50
uniq_27641	L33975.1	0.911828	41	303	767	465	9	3	50
uniq_276500	AF328148.1	0.918280	38	315	779	465	9	3	50
uniq_276515	AJ313017.1	0.959140	19	309	773	465	9	3	50
uniq_276690	AY958874.1	0.913978	40	334	797	465	9	3	50
uniq_276789	AY093698.1	0.972043	13	305	769	465	9	3	50
uniq_276911	AB089061.1	0.969892	14	327	791	465	9	3	50
uniq_276999	S67831.1	0.991398	4	345	809	465	9	3	50
uniq_277005	AY030342.1	0.972043	13	320	784	465	9	3	50
uniq_277470	AY444994.1	0.939785	28	307	771	465	9	3	50
uniq_277495	AY093698.1	0.969892	14	305	769	465	9	3	50
uniq_277575	EU373341.1	0.931183	32	320	784	465	9	3	50
uniq_277707	AJ619035.1	0.989247	5	313	777	465	9	3	50
uniq_277709	AF469172.1	0.995699	2	339	803	465	9	3	50
uniq_277711	AY050584.1	0.959140	19	309	773	465	9	3	50
uniq_277748	AB243859.1	0.974194	12	319	783	465	9	3	50
uniq_278009	X72865.1	0.989247	5	326	790	465	9	3	50
uniq_278068	AY030342.1	0.972043	13	320	784	465	9	3	50
uniq_278197	AB024606.1	0.933333	31	311	775	465	9	3	50
uniq_278587	AJ279038.1	0.946237	25	323	787	465	9	3	50
uniq_278726	AY234645.1	0.922581	36	315	779	465	9	3	50
uniq_278947	AY030342.1	0.972043	13	320	784	465	9	3	50
uniq_279025	AF525831.1	0.980645	9	307	771	465	9	3	50
uniq_279054	AF349724.1	0.984946	7	289	753	465	9	3	50
uniq_279089	AF387349.1	0.993548	3	313	777	465	9	3	50
uniq_27912	EF510424.1	0.933333	31	332	796	465	9	3	50
uniq_279332	AY093698.1	0.969892	14	305	769	465	9	3	50
uniq_279468	AJ408960.1	0.984946	7	319	783	465	9	3	50
uniq_27973	EF510424.1	0.924731	35	332	796	465	9	3	50
uniq_279801	AF008582.1	0.991398	4	313	777	465	9	3	50
uniq_279946	AY030342.1	0.959140	19	320	784	465	9	3	50
uniq_280047	DQ448761.1	0.997849	1	331	795	465	9	3	50
uniq_280109	AY234645.1	0.916129	39	315	779	465	9	3	50
uniq_280152	AJ401219.1	0.913978	40	296	760	465	9	3	50
uniq_280598	AY234645.1	0.933333	31	315	779	465	9	3	50
uniq_280616	X60416.1	0.969892	14	314	778	465	9	3	50
uniq_280628	AJ279038.1	0.969892	14	323	787	465	9	3	50
uniq_280965	AB189452.1	0.961290	18	307	771	465	9	3	50
uniq_280970	AJ311653.1	0.952688	22	313	777	465	9	3	50
uniq_281140	Y18617.1	0.916129	39	305	769	465	9	3	50
uniq_281398	AB079369.1	0.993548	3	321	786	465	9	3	50
uniq_281453	AJ244761.1	0.903226	45	307	771	465	9	3	50
uniq_281524	AF317386.1	0.987097	6	320	784	465	9	3	50
uniq_281601	AJ619053.1	0.976344	11	313	777	465	9	3	50
uniq_281635	AF324537.1	0.972043	13	307	772	465	9	3	50
uniq_281789	AB120966.1	0.993548	3	307	771	465	9	3	50
uniq_282136	AY622238.1	0.969892	14	305	769	465	9	3	50
uniq_282342	AM042693.1	0.982796	8	305	769	465	9	3	50
uniq_282545	AJ576067.1	0.991398	4	323	787	465	9	3	50
uniq_282560	AM398214.1	0.987097	6	309	773	465	9	3	50
uniq_282951	U81750.1	0.978495	10	324	788	465	9	3	50
uniq_283111	AY485605.1	0.967742	15	319	783	465	9	3	50
uniq_283177	DQ905554.1	0.896774	48	319	783	465	9	3	50
uniq_283508	AF432136.1	0.976344	11	319	783	465	9	3	50
uniq_283550	EF510424.1	0.954839	21	332	796	465	9	3	50
uniq_283698	AY188347.1	0.967742	15	317	781	465	9	3	50
uniq_284284	AY278622.1	0.941935	27	335	800	465	9	3	50
uniq_28435	AF385519.1	0.868817	61	320	779	465	9	3	50
uniq_284457	DQ905554.1	0.961290	18	319	783	465	9	3	50
uniq_284472	AY005030.1	0.888172	52	307	771	465	9	3	50
uniq_284796	AY278621.1	0.877419	57	308	750	465	9	3	50
uniq_284817	AY485605.1	0.946237	25	319	783	465	9	3	50
uniq_284955	AF094726.1	0.905376	44	309	773	465	9	3	50
uniq_285001	EF510424.1	0.918280	38	332	796	465	9	3	50
uniq_285275	AY341820.1	0.901075	46	324	788	465	9	3	50
uniq_285310	AY188347.1	0.913978	40	317	781	465	9	3	50
uniq_285350	EF510424.1	0.853763	68	332	796	465	9	3	50
uniq_285449	AY044915.1	0.924731	35	314	772	465	9	3	50
uniq_285627	AY278622.1	0.935484	30	335	800	465	9	3	50
uniq_285651	AY188347.1	0.980645	9	317	781	465	9	3	50
uniq_285786	AY264287.1	0.948387	24	307	771	465	9	3	50
uniq_285802	AF385518.1	0.875269	58	308	750	465	9	3	50
uniq_285851	AY005025.1	0.948387	24	313	777	465	9	3	50
uniq_285971	EF510424.1	0.935484	30	332	796	465	9	3	50
uniq_285972	AY349403.1	0.954839	21	328	792	465	9	3	50
uniq_286238	AF287788.1	0.965591	16	336	800	465	9	3	50
uniq_286274	AF385550.1	0.886022	53	317	781	465	9	3	50
uniq_286418	EF510424.1	0.881720	55	332	796	465	9	3	50
uniq_286446	EF510424.1	0.886022	53	332	796	465	9	3	50
uniq_286571	EF512007.1	0.963441	17	313	777	465	9	3	50
uniq_286577	EF510424.1	0.916129	39	332	796	465	9	3	50
uniq_286797	EF510424.1	0.918280	38	332	796	465	9	3	50
uniq_286949	AF287794.1	0.963441	17	324	788	465	9	3	50
uniq_28698	EF512007.1	0.961290	18	313	777	465	9	3	50
uniq_287010	EF510424.1	0.959140	19	332	796	465	9	3	50
uniq_287190	AY188347.1	0.886022	53	317	781	465	9	3	50
uniq_287192	AF219234.1	0.862366	64	313	753	465	9	3	50
uniq_287245	AY485603.1	0.931183	32	317	781	465	9	3	50
uniq_287533	AF287794.1	0.896774	48	324	788	465	9	3	50
uniq_287541	AY188347.1	0.922581	36	317	781	465	9	3	50
uniq_287666	DQ905554.1	0.950538	23	319	783	465	9	3	50
uniq_287745	DQ905554.1	0.961290	18	319	783	465	9	3	50
uniq_287757	AF201981.1	0.896774	48	327	766	465	9	3	50
uniq_287899	EF511070.1	0.946237	25	319	783	465	9	3	50
uniq_287961	AY445131.1	0.898925	47	332	796	465	9	3	50
uniq_288001	AF432136.1	0.849462	70	319	783	465	9	3	50
uniq_288011	EF510424.1	0.952688	22	332	796	465	9	3	50
uniq_288069	AY959092.1	0.896774	48	327	791	465	9	3	50
uniq_288234	AY349403.1	0.911828	41	328	792	465	9	3	50
uniq_288237	AY958874.1	0.905376	44	334	797	465	9	3	50
uniq_288354	EF511070.1	0.967742	15	319	783	465	9	3	50
uniq_288379	AB108826.1	0.868817	61	318	777	465	9	3	50
uniq_288467	AY485605.1	0.892473	50	319	783	465	9	3	50
uniq_288505	AJ313017.1	0.959140	19	309	773	465	9	3	50
uniq_288585	AY278622.1	0.920430	37	335	800	465	9	3	50
uniq_28876	EF512007.1	0.886022	53	313	777	465	9	3	50
uniq_288825	AF385566.1	0.948387	24	335	800	465	9	3	50
uniq_288876	EF510424.1	0.909677	42	332	796	465	9	3	50
uniq_28891	AY008309.1	0.881720	55	308	750	465	9	3	50
uniq_289328	AY369250.1	0.946237	25	317	781	465	9	3	50
uniq_289490	AY278622.1	0.931183	32	335	800	465	9	3	50
uniq_289521	AY349403.1	0.896774	48	328	792	465	9	3	50
uniq_289684	EF510424.1	0.959140	19	332	796	465	9	3	50
uniq_289727	EU071543.1	0.853763	68	298	740	465	9	3	50
uniq_289790	AY212711.1	0.980645	9	307	771	465	9	3	50
uniq_289803	AY349403.1	0.931183	32	328	792	465	9	3	50
uniq_290028	AF385566.1	0.941935	27	335	800	465	9	3	50
uniq_290079	AF481209.1	0.898925	47	335	799	465	9	3	50
uniq_290082	AF385551.1	0.870968	60	320	779	465	9	3	50
uniq_290172	EF510424.1	0.870968	60	332	796	465	9	3	50
uniq_290386	AB098612.1	0.877419	57	313	777	465	9	3	50
uniq_290591	EF510424.1	0.905376	44	332	796	465	9	3	50
uniq_290679	EF510424.1	0.946237	25	332	796	465	9	3	50
uniq_290827	AF432855.1	0.877419	57	327	791	465	9	3	50
uniq_291239	AY485605.1	0.974194	12	319	783	465	9	3	50
uniq_291313	AF050551.1	0.916129	39	312	776	465	9	3	50
uniq_291541	EF510424.1	0.937634	29	332	796	465	9	3	50
uniq_291608	L14327.1	0.963441	17	322	786	465	9	3	50
uniq_29161	AY526575.1	0.918280	38	302	766	465	9	3	50
uniq_291622	AY485605.1	0.959140	19	319	783	465	9	3	50
uniq_29170	EF495228.1	0.931183	32	313	778	465	9	3	50
uniq_292167	AF408257.1	0.896774	48	320	783	465	9	3	50
uniq_292224	AB023575.1	0.980645	9	319	783	465	9	3	50
uniq_292292	DQ905554.1	0.954839	21	319	783	465	9	3	50
uniq_292339	AY044915.1	0.879570	56	314	772	465	9	3	50
uniq_292411	AY349403.1	0.898925	47	328	792	465	9	3	50
uniq_292421	AF385497.1	0.961290	18	324	788	465	9	3	50
uniq_292692	EF510424.1	0.939785	28	332	796	465	9	3	50
uniq_292727	AY349403.1	0.916129	39	328	792	465	9	3	50
uniq_292744	EF510424.1	0.879570	56	332	796	465	9	3	50
uniq_292849	EF510383.1	0.907527	43	321	785	465	9	3	50
uniq_292851	AF432136.1	0.873118	59	319	783	465	9	3	50
uniq_292927	EF510424.1	0.937634	29	332	796	465	9	3	50
uniq_29299	EF512007.1	0.858065	66	313	777	465	9	3	50
uniq_293165	AF385492.1	0.918280	38	328	792	465	9	3	50
uniq_293211	AF385566.1	0.931183	32	335	800	465	9	3	50
uniq_293250	AF408257.1	0.918280	38	320	783	465	9	3	50
uniq_293271	AY485605.1	0.946237	25	319	783	465	9	3	50
uniq_293313	EF510424.1	0.956989	20	332	796	465	9	3	50
uniq_293316	EF510424.1	0.858065	66	332	796	465	9	3	50
uniq_29341	AF385494.1	0.896774	48	302	760	465	9	3	50
uniq_293463	AF481209.1	0.935484	30	335	799	465	9	3	50
uniq_293658	AF385521.1	0.883871	54	314	771	465	9	3	50
uniq_293820	AM420148.1	0.969892	14	327	791	465	9	3	50
uniq_293920	AY207063.1	0.963441	17	325	789	465	9	3	50
uniq_294034	AF432136.1	0.972043	13	319	783	465	9	3	50
uniq_294035	EF510424.1	0.935484	30	332	796	465	9	3	50
uniq_294145	EF510424.1	0.894624	49	332	796	465	9	3	50
uniq_294175	EF510424.1	0.935484	30	332	796	465	9	3	50
uniq_294219	EF510424.1	0.931183	32	332	796	465	9	3	50
uniq_294274	AM420197.1	0.918280	38	317	781	465	9	3	50
uniq_294330	EF510424.1	0.901075	46	332	796	465	9	3	50
uniq_294364	EU071472.1	0.961290	18	323	787	465	9	3	50
uniq_294401	AY349403.1	0.905376	44	328	792	465	9	3	50
uniq_294439	EF510424.1	0.929032	33	332	796	465	9	3	50
uniq_294461	AY349414.1	0.905376	44	317	780	465	9	3	50
uniq_294636	AY445131.1	0.886022	53	332	796	465	9	3	50
uniq_294713	DQ905554.1	0.965591	16	319	783	465	9	3	50
uniq_294747	DQ905554.1	0.903226	45	319	783	465	9	3	50
uniq_29486	AY093698.1	0.969892	14	305	769	465	9	3	50
uniq_295115	AY278611.1	0.866667	62	314	771	465	9	3	50
uniq_295799	EF510383.1	0.956989	20	321	785	465	9	3	50
uniq_296076	DQ905554.1	0.896774	48	319	783	465	9	3	50
uniq_296331	AY349403.1	0.935484	30	328	792	465	9	3	50
uniq_296380	EF512007.1	0.969892	14	313	777	465	9	3	50
uniq_296747	AF287800.1	0.931183	32	332	796	465	9	3	50
uniq_296850	EF510424.1	0.941935	27	332	796	465	9	3	50
uniq_296955	AF481222.1	0.873118	59	325	764	465	9	3	50
uniq_297267	AB071347.1	0.873118	59	319	783	465	9	3	50
uniq_297269	EF512007.1	0.827957	80	313	777	465	9	3	50
uniq_297382	AF287788.1	0.969892	14	336	800	465	9	3	50
uniq_297764	EF510383.1	0.862366	64	321	785	465	9	3	50
uniq_297779	EF510424.1	0.913978	40	332	796	465	9	3	50
uniq_297808	AF385566.1	0.918280	38	335	800	465	9	3	50
uniq_29812	AM277334.1	0.924731	35	323	787	465	9	3	50
uniq_298122	EF510383.1	0.916129	39	321	785	465	9	3	50
uniq_298392	EF510424.1	0.873118	59	332	796	465	9	3	50
uniq_298469	EF511070.1	0.976344	11	319	783	465	9	3	50
uniq_298487	AF432855.1	0.875269	58	327	791	465	9	3	50
uniq_298593	AY551997.1	0.959140	19	309	773	465	9	3	50
uniq_298845	AY349403.1	0.926882	34	328	792	465	9	3	50
uniq_298994	AY188347.1	0.881720	55	317	781	465	9	3	50
uniq_299000	EF510424.1	0.913978	40	332	796	465	9	3	50
uniq_299027	AY349403.1	0.886022	53	328	792	465	9	3	50
uniq_299103	AB018487.1	0.924731	35	319	784	465	9	3	50
uniq_299123	EF510424.1	0.954839	21	332	796	465	9	3	50
uniq_299245	DQ905554.1	0.941935	27	319	783	465	9	3	50
uniq_299269	AY369250.1	0.946237	25	317	781	465	9	3	50
uniq_299343	D16213.1	0.944086	26	305	769	465	9	3	50
uniq_299557	AF432855.1	0.972043	13	327	791	465	9	3	50
uniq_299959	AY349403.1	0.881720	55	328	792	465	9	3	50
uniq_300115	AY278618.1	0.909677	42	326	765	465	9	3	50
uniq_300159	EF510383.1	0.883871	54	321	785	465	9	3	50
uniq_30034	AY008309.1	0.868817	61	308	750	465	9	3	50
uniq_300381	AF003931.1	0.894624	49	327	791	465	9	3	50
uniq_300658	AY349403.1	0.929032	33	328	792	465	9	3	50
uniq_300666	AF481230.1	0.851613	69	319	783	465	9	3	50
uniq_300821	AY349403.1	0.901075	46	328	792	465	9	3	50
uniq_30096	EF511101.1	0.907527	43	313	777	465	9	3	50
uniq_300965	AF385519.1	0.864516	63	320	779	465	9	3	50
uniq_30097	AY526575.1	0.890323	51	302	766	465	9	3	50
uniq_300994	AF385503.1	0.954839	21	332	796	465	9	3	50
uniq_301063	EF510424.1	0.939785	28	332	796	465	9	3	50
uniq_301195	AY485605.1	0.888172	52	319	783	465	9	3	50
uniq_301324	AY485604.1	0.875269	58	319	783	465	9	3	50
uniq_301345	EF510424.1	0.933333	31	332	796	465	9	3	50
uniq_301450	EF510424.1	0.926882	34	332	796	465	9	3	50
uniq_301553	AB023575.1	0.969892	14	319	783	465	9	3	50
uniq_301800	EF510383.1	0.969892	14	321	785	465	9	3	50
uniq_301859	AY008309.1	0.890323	51	308	750	465	9	3	50
uniq_301964	AF287770.1	0.888172	52	325	763	465	9	3	50
uniq_302162	AY188347.1	0.959140	19	317	781	465	9	3	50
uniq_302405	AF385550.1	0.894624	49	317	781	465	9	3	50
uniq_30271	EF512007.1	0.847312	71	313	777	465	9	3	50
uniq_302738	AF385550.1	0.920430	37	317	781	465	9	3	50
uniq_303622	AF287761.1	0.894624	49	326	767	465	9	3	50
uniq_303685	DQ905554.1	0.956989	20	319	783	465	9	3	50
uniq_303706	AF432136.1	0.896774	48	319	783	465	9	3	50
uniq_303890	EU670056.1	0.864516	63	320	778	465	9	3	50
uniq_304005	EF510424.1	0.845161	72	332	796	465	9	3	50
uniq_304040	EF511070.1	0.967742	15	319	783	465	9	3	50
uniq_304138	AY349403.1	0.959140	19	328	792	465	9	3	50
uniq_304142	AF183404.1	0.845161	72	320	779	465	9	3	50
uniq_304270	AY349403.1	0.911828	41	328	792	465	9	3	50
uniq_304369	AY349407.1	0.963441	17	332	796	465	9	3	50
uniq_304464	AY349403.1	0.896774	48	328	792	465	9	3	50
uniq_30462	EF512007.1	0.959140	19	313	777	465	9	3	50
uniq_304680	AY278622.1	0.894624	49	335	800	465	9	3	50
uniq_305040	EF510424.1	0.881720	55	332	796	465	9	3	50
uniq_305250	AY349414.1	0.883871	54	317	780	465	9	3	50
uniq_305322	EF511070.1	0.937634	29	319	783	465	9	3	50
uniq_305484	DQ160208.1	0.898925	47	342	780	465	9	3	50
uniq_305515	AF385550.1	0.903226	45	317	781	465	9	3	50
uniq_305533	AF385551.1	0.855914	67	320	779	465	9	3	50
uniq_305559	EF512007.1	0.922581	36	313	777	465	9	3	50
uniq_305565	AF287761.1	0.849462	70	326	767	465	9	3	50
uniq_305688	AF543300.1	0.855914	67	311	753	465	9	3	50
uniq_305702	EU071472.1	0.892473	50	323	787	465	9	3	50
uniq_305935	DQ905554.1	0.935484	30	319	783	465	9	3	50
uniq_305984	EF511101.1	0.980645	9	313	777	465	9	3	50
uniq_306011	AY485605.1	0.894624	49	319	783	465	9	3	50
uniq_306050	EF510424.1	0.956989	20	332	796	465	9	3	50
uniq_306450	AY485603.1	0.963441	17	317	781	465	9	3	50
uniq_306476	AY445131.1	0.896774	48	332	796	465	9	3	50
uniq_306479	AY445131.1	0.926882	34	332	796	465	9	3	50
uniq_306656	AF292371.1	0.892473	50	311	754	465	9	3	50
uniq_306931	AY188347.1	0.875269	58	317	781	465	9	3	50
uniq_306963	AY349403.1	0.933333	31	328	792	465	9	3	50
uniq_306991	EF510424.1	0.965591	16	332	796	465	9	3	50
uniq_307376	AY349403.1	0.911828	41	328	792	465	9	3	50
uniq_30760	EF511101.1	0.898925	47	313	777	465	9	3	50
uniq_307785	AY278618.1	0.873118	59	326	765	465	9	3	50
uniq_307847	AB098612.1	0.916129	39	313	777	465	9	3	50
uniq_307903	AY349403.1	0.939785	28	328	792	465	9	3	50
uniq_30812	AJ009452.1	0.967742	15	309	773	465	9	3	50
uniq_308276	AF385576.1	0.918280	38	328	792	465	9	3	50
uniq_308317	AF385519.1	0.866667	62	320	779	465	9	3	50
uniq_308450	EF510424.1	0.909677	42	332	796	465	9	3	50
uniq_308653	DQ905554.1	0.851613	69	319	783	465	9	3	50
uniq_308913	EF510383.1	0.959140	19	321	785	465	9	3	50
uniq_308956	AF385566.1	0.920430	37	335	800	465	9	3	50
uniq_309064	AY349403.1	0.952688	22	328	792	465	9	3	50
uniq_309241	AF432855.1	0.883871	54	327	791	465	9	3	50
uniq_30929	AJ290758.1	0.926882	34	313	777	465	9	3	50
uniq_309353	AY349381.1	0.961290	18	311	775	465	9	3	50
uniq_309541	EF510424.1	0.948387	24	332	796	465	9	3	50
uniq_309632	EF512007.1	0.933333	31	313	777	465	9	3	50
uniq_309695	EF510424.1	0.937634	29	332	796	465	9	3	50
uniq_309696	AY445131.1	0.896774	48	332	796	465	9	3	50
uniq_309729	EF510424.1	0.969892	14	332	796	465	9	3	50
uniq_309923	AJ290758.1	0.967742	15	313	777	465	9	3	50
uniq_310007	AB098612.1	0.961290	18	313	777	465	9	3	50
uniq_310017	AF003931.1	0.909677	42	327	791	465	9	3	50
uniq_310157	AB108826.1	0.879570	56	318	777	465	9	3	50
uniq_310182	AF287777.1	0.879570	56	326	765	465	9	3	50
uniq_310200	EF510383.1	0.896774	48	321	785	465	9	3	50
uniq_310203	AF481209.1	0.965591	16	335	799	465	9	3	50
uniq_310489	AY485605.1	0.881720	55	319	783	465	9	3	50
uniq_310624	AY005025.1	0.954839	21	313	777	465	9	3	50
uniq_311065	EU071472.1	0.972043	13	323	787	465	9	3	50
uniq_311332	AY958874.1	0.886022	53	334	797	465	9	3	50
uniq_31139	EF512007.1	0.939785	28	313	777	465	9	3	50
uniq_31141	AY345539.1	0.963441	17	321	785	465	9	3	50
uniq_311997	AF204244.1	0.972043	13	307	771	465	9	3	50
uniq_312119	EF510424.1	0.845161	72	332	796	465	9	3	50
uniq_312165	AJ009452.1	0.950538	23	309	773	465	9	3	50
uniq_312231	EF512007.1	0.956989	20	313	777	465	9	3	50
uniq_312235	AF385510.1	0.894624	49	326	765	465	9	3	50
uniq_312361	EF511101.1	0.941935	27	313	777	465	9	3	50
uniq_312518	EF510424.1	0.969892	14	332	795	465	9	3	50
uniq_312528	AF385521.1	0.881720	55	314	771	465	9	3	50
uniq_31274	AY008310.1	0.855914	67	318	777	465	9	3	50
uniq_312765	EF512007.1	0.866667	62	313	777	465	9	3	50
uniq_312987	AM697440.1	0.881720	55	322	787	465	9	3	50
uniq_313071	EF510424.1	0.946237	25	332	796	465	9	3	50
uniq_313163	AY485603.1	0.875269	58	317	781	465	9	3	50
uniq_313195	EF512007.1	0.862366	64	313	777	465	9	3	50
uniq_313944	AF385519.1	0.855914	67	320	779	465	9	3	50
uniq_314040	EF511101.1	0.954839	21	313	777	465	9	3	50
uniq_31423	AB098612.1	0.948387	24	313	777	465	9	3	50
uniq_314282	AF366273.1	0.883871	54	330	794	465	9	3	50
uniq_314454	AY134901.1	0.894624	49	327	791	465	9	3	50
uniq_314839	AM084109.1	0.926882	34	305	769	465	9	3	50
uniq_315222	AY044915.1	0.926882	34	314	772	465	9	3	50
uniq_315318	AF385510.1	0.892473	50	326	765	465	9	3	50
uniq_315738	AF328148.1	0.935484	30	315	779	465	9	3	50
uniq_315769	EF510424.1	0.944086	26	332	796	465	9	3	50
uniq_315870	AF481230.1	0.870968	60	319	783	465	9	3	50
uniq_315912	AF287761.1	0.879570	56	326	767	465	9	3	50
uniq_316343	AF538746.1	0.886022	53	283	722	465	9	3	50
uniq_316617	AY349381.1	0.946237	25	311	775	465	9	3	50
uniq_316685	AM277334.1	0.901075	46	323	787	465	9	3	50
uniq_316935	EF510424.1	0.875269	58	332	796	465	9	3	50
uniq_317100	DQ905554.1	0.868817	61	319	783	465	9	3	50
uniq_317234	EF512007.1	0.954839	21	313	777	465	9	3	50
uniq_317298	AF385510.1	0.879570	56	326	765	465	9	3	50
uniq_317360	EF512007.1	0.965591	16	313	777	465	9	3	50
uniq_317381	AF287800.1	0.944086	26	332	796	465	9	3	50
uniq_317531	AJ290758.1	0.974194	12	313	777	465	9	3	50
uniq_31754	X67609.1	0.892473	50	308	767	465	9	3	50
uniq_317746	AF287800.1	0.959140	19	332	796	465	9	3	50
uniq_317787	EF510424.1	0.944086	26	332	796	465	9	3	50
uniq_317834	AF385510.1	0.883871	54	326	765	465	9	3	50
uniq_317839	AY485605.1	0.952688	22	319	783	465	9	3	50
uniq_318036	EF510424.1	0.916129	39	332	796	465	9	3	50
uniq_318399	EF512007.1	0.952688	22	313	777	465	9	3	50
uniq_31840	EF512007.1	0.929032	33	313	777	465	9	3	50
uniq_318515	EF512007.1	0.948387	24	313	777	465	9	3	50
uniq_318714	EF512007.1	0.864516	63	313	777	465	9	3	50
uniq_318872	AY005025.1	0.948387	24	313	777	465	9	3	50
uniq_318910	EF510424.1	0.860215	65	332	796	465	9	3	50
uniq_318928	AF385519.1	0.886022	53	320	779	465	9	3	50
uniq_319080	EF512007.1	0.888172	52	313	777	465	9	3	50
uniq_319141	EF510383.1	0.941935	27	321	785	465	9	3	50
uniq_319277	AF287793.1	0.929032	33	323	787	465	9	3	50
uniq_319546	AF543289.1	0.967742	15	317	781	465	9	3	50
uniq_319769	AY188347.1	0.967742	15	317	781	465	9	3	50
uniq_319808	EF511101.1	0.944086	26	313	777	465	9	3	50
uniq_319924	Y13364.1	0.954839	21	323	787	465	9	3	50
uniq_320056	X77215.1	0.944086	26	309	773	465	9	3	50
uniq_320595	AF366271.1	0.864516	63	318	777	465	9	3	50
uniq_320802	AY485605.1	0.879570	56	319	783	465	9	3	50
uniq_320811	EF512007.1	0.881720	55	313	777	465	9	3	50
uniq_320835	AM420148.1	0.944086	26	327	791	465	9	3	50
uniq_321088	EF512007.1	0.969892	14	313	777	465	9	3	50
uniq_32122	AB240249.1	0.974194	12	308	772	465	9	3	50
uniq_321311	AB098612.1	0.982796	8	313	777	465	9	3	50
uniq_321371	AF385566.1	0.948387	24	335	800	465	9	3	50
uniq_321402	AF385519.1	0.862366	64	320	779	465	9	3	50
uniq_321937	AJ290758.1	0.933333	31	313	777	465	9	3	50
uniq_322401	AF224306.1	0.961290	18	312	776	465	9	3	50
uniq_322607	DQ905554.1	0.903226	45	319	783	465	9	3	50
uniq_323002	EF512007.1	0.969892	14	313	777	465	9	3	50
uniq_32309	AY526575.1	0.916129	39	302	766	465	9	3	50
uniq_32328	EF511101.1	0.969892	14	313	777	465	9	3	50
uniq_323724	EF510424.1	0.941935	27	332	796	465	9	3	50
uniq_323831	AF432855.1	0.944086	26	327	791	465	9	3	50
uniq_323925	AF432855.1	0.892473	50	327	791	465	9	3	50
uniq_324164	AF385519.1	0.851613	69	320	779	465	9	3	50
uniq_324196	AY093698.1	0.965591	16	305	769	465	9	3	50
uniq_324310	Y09434.1	0.920430	37	324	787	465	9	3	50
uniq_324348	EU670056.1	0.881720	55	320	779	465	9	3	50
uniq_324455	EF510424.1	0.939785	28	332	796	465	9	3	50
uniq_324728	AM184270.1	0.881720	55	307	772	465	9	3	50
uniq_325243	AB087265.1	0.935484	30	313	777	465	9	3	50
uniq_325263	AY349403.1	0.883871	54	328	792	465	9	3	50
uniq_325353	AY485605.1	0.890323	51	319	783	465	9	3	50
uniq_325416	EF510424.1	0.956989	20	332	796	465	9	3	50
uniq_325592	EF511070.1	0.965591	16	319	783	465	9	3	50
uniq_325921	AF287780.1	0.956989	20	331	794	465	9	3	50
uniq_326361	AY485605.1	0.877419	57	319	783	465	9	3	50
uniq_326565	AB098612.1	0.963441	17	313	777	465	9	3	50
uniq_326626	EF510424.1	0.843011	73	332	796	465	9	3	50
uniq_326638	DQ905554.1	0.879570	56	319	783	465	9	3	50
uniq_326804	EF510424.1	0.883871	54	332	796	465	9	3	50
uniq_32692	EF512007.1	0.961290	18	313	777	465	9	3	50
uniq_327003	AB088987.1	0.870968	60	326	767	465	9	3	50
uniq_327102	AB002523.1	0.905376	44	319	783	465	9	3	50
uniq_327340	EF512007.1	0.935484	30	313	777	465	9	3	50
uniq_327648	AB098612.1	0.873118	59	313	777	465	9	3	50
uniq_327678	AF224306.1	0.924731	35	312	776	465	9	3	50
uniq_327801	AF224306.1	0.967742	15	312	776	465	9	3	50
uniq_328167	EF510424.1	0.954839	21	332	796	465	9	3	50
uniq_328312	DQ905554.1	0.967742	15	319	783	465	9	3	50
uniq_328358	EF510424.1	0.926882	34	332	796	465	9	3	50
uniq_328385	AY188347.1	0.890323	51	317	781	465	9	3	50
uniq_328681	EF510383.1	0.939785	28	321	785	465	9	3	50
uniq_328801	DQ905554.1	0.909677	42	319	783	465	9	3	50
uniq_32897	EF512007.1	0.959140	19	313	777	465	9	3	50
uniq_329119	EF511101.1	0.982796	8	313	777	465	9	3	50
uniq_329129	AM697133.1	0.909677	42	322	787	465	9	3	50
uniq_329130	AF385566.1	0.886022	53	335	800	465	9	3	50
uniq_329168	EF510383.1	0.875269	58	321	785	465	9	3	50
uniq_329344	EF511101.1	0.924731	35	313	777	465	9	3	50
uniq_329349	AF385563.1	0.886022	53	318	760	465	9	3	50
uniq_329468	EF510424.1	0.939785	28	332	796	465	9	3	50
uniq_32953	AJ290755.1	0.909677	42	315	779	465	9	3	50
uniq_329776	Y13364.1	0.967742	15	323	787	465	9	3	50
uniq_329824	EF512007.1	0.937634	29	313	777	465	9	3	50
uniq_32997	EF512007.1	0.972043	13	313	777	465	9	3	50
uniq_330865	AF101240.1	0.875269	58	312	752	465	9	3	50
uniq_330891	AY485604.1	0.888172	52	319	783	465	9	3	50
uniq_331149	AF432855.1	0.965591	16	327	791	465	9	3	50
uniq_331195	DQ905554.1	0.886022	53	319	783	465	9	3	50
uniq_331291	AY008310.1	0.883871	54	318	777	465	9	3	50
uniq_331456	AJ290754.1	0.860215	65	313	777	465	9	3	50
uniq_331465	AY277938.1	0.984946	7	327	791	465	9	3	50
uniq_331597	AF224299.1	0.933333	31	313	777	465	9	3	50
uniq_331600	AB098612.1	0.967742	15	313	777	465	9	3	50
uniq_331602	AJ290758.1	0.961290	18	313	777	465	9	3	50
uniq_331608	EF512007.1	0.924731	35	313	777	465	9	3	50
uniq_331659	EF510424.1	0.952688	22	332	796	465	9	3	50
uniq_331671	AF287793.1	0.879570	56	323	787	465	9	3	50
uniq_331707	EF510424.1	0.888172	52	332	796	465	9	3	50
uniq_331725	AY277938.1	0.868817	61	327	791	465	9	3	50
uniq_331834	AY277938.1	0.972043	13	327	791	465	9	3	50
uniq_331847	AF385550.1	0.972043	13	317	781	465	9	3	50
uniq_331863	AM696931.1	0.883871	54	322	786	465	9	3	50
uniq_331885	DQ905554.1	0.937634	29	319	783	465	9	3	50
uniq_331890	AF385550.1	0.883871	54	317	781	465	9	3	50
uniq_331892	AY485603.1	0.901075	46	317	781	465	9	3	50
uniq_331965	AY277938.1	0.875269	58	327	791	465	9	3	50
uniq_332044	EU071472.1	0.920430	37	323	787	465	9	3	50
uniq_332065	AJ550663.1	0.916129	39	309	772	465	9	3	50
uniq_332090	EF511101.1	0.969892	14	313	777	465	9	3	50
uniq_332120	AY445131.1	0.920430	37	332	796	465	9	3	50
uniq_332140	AY445131.1	0.913978	40	332	796	465	9	3	50
uniq_332143	EF511101.1	0.974194	12	313	777	465	9	3	50
uniq_332160	AY277938.1	0.864516	63	327	791	465	9	3	50
uniq_332168	EF512007.1	0.896774	48	313	777	465	9	3	50
uniq_332179	AF287793.1	0.924731	35	323	787	465	9	3	50
uniq_332198	EF510424.1	0.954839	21	332	796	465	9	3	50
uniq_332316	AB098612.1	0.974194	12	313	777	465	9	3	50
uniq_332320	AY044915.1	0.941935	27	314	772	465	9	3	50
uniq_332367	AY188347.1	0.892473	50	317	781	465	9	3	50
uniq_332377	Y13364.1	0.948387	24	323	787	465	9	3	50
uniq_332494	EF511070.1	0.965591	16	319	783	465	9	3	50
uniq_332661	AY533382.1	0.894624	49	348	789	465	9	3	50
uniq_332676	D14503.1	0.901075	46	279	718	465	9	3	50
uniq_332693	AY277938.1	0.913978	40	327	791	465	9	3	50
uniq_332694	EF512007.1	0.967742	15	313	777	465	9	3	50
uniq_332719	AF385577.1	0.868817	61	329	768	465	9	3	50
uniq_332876	AF543289.1	0.972043	13	317	781	465	9	3	50
uniq_332890	AF432138.1	0.866667	62	308	750	465	9	3	50
uniq_333077	AM277334.1	0.933333	31	323	787	465	9	3	50
uniq_333093	EF510424.1	0.929032	33	332	796	465	9	3	50
uniq_333097	EF512007.1	0.935484	30	313	777	465	9	3	50
uniq_333117	AY005024.1	0.918280	38	313	777	465	9	3	50
uniq_333133	AM696931.1	0.883871	54	322	786	465	9	3	50
uniq_333182	AM419984.1	0.879570	56	309	749	465	9	3	50
uniq_33319	AJ290754.1	0.967742	15	313	777	465	9	3	50
uniq_333218	EF512007.1	0.961290	18	313	777	465	9	3	50
uniq_333250	AY277938.1	0.935484	30	327	791	465	9	3	50
uniq_333286	Z30542.1	0.881720	55	279	718	465	9	3	50
uniq_333379	EF510424.1	0.926882	34	332	796	465	9	3	50
uniq_333391	EF512007.1	0.888172	52	313	777	465	9	3	50
uniq_333398	EU071472.1	0.830108	79	323	787	465	9	3	50
uniq_333403	EF510383.1	0.894624	49	321	785	465	9	3	50
uniq_333447	EF510383.1	0.933333	31	321	785	465	9	3	50
uniq_333464	DQ905554.1	0.961290	18	319	783	465	9	3	50
uniq_333480	EF510383.1	0.948387	24	321	785	465	9	3	50
uniq_333494	EF511101.1	0.937634	29	313	777	465	9	3	50
uniq_333515	EF512007.1	0.901075	46	313	777	465	9	3	50
uniq_333590	EF510424.1	0.883871	54	332	796	465	9	3	50
uniq_333664	AF385492.1	0.929032	33	328	792	465	9	3	50
uniq_333688	AY485603.1	0.911828	41	317	781	465	9	3	50
uniq_333732	AB098612.1	0.866667	62	313	777	465	9	3	50
uniq_333768	DQ905554.1	0.972043	13	319	783	465	9	3	50
uniq_333848	AY277938.1	0.892473	50	327	791	465	9	3	50
uniq_334050	AY277938.1	0.956989	20	327	791	465	9	3	50
uniq_334057	EF511101.1	0.944086	26	313	777	465	9	3	50
uniq_334074	D14506.1	0.905376	44	279	718	465	9	3	50
uniq_334075	AF385566.1	0.907527	43	335	800	465	9	3	50
uniq_334154	AF385495.1	0.931183	32	328	792	465	9	3	50
uniq_334190	EF510424.1	0.858065	66	332	796	465	9	3	50
uniq_33429	EF511101.1	0.961290	18	313	777	465	9	3	50
uniq_334464	EF511101.1	0.913978	40	313	777	465	9	3	50
uniq_334543	EF510383.1	0.935484	30	321	785	465	9	3	50
uniq_334573	AF003931.1	0.879570	56	327	791	465	9	3	50
uniq_334679	EF510424.1	0.954839	21	332	796	465	9	3	50
uniq_334696	AF003931.1	0.978495	10	327	791	465	9	3	50
uniq_334844	D14506.1	0.907527	43	279	718	465	9	3	50
uniq_334864	AY230771.1	0.875269	58	325	764	465	9	3	50
uniq_334886	AF432136.1	0.967742	15	319	783	465	9	3	50
uniq_334922	AF385569.1	0.868817	61	302	761	465	9	3	50
uniq_335018	AY277938.1	0.969892	14	327	791	465	9	3	50
uniq_335084	D14503.1	0.890323	51	279	718	465	9	3	50
uniq_335173	AY277938.1	0.961290	18	327	791	465	9	3	50
uniq_335201	AB108825.1	0.808602	89	318	777	465	9	3	50
uniq_335289	AF224306.1	0.911828	41	312	776	465	9	3	50
uniq_335413	AB098612.1	0.972043	13	313	777	465	9	3	50
uniq_335475	EF510424.1	0.929032	33	332	796	465	9	3	50
uniq_335487	EF510383.1	0.954839	21	321	785	465	9	3	50
uniq_335562	EF512007.1	0.967742	15	313	777	465	9	3	50
uniq_335767	EF511070.1	0.931183	32	319	783	465	9	3	50
uniq_335812	EU071472.1	0.911828	41	323	788	465	9	3	50
uniq_335868	AY485603.1	0.886022	53	317	781	465	9	3	50
uniq_336020	AY005026.1	0.967742	15	313	777	465	9	3	50
uniq_336187	EF510424.1	0.937634	29	332	796	465	9	3	50
uniq_336232	AF385519.1	0.877419	57	320	779	465	9	3	50
uniq_336246	AY445131.1	0.892473	50	332	796	465	9	3	50
uniq_336309	EF510383.1	0.954839	21	321	785	465	9	3	50
uniq_336395	AY005025.1	0.931183	32	313	777	465	9	3	50
uniq_336406	AY277938.1	0.937634	29	327	791	465	9	3	50
uniq_336533	AY277938.1	0.956989	20	327	791	465	9	3	50
uniq_336534	AY277938.1	0.969892	14	327	791	465	9	3	50
uniq_336570	AY005025.1	0.969892	14	313	777	465	9	3	50
uniq_336643	AF302940.1	0.873118	59	315	779	465	9	3	50
uniq_336706	AY005033.1	0.898925	47	313	777	465	9	3	50
uniq_336752	AY622262.1	0.963441	17	305	769	465	9	3	50
uniq_336798	AM696931.1	0.888172	52	322	786	465	9	3	50
uniq_336843	AF432136.1	0.948387	24	319	783	465	9	3	50
uniq_336845	AF009501.1	0.886022	53	327	791	465	9	3	50
uniq_336847	EF510424.1	0.894624	49	332	796	465	9	3	50
uniq_336859	EF510424.1	0.952688	22	332	796	465	9	3	50
uniq_336906	AF432855.1	0.892473	50	327	791	465	9	3	50
uniq_336916	EF510383.1	0.845161	72	321	785	465	9	3	50
uniq_336932	D14503.1	0.911828	41	279	718	465	9	3	50
uniq_336971	AF206305.1	0.881720	55	307	749	465	9	3	50
uniq_337082	EF512007.1	0.834409	77	313	777	465	9	3	50
uniq_337083	AF009501.1	0.898925	47	327	791	465	9	3	50
uniq_337224	AJ550662.1	0.954839	21	309	772	465	9	3	50
uniq_337451	EF510424.1	0.952688	22	332	796	465	9	3	50
uniq_337501	Z30542.1	0.898925	47	279	718	465	9	3	50
uniq_337544	AY277938.1	0.976344	11	327	791	465	9	3	50
uniq_337633	AY277938.1	0.933333	31	327	791	465	9	3	50
uniq_337635	AY485605.1	0.873118	59	319	783	465	9	3	50
uniq_337693	EF510424.1	0.890323	51	332	796	465	9	3	50
uniq_337845	AF224306.1	0.948387	24	312	776	465	9	3	50
uniq_337875	AF432855.1	0.888172	52	327	791	465	9	3	50
uniq_337912	AF385577.1	0.886022	53	329	768	465	9	3	50
uniq_338314	AB023575.1	0.858065	66	319	783	465	9	3	50
uniq_338339	AB098612.1	0.864516	63	313	777	465	9	3	50
uniq_338360	EF511101.1	0.935484	30	313	777	465	9	3	50
uniq_338467	EF511870.1	0.952688	22	313	777	465	9	3	50
uniq_338527	EU670056.1	0.879570	56	320	779	465	9	3	50
uniq_338556	AJ290754.1	0.866667	62	313	777	465	9	3	50
uniq_338625	D14503.1	0.879570	56	279	718	465	9	3	50
uniq_338627	AF468404.1	0.903226	45	305	769	465	9	3	50
uniq_338802	AF385519.1	0.847312	71	320	779	465	9	3	50
uniq_338834	D14503.1	0.868817	61	278	718	465	9	3	50
uniq_338963	EF510424.1	0.903226	45	332	796	465	9	3	50
uniq_338989	EF512007.1	0.890323	51	313	777	465	9	3	50
uniq_338992	AF224306.1	0.959140	19	312	776	465	9	3	50
uniq_339059	AY349380.1	0.918280	38	313	777	465	9	3	50
uniq_339137	AF009501.1	0.948387	24	327	791	465	9	3	50
uniq_339173	EF510424.1	0.892473	50	332	796	465	9	3	50
uniq_339281	AY005033.1	0.881720	55	313	777	465	9	3	50
uniq_339288	EF511101.1	0.965591	16	313	775	465	9	3	50
uniq_339504	EF510383.1	0.892473	50	321	785	465	9	3	50
uniq_339542	AY277938.1	0.888172	52	327	791	465	9	3	50
uniq_339655	EF510424.1	0.918280	38	332	796	465	9	3	50
uniq_339679	D14503.1	0.911828	41	279	718	465	9	3	50
uniq_339734	AM697440.1	0.905376	44	322	787	465	9	3	50
uniq_33974	AY188347.1	0.868817	61	317	781	465	9	3	50
uniq_339946	AF224306.1	0.920430	37	312	776	465	9	3	50
uniq_340149	AF481222.1	0.892473	50	325	764	465	9	3	50
uniq_340312	AF328148.1	0.913978	40	315	779	465	9	3	50
uniq_340335	EF512007.1	0.879570	56	313	777	465	9	3	50
uniq_340374	EU071472.1	0.969892	14	323	787	465	9	3	50
uniq_340462	AY485603.1	0.864516	63	317	781	465	9	3	50
uniq_340463	EF512007.1	0.937634	29	313	777	465	9	3	50
uniq_34051	EF512007.1	0.963441	17	313	777	465	9	3	50
uniq_340555	AY551997.1	0.922581	36	309	773	465	9	3	50
uniq_340629	EF510424.1	0.918280	38	332	796	465	9	3	50
uniq_340778	AF287800.1	0.944086	26	332	796	465	9	3	50
uniq_340815	AY661993.1	0.866667	62	307	771	465	9	3	50
uniq_340827	AF432138.1	0.881720	55	308	750	465	9	3	50
uniq_340996	AF385561.1	0.881720	55	318	777	465	9	3	50
uniq_341052	AY445131.1	0.879570	56	332	796	465	9	3	50
uniq_341068	AF224299.1	0.950538	23	313	777	465	9	3	50
uniq_341103	AF009501.1	0.972043	13	327	791	465	9	3	50
uniq_341104	AF224299.1	0.969892	14	313	777	465	9	3	50
uniq_341143	AY050170.1	0.903226	45	304	767	465	9	3	50
uniq_341275	AY212697.1	0.933333	31	309	773	465	9	3	50
uniq_341279	AF287770.1	0.877419	57	325	763	465	9	3	50
uniq_341341	AF385497.1	0.974194	12	324	788	465	9	3	50
uniq_34143	AY526575.1	0.931183	32	302	766	465	9	3	50
uniq_341672	AF056338.1	0.954839	21	319	783	465	9	3	50
uniq_341743	D45057.1	0.911828	41	311	755	465	9	3	50
uniq_341752	AF385569.1	0.896774	48	302	761	465	9	3	50
uniq_341830	AF224306.1	0.974194	12	312	776	465	9	3	50
uniq_341832	X89377.1	0.907527	43	316	780	465	9	3	50
uniq_341922	AY005030.1	0.965591	16	307	771	465	9	3	50
uniq_341944	EF510424.1	0.952688	22	332	796	465	9	3	50
uniq_341973	AY958874.1	0.913978	40	334	797	465	9	3	50
uniq_342055	AJ290758.1	0.939785	28	313	777	465	9	3	50
uniq_342142	AF016390.1	0.948387	24	321	785	465	9	3	50
uniq_342199	DQ905554.1	0.888172	52	319	783	465	9	3	50
uniq_342236	AF432855.1	0.965591	16	327	791	465	9	3	50
uniq_342284	EF510424.1	0.913978	40	332	796	465	9	3	50
uniq_342302	AY277938.1	0.911828	41	327	791	465	9	3	50
uniq_342321	EF511070.1	0.909677	42	319	783	465	9	3	50
uniq_34236	EF511101.1	0.858065	66	313	777	465	9	3	50
uniq_342422	EF510424.1	0.920430	37	332	796	465	9	3	50
uniq_342537	AY485603.1	0.905376	44	317	781	465	9	3	50
uniq_342639	EF511101.1	0.909677	42	313	777	465	9	3	50
uniq_342666	AB098612.1	0.905376	44	313	777	465	9	3	50
uniq_342734	AY207050.1	0.851613	69	320	779	465	9	3	50
uniq_342783	AY008691.1	0.862366	64	317	775	465	9	3	50
uniq_342847	D14503.1	0.888172	52	279	718	465	9	3	50
uniq_342865	D14503.1	0.890323	51	279	718	465	9	3	50
uniq_342911	EF512007.1	0.948387	24	313	777	465	9	3	50
uniq_342920	DQ905554.1	0.931183	32	319	783	465	9	3	50
uniq_343001	EF510424.1	0.868817	61	332	796	465	9	3	50
uniq_343030	EU071472.1	0.950538	23	323	787	465	9	3	50
uniq_343044	EF510424.1	0.935484	30	332	796	465	9	3	50
uniq_343194	EF512007.1	0.898925	47	313	777	465	9	3	50
uniq_343349	EF510424.1	0.976344	11	332	796	465	9	3	50
uniq_343365	AF061350.1	0.965591	16	319	783	465	9	3	50
uniq_343407	EF510424.1	0.870968	60	332	796	465	9	3	50
uniq_343448	AY485605.1	0.978495	10	319	783	465	9	3	50
uniq_343472	EF510424.1	0.911828	41	332	796	465	9	3	50
uniq_343591	DQ905554.1	0.965591	16	319	783	465	9	3	50
uniq_343610	EF512007.1	0.870968	60	313	777	465	9	3	50
uniq_343729	AF543289.1	0.894624	49	317	781	465	9	3	50
uniq_343823	EU670056.1	0.840860	74	320	779	465	9	3	50
uniq_343867	AB098612.1	0.924731	35	313	777	465	9	3	50
uniq_343926	EF512007.1	0.967742	15	313	777	465	9	3	50
uniq_343939	AJ290758.1	0.969892	14	313	777	465	9	3	50
uniq_343946	DQ905554.1	0.873118	59	319	783	465	9	3	50
uniq_343949	AY277938.1	0.946237	25	327	791	465	9	3	50
uniq_343984	AY349380.1	0.959140	19	313	777	465	9	3	50
uniq_344189	AY212760.1	0.855914	67	316	755	465	9	3	50
uniq_34421	EF510383.1	0.959140	19	321	785	465	9	3	50
uniq_344220	EF510424.1	0.935484	30	332	796	465	9	3	50
uniq_344391	AY005025.1	0.894624	49	313	777	465	9	3	50
uniq_34448	AF385510.1	0.894624	49	326	765	465	9	3	50
uniq_344561	AF432855.1	0.978495	10	327	791	465	9	3	50
uniq_344613	AM697133.1	0.909677	42	322	787	465	9	3	50
uniq_344647	AB098612.1	0.931183	32	313	777	465	9	3	50
uniq_344660	AY005033.1	0.860215	65	313	777	465	9	3	50
uniq_344729	EU071472.1	0.950538	23	323	787	465	9	3	50
uniq_344790	AM697389.1	0.903226	45	307	749	465	9	3	50
uniq_344929	AM419984.1	0.883871	54	309	749	465	9	3	50
uniq_345059	AY349403.1	0.892473	50	328	792	465	9	3	50
uniq_345212	AY134896.1	0.898925	47	308	750	465	9	3	50
uniq_345273	AB098612.1	0.974194	12	313	777	465	9	3	50
uniq_345279	EU071472.1	0.961290	18	323	787	465	9	3	50
uniq_345419	EF511101.1	0.946237	25	313	777	465	9	3	50
uniq_345436	AY341820.1	0.920430	37	324	788	465	9	3	50
uniq_34561	AF385550.1	0.862366	64	317	781	465	9	3	50
uniq_345628	EF510383.1	0.918280	38	321	785	465	9	3	50
uniq_345757	AF385561.1	0.873118	59	318	777	465	9	3	50
uniq_345759	EF510424.1	0.916129	39	332	796	465	9	3	50
uniq_345821	AY958874.1	0.929032	33	334	797	465	9	3	50
uniq_345860	AY207063.1	0.956989	20	325	789	465	9	3	50
uniq_346110	EF510424.1	0.870968	60	332	796	465	9	3	50
uniq_346163	EF510383.1	0.855914	67	321	785	465	9	3	50
uniq_34620	EF510424.1	0.959140	19	332	796	465	9	3	50
uniq_346281	AM420148.1	0.967742	15	327	791	465	9	3	50
uniq_346319	AY445131.1	0.909677	42	332	796	465	9	3	50
uniq_346364	AY207050.1	0.875269	58	320	779	465	9	3	50
uniq_346432	EF511101.1	0.879570	56	313	777	465	9	3	50
uniq_346438	EF510424.1	0.855914	67	332	796	465	9	3	50
uniq_346443	EF511101.1	0.896774	48	313	777	465	9	3	50
uniq_346493	EU071472.1	0.944086	26	323	787	465	9	3	50
uniq_346589	AY485605.1	0.858065	66	319	783	465	9	3	50
uniq_346742	Y13364.1	0.933333	31	323	787	465	9	3	50
uniq_346765	AY278622.1	0.941935	27	335	800	465	9	3	50
uniq_346896	AB076677.1	0.858065	66	310	750	465	9	3	50
uniq_347071	D14506.1	0.894624	49	279	718	465	9	3	50
uniq_347128	AF481230.1	0.911828	41	319	783	465	9	3	50
uniq_34717	EF511870.1	0.918280	38	313	777	465	9	3	50
uniq_347259	AY188347.1	0.939785	28	317	781	465	9	3	50
uniq_347308	EF510424.1	0.858065	66	332	796	465	9	3	50
uniq_347316	AF385551.1	0.870968	60	320	779	465	9	3	50
uniq_347353	AM277334.1	0.939785	28	323	787	465	9	3	50
uniq_347487	DQ905554.1	0.941935	27	319	783	465	9	3	50
uniq_347721	AB002523.1	0.888172	52	319	783	465	9	3	50
uniq_347835	AY188347.1	0.922581	36	317	781	465	9	3	50
uniq_347927	AF385564.1	0.860215	65	320	779	465	9	3	50
uniq_347945	EF512007.1	0.864516	63	313	777	465	9	3	50
uniq_347981	AY005025.1	0.898925	47	313	777	465	9	3	50
uniq_347987	AF385569.1	0.901075	46	302	761	465	9	3	50
uniq_348043	AY277938.1	0.922581	36	327	791	465	9	3	50
uniq_348051	EF512007.1	0.976344	11	313	777	465	9	3	50
uniq_348202	AF385561.1	0.907527	43	318	777	465	9	3	50
uniq_348209	D14506.1	0.879570	56	279	718	465	9	3	50
uniq_348251	AF385519.1	0.847312	71	320	779	465	9	3	50
uniq_348258	EF512007.1	0.920430	37	313	777	465	9	3	50
uniq_348261	EF511101.1	0.978495	10	313	776	465	9	3	50
uniq_348602	EF510383.1	0.929032	33	321	785	465	9	3	50
uniq_348702	AY277938.1	0.961290	18	327	791	465	9	3	50
uniq_348713	EF510424.1	0.935484	30	332	796	465	9	3	50
uniq_349056	EF510424.1	0.956989	20	332	796	465	9	3	50
uniq_349164	AY277938.1	0.978495	10	327	791	465	9	3	50
uniq_349218	EF512007.1	0.877419	57	313	777	465	9	3	50
uniq_349251	AJ244722.1	0.941935	27	314	778	465	9	3	50
uniq_349289	EF510383.1	0.892473	50	321	785	465	9	3	50
uniq_349304	AJ421528.1	0.926882	34	309	773	465	9	3	50
uniq_349306	EF512007.1	0.944086	26	313	777	465	9	3	50
uniq_349326	EF101551.1	0.967742	15	309	773	465	9	3	50
uniq_349329	AJ290758.1	0.918280	38	313	777	465	9	3	50
uniq_349330	EF101551.1	0.911828	41	309	773	465	9	3	50
uniq_349334	AY005025.1	0.937634	29	313	777	465	9	3	50
uniq_349335	AB108826.1	0.877419	57	318	777	465	9	3	50
uniq_349355	EF101551.1	0.950538	23	309	773	465	9	3	50
uniq_349359	EF511101.1	0.931183	32	313	777	465	9	3	50
uniq_349383	AY008691.1	0.888172	52	317	776	465	9	3	50
uniq_349389	EF101551.1	0.931183	32	309	773	465	9	3	50
uniq_349396	EF101551.1	0.965591	16	309	773	465	9	3	50
uniq_349426	AF224306.1	0.913978	40	312	776	465	9	3	50
uniq_349432	AJ244722.1	0.918280	38	314	778	465	9	3	50
uniq_349471	EF510424.1	0.929032	33	332	796	465	9	3	50
uniq_349482	AY008314.1	0.875269	58	319	780	465	9	3	50
uniq_349487	EF101551.1	0.918280	38	309	773	465	9	3	50
uniq_349514	AY005025.1	0.933333	31	313	777	465	9	3	50
uniq_349564	AY005025.1	0.931183	32	313	777	465	9	3	50
uniq_349575	AY278622.1	0.890323	51	335	800	465	9	3	50
uniq_349578	EF101551.1	0.924731	35	309	773	465	9	3	50
uniq_349590	AY689031.1	0.898925	47	313	777	465	9	3	50
uniq_349609	EF101551.1	0.948387	24	309	773	465	9	3	50
uniq_349619	X89377.1	0.929032	33	316	780	465	9	3	50
uniq_349627	AY727530.1	0.967742	15	320	784	465	9	3	50
uniq_349652	EF101551.1	0.952688	22	309	773	465	9	3	50
uniq_349653	EF510424.1	0.913978	40	332	796	465	9	3	50
uniq_349685	AJ244722.1	0.898925	47	314	778	465	9	3	50
uniq_349722	AF385519.1	0.888172	52	320	779	465	9	3	50
uniq_349737	AY349393.1	0.894624	49	320	779	465	9	3	50
uniq_349766	AY444822.1	0.941935	27	309	773	465	9	3	50
uniq_349781	AJ421528.1	0.924731	35	309	773	465	9	3	50
uniq_349784	AY188347.1	0.948387	24	317	781	465	9	3	50
uniq_349815	EF510383.1	0.926882	34	321	785	465	9	3	50
uniq_349859	AJ519989.1	0.877419	57	313	777	465	9	3	50
uniq_349875	EU670056.1	0.868817	61	320	779	465	9	3	50
uniq_349876	AF543297.1	0.888172	52	316	775	465	9	3	50
uniq_349880	EF101551.1	0.961290	18	309	773	465	9	3	50
uniq_349921	AY485603.1	0.881720	55	317	781	465	9	3	50
uniq_349947	EF512007.1	0.939785	28	313	777	465	9	3	50
uniq_349964	AF385510.1	0.896774	48	326	765	465	9	3	50
uniq_350016	AM277334.1	0.888172	52	323	787	465	9	3	50
uniq_350153	AF543280.1	0.879570	56	314	758	465	9	3	50
uniq_350162	AY005025.1	0.916129	39	313	777	465	9	3	50
uniq_350165	EF101551.1	0.956989	20	309	773	465	9	3	50
uniq_350215	EF510424.1	0.935484	30	332	796	465	9	3	50
uniq_350225	AJ244722.1	0.944086	26	314	778	465	9	3	50
uniq_350264	AB076677.1	0.866667	62	310	750	465	9	3	50
uniq_350346	EF101551.1	0.952688	22	309	773	465	9	3	50
uniq_350359	EF510424.1	0.933333	31	332	796	465	9	3	50
uniq_350382	EF511101.1	0.909677	42	313	777	465	9	3	50
uniq_350384	AY444822.1	0.911828	41	309	773	465	9	3	50
uniq_350450	AJ244722.1	0.920430	37	314	778	465	9	3	50
uniq_350458	AF385519.1	0.890323	51	320	779	465	9	3	50
uniq_350484	AF432133.1	0.858065	66	320	779	465	9	3	50
uniq_350662	EF101551.1	0.890323	51	309	773	465	9	3	50
uniq_350673	AB098612.1	0.937634	29	313	777	465	9	3	50
uniq_350728	AY444822.1	0.832258	78	309	773	465	9	3	50
uniq_350732	EF101551.1	0.905376	44	309	773	465	9	3	50
uniq_350779	AY005025.1	0.950538	23	313	777	465	9	3	50
uniq_350855	EF101551.1	0.929032	33	309	773	465	9	3	50
uniq_350914	AJ290758.1	0.926882	34	313	777	465	9	3	50
uniq_350927	EF101551.1	0.959140	19	309	773	465	9	3	50
uniq_350961	AY485605.1	0.967742	15	319	783	465	9	3	50
uniq_351228	AY259519.1	0.911828	41	313	777	465	9	3	50
uniq_351246	AF385566.1	0.916129	39	335	800	465	9	3	50
uniq_35130	AJ290754.1	0.948387	24	313	777	465	9	3	50
uniq_351316	AJ575690.1	0.967742	15	311	775	465	9	3	50
uniq_351381	EF510424.1	0.946237	25	332	796	465	9	3	50
uniq_351392	AJ244722.1	0.905376	44	314	778	465	9	3	50
uniq_351443	AY444822.1	0.868817	61	309	773	465	9	3	50
uniq_351465	AJ244722.1	0.950538	23	314	778	465	9	3	50
uniq_351486	EF510424.1	0.916129	39	332	796	465	9	3	50
uniq_351530	EF101551.1	0.941935	27	309	773	465	9	3	50
uniq_351532	EF512007.1	0.920430	37	313	777	465	9	3	50
uniq_351541	EF512007.1	0.913978	40	313	777	465	9	3	50
uniq_351558	AJ421528.1	0.937634	29	309	773	465	9	3	50
uniq_351570	AY959092.1	0.901075	46	327	791	465	9	3	50
uniq_351574	AJ421528.1	0.877419	57	309	773	465	9	3	50
uniq_351631	EF510424.1	0.890323	51	332	796	465	9	3	50
uniq_351650	EF510424.1	0.875269	58	332	796	465	9	3	50
uniq_351666	EF512007.1	0.901075	46	313	777	465	9	3	50
uniq_351669	EF101551.1	0.922581	36	309	773	465	9	3	50
uniq_351740	AJ244722.1	0.918280	38	314	778	465	9	3	50
uniq_351816	U85875.1	0.873118	59	309	773	465	9	3	50
uniq_351871	AY044915.1	0.894624	49	314	772	465	9	3	50
uniq_351939	Y13364.1	0.896774	48	323	787	465	9	3	50
uniq_352045	EF101551.1	0.961290	18	309	773	465	9	3	50
uniq_352075	AY005025.1	0.950538	23	313	777	465	9	3	50
uniq_352122	X89377.1	0.892473	50	316	780	465	9	3	50
uniq_352139	AF385571.1	0.862366	64	307	746	465	9	3	50
uniq_352299	AJ244722.1	0.916129	39	314	778	465	9	3	50
uniq_352335	AF385569.1	0.896774	48	302	761	465	9	3	50
uniq_352381	EF101551.1	0.963441	17	309	773	465	9	3	50
uniq_352420	AM277334.1	0.954839	21	323	787	465	9	3	50
uniq_352439	EF101551.1	0.969892	14	309	773	465	9	3	50
uniq_352487	EF101551.1	0.972043	13	309	773	465	9	3	50
uniq_352489	AF543297.1	0.879570	56	316	775	465	9	3	50
uniq_352529	AF543281.1	0.879570	56	319	783	465	9	3	50
uniq_352545	EF101551.1	0.954839	21	309	773	465	9	3	50
uniq_352547	EF510424.1	0.933333	31	332	796	465	9	3	50
uniq_352552	AJ290758.1	0.905376	44	313	777	465	9	3	50
uniq_352555	AJ244722.1	0.929032	33	314	778	465	9	3	50
uniq_352564	EF101551.1	0.894624	49	309	773	465	9	3	50
uniq_352610	AY349389.1	0.877419	57	326	765	465	9	3	50
uniq_352661	AJ244722.1	0.933333	31	314	778	465	9	3	50
uniq_352693	AY959092.1	0.946237	25	327	791	465	9	3	50
uniq_352718	AY278618.1	0.892473	50	326	765	465	9	3	50
uniq_352734	AY008309.1	0.873118	59	308	750	465	9	3	50
uniq_352803	AY328770.1	0.935484	30	313	777	465	9	3	50
uniq_352854	AJ244722.1	0.929032	33	314	778	465	9	3	50
uniq_352901	AY328770.1	0.916129	39	313	777	465	9	3	50
uniq_352908	EF510383.1	0.967742	15	321	785	465	9	3	50
uniq_352943	EF101551.1	0.926882	34	309	773	465	9	3	50
uniq_352950	EF512007.1	0.954839	21	313	777	465	9	3	50
uniq_353034	AF385566.1	0.907527	43	335	800	465	9	3	50
uniq_353042	AY612844.1	0.879570	56	317	781	465	9	3	50
uniq_353048	AF432133.1	0.888172	52	320	779	465	9	3	50
uniq_353109	AY485604.1	0.944086	26	319	783	465	9	3	50
uniq_353164	AJ244722.1	0.939785	28	314	778	465	9	3	50
uniq_353183	EF101551.1	0.952688	22	309	773	465	9	3	50
uniq_353203	EF101551.1	0.948387	24	309	773	465	9	3	50
uniq_353233	AY444822.1	0.853763	68	309	773	465	9	3	50
uniq_353260	AF385566.1	0.946237	25	335	800	465	9	3	50
uniq_353300	EF101551.1	0.907527	43	309	773	465	9	3	50
uniq_353376	AY278621.1	0.886022	53	308	750	465	9	3	50
uniq_353409	DQ905554.1	0.881720	55	319	783	465	9	3	50
uniq_353595	AY328770.1	0.909677	42	313	777	465	9	3	50
uniq_353598	EF101551.1	0.924731	35	309	773	465	9	3	50
uniq_353652	AY008310.1	0.886022	53	318	777	465	9	3	50
uniq_353845	AJ244722.1	0.952688	22	314	778	465	9	3	50
uniq_353938	EF511070.1	0.924731	35	319	783	465	9	3	50
uniq_353940	AY008691.1	0.909677	42	317	776	465	9	3	50
uniq_353990	AF385510.1	0.890323	51	326	765	465	9	3	50
uniq_354035	AY485605.1	0.881720	55	319	783	465	9	3	50
uniq_35406	AF287780.1	0.978495	10	331	794	465	9	3	50
uniq_35407	Y13364.1	0.967742	15	323	787	465	9	3	50
uniq_354146	EF101551.1	0.956989	20	309	773	465	9	3	50
uniq_354160	AY445131.1	0.892473	50	332	796	465	9	3	50
uniq_354208	AY689031.1	0.901075	46	313	777	465	9	3	50
uniq_354217	AF397060.1	0.883871	54	320	784	465	9	3	50
uniq_354235	EF101551.1	0.877419	57	309	773	465	9	3	50
uniq_354393	AF287777.1	0.898925	47	326	765	465	9	3	50
uniq_354404	AM277334.1	0.946237	25	323	787	465	9	3	50
uniq_354418	AJ421528.1	0.948387	24	309	773	465	9	3	50
uniq_354440	AJ244722.1	0.922581	36	314	778	465	9	3	50
uniq_354475	AF183405.1	0.845161	72	320	779	465	9	3	50
uniq_354481	EF510424.1	0.946237	25	332	796	465	9	3	50
uniq_354529	AB098612.1	0.875269	58	313	777	465	9	3	50
uniq_354565	AY444822.1	0.903226	45	309	773	465	9	3	50
uniq_354575	EF511070.1	0.952688	22	319	783	465	9	3	50
uniq_354665	AY349385.1	0.883871	54	308	750	465	9	3	50
uniq_354714	Z95729.1	0.926882	34	299	759	465	9	3	50
uniq_354802	AY005025.1	0.922581	36	313	777	465	9	3	50
uniq_354814	EF512007.1	0.913978	40	313	777	465	9	3	50
uniq_354873	EF101551.1	0.956989	20	309	773	465	9	3	50
uniq_355015	AJ244722.1	0.939785	28	314	778	465	9	3	50
uniq_355052	AY005025.1	0.877419	57	313	777	465	9	3	50
uniq_355065	AF432136.1	0.965591	16	319	783	465	9	3	50
uniq_355168	EF510424.1	0.903226	45	332	796	465	9	3	50
uniq_355170	AY278622.1	0.870968	60	335	800	465	9	3	50
uniq_355181	EF101551.1	0.952688	22	309	773	465	9	3	50
uniq_355201	AY444822.1	0.886022	53	309	773	465	9	3	50
uniq_355223	AJ308373.1	0.892473	50	309	773	465	9	3	50
uniq_355284	AY727530.1	0.888172	52	320	784	465	9	3	50
uniq_355312	AY727530.1	0.868817	61	320	784	465	9	3	50
uniq_355323	EF101551.1	0.929032	33	309	773	465	9	3	50
uniq_355334	AM419984.1	0.868817	61	309	749	465	9	3	50
uniq_355351	EF511101.1	0.950538	23	313	777	465	9	3	50
uniq_355371	EF510424.1	0.933333	31	332	796	465	9	3	50
uniq_355430	EF101551.1	0.967742	15	309	773	465	9	3	50
uniq_355510	AJ298291.1	0.873118	59	313	777	465	9	3	50
uniq_355516	AY727530.1	0.954839	21	320	784	465	9	3	50
uniq_355620	AY727530.1	0.896774	48	320	784	465	9	3	50
uniq_355662	EF510424.1	0.836559	76	332	796	465	9	3	50
uniq_355678	EF101551.1	0.959140	19	309	773	465	9	3	50
uniq_355701	AJ244722.1	0.946237	25	314	778	465	9	3	50
uniq_355739	AF487886.1	0.840860	74	318	776	465	9	3	50
uniq_355744	AY689031.1	0.909677	42	313	777	465	9	3	50
uniq_355758	AY044915.1	0.903226	45	314	772	465	9	3	50
uniq_355788	AB299978.1	0.896774	48	313	777	465	9	3	50
uniq_355805	AB076677.1	0.870968	60	310	750	465	9	3	50
uniq_355844	AJ421528.1	0.896774	48	309	773	465	9	3	50
uniq_355909	AY328770.1	0.941935	27	313	777	465	9	3	50
uniq_355948	AJ244722.1	0.903226	45	314	778	465	9	3	50
uniq_355956	AY005025.1	0.898925	47	313	777	465	9	3	50
uniq_356050	EF101551.1	0.933333	31	309	773	465	9	3	50
uniq_356089	AF109793.1	0.866667	62	306	750	465	9	3	50
uniq_356104	AF385577.1	0.881720	55	329	768	465	9	3	50
uniq_356156	AJ244722.1	0.926882	34	314	778	465	9	3	50
uniq_356221	AF385571.1	0.866667	62	307	746	465	9	3	50
uniq_356226	AY485603.1	0.924731	35	317	781	465	9	3	50
uniq_356230	EF101551.1	0.922581	36	309	773	465	9	3	50
uniq_356244	AF385510.1	0.890323	51	326	765	465	9	3	50
uniq_356374	AY328770.1	0.922581	36	313	777	465	9	3	50
uniq_356416	EF101551.1	0.913978	40	309	773	465	9	3	50
uniq_356555	EF512007.1	0.890323	51	313	777	465	9	3	50
uniq_356569	AM396916.1	0.901075	46	309	773	465	9	3	50
uniq_356758	AJ244722.1	0.939785	28	314	778	465	9	3	50
uniq_356765	AF224299.1	0.963441	17	313	777	465	9	3	50
uniq_356788	AY005025.1	0.918280	38	313	777	465	9	3	50
uniq_356824	AJ244722.1	0.903226	45	314	778	465	9	3	50
uniq_356932	EF101551.1	0.959140	19	309	773	465	9	3	50
uniq_357011	EF511101.1	0.916129	39	313	777	465	9	3	50
uniq_357013	EF101551.1	0.954839	21	309	773	465	9	3	50
uniq_357361	AF385510.1	0.890323	51	326	765	465	9	3	50
uniq_357523	EF575218.1	0.935484	30	305	769	465	9	3	50
uniq_357529	AF385566.1	0.922581	36	335	800	465	9	3	50
uniq_357547	AJ308373.1	0.888172	52	309	773	465	9	3	50
uniq_357616	EF101551.1	0.935484	30	309	773	465	9	3	50
uniq_357699	EF511101.1	0.952688	22	313	777	465	9	3	50
uniq_357731	AY727530.1	0.879570	56	320	784	465	9	3	50
uniq_357769	EF510424.1	0.931183	32	332	796	465	9	3	50
uniq_357884	EF101551.1	0.905376	44	309	773	465	9	3	50
uniq_35791	Y11150.1	0.965591	16	307	771	465	9	3	50
uniq_357961	AF502204.1	0.888172	52	307	766	465	9	3	50
uniq_358046	AJ290758.1	0.890323	51	313	777	465	9	3	50
uniq_358052	AY278611.1	0.896774	48	314	771	465	9	3	50
uniq_358127	AJ421528.1	0.916129	39	309	773	465	9	3	50
uniq_358147	AY005025.1	0.913978	40	313	777	465	9	3	50
uniq_35833	EF512007.1	0.972043	13	313	777	465	9	3	50
uniq_358342	AY444822.1	0.888172	52	309	773	465	9	3	50
uniq_358514	AY445131.1	0.918280	38	332	796	465	9	3	50
uniq_35869	EF512007.1	0.860215	65	313	777	465	9	3	50
uniq_358762	AF385519.1	0.827957	80	320	779	465	9	3	50
uniq_358795	EF101551.1	0.972043	13	309	773	465	9	3	50
uniq_358886	AJ310413.1	0.883871	54	310	762	465	9	3	50
uniq_358969	AB098612.1	0.931183	32	313	777	465	9	3	50
uniq_358986	EF511101.1	0.941935	27	313	777	465	9	3	50
uniq_359023	AY278622.1	0.933333	31	335	800	465	9	3	50
uniq_359073	U85875.1	0.888172	52	309	773	465	9	3	50
uniq_359211	AY689031.1	0.903226	45	313	777	465	9	3	50
uniq_359306	AJ308373.1	0.883871	54	309	773	465	9	3	50
uniq_35937	X67609.1	0.911828	41	308	767	465	9	3	50
uniq_359457	AY727530.1	0.903226	45	320	784	465	9	3	50
uniq_359469	AY485603.1	0.868817	61	317	781	465	9	3	50
uniq_359503	EF101551.1	0.963441	17	309	773	465	9	3	50
uniq_359504	EF510424.1	0.913978	40	332	796	465	9	3	50
uniq_359519	EF510424.1	0.896774	48	332	796	465	9	3	50
uniq_359587	Y13364.1	0.965591	16	323	787	465	9	3	50
uniq_359645	AY349380.1	0.929032	33	313	777	465	9	3	50
uniq_359720	AF432133.1	0.860215	65	320	779	465	9	3	50
uniq_359763	EF511101.1	0.961290	18	313	777	465	9	3	50
uniq_35981	AF543297.1	0.879570	56	316	775	465	9	3	50
uniq_359855	AF385571.1	0.868817	61	307	746	465	9	3	50
uniq_360130	AJ244722.1	0.935484	30	314	778	465	9	3	50
uniq_360160	AY349380.1	0.898925	47	313	777	465	9	3	50
uniq_360259	AF385508.1	0.896774	48	327	766	465	9	3	50
uniq_360419	AJ421528.1	0.913978	40	309	773	465	9	3	50
uniq_360485	AJ244722.1	0.896774	48	314	778	465	9	3	50
uniq_360509	AY445131.1	0.926882	34	332	796	465	9	3	50
uniq_360541	EF510424.1	0.946237	25	332	796	465	9	3	50
uniq_360542	AY349402.1	0.860215	65	318	776	465	9	3	50
uniq_360603	AY445131.1	0.916129	39	332	796	465	9	3	50
uniq_360623	EF101551.1	0.969892	14	309	773	465	9	3	50
uniq_360653	AY207050.1	0.873118	59	320	779	465	9	3	50
uniq_360710	AF385518.1	0.875269	58	308	750	465	9	3	50
uniq_360765	DQ905554.1	0.963441	17	319	783	465	9	3	50
uniq_360774	EF511101.1	0.909677	42	313	777	465	9	3	50
uniq_360803	AJ244722.1	0.950538	23	314	778	465	9	3	50
uniq_36085	EF512007.1	0.967742	15	313	777	465	9	3	50
uniq_361217	AY005025.1	0.954839	21	313	777	465	9	3	50
uniq_361236	AM277334.1	0.907527	43	323	787	465	9	3	50
uniq_361316	Z95729.1	0.924731	35	299	759	465	9	3	50
uniq_361538	AY328770.1	0.937634	29	313	777	465	9	3	50
uniq_361651	AJ421528.1	0.924731	35	309	773	465	9	3	50
uniq_361748	Y13364.1	0.969892	14	323	787	465	9	3	50
uniq_361803	AY444822.1	0.916129	39	309	773	465	9	3	50
uniq_361811	EF101551.1	0.963441	17	309	773	465	9	3	50
uniq_361815	AF385566.1	0.944086	26	335	800	465	9	3	50
uniq_361833	EF101551.1	0.946237	25	309	773	465	9	3	50
uniq_361851	AF385566.1	0.931183	32	335	800	465	9	3	50
uniq_361854	EF511101.1	0.894624	49	313	777	465	9	3	50
uniq_361926	AF287761.1	0.855914	67	326	767	465	9	3	50
uniq_361982	AY005033.1	0.922581	36	313	777	465	9	3	50
uniq_362104	AY259519.1	0.847312	71	313	777	465	9	3	50
uniq_362107	EF512007.1	0.931183	32	313	777	465	9	3	50
uniq_362242	AF124039.1	0.905376	44	320	784	465	9	3	50
uniq_362301	AY526575.1	0.894624	49	302	766	465	9	3	50
uniq_362519	AF397060.1	0.901075	46	320	784	465	9	3	50
uniq_36265	EF512007.1	0.901075	46	313	777	465	9	3	50
uniq_362898	AY080981.1	0.976344	11	330	794	465	9	3	50
uniq_363063	AY642383.1	0.965591	16	312	776	465	9	3	50
uniq_363111	EU373341.1	0.959140	19	320	784	465	9	3	50
uniq_36319	EF510424.1	0.894624	49	332	796	465	9	3	50
uniq_363697	AF358003.1	0.972043	13	307	771	465	9	3	50
uniq_363774	AY177773.1	0.984946	7	307	771	465	9	3	50
uniq_363990	AJ305322.1	0.991398	4	347	811	465	9	3	50
uniq_364086	AY444994.1	0.969892	14	307	771	465	9	3	50
uniq_364092	AJ420107.1	0.978495	10	324	788	465	9	3	50
uniq_364098	AB003627.1	0.935484	30	307	771	465	9	3	50
uniq_364109	AY727530.1	0.967742	15	320	784	465	9	3	50
uniq_364263	AY347313.1	0.918280	38	322	786	465	9	3	50
uniq_364622	AB076867.1	0.989247	5	307	771	465	9	3	50
uniq_364664	AY030342.1	0.967742	15	320	784	465	9	3	50
uniq_364777	AJ244722.1	0.920430	37	312	778	465	9	3	50
uniq_364836	AB021194.1	0.984946	7	319	783	465	9	3	50
uniq_365002	X99967.1	0.993548	3	319	783	465	9	3	50
uniq_365127	AY444994.1	0.963441	17	307	771	465	9	3	50
uniq_365191	DQ532151.1	0.952688	22	305	769	465	9	3	50
uniq_365213	Z26939.1	0.808602	89	333	797	465	9	3	50
uniq_365227	AJ289161.1	0.987097	6	302	766	465	9	3	50
uniq_365247	AY030342.1	0.976344	11	320	784	465	9	3	50
uniq_365254	U57074.1	0.956989	20	313	777	465	9	3	50
uniq_365278	AY221080.1	0.950538	23	309	773	465	9	3	50
uniq_365602	AJ606333.1	0.989247	5	307	771	465	9	3	50
uniq_365735	AY030342.1	0.886022	53	320	784	465	9	3	50
uniq_365757	AJ306297.1	0.993548	3	337	801	465	9	3	50
uniq_365778	AY363303.1	0.993548	3	345	809	465	9	3	50
uniq_365854	EF510383.1	0.961290	18	321	785	465	9	3	50
uniq_366760	AY028927.1	0.948387	24	323	787	465	9	3	50
uniq_367088	AY030342.1	0.905376	44	320	784	465	9	3	50
uniq_367978	AY030342.1	0.972043	13	320	784	465	9	3	50
uniq_36824	AF289162.1	0.965591	16	307	771	465	9	3	50
uniq_368469	AY234719.1	0.961290	18	306	770	465	9	3	50
uniq_368558	AY727530.1	0.969892	14	320	784	465	9	3	50
uniq_36868	AJ290755.1	0.948387	24	315	779	465	9	3	50
uniq_368839	AY005025.1	0.946237	25	313	777	465	9	3	50
uniq_368878	AF468002.1	0.984946	7	320	784	465	9	3	50
uniq_369205	AF204251.1	0.935484	30	307	771	465	9	3	50
uniq_369348	AY030318.1	0.948387	24	320	784	465	9	3	50
uniq_369698	EF094888.1	0.989247	5	323	787	465	9	3	50
uniq_37041	AF016390.1	0.935484	30	321	785	465	9	3	50
uniq_371160	AY093698.1	0.974194	12	305	769	465	9	3	50
uniq_371365	D16144.1	0.892473	50	281	720	465	9	3	50
uniq_371610	AF013522.1	0.868817	61	323	787	465	9	3	50
uniq_37243	AJ290754.1	0.954839	21	313	777	465	9	3	50
uniq_372498	Y17820.1	0.989247	5	321	785	465	9	3	50
uniq_372565	AB268118.1	0.961290	18	331	795	465	9	3	50
uniq_373774	EF510383.1	0.967742	15	321	785	465	9	3	50
uniq_373863	AF397060.1	0.954839	21	320	784	465	9	3	50
uniq_374290	AF139524.1	0.855914	67	317	776	465	9	3	50
uniq_374533	AF534429.1	0.978495	10	303	767	465	9	3	50
uniq_374667	AY727530.1	0.894624	49	320	784	465	9	3	50
uniq_374742	AY395018.1	0.967742	15	330	794	465	9	3	50
uniq_374943	AY727530.1	0.877419	57	320	784	465	9	3	50
uniq_374979	AY395005.1	0.961290	18	307	771	465	9	3	50
uniq_375352	AY030317.1	0.881720	55	320	784	465	9	3	50
uniq_375652	AY727530.1	0.961290	18	320	784	465	9	3	50
uniq_376086	AY727530.1	0.969892	14	320	784	465	9	3	50
uniq_376337	AB245377.1	0.963441	17	319	783	465	9	3	50
uniq_376567	AY727530.1	0.967742	15	320	784	465	9	3	50
uniq_376640	AY258065.1	0.991398	4	307	771	465	9	3	50
uniq_376789	AY727530.1	0.969892	14	320	784	465	9	3	50
uniq_377081	AF538773.1	0.984946	7	313	777	465	9	3	50
uniq_377298	AF468404.1	0.952688	22	305	769	465	9	3	50
uniq_377392	AY727530.1	0.967742	15	320	784	465	9	3	50
uniq_377988	AY093698.1	0.954839	21	305	769	465	9	3	50
uniq_378306	AY727530.1	0.918280	38	320	784	465	9	3	50
uniq_378324	EU221341.1	0.978495	10	317	781	465	9	3	50
uniq_37868	EF510383.1	0.948387	24	321	785	465	9	3	50
uniq_378773	AY727530.1	0.963441	17	320	784	465	9	3	50
uniq_379418	AY526575.1	0.969892	14	302	766	465	9	3	50
uniq_379457	D16272.1	0.974194	12	320	784	465	9	3	50
uniq_379692	AY727530.1	0.967742	15	320	784	465	9	3	50
uniq_380986	AY093698.1	0.967742	15	305	769	465	9	3	50
uniq_381589	AY326598.1	0.954839	21	305	769	465	9	3	50
uniq_381620	DQ239766.1	0.989247	5	311	775	465	9	3	50
uniq_381922	AY442818.1	0.967742	15	328	792	465	9	3	50
uniq_382043	AY030342.1	0.976344	11	320	784	465	9	3	50
uniq_382330	EF510424.1	0.922581	36	332	796	465	9	3	50
uniq_38241	AF224306.1	0.916129	39	312	776	465	9	3	50
uniq_382455	AY349381.1	0.954839	21	311	775	465	9	3	50
uniq_382814	AY005033.1	0.969892	14	313	777	465	9	3	50
uniq_382873	AJ290026.1	0.993548	3	305	769	465	9	3	50
uniq_383388	EF511101.1	0.933333	31	313	777	465	9	3	50
uniq_38343	EF512007.1	0.952688	22	313	777	465	9	3	50
uniq_383693	DQ905554.1	0.911828	41	319	783	465	9	3	50
uniq_383906	AB089061.1	0.905376	44	327	791	465	9	3	50
uniq_38440	AF364844.1	0.982796	8	313	777	465	9	3	50
uniq_38449	AY526575.1	0.926882	34	302	766	465	9	3	50
uniq_385002	EF510424.1	0.976344	11	332	796	465	9	3	50
uniq_385027	AF003931.1	0.963441	17	327	791	465	9	3	50
uniq_38528	AY526575.1	0.860215	65	302	766	465	9	3	50
uniq_385306	AB021353.1	0.967742	15	305	769	465	9	3	50
uniq_38532	AF287780.1	0.974194	12	331	794	465	9	3	50
uniq_385450	AY250096.1	0.931183	32	309	773	465	9	3	50
uniq_386021	EF510424.1	0.935484	30	332	796	465	9	3	50
uniq_386193	AY444994.1	0.974194	12	307	771	465	9	3	50
uniq_387145	AB240330.1	0.978495	10	307	771	465	9	3	50
uniq_387247	AY493939.1	0.976344	11	307	771	465	9	3	50
uniq_387283	EF510424.1	0.946237	25	332	796	465	9	3	50
uniq_387506	EF511870.1	0.959140	19	313	777	465	9	3	50
uniq_387530	AY093698.1	0.950538	23	305	769	465	9	3	50
uniq_387617	EF510424.1	0.922581	36	332	796	465	9	3	50
uniq_388678	AY093698.1	0.969892	14	305	769	465	9	3	50
uniq_388717	U78183.1	0.978495	10	311	775	465	9	3	50
uniq_38912	EF510424.1	0.894624	49	332	796	465	9	3	50
uniq_389449	AJ313017.1	0.952688	22	309	773	465	9	3	50
uniq_390245	AY005033.1	0.950538	23	313	777	465	9	3	50
uniq_390670	EF510383.1	0.956989	20	321	785	465	9	3	50
uniq_390816	AY341820.1	0.956989	20	324	788	465	9	3	50
uniq_390905	DQ905554.1	0.896774	48	319	783	465	9	3	50
uniq_391103	AF502234.1	0.965591	16	313	777	465	9	3	50
uniq_391542	AY277938.1	0.978495	10	327	791	465	9	3	50
uniq_392227	AF432136.1	0.972043	13	319	783	465	9	3	50
uniq_392261	AY212621.1	0.956989	20	313	777	465	9	3	50
uniq_39249	AM396494.1	0.870968	60	307	772	465	9	3	50
uniq_39255	AY207063.1	0.929032	33	325	789	465	9	3	50
uniq_392666	AF287780.1	0.967742	15	331	794	465	9	3	50
uniq_392907	AY349395.1	0.875269	58	320	779	465	9	3	50
uniq_39354	EF510424.1	0.946237	25	332	796	465	9	3	50
uniq_393730	AY008309.1	0.888172	52	308	750	465	9	3	50
uniq_394030	AY485604.1	0.870968	60	319	783	465	9	3	50
uniq_39405	AY050170.1	0.858065	66	304	767	465	9	3	50
uniq_394410	AY005025.1	0.875269	58	313	777	465	9	3	50
uniq_394444	EF512007.1	0.853763	68	313	777	465	9	3	50
uniq_394607	EF512007.1	0.952688	22	313	777	465	9	3	50
uniq_394648	AY349403.1	0.903226	45	328	792	465	9	3	50
uniq_394732	AF385515.1	0.886022	53	315	774	465	9	3	50
uniq_395196	AF385515.1	0.855914	67	315	774	465	9	3	50
uniq_395402	EF511101.1	0.976344	11	313	777	465	9	3	50
uniq_395671	AF003931.1	0.883871	54	327	791	465	9	3	50
uniq_39608	EF510424.1	0.954839	21	332	795	465	9	3	50
uniq_396092	EF510424.1	0.933333	31	332	796	465	9	3	50
uniq_396256	AY485605.1	0.952688	22	319	783	465	9	3	50
uniq_396545	AF432133.1	0.905376	44	320	779	465	9	3	50
uniq_396676	EF510424.1	0.886022	53	332	796	465	9	3	50
uniq_396859	EF510424.1	0.924731	35	332	796	465	9	3	50
uniq_396871	EF512007.1	0.967742	15	313	777	465	9	3	50
uniq_396920	AY278611.1	0.879570	56	314	771	465	9	3	50
uniq_397207	AF292371.1	0.877419	57	311	754	465	9	3	50
uniq_397424	EF512007.1	0.941935	27	313	777	465	9	3	50
uniq_397469	EF512007.1	0.907527	43	313	777	465	9	3	50
uniq_39758	AY445131.1	0.879570	56	332	796	465	9	3	50
uniq_397770	EF511101.1	0.939785	28	313	777	465	9	3	50
uniq_39780	AY526575.1	0.931183	32	302	766	465	9	3	50
uniq_397818	AJ496383.1	0.905376	44	312	775	465	9	3	50
uniq_398018	AY349381.1	0.965591	16	311	775	465	9	3	50
uniq_398019	EF511101.1	0.901075	46	313	777	465	9	3	50
uniq_398027	AY005069.1	0.858065	66	318	778	465	9	3	50
uniq_398114	AY485605.1	0.907527	43	319	783	465	9	3	50
uniq_398155	AF481222.1	0.868817	61	325	764	465	9	3	50
uniq_398581	AY005033.1	0.892473	50	313	777	465	9	3	50
uniq_398630	AY612844.1	0.894624	49	317	781	465	9	3	50
uniq_39869	AY008309.1	0.879570	56	308	750	465	9	3	50
uniq_398707	AF224305.1	0.866667	62	313	777	465	9	3	50
uniq_398722	L14327.1	0.974194	12	322	786	465	9	3	50
uniq_398782	EU071472.1	0.965591	16	323	787	465	9	3	50
uniq_399016	AF287780.1	0.948387	24	331	794	465	9	3	50
uniq_399079	AY188347.1	0.901075	46	317	781	465	9	3	50
uniq_399104	AF016390.1	0.905376	44	321	785	465	9	3	50
uniq_399180	EF510424.1	0.944086	26	332	796	465	9	3	50
uniq_399235	L14327.1	0.849462	70	322	786	465	9	3	50
uniq_399372	AF385566.1	0.935484	30	335	800	465	9	3	50
uniq_399387	EU071543.1	0.881720	55	298	740	465	9	3	50
uniq_399414	AY277938.1	0.909677	42	327	791	465	9	3	50
uniq_399470	AJ244709.1	0.907527	43	281	720	465	9	3	50
uniq_399473	AF385556.1	0.892473	50	329	768	465	9	3	50
uniq_399517	EF512007.1	0.883871	54	313	777	465	9	3	50
uniq_399544	EF510424.1	0.877419	57	332	796	465	9	3	50
uniq_399675	L14327.1	0.961290	18	322	786	465	9	3	50
uniq_399677	AF016390.1	0.969892	14	321	785	465	9	3	50
uniq_399787	AY207063.1	0.965591	16	325	789	465	9	3	50
uniq_399796	L14327.1	0.974194	12	322	786	465	9	3	50
uniq_399810	L14327.1	0.961290	18	322	786	465	9	3	50
uniq_399830	AF009509.1	0.894624	49	327	791	465	9	3	50
uniq_399835	AF394174.1	0.890323	51	281	720	465	9	3	50
uniq_399861	AF152558.1	0.883871	54	305	749	465	9	3	50
uniq_399869	EU071472.1	0.956989	20	323	787	465	9	3	50
uniq_399964	EF510424.1	0.875269	58	332	796	465	9	3	50
uniq_399965	AY277938.1	0.967742	15	327	791	465	9	3	50
uniq_399970	AY277938.1	0.948387	24	327	791	465	9	3	50
uniq_39998	EF512007.1	0.855914	67	313	777	465	9	3	50
uniq_400011	AF394174.1	0.883871	54	281	720	465	9	3	50
uniq_400029	L14327.1	0.879570	56	322	786	465	9	3	50
uniq_400244	AY005033.1	0.944086	26	313	777	465	9	3	50
uniq_400269	L14327.1	0.952688	22	322	786	465	9	3	50
uniq_400553	U65583.1	0.881720	55	315	779	465	9	3	50
uniq_400556	AF385551.1	0.866667	62	320	779	465	9	3	50
uniq_400777	AY277938.1	0.956989	20	327	791	465	9	3	50
uniq_400958	AF481230.1	0.883871	54	319	783	465	9	3	50
uniq_401216	AY278622.1	0.888172	52	335	800	465	9	3	50
uniq_401296	AY727530.1	0.883871	54	320	784	465	9	3	50
uniq_401431	AY958874.1	0.888172	52	334	797	465	9	3	50
uniq_401518	AY505501.1	0.860215	65	322	787	465	9	3	50
uniq_401582	AY207057.1	0.886022	53	318	778	465	9	3	50
uniq_401659	AF394174.1	0.873118	59	281	720	465	9	3	50
uniq_401777	AY445131.1	0.922581	36	332	796	465	9	3	50
uniq_401828	AY277938.1	0.984946	7	327	791	465	9	3	50
uniq_401896	AJ244709.1	0.894624	49	281	720	465	9	3	50
uniq_401928	L14327.1	0.976344	11	322	786	465	9	3	50
uniq_401938	AY277938.1	0.881720	55	327	791	465	9	3	50
uniq_401956	EF510383.1	0.969892	14	321	785	465	9	3	50
uniq_401966	DQ905554.1	0.877419	57	319	783	465	9	3	50
uniq_402030	AF061350.1	0.883871	54	319	783	465	9	3	50
uniq_402065	L14327.1	0.896774	48	322	786	465	9	3	50
uniq_402121	AB098612.1	0.881720	55	313	777	465	9	3	50
uniq_402123	EF510424.1	0.875269	58	332	796	465	9	3	50
uniq_402225	EF510383.1	0.941935	27	321	785	465	9	3	50
uniq_402344	AY958874.1	0.911828	41	334	797	465	9	3	50
uniq_402392	DQ905554.1	0.888172	52	319	783	465	9	3	50
uniq_402414	EU670056.1	0.864516	63	320	779	465	9	3	50
uniq_402424	EF510424.1	0.926882	34	332	796	465	9	3	50
uniq_402507	AY278618.1	0.898925	47	326	765	465	9	3	50
uniq_402508	AY491543.1	0.868817	61	326	766	465	9	3	50
uniq_402700	AY207057.1	0.858065	66	318	778	465	9	3	50
uniq_402714	L14327.1	0.965591	16	322	786	465	9	3	50
uniq_402787	EU071472.1	0.821505	83	323	787	465	9	3	50
uniq_402809	EF511101.1	0.913978	40	313	777	465	9	3	50
uniq_402875	AF385564.1	0.860215	65	320	779	465	9	3	50
uniq_402919	AY349403.1	0.892473	50	328	792	465	9	3	50
uniq_402984	EU071472.1	0.935484	30	323	787	465	9	3	50
uniq_403023	AY188347.1	0.963441	17	317	781	465	9	3	50
uniq_403038	AF385566.1	0.909677	42	335	800	465	9	3	50
uniq_403309	AF394174.1	0.898925	47	281	720	465	9	3	50
uniq_403384	AY485603.1	0.913978	40	317	781	465	9	3	50
uniq_403430	L14327.1	0.834409	77	322	786	465	9	3	50
uniq_40349	AY485605.1	0.918280	38	319	783	465	9	3	50
uniq_403491	AF432136.1	0.976344	11	319	783	465	9	3	50
uniq_403551	AY445131.1	0.898925	47	332	796	465	9	3	50
uniq_403613	AF385564.1	0.888172	52	320	779	465	9	3	50
uniq_403637	EF510424.1	0.901075	46	332	796	465	9	3	50
uniq_403696	AY727530.1	0.888172	52	320	784	465	9	3	50
uniq_403726	EU071472.1	0.959140	19	323	787	465	9	3	50
uniq_403940	AF543289.1	0.929032	33	317	781	465	9	3	50
uniq_404082	L14327.1	0.954839	21	322	786	465	9	3	50
uniq_404455	Y13366.1	0.939785	28	322	786	465	9	3	50
uniq_404530	AY727530.1	0.965591	16	320	784	465	9	3	50
uniq_404577	AF385566.1	0.875269	58	335	800	465	9	3	50
uniq_404594	AY005025.1	0.886022	53	313	777	465	9	3	50
uniq_404829	AF487704.1	0.886022	53	305	750	465	9	3	50
uniq_404947	AF385566.1	0.911828	41	335	800	465	9	3	50
uniq_405153	AM696931.1	0.920430	37	322	786	465	9	3	50
uniq_405230	AY207060.1	0.894624	49	322	763	465	9	3	50
uniq_405261	AF009501.1	0.883871	54	327	791	465	9	3	50
uniq_405376	EF510424.1	0.896774	48	332	796	465	9	3	50
uniq_405383	AY727530.1	0.963441	17	320	784	465	9	3	50
uniq_405459	EU071472.1	0.864516	63	323	787	465	9	3	50
uniq_405462	EU012315.1	0.868817	61	318	777	465	9	3	50
uniq_405500	AY207050.1	0.849462	70	320	779	465	9	3	50
uniq_405578	AY005082.1	0.890323	51	318	781	465	9	3	50
uniq_405586	AM696931.1	0.905376	44	322	786	465	9	3	50
uniq_405820	EF511070.1	0.978495	10	319	783	465	9	3	50
uniq_406310	AY840553.1	0.873118	59	320	779	465	9	3	50
uniq_406504	AY445131.1	0.911828	41	332	796	465	9	3	50
uniq_406805	EF511101.1	0.963441	17	313	777	465	9	3	50
uniq_406814	AY485603.1	0.961290	18	317	781	465	9	3	50
uniq_406834	AY349403.1	0.959140	19	328	792	465	9	3	50
uniq_407027	AY349402.1	0.834409	77	318	776	465	9	3	50
uniq_407048	AJ290758.1	0.931183	32	313	777	465	9	3	50
uniq_407086	AF432140.1	0.886022	53	349	813	465	9	3	50
uniq_407266	AJ276810.1	0.877419	57	320	784	465	9	3	50
uniq_407277	AF385566.1	0.922581	36	335	800	465	9	3	50
uniq_40752	X67609.1	0.888172	52	308	767	465	9	3	50
uniq_407627	AF394174.1	0.901075	46	281	720	465	9	3	50
uniq_407678	EU071472.1	0.965591	16	323	787	465	9	3	50
uniq_407765	AY277938.1	0.916129	39	327	791	465	9	3	50
uniq_40791	EF511101.1	0.920430	37	313	777	465	9	3	50
uniq_408036	AF385563.1	0.883871	54	318	760	465	9	3	50
uniq_408051	AY277938.1	0.886022	53	327	791	465	9	3	50
uniq_408091	AY188347.1	0.929032	33	317	781	465	9	3	50
uniq_40812	AY526575.1	0.898925	47	302	766	465	9	3	50
uniq_408219	AJ290755.1	0.972043	13	315	779	465	9	3	50
uniq_408419	AY277938.1	0.976344	11	327	791	465	9	3	50
uniq_408520	AY349403.1	0.890323	51	328	792	465	9	3	50
uniq_408539	AF056337.1	0.896774	48	319	783	465	9	3	50
uniq_408627	EF510383.1	0.907527	43	321	785	465	9	3	50
uniq_408642	DQ905554.1	0.866667	62	319	783	465	9	3	50
uniq_408646	AJ290758.1	0.918280	38	313	777	465	9	3	50
uniq_408682	EU071472.1	0.952688	22	323	787	465	9	3	50
uniq_408686	EF510424.1	0.969892	14	332	796	465	9	3	50
uniq_408706	AB015272.1	0.853763	68	336	794	465	9	3	50
uniq_408829	AF385566.1	0.898925	47	335	800	465	9	3	50
uniq_40890	AJ290755.1	0.924731	35	315	779	465	9	3	50
uniq_40941	EF512007.1	0.905376	44	313	777	465	9	3	50
uniq_41184	EF510424.1	0.965591	16	332	796	465	9	3	50
uniq_41311	EF512007.1	0.967742	15	313	777	465	9	3	50
uniq_41530	EF510424.1	0.939785	28	332	796	465	9	3	50
uniq_41683	EF512007.1	0.974194	12	313	777	465	9	3	50
uniq_41747	EF510383.1	0.931183	32	321	785	465	9	3	50
uniq_41767	AY526575.1	0.926882	34	302	766	465	9	3	50
uniq_41809	Y13364.1	0.873118	59	323	787	465	9	3	50
uniq_41854	AJ290754.1	0.965591	16	313	777	465	9	3	50
uniq_42495	AB098612.1	0.974194	12	313	777	465	9	3	50
uniq_42904	X67609.1	0.875269	58	308	767	465	9	3	50
uniq_43104	AY526575.1	0.875269	58	302	766	465	9	3	50
uniq_43165	AF224306.1	0.918280	38	312	776	465	9	3	50
uniq_43237	AF224306.1	0.965591	16	312	776	465	9	3	50
uniq_43248	AM184270.1	0.875269	58	307	772	465	9	3	50
uniq_43371	EF512007.1	0.954839	21	313	777	465	9	3	50
uniq_43423	AJ290754.1	0.944086	26	313	777	465	9	3	50
uniq_43499	AJ290754.1	0.972043	13	313	777	465	9	3	50
uniq_43552	AY349374.1	0.883871	54	327	779	465	9	3	50
uniq_43585	EF511101.1	0.913978	40	313	777	465	9	3	50
uniq_43642	AF287780.1	0.939785	28	331	794	465	9	3	50
uniq_43668	EF512007.1	0.913978	40	313	777	465	9	3	50
uniq_44600	AJ290758.1	0.815054	86	313	777	465	9	3	50
uniq_44678	EF512007.1	0.933333	31	313	777	465	9	3	50
uniq_44885	AF534428.1	0.991398	4	303	767	465	9	3	50
uniq_44888	EF511101.1	0.860215	65	313	777	465	9	3	50
uniq_44898	EF512007.1	0.965591	16	313	777	465	9	3	50
uniq_44938	EF510383.1	0.946237	25	321	785	465	9	3	50
uniq_45107	AY526575.1	0.922581	36	302	766	465	9	3	50
uniq_45534	AF385510.1	0.892473	50	326	765	465	9	3	50
uniq_46046	EF512007.1	0.972043	13	313	777	465	9	3	50
uniq_47121	AB021353.1	0.980645	9	305	769	465	9	3	50
uniq_47186	AJ276809.1	0.982796	8	319	783	465	9	3	50
uniq_47281	AF448515.1	0.974194	12	304	767	465	9	3	50
uniq_47364	AY395005.1	0.967742	15	307	771	465	9	3	50
uniq_47556	AY212718.1	0.989247	5	307	771	465	9	3	50
uniq_47563	DQ178977.1	0.956989	20	313	777	465	9	3	50
uniq_47717	AY005039.1	0.991398	4	305	769	465	9	3	50
uniq_47777	AJ313017.1	0.972043	13	309	773	465	9	3	50
uniq_48258	EU530465.1	0.978495	10	311	775	465	9	3	50
uniq_48270	AJ440237.1	0.948387	24	317	781	465	9	3	50
uniq_48848	AY234700.1	0.952688	22	316	779	465	9	3	50
uniq_48929	EF076758.1	0.991398	4	307	771	465	9	3	50
uniq_49023	AY493950.1	0.980645	9	307	771	465	9	3	50
uniq_49335	AF502234.1	0.929032	33	313	777	465	9	3	50
uniq_49379	AB024608.1	0.961290	18	311	775	465	9	3	50
uniq_49467	AF084852.1	0.948387	24	304	768	465	9	3	50
uniq_49732	AY548937.1	0.959140	19	307	772	465	9	3	50
uniq_50224	EU584527.1	0.980645	9	307	771	465	9	3	50
uniq_50930	AY250875.1	0.877419	57	304	769	465	9	3	50
uniq_51076	DQ129339.1	0.969892	14	333	797	465	9	3	50
uniq_51118	AY234645.1	0.935484	30	315	779	465	9	3	50
uniq_51175	AJ400840.1	0.989247	5	305	769	465	9	3	50
uniq_51202	AJ550282.1	0.982796	8	305	769	465	9	3	50
uniq_51279	AF280846.1	0.939785	28	310	773	465	9	3	50
uniq_51483	AY221039.1	0.935484	30	308	773	465	9	3	50
uniq_52568	EU071472.1	0.963441	17	323	787	465	9	3	50
uniq_52592	AF328148.1	0.903226	45	315	779	465	9	3	50
uniq_53017	Z95708.1	0.868817	61	323	788	465	9	3	50
uniq_53371	AY030342.1	0.931183	32	320	784	465	9	3	50
uniq_53530	AY030342.1	0.967742	15	320	784	465	9	3	50
uniq_54464	AJ292676.1	0.877419	57	309	773	465	9	3	50
uniq_54500	AY030342.1	0.950538	23	320	784	465	9	3	50
uniq_54842	DQ118948.1	0.969892	14	313	777	465	9	3	50
uniq_55112	AY053476.1	0.969892	14	320	783	465	9	3	50
uniq_55334	AJ251634.1	0.924731	35	322	786	465	9	3	50
uniq_55797	Z95729.1	0.935484	30	299	759	465	9	3	50
uniq_55916	AJ244683.1	0.982796	8	320	784	465	9	3	50
uniq_56077	AY221080.1	0.933333	31	309	773	465	9	3	50
uniq_56306	AY030342.1	0.978495	10	320	784	465	9	3	50
uniq_56384	AY030342.1	0.963441	17	320	784	465	9	3	50
uniq_56455	AB245356.1	0.984946	7	307	771	465	9	3	50
uniq_56510	AY030342.1	0.969892	14	320	784	465	9	3	50
uniq_57369	AY689031.1	0.954839	21	313	777	465	9	3	50
uniq_57545	AY058218.1	0.993548	3	327	791	465	9	3	50
uniq_57692	AY234645.1	0.903226	45	315	779	465	9	3	50
uniq_57709	AJ609555.1	0.993548	3	309	773	465	9	3	50
uniq_57841	AY212657.1	0.961290	18	310	774	465	9	3	50
uniq_57924	AY212677.1	0.991398	4	295	760	465	9	3	50
uniq_58066	X98607.1	0.972043	13	307	771	465	9	3	50
uniq_58709	AY028927.1	0.948387	24	323	787	465	9	3	50
uniq_58923	AY093698.1	0.974194	12	305	769	465	9	3	50
uniq_59051	AY234645.1	0.903226	45	315	779	465	9	3	50
uniq_59283	DQ664237.1	0.967742	15	295	759	465	9	3	50
uniq_59355	AF282178.1	0.903226	45	328	793	465	9	3	50
uniq_59470	AY691423.1	0.965591	16	309	773	465	9	3	50
uniq_59747	AY207063.1	0.961290	18	325	789	465	9	3	50
uniq_59791	EF510424.1	0.907527	43	332	796	465	9	3	50
uniq_59864	EF511101.1	0.907527	43	313	777	465	9	3	50
uniq_60221	EF510424.1	0.922581	36	332	796	465	9	3	50
uniq_60755	AF432136.1	0.978495	10	319	782	465	9	3	50
uniq_60785	AF385550.1	0.963441	17	317	781	465	9	3	50
uniq_60813	EF510424.1	0.896774	48	332	796	465	9	3	50
uniq_61840	AY278622.1	0.954839	21	335	800	465	9	3	50
uniq_61864	AF287804.1	0.892473	50	328	792	465	9	3	50
uniq_61944	AF385521.1	0.877419	57	314	771	465	9	3	50
uniq_62290	EF511870.1	0.972043	13	313	777	465	9	3	50
uniq_62322	EF510383.1	0.883871	54	321	785	465	9	3	50
uniq_62394	AY485605.1	0.847312	71	319	783	465	9	3	50
uniq_62785	EF509023.1	0.843011	73	311	753	465	9	3	50
uniq_62909	EF510424.1	0.886022	53	332	796	465	9	3	50
uniq_63317	EF510383.1	0.901075	46	321	785	465	9	3	50
uniq_63843	EF512007.1	0.922581	36	313	777	465	9	3	50
uniq_64255	EF510383.1	0.860215	65	321	785	465	9	3	50
uniq_64829	EU071472.1	0.965591	16	323	787	465	9	3	50
uniq_64998	EF512007.1	0.877419	57	313	777	465	9	3	50
uniq_65558	AB108826.1	0.881720	55	318	777	465	9	3	50
uniq_66050	AF385509.1	0.843011	73	318	777	465	9	3	50
uniq_66779	AF287816.1	0.862366	64	307	749	465	9	3	50
uniq_67054	EF510424.1	0.881720	55	332	796	465	9	3	50
uniq_67105	AF385521.1	0.892473	50	314	771	465	9	3	50
uniq_67237	EU071543.1	0.877419	57	298	740	465	9	3	50
uniq_67284	DQ905554.1	0.918280	38	319	783	465	9	3	50
uniq_67608	AB087265.1	0.931183	32	313	777	465	9	3	50
uniq_67679	AY188347.1	0.888172	52	317	781	465	9	3	50
uniq_67691	EF510424.1	0.905376	44	332	796	465	9	3	50
uniq_68269	AF292371.1	0.886022	53	311	754	465	9	3	50
uniq_68331	AY349395.1	0.883871	54	320	779	465	9	3	50
uniq_68418	EF511070.1	0.924731	35	319	783	465	9	3	50
uniq_68523	EF510424.1	0.881720	55	332	796	465	9	3	50
uniq_68559	AM238680.1	0.907527	43	307	766	465	9	3	50
uniq_68646	EF510424.1	0.939785	28	332	796	465	9	3	50
uniq_68865	EU071543.1	0.860215	65	298	740	465	9	3	50
uniq_68959	AF292371.1	0.875269	58	311	754	465	9	3	50
uniq_69376	DQ905554.1	0.907527	43	319	783	465	9	3	50
uniq_70475	EF512007.1	0.888172	52	313	777	465	9	3	50
uniq_70489	DQ905554.1	0.967742	15	319	783	465	9	3	50
uniq_70589	DQ905554.1	0.963441	17	319	783	465	9	3	50
uniq_70674	EF512007.1	0.892473	50	313	777	465	9	3	50
uniq_70714	AB071347.1	0.866667	62	319	783	465	9	3	50
uniq_70949	AY341820.1	0.935484	30	324	788	465	9	3	50
uniq_71560	AF481217.1	0.843011	73	311	753	465	9	3	50
uniq_71603	AF385566.1	0.950538	23	335	800	465	9	3	50
uniq_71740	EF512007.1	0.868817	61	313	777	465	9	3	50
uniq_71853	EF512007.1	0.961290	18	313	777	465	9	3	50
uniq_71867	AY349403.1	0.881720	55	327	792	465	9	3	50
uniq_72207	AF385566.1	0.920430	37	335	800	465	9	3	50
uniq_72498	AF287804.1	0.935484	30	328	792	465	9	3	50
uniq_73007	AY005025.1	0.956989	20	313	777	465	9	3	50
uniq_73020	AY008691.1	0.860215	65	317	776	465	9	3	50
uniq_73101	EF512007.1	0.866667	62	313	777	465	9	3	50
uniq_73117	AF543289.1	0.974194	12	317	781	465	9	3	50
uniq_73745	AF385519.1	0.843011	73	320	779	465	9	3	50
uniq_74260	EF512007.1	0.946237	25	313	777	465	9	3	50
uniq_74504	AF385566.1	0.907527	43	335	800	465	9	3	50
uniq_74521	EF512007.1	0.935484	30	313	777	465	9	3	50
uniq_74644	EF511101.1	0.939785	28	313	777	465	9	3	50
uniq_75238	AF481230.1	0.879570	56	319	783	465	9	3	50
uniq_75387	AY188347.1	0.892473	50	317	781	465	9	3	50
uniq_76115	DQ009623.1	0.901075	46	302	758	465	9	3	50
uniq_76536	EF509838.1	0.965591	16	311	775	465	9	3	50
uniq_76898	AB098612.1	0.939785	28	313	777	465	9	3	50
uniq_76899	AF224306.1	0.941935	27	312	776	465	9	3	50
uniq_76963	AM696931.1	0.905376	44	322	786	465	9	3	50
uniq_76969	AY445131.1	0.916129	39	332	796	465	9	3	50
uniq_77112	EF509838.1	0.978495	10	311	775	465	9	3	50
uniq_77388	AB098582.1	0.950538	23	311	775	465	9	3	50
uniq_77433	AY188347.1	0.883871	54	317	781	465	9	3	50
uniq_77461	EF512007.1	0.963441	17	313	777	465	9	3	50
uniq_77572	AF385515.1	0.860215	65	315	774	465	9	3	50
uniq_77609	EF511101.1	0.976344	11	313	777	465	9	3	50
uniq_77707	AY029806.1	0.873118	59	308	750	465	9	3	50
uniq_77772	AF056337.1	0.974194	12	319	783	465	9	3	50
uniq_78011	AF432136.1	0.937634	29	319	783	465	9	3	50
uniq_78099	EF511101.1	0.918280	38	313	777	465	9	3	50
uniq_78344	EF510383.1	0.946237	25	321	785	465	9	3	50
uniq_78347	EF512007.1	0.896774	48	313	777	465	9	3	50
uniq_78371	EF509861.1	0.980645	9	311	775	465	9	3	50
uniq_78398	EF512007.1	0.959140	19	313	777	465	9	3	50
uniq_78433	AF287800.1	0.937634	29	332	796	465	9	3	50
uniq_78449	EF509789.1	0.944086	26	311	775	465	9	3	50
uniq_78711	AF481230.1	0.879570	56	319	783	465	9	3	50
uniq_78724	AY278611.1	0.866667	62	314	771	465	9	3	50
uniq_78812	AB098612.1	0.911828	41	313	777	465	9	3	50
uniq_78839	EF511101.1	0.950538	23	313	777	465	9	3	50
uniq_79203	EF512007.1	0.929032	33	313	777	465	9	3	50
uniq_79264	AY958874.1	0.913978	40	334	797	465	9	3	50
uniq_79375	AF432136.1	0.946237	25	319	783	465	9	3	50
uniq_79885	AY389802.1	0.997849	1	332	796	465	9	3	50
uniq_79920	EF512007.1	0.967742	15	313	777	465	9	3	50
uniq_80165	EF512007.1	0.903226	45	313	777	465	9	3	50
uniq_80422	EF511101.1	0.935484	30	313	777	465	9	3	50
uniq_80492	AF385521.1	0.903226	45	314	771	465	9	3	50
uniq_80557	AY341820.1	0.907527	43	324	788	465	9	3	50
uniq_80607	EF510424.1	0.905376	44	332	796	465	9	3	50
uniq_80645	AY044915.1	0.905376	44	314	772	465	9	3	50
uniq_80868	AY349380.1	0.954839	21	313	777	465	9	3	50
uniq_80943	AY188347.1	0.961290	18	317	781	465	9	3	50
uniq_81000	EF512007.1	0.959140	19	313	777	465	9	3	50
uniq_81050	AF287793.1	0.907527	43	323	787	465	9	3	50
uniq_81410	EF512007.1	0.926882	34	313	777	465	9	3	50
uniq_81778	AF543297.1	0.875269	58	316	775	465	9	3	50
uniq_81832	EF510424.1	0.924731	35	332	796	465	9	3	50
uniq_81897	EF509838.1	0.954839	21	311	775	465	9	3	50
uniq_81990	EF509838.1	0.972043	13	311	775	465	9	3	50
uniq_82003	EF511101.1	0.967742	15	313	777	465	9	3	50
uniq_82023	AF385510.1	0.860215	65	326	765	465	9	3	50
uniq_82190	AJ290754.1	0.963441	17	313	777	465	9	3	50
uniq_82237	AY008310.1	0.858065	66	318	777	465	9	3	50
uniq_82424	AY005030.1	0.959140	19	307	771	465	9	3	50
uniq_82523	DQ068810.1	0.903226	45	311	775	465	9	3	50
uniq_82772	AJ290758.1	0.939785	28	313	777	465	9	3	50
uniq_83197	AB240367.1	0.978495	10	320	784	465	9	3	50
uniq_83205	AY727530.1	0.886022	53	320	784	465	9	3	50
uniq_83276	AY005025.1	0.898925	47	313	777	465	9	3	50
uniq_83382	EU071472.1	0.913978	40	323	787	465	9	3	50
uniq_83526	AF432133.1	0.877419	57	320	779	465	9	3	50
uniq_84080	EF511101.1	0.974194	12	313	777	465	9	3	50
uniq_84094	AF543275.1	0.864516	63	317	776	465	9	3	50
uniq_84113	AB115957.1	0.948387	24	319	783	465	9	3	50
uniq_84236	AY005025.1	0.959140	19	313	777	465	9	3	50
uniq_84393	AY277938.1	0.926882	34	327	791	465	9	3	50
uniq_84424	AF385519.1	0.849462	70	320	779	465	9	3	50
uniq_84429	DQ905554.1	0.961290	18	319	783	465	9	3	50
uniq_84435	EF510424.1	0.937634	29	332	796	465	9	3	50
uniq_84482	AF366271.1	0.851613	69	318	777	465	9	3	50
uniq_84709	AF224306.1	0.894624	49	312	776	465	9	3	50
uniq_84782	EF511101.1	0.853763	68	313	777	465	9	3	50
uniq_85143	AB037875.1	0.890323	51	326	767	465	9	3	50
uniq_85536	EF510424.1	0.961290	18	332	796	465	9	3	50
uniq_85575	AB023575.1	0.961290	18	319	783	465	9	3	50
uniq_85764	DQ905554.1	0.967742	15	319	783	465	9	3	50
uniq_85832	AB098612.1	0.929032	33	313	777	465	9	3	50
uniq_86044	AF432138.1	0.879570	56	308	750	465	9	3	50
uniq_86275	EF510424.1	0.855914	67	332	796	465	9	3	50
uniq_86286	AF432133.1	0.845161	72	320	779	465	9	3	50
uniq_86621	AF543289.1	0.976344	11	317	781	465	9	3	50
uniq_86645	EF511101.1	0.888172	52	313	777	465	9	3	50
uniq_86650	AF023051.1	0.853763	68	319	783	465	9	3	50
uniq_86692	AM697440.1	0.877419	57	322	787	465	9	3	50
uniq_86752	EF512007.1	0.956989	20	313	777	465	9	3	50
uniq_86843	EF510383.1	0.866667	62	321	785	465	9	3	50
uniq_86919	AM696931.1	0.862366	64	322	786	465	9	3	50
uniq_86989	AM696931.1	0.875269	58	322	786	465	9	3	50
uniq_87038	AM184245.1	0.922581	36	311	775	465	9	3	50
uniq_87097	AY005026.1	0.913978	40	313	777	465	9	3	50
uniq_87328	DQ905554.1	0.886022	53	319	783	465	9	3	50
uniq_87409	EF512007.1	0.937634	29	313	777	465	9	3	50
uniq_87584	EF512007.1	0.965591	16	313	777	465	9	3	50
uniq_87613	AF432136.1	0.967742	15	319	783	465	9	3	50
uniq_87676	AY044915.1	0.911828	41	314	772	465	9	3	50
uniq_87755	AF432133.1	0.843011	73	320	779	465	9	3	50
uniq_87789	X87140.1	0.858065	66	318	782	465	9	3	50
uniq_87960	EF510424.1	0.924731	35	332	796	465	9	3	50
uniq_87992	AB098612.1	0.922581	36	313	777	465	9	3	50
uniq_88051	AY485604.1	0.875269	58	319	783	465	9	3	50
uniq_88061	AY349380.1	0.849462	70	313	777	465	9	3	50
uniq_88299	DQ905554.1	0.929032	33	319	783	465	9	3	50
uniq_88402	AJ001190.1	0.941935	27	311	775	465	9	3	50
uniq_88450	EU071472.1	0.918280	38	323	787	465	9	3	50
uniq_88583	EF510383.1	0.969892	14	321	785	465	9	3	50
uniq_88616	AB098612.1	0.886022	53	313	777	465	9	3	50
uniq_88646	AF397060.1	0.892473	50	320	784	465	9	3	50
uniq_88692	DQ905554.1	0.883871	54	319	783	465	9	3	50
uniq_88700	AY349403.1	0.965591	16	328	792	465	9	3	50
uniq_88717	EU071472.1	0.933333	31	323	787	465	9	3	50
uniq_88817	AB098612.1	0.944086	26	313	777	465	9	3	50
uniq_88861	EF510424.1	0.894624	49	332	796	465	9	3	50
uniq_89029	AF408257.1	0.903226	45	320	783	465	9	3	50
uniq_89055	EU071472.1	0.974194	12	323	787	465	9	3	50
uniq_89286	DQ905554.1	0.931183	32	319	783	465	9	3	50
uniq_89302	DQ905554.1	0.961290	18	319	783	465	9	3	50
uniq_89416	EF510424.1	0.862366	64	332	796	465	9	3	50
uniq_89592	AY485605.1	0.873118	59	319	783	465	9	3	50
uniq_89824	AF385510.1	0.853763	68	326	765	465	9	3	50
uniq_89851	DQ462421.1	0.909677	42	319	783	465	9	3	50
uniq_89876	EU670056.1	0.873118	59	320	779	465	9	3	50
uniq_89924	AF385521.1	0.875269	58	314	771	465	9	3	50
uniq_89927	AY005072.1	0.864516	63	314	773	465	9	3	50
uniq_90085	AF385563.1	0.888172	52	318	760	465	9	3	50
uniq_90110	EF512007.1	0.901075	46	313	777	465	9	3	50
uniq_90154	EU071472.1	0.961290	18	323	787	465	9	3	50
uniq_90292	DQ905554.1	0.898925	47	319	783	465	9	3	50
uniq_90298	EF509789.1	0.916129	39	311	775	465	9	3	50
uniq_90332	AF432136.1	0.967742	15	319	783	465	9	3	50
uniq_90567	EF510383.1	0.926882	34	321	785	465	9	3	50
uniq_90617	AY349385.1	0.888172	52	307	750	465	9	3	50
uniq_90627	EU071472.1	0.924731	35	323	787	465	9	3	50
uniq_90744	AF432136.1	0.870968	60	319	783	465	9	3	50
uniq_90783	Y13364.1	0.961290	18	323	787	465	9	3	50
uniq_90986	AY472116.1	0.883871	54	307	771	465	9	3	50
uniq_90992	AY472116.1	0.963441	17	307	771	465	9	3	50
uniq_91178	EF512007.1	0.909677	42	313	777	465	9	3	50
uniq_91291	AY472116.1	0.944086	26	307	771	465	9	3	50
uniq_91294	AY321588.1	0.903226	45	307	771	465	9	3	50
uniq_91483	AY661993.1	0.877419	57	307	771	465	9	3	50
uniq_91506	EF511070.1	0.969892	14	319	783	465	9	3	50
uniq_91887	AF534209.1	0.952688	22	307	771	465	9	3	50
uniq_91924	Y13364.1	0.890323	51	323	787	465	9	3	50
uniq_92203	AF290479.1	0.890323	51	307	770	465	9	3	50
uniq_92247	AF074384.1	0.946237	25	307	771	465	9	3	50
uniq_92303	AY472116.1	0.961290	18	307	771	465	9	3	50
uniq_92309	AY207063.1	0.959140	19	325	789	465	9	3	50
uniq_92451	AY472116.1	0.929032	33	307	771	465	9	3	50
uniq_92479	AB013253.1	0.931183	32	308	772	465	9	3	50
uniq_92550	AF385510.1	0.888172	52	326	765	465	9	3	50
uniq_92559	AM184277.1	0.937634	29	313	777	465	9	3	50
uniq_92598	AF176567.1	0.929032	33	311	775	465	9	3	50
uniq_92600	AF201981.1	0.894624	49	327	766	465	9	3	50
uniq_92612	AF385510.1	0.892473	50	326	765	465	9	3	50
uniq_92764	AY472116.1	0.963441	17	307	771	465	9	3	50
uniq_92791	AF176567.1	0.954839	21	311	775	465	9	3	50
uniq_92794	AY008309.1	0.879570	56	308	750	465	9	3	50
uniq_92797	AF292371.1	0.862366	64	311	754	465	9	3	50
uniq_93149	AF468404.1	0.939785	28	305	769	465	9	3	50
uniq_93255	AB098612.1	0.890323	51	313	777	465	9	3	50
uniq_93266	AY344382.1	0.916129	39	309	773	465	9	3	50
uniq_93382	EF512007.1	0.929032	33	313	777	465	9	3	50
uniq_93385	AF176567.1	0.937634	29	311	775	465	9	3	50
uniq_93439	AY472116.1	0.952688	22	307	771	465	9	3	50
uniq_93492	AM277334.1	0.868817	61	323	787	465	9	3	50
uniq_93517	DQ905554.1	0.946237	25	319	783	465	9	3	50
uniq_93621	AF451270.1	0.918280	38	307	771	465	9	3	50
uniq_93746	AY472116.1	0.967742	15	307	771	465	9	3	50
uniq_93804	AY622234.1	0.907527	43	307	771	465	9	3	50
uniq_93836	AF287770.1	0.890323	51	325	763	465	9	3	50
uniq_93869	AY472116.1	0.972043	13	307	771	465	9	3	50
uniq_93925	AF094731.1	0.978495	10	307	771	465	9	3	50
uniq_93948	AY472116.1	0.911828	41	307	771	465	9	3	50
uniq_93949	AY472116.1	0.969892	14	307	771	465	9	3	50
uniq_94084	AY342004.1	0.969892	14	307	771	465	9	3	50
uniq_94626	DQ905554.1	0.866667	62	319	783	465	9	3	50
uniq_94674	EF572840.1	0.954839	21	307	771	465	9	3	50
uniq_94736	EF510424.1	0.892473	50	332	796	465	9	3	50
uniq_94763	AF385497.1	0.961290	18	324	788	465	9	3	50
uniq_95015	AY472116.1	0.972043	13	307	771	465	9	3	50
uniq_95022	AF287794.1	0.946237	25	324	788	465	9	3	50
uniq_95082	AJ551146.1	0.911828	41	308	772	465	9	3	50
uniq_95116	AF388207.1	0.965591	16	307	771	465	9	3	50
uniq_95177	EF510424.1	0.933333	31	332	796	465	9	3	50
uniq_95205	EF079867.1	0.946237	25	307	771	465	9	3	50
uniq_95258	AY472116.1	0.961290	18	307	770	465	9	3	50
uniq_95274	AF184220.1	0.905376	44	308	772	465	9	3	50
uniq_95292	AY472116.1	0.976344	11	307	771	465	9	3	50
uniq_95298	AF184220.1	0.939785	28	308	772	465	9	3	50
uniq_95472	AY472116.1	0.961290	18	307	771	465	9	3	50
uniq_95497	AY472116.1	0.886022	53	307	771	465	9	3	50
uniq_95535	AF094731.1	0.978495	10	307	771	465	9	3	50
uniq_95579	AY472116.1	0.956989	20	307	771	465	9	3	50
uniq_95622	AJ576247.1	0.898925	47	307	771	465	9	3	50
uniq_95646	AB053943.1	0.888172	52	313	772	465	9	3	50
uniq_95800	AY278618.1	0.881720	55	326	765	465	9	3	50
uniq_95851	AB041885.1	0.965591	16	307	771	465	9	3	50
uniq_95992	AF432138.1	0.881720	55	308	750	465	9	3	50
uniq_96137	AF057645.1	0.972043	13	307	771	465	9	3	50
uniq_96144	AJ290758.1	0.890323	51	313	777	465	9	3	50
uniq_96414	AF290479.1	0.965591	16	307	770	465	9	3	50
uniq_96582	AB098612.1	0.922581	36	313	777	465	9	3	50
uniq_96785	AJ551146.1	0.886022	53	308	772	465	9	3	50
uniq_96966	AB087265.1	0.920430	37	313	777	465	9	3	50
uniq_97327	AB008001.1	0.909677	42	307	771	465	9	3	50
uniq_97342	EF572840.1	0.967742	15	307	771	465	9	3	50
uniq_97589	AF074384.1	0.929032	33	307	771	465	9	3	50
uniq_97592	AF290479.1	0.890323	51	307	770	465	9	3	50
uniq_97595	AY472116.1	0.959140	19	307	771	465	9	3	50
uniq_97678	AF176567.1	0.916129	39	311	775	465	9	3	50
uniq_97729	AF290479.1	0.855914	67	307	770	465	9	3	50
uniq_97737	AY342005.1	0.969892	14	307	771	465	9	3	50
uniq_97748	AF385551.1	0.890323	51	320	779	465	9	3	50
uniq_97803	AJ233402.1	0.937634	29	311	775	465	9	3	50
uniq_97866	AY472116.1	0.929032	33	307	771	465	9	3	50
uniq_97904	AF016390.1	0.972043	13	321	785	465	9	3	50
uniq_98025	AB013827.1	0.950538	23	308	772	465	9	3	50
uniq_98070	AM419984.1	0.879570	56	309	749	465	9	3	50
uniq_98363	AY691188.1	0.847312	71	307	771	465	9	3	50
uniq_98437	AF057645.1	0.965591	16	307	771	465	9	3	50
uniq_98553	AY472116.1	0.933333	31	307	771	465	9	3	50
uniq_98622	AJ240998.1	0.888172	52	325	792	465	9	3	50
uniq_98682	AJ492828.1	0.987097	6	309	773	465	9	3	50
uniq_98747	AM411994.1	0.916129	39	307	771	465	9	3	50
uniq_98895	AY207057.1	0.896774	48	318	778	465	9	3	50
uniq_99133	EF511070.1	0.890323	51	319	783	465	9	3	50
uniq_99263	AF064460.1	0.877419	57	307	771	465	9	3	50
uniq_99451	AB098612.1	0.909677	42	313	777	465	9	3	50
uniq_99455	AJ576247.1	0.929032	33	307	771	465	9	3	50
uniq_99456	AF543297.1	0.890323	51	316	775	465	9	3	50
uniq_99595	AF481230.1	0.873118	59	319	783	465	9	3	50
uniq_99718	EF572840.1	0.959140	19	307	771	465	9	3	50
uniq_99765	AF534209.1	0.898925	47	307	771	465	9	3	50
uniq_99829	EU071472.1	0.894624	49	323	787	465	9	3	50
uniq_99921	EF572840.1	0.916129	39	307	771	465	9	3	50
uniq_99991	AF064458.1	0.888172	52	305	770	465	9	3	50
uniq_00778	AJ292675.1	0.963362	17	297	760	464	9	3	50
uniq_02229	AY345497.1	0.987069	6	317	780	464	9	3	50
uniq_03972	AF402983.1	0.866379	62	309	773	464	9	3	50
uniq_06836	U87826.1	0.965517	16	309	760	464	9	3	50
uniq_100005	AY349402.1	0.849138	70	318	776	464	9	3	50
uniq_100107	AF290479.1	0.883621	54	307	770	464	9	3	50
uniq_100159	AB013827.1	0.892241	50	308	772	464	9	3	50
uniq_100214	AY044915.1	0.894397	49	314	772	464	9	3	50
uniq_100377	AF534209.1	0.887931	52	307	771	464	9	3	50
uniq_100574	AY445131.1	0.915948	39	332	796	464	9	3	50
uniq_100610	AY445131.1	0.905172	44	332	796	464	9	3	50
uniq_100636	AY445131.1	0.887931	52	332	796	464	9	3	50
uniq_100671	AJ233403.1	0.881466	55	311	775	464	9	3	50
uniq_100696	AF074384.1	0.890086	51	307	771	464	9	3	50
uniq_100763	EF510383.1	0.898707	47	321	785	464	9	3	50
uniq_101111	AF432136.1	0.885776	53	319	783	464	9	3	50
uniq_101191	AF292371.1	0.896552	48	311	754	464	9	3	50
uniq_103096	AY625149.1	0.967672	15	295	758	464	9	3	50
uniq_104938	AJ414655.1	0.980603	9	305	768	464	9	3	50
uniq_106696	AY326525.1	0.954741	21	330	793	464	9	3	50
uniq_107117	EF510383.1	0.887931	52	321	785	464	9	3	50
uniq_107198	EU071543.1	0.875000	58	298	740	464	9	3	50
uniq_107380	AF543300.1	0.864224	63	311	753	464	9	3	50
uniq_107481	DQ160208.1	0.851293	69	342	780	464	9	3	50
uniq_107877	EF510424.1	0.883621	54	332	796	464	9	3	50
uniq_107885	EF510424.1	0.900862	46	332	796	464	9	3	50
uniq_108438	EF510424.1	0.894397	49	332	796	464	9	3	50
uniq_108493	AY278609.1	0.887931	52	319	783	464	9	3	50
uniq_108590	AF292371.1	0.896552	48	311	754	464	9	3	50
uniq_108768	EU071472.1	0.881466	55	323	787	464	9	3	50
uniq_108957	EF510424.1	0.887931	52	332	796	464	9	3	50
uniq_109042	EF511101.1	0.890086	51	313	777	464	9	3	50
uniq_109182	EF512007.1	0.898707	47	313	777	464	9	3	50
uniq_109215	AM905356.1	0.859914	65	300	742	464	9	3	50
uniq_109508	DQ905554.1	0.924569	35	319	783	464	9	3	50
uniq_109631	EF510424.1	0.870690	60	332	796	464	9	3	50
uniq_109662	AF385543.1	0.898707	47	326	764	464	9	3	50
uniq_110003	EF511101.1	0.879310	56	313	777	464	9	3	50
uniq_110304	EF511070.1	0.881466	55	319	783	464	9	3	50
uniq_110328	EF510424.1	0.931034	32	332	796	464	9	3	50
uniq_110454	EF510383.1	0.864224	63	321	785	464	9	3	50
uniq_110542	EF510424.1	0.875000	58	332	796	464	9	3	50
uniq_110754	AF432136.1	0.894397	49	319	783	464	9	3	50
uniq_110941	EF510424.1	0.870690	60	332	796	464	9	3	50
uniq_111333	EF510424.1	0.883621	54	332	796	464	9	3	50
uniq_111779	AM905356.1	0.879310	56	300	742	464	9	3	50
uniq_111841	EF510424.1	0.890086	51	332	796	464	9	3	50
uniq_112213	AF287761.1	0.885776	53	326	767	464	9	3	50
uniq_112252	EF510424.1	0.875000	58	332	796	464	9	3	50
uniq_112267	EF511070.1	0.937500	29	319	783	464	9	3	50
uniq_112430	EU071543.1	0.868534	61	298	740	464	9	3	50
uniq_112744	AY044915.1	0.898707	47	314	772	464	9	3	50
uniq_112910	U87826.1	0.928879	33	309	760	464	9	3	50
uniq_113168	AY485605.1	0.911638	41	319	783	464	9	3	50
uniq_113275	AY278630.1	0.872845	59	317	781	464	9	3	50
uniq_113474	EU071543.1	0.887931	52	298	740	464	9	3	50
uniq_113628	EU071543.1	0.877155	57	298	740	464	9	3	50
uniq_113680	DQ160208.1	0.892241	50	342	780	464	9	3	50
uniq_114613	EF510424.1	0.892241	50	332	796	464	9	3	50
uniq_114801	AF432136.1	0.898707	47	319	783	464	9	3	50
uniq_115437	DQ160208.1	0.900862	46	342	780	464	9	3	50
uniq_115586	Y13364.1	0.864224	63	323	787	464	9	3	50
uniq_115620	AF432136.1	0.875000	58	319	783	464	9	3	50
uniq_115870	AY207060.1	0.862069	64	322	763	464	9	3	50
uniq_116014	EF511101.1	0.834052	77	313	777	464	9	3	50
uniq_116374	AF543289.1	0.862069	64	317	781	464	9	3	50
uniq_116431	EF511070.1	0.883621	54	319	783	464	9	3	50
uniq_117026	AF432139.1	0.903017	45	319	783	464	9	3	50
uniq_118500	AB037875.1	0.887931	52	326	767	464	9	3	50
uniq_118765	AM905356.1	0.872845	59	300	742	464	9	3	50
uniq_119239	AY005025.1	0.870690	60	313	777	464	9	3	50
uniq_119352	DQ905554.1	0.868534	61	319	783	464	9	3	50
uniq_119540	AY005025.1	0.866379	62	313	777	464	9	3	50
uniq_119601	AY044915.1	0.935345	30	314	772	464	9	3	50
uniq_120690	DQ451480.1	0.924569	35	323	787	464	9	3	50
uniq_125734	AJ233948.1	0.948276	24	321	784	464	9	3	50
uniq_132754	AB245334.1	0.928879	33	316	780	464	9	3	50
uniq_138534	AJ314747.1	0.961207	18	321	784	464	9	3	50
uniq_139948	Y07839.1	0.881466	55	327	765	464	9	3	50
uniq_140922	AF292371.1	0.887931	52	311	754	464	9	3	50
uniq_141197	AY445131.1	0.898707	47	332	796	464	9	3	50
uniq_141934	AY326525.1	0.974138	12	330	793	464	9	3	50
uniq_141961	EF512007.1	0.849138	70	313	777	464	9	3	50
uniq_142117	AF385566.1	0.909483	42	335	800	464	9	3	50
uniq_142161	AY044915.1	0.922414	36	314	772	464	9	3	50
uniq_142287	AY349402.1	0.851293	69	318	776	464	9	3	50
uniq_142421	EF512007.1	0.870690	60	313	777	464	9	3	50
uniq_142485	AF385566.1	0.870690	60	335	800	464	9	3	50
uniq_142527	AY349402.1	0.857759	66	318	776	464	9	3	50
uniq_142678	AF016390.1	0.875000	58	321	785	464	9	3	50
uniq_143376	AF385566.1	0.931034	32	335	800	464	9	3	50
uniq_143457	EF512007.1	0.840517	74	313	777	464	9	3	50
uniq_143630	EF510424.1	0.907328	43	332	796	464	9	3	50
uniq_143715	EF510424.1	0.892241	50	332	796	464	9	3	50
uniq_144016	EF510424.1	0.896552	48	332	796	464	9	3	50
uniq_144215	AF292371.1	0.883621	54	311	754	464	9	3	50
uniq_144392	EF512007.1	0.870690	60	313	777	464	9	3	50
uniq_144814	AY278622.1	0.862069	64	335	800	464	9	3	50
uniq_144815	EF512007.1	0.875000	58	313	777	464	9	3	50
uniq_145098	AY349403.1	0.883621	54	328	792	464	9	3	50
uniq_145197	AF432137.1	0.879310	56	319	783	464	9	3	50
uniq_14534	AY050170.1	0.989224	5	304	767	464	9	3	50
uniq_145668	EF510424.1	0.935345	30	332	796	464	9	3	50
uniq_146044	Y13364.1	0.911638	41	323	787	464	9	3	50
uniq_146466	AY044915.1	0.907328	43	314	772	464	9	3	50
uniq_146826	EF510424.1	0.868534	61	332	796	464	9	3	50
uniq_146955	EF510424.1	0.898707	47	332	796	464	9	3	50
uniq_147069	AY005025.1	0.849138	70	313	777	464	9	3	50
uniq_147133	AY044915.1	0.872845	59	314	772	464	9	3	50
uniq_147323	AF385564.1	0.834052	77	320	779	464	9	3	50
uniq_147479	EF512007.1	0.883621	54	313	777	464	9	3	50
uniq_147557	AF432855.1	0.887931	52	327	791	464	9	3	50
uniq_147749	AF287788.1	0.870690	60	336	800	464	9	3	50
uniq_147872	EF512007.1	0.898707	47	313	777	464	9	3	50
uniq_148275	EF510424.1	0.954741	21	332	796	464	9	3	50
uniq_148783	AY349414.1	0.950431	23	317	780	464	9	3	50
uniq_148989	EF510424.1	0.862069	64	332	796	464	9	3	50
uniq_149021	AF432136.1	0.896552	48	319	783	464	9	3	50
uniq_149289	AF385543.1	0.853448	68	326	764	464	9	3	50
uniq_150072	AY044915.1	0.911638	41	314	772	464	9	3	50
uniq_150175	AY349402.1	0.864224	63	318	776	464	9	3	50
uniq_150216	AY044915.1	0.892241	50	314	772	464	9	3	50
uniq_150296	EF510424.1	0.840517	74	332	796	464	9	3	50
uniq_150394	EF510424.1	0.896552	48	332	796	464	9	3	50
uniq_150415	EF510383.1	0.894397	49	321	785	464	9	3	50
uniq_150608	EF512007.1	0.836207	76	313	777	464	9	3	50
uniq_150709	AY044915.1	0.864224	63	314	772	464	9	3	50
uniq_150729	AY044915.1	0.918103	38	314	772	464	9	3	50
uniq_150737	EF510383.1	0.877155	57	321	785	464	9	3	50
uniq_150943	EU071543.1	0.892241	50	298	740	464	9	3	50
uniq_151366	EF510424.1	0.864224	63	332	796	464	9	3	50
uniq_151454	AF287761.1	0.877155	57	326	767	464	9	3	50
uniq_151495	AY555797.1	0.896552	48	329	795	464	9	3	50
uniq_151662	AY349403.1	0.926724	34	328	792	464	9	3	50
uniq_151991	EF512007.1	0.842672	73	313	777	464	9	3	50
uniq_152257	EU071543.1	0.879310	56	298	740	464	9	3	50
uniq_152828	EF510383.1	0.894397	49	321	785	464	9	3	50
uniq_153368	EF510383.1	0.896552	48	321	785	464	9	3	50
uniq_153464	AY134905.1	0.838362	75	318	777	464	9	3	50
uniq_153677	AY349403.1	0.924569	35	328	792	464	9	3	50
uniq_153920	EF512007.1	0.909483	42	313	775	464	9	3	50
uniq_154018	EF510424.1	0.905172	44	332	796	464	9	3	50
uniq_154394	EF510424.1	0.920259	37	332	796	464	9	3	50
uniq_154530	DQ201322.1	0.849138	70	314	778	464	9	3	50
uniq_154603	AM277334.1	0.905172	44	323	787	464	9	3	50
uniq_155089	AY044915.1	0.933190	31	314	772	464	9	3	50
uniq_155218	AY958874.1	0.950431	23	334	797	464	9	3	50
uniq_155343	AF287780.1	0.911638	41	331	794	464	9	3	50
uniq_156389	AF385543.1	0.881466	55	326	764	464	9	3	50
uniq_156534	AF016390.1	0.849138	70	321	785	464	9	3	50
uniq_156750	AY485603.1	0.952586	22	317	781	464	9	3	50
uniq_157340	AY044915.1	0.913793	40	314	772	464	9	3	50
uniq_157524	AY005025.1	0.872845	59	313	777	464	9	3	50
uniq_158251	DQ160208.1	0.849138	70	342	780	464	9	3	50
uniq_158463	AY349414.1	0.928879	33	317	780	464	9	3	50
uniq_158495	EF510383.1	0.864224	63	321	785	464	9	3	50
uniq_158552	EF512007.1	0.894397	49	313	777	464	9	3	50
uniq_158577	EF510424.1	0.868534	61	332	796	464	9	3	50
uniq_158669	EF510424.1	0.890086	51	332	796	464	9	3	50
uniq_158763	AY044915.1	0.903017	45	314	772	464	9	3	50
uniq_158939	EF510424.1	0.898707	47	332	796	464	9	3	50
uniq_159048	EF511101.1	0.918103	38	313	777	464	9	3	50
uniq_159611	EF510383.1	0.890086	51	321	785	464	9	3	50
uniq_159755	AY349414.1	0.939655	28	317	780	464	9	3	50
uniq_159763	EF510424.1	0.859914	65	332	796	464	9	3	50
uniq_159998	EF510383.1	0.879310	56	321	785	464	9	3	50
uniq_16090	AF292371.1	0.905172	44	311	754	464	9	3	50
uniq_161307	Y13364.1	0.857759	66	323	787	464	9	3	50
uniq_161436	AY134901.1	0.890086	51	327	791	464	9	3	50
uniq_161822	AF224305.1	0.894397	49	313	777	464	9	3	50
uniq_161899	AY349402.1	0.887931	52	318	776	464	9	3	50
uniq_161986	EF512007.1	0.870690	60	313	777	464	9	3	50
uniq_162615	AF224305.1	0.875000	58	313	777	464	9	3	50
uniq_163077	EF510424.1	0.857759	66	332	796	464	9	3	50
uniq_163448	AM697440.1	0.900862	46	322	787	464	9	3	50
uniq_163475	AY341820.1	0.864224	63	324	788	464	9	3	50
uniq_163573	AB030221.1	0.890086	51	307	771	464	9	3	50
uniq_163817	DQ160208.1	0.892241	50	342	780	464	9	3	50
uniq_163907	AY349414.1	0.937500	29	317	780	464	9	3	50
uniq_163932	EU071472.1	0.922414	36	323	787	464	9	3	50
uniq_16402	AY727530.1	0.918103	38	320	784	464	9	3	50
uniq_164292	AF432130.1	0.870690	60	298	740	464	9	3	50
uniq_165864	AF481212.1	0.898707	47	326	767	464	9	3	50
uniq_165925	AY278609.1	0.879310	56	319	783	464	9	3	50
uniq_166273	AY349414.1	0.967672	15	317	780	464	9	3	50
uniq_166369	Y09434.1	0.881466	55	324	787	464	9	3	50
uniq_166697	EF511070.1	0.887931	52	319	783	464	9	3	50
uniq_167953	AY349370.1	0.907328	43	306	747	464	9	3	50
uniq_168147	EF512007.1	0.864224	63	313	777	464	9	3	50
uniq_168262	AF432855.1	0.872845	59	327	791	464	9	3	50
uniq_169662	AF224305.1	0.905172	44	313	777	464	9	3	50
uniq_170319	AF432137.1	0.870690	60	319	783	464	9	3	50
uniq_170393	EF511070.1	0.933190	31	319	783	464	9	3	50
uniq_171065	AY485603.1	0.922414	36	317	781	464	9	3	50
uniq_171621	AY959014.1	0.922414	36	322	786	464	9	3	50
uniq_172532	AF408257.1	0.896552	48	320	783	464	9	3	50
uniq_174108	AM696931.1	0.915948	39	322	786	464	9	3	50
uniq_174405	DQ160208.1	0.898707	47	342	780	464	9	3	50
uniq_174447	AY278609.1	0.907328	43	319	783	464	9	3	50
uniq_174528	AF481215.1	0.898707	47	305	746	464	9	3	50
uniq_174741	AJ289997.1	0.989224	5	309	772	464	9	3	50
uniq_174848	EU071543.1	0.870690	60	298	740	464	9	3	50
uniq_175070	AY349402.1	0.887931	52	318	776	464	9	3	50
uniq_176489	AY349402.1	0.862069	64	318	776	464	9	3	50
uniq_176708	AF408257.1	0.879310	56	320	783	464	9	3	50
uniq_177377	AY278628.1	0.993534	3	318	781	464	9	3	50
uniq_178381	AY349403.1	0.915948	39	328	792	464	9	3	50
uniq_178514	EF510424.1	0.892241	50	332	796	464	9	3	50
uniq_179149	EF510424.1	0.887931	52	332	796	464	9	3	50
uniq_180562	AY278622.1	0.887931	52	335	800	464	9	3	50
uniq_183394	AJ243871.1	0.989224	5	318	781	464	9	3	50
uniq_183887	AY625149.1	0.961207	18	295	758	464	9	3	50
uniq_184776	AF394173.1	0.984914	7	319	782	464	9	3	50
uniq_186603	AY211073.1	0.937500	29	313	776	464	9	3	50
uniq_186751	AJ229246.1	0.935345	30	329	792	464	9	3	50
uniq_190817	AB179520.1	0.950431	23	321	784	464	9	3	50
uniq_195216	DQ451480.1	0.928879	33	323	787	464	9	3	50
uniq_197646	AY349403.1	0.885776	53	328	792	464	9	3	50
uniq_198042	EF512007.1	0.885776	53	313	777	464	9	3	50
uniq_198181	AF183404.1	0.875000	58	320	779	464	9	3	50
uniq_198207	AF183404.1	0.866379	62	320	779	464	9	3	50
uniq_198242	AF432136.1	0.978448	10	319	783	464	9	3	50
uniq_198273	AY445131.1	0.870690	60	332	796	464	9	3	50
uniq_198375	AF287761.1	0.898707	47	326	767	464	9	3	50
uniq_198562	AF408257.1	0.892241	50	320	783	464	9	3	50
uniq_198639	AF366273.1	0.967672	15	330	794	464	9	3	50
uniq_198711	AY349403.1	0.905172	44	328	792	464	9	3	50
uniq_198764	EF510424.1	0.915948	39	332	796	464	9	3	50
uniq_198807	DQ905554.1	0.859914	65	319	783	464	9	3	50
uniq_198892	EF511101.1	0.862069	64	313	777	464	9	3	50
uniq_199087	EF510424.1	0.911638	41	332	796	464	9	3	50
uniq_199149	AF183404.1	0.890086	51	320	779	464	9	3	50
uniq_199235	AY349403.1	0.881466	55	328	792	464	9	3	50
uniq_199355	AF183404.1	0.877155	57	320	779	464	9	3	50
uniq_200027	AM277334.1	0.877155	57	323	787	464	9	3	50
uniq_200065	EF510424.1	0.870690	60	332	796	464	9	3	50
uniq_200070	AY278609.1	0.926724	34	319	783	464	9	3	50
uniq_200181	AF385502.1	0.982759	8	318	781	464	9	3	50
uniq_200468	AY005033.1	0.831897	78	313	777	464	9	3	50
uniq_200984	AF432137.1	0.875000	58	319	783	464	9	3	50
uniq_201271	AF432136.1	0.875000	58	319	783	464	9	3	50
uniq_201718	EF512007.1	0.846983	71	313	777	464	9	3	50
uniq_201863	EF510424.1	0.885776	53	332	796	464	9	3	50
uniq_201950	AY349407.1	0.862069	64	332	796	464	9	3	50
uniq_202111	EF511101.1	0.877155	57	313	777	464	9	3	50
uniq_202133	DQ905554.1	0.896552	48	319	783	464	9	3	50
uniq_202287	AF408257.1	0.864224	63	320	783	464	9	3	50
uniq_202520	AF287780.1	0.900862	46	331	794	464	9	3	50
uniq_202664	EU071472.1	0.846983	71	323	787	464	9	3	50
uniq_202830	EF510424.1	0.920259	37	332	796	464	9	3	50
uniq_203905	AY044915.1	0.903017	45	314	772	464	9	3	50
uniq_204262	AF408257.1	0.857759	66	320	783	464	9	3	50
uniq_204380	AF224305.1	0.881466	55	313	777	464	9	3	50
uniq_204798	EF510424.1	0.879310	56	332	796	464	9	3	50
uniq_204870	AF287780.1	0.892241	50	331	794	464	9	3	50
uniq_205000	AF432855.1	0.868534	61	327	791	464	9	3	50
uniq_205424	AY349402.1	0.872845	59	318	776	464	9	3	50
uniq_205699	AY341820.1	0.920259	37	324	788	464	9	3	50
uniq_205825	EF510424.1	0.868534	61	332	796	464	9	3	50
uniq_205950	EF510383.1	0.905172	44	321	785	464	9	3	50
uniq_206197	AY005033.1	0.877155	57	313	777	464	9	3	50
uniq_206356	AY349414.1	0.959052	19	317	780	464	9	3	50
uniq_206382	AF183406.1	0.862069	64	320	779	464	9	3	50
uniq_206525	AF287804.1	0.920259	37	328	792	464	9	3	50
uniq_206561	AF287793.1	0.898707	47	323	787	464	9	3	50
uniq_207025	AF292371.1	0.879310	56	311	754	464	9	3	50
uniq_207321	AF125199.1	0.890086	51	306	747	464	9	3	50
uniq_207656	AY349414.1	0.939655	28	317	780	464	9	3	50
uniq_207845	AF224305.1	0.872845	59	313	777	464	9	3	50
uniq_208147	AY349403.1	0.894397	49	328	792	464	9	3	50
uniq_208220	AY349402.1	0.821121	83	318	776	464	9	3	50
uniq_208535	AF292371.1	0.877155	57	311	754	464	9	3	50
uniq_208597	AJ290758.1	0.877155	57	313	777	464	9	3	50
uniq_208610	AF385543.1	0.892241	50	326	764	464	9	3	50
uniq_208687	AY445131.1	0.928879	33	332	796	464	9	3	50
uniq_210296	AF432136.1	0.868534	61	319	783	464	9	3	50
